"File","Line","Kind","AttrArgs","PropertyType","Property","Field"
"D:\OneDrive\VS\Projects\DocxDocument\DocumentModel.InOpenXml\Common properties\CustomProperty.cs","60","Property","nameof(DXCP.CustomDocumentProperty.PropertyId)","override int?","PropertyId","_FormatId"
"D:\OneDrive\VS\Projects\DocxDocument\DocumentModel.InOpenXml\Common properties\CustomProperty.cs","66","Property","nameof(DXCP.CustomDocumentProperty.FormatId)","Guid?","FormatId","_FormatId"
"D:\OneDrive\VS\Projects\DocxDocument\DocumentModel.InOpenXml\CustomUI\Backstage.cs","23","Property","nameof(DXO10CUI.Backstage.OnShow)","String?","OnShow","_OnShow"
"D:\OneDrive\VS\Projects\DocxDocument\DocumentModel.InOpenXml\CustomUI\Backstage.cs","30","Property","nameof(DXO10CUI.Backstage.OnHide)","String?","OnHide","_OnHide"
"D:\OneDrive\VS\Projects\DocxDocument\DocumentModel.InOpenXml\CustomUI\BackstageCheckBox.cs","16","Property","nameof(DXO10CUI.BackstageCheckBox.Expand)","Expand?","Expand","_Expand"
"D:\OneDrive\VS\Projects\DocxDocument\DocumentModel.InOpenXml\CustomUI\BackstageCheckBox.cs","23","Property","nameof(DXO10CUI.BackstageCheckBox.Description)","String?","Description","_Description"
"D:\OneDrive\VS\Projects\DocxDocument\DocumentModel.InOpenXml\CustomUI\BackstageCheckBox.cs","30","Property","nameof(DXO10CUI.BackstageCheckBox.GetDescription)","String?","GetDescription","_GetDescription"
"D:\OneDrive\VS\Projects\DocxDocument\DocumentModel.InOpenXml\CustomUI\BackstageCheckBox.cs","37","Property","nameof(DXO10CUI.BackstageCheckBox.Screentip)","String?","Screentip","_Screentip"
"D:\OneDrive\VS\Projects\DocxDocument\DocumentModel.InOpenXml\CustomUI\BackstageCheckBox.cs","44","Property","nameof(DXO10CUI.BackstageCheckBox.GetScreentip)","String?","GetScreentip","_GetScreentip"
"D:\OneDrive\VS\Projects\DocxDocument\DocumentModel.InOpenXml\CustomUI\BackstageCheckBox.cs","51","Property","nameof(DXO10CUI.BackstageCheckBox.Supertip)","String?","Supertip","_Supertip"
"D:\OneDrive\VS\Projects\DocxDocument\DocumentModel.InOpenXml\CustomUI\BackstageCheckBox.cs","58","Property","nameof(DXO10CUI.BackstageCheckBox.GetSupertip)","String?","GetSupertip","_GetSupertip"
"D:\OneDrive\VS\Projects\DocxDocument\DocumentModel.InOpenXml\CustomUI\BackstageCheckBox.cs","65","Property","nameof(DXO10CUI.BackstageCheckBox.Id)","String?","Id","_Id"
"D:\OneDrive\VS\Projects\DocxDocument\DocumentModel.InOpenXml\CustomUI\BackstageCheckBox.cs","72","Property","nameof(DXO10CUI.BackstageCheckBox.QualifiedId)","String?","QualifiedId","_QualifiedId"
"D:\OneDrive\VS\Projects\DocxDocument\DocumentModel.InOpenXml\CustomUI\BackstageCheckBox.cs","79","Property","nameof(DXO10CUI.BackstageCheckBox.Tag)","String?","Tag","_Tag"
"D:\OneDrive\VS\Projects\DocxDocument\DocumentModel.InOpenXml\CustomUI\BackstageCheckBox.cs","86","Property","nameof(DXO10CUI.BackstageCheckBox.OnAction)","String?","OnAction","_OnAction"
"D:\OneDrive\VS\Projects\DocxDocument\DocumentModel.InOpenXml\CustomUI\BackstageCheckBox.cs","93","Property","nameof(DXO10CUI.BackstageCheckBox.GetPressed)","String?","GetPressed","_GetPressed"
"D:\OneDrive\VS\Projects\DocxDocument\DocumentModel.InOpenXml\CustomUI\BackstageCheckBox.cs","100","Property","nameof(DXO10CUI.BackstageCheckBox.Enabled)","Boolean?","Enabled","_Enabled"
"D:\OneDrive\VS\Projects\DocxDocument\DocumentModel.InOpenXml\CustomUI\BackstageCheckBox.cs","107","Property","nameof(DXO10CUI.BackstageCheckBox.GetEnabled)","String?","GetEnabled","_GetEnabled"
"D:\OneDrive\VS\Projects\DocxDocument\DocumentModel.InOpenXml\CustomUI\BackstageCheckBox.cs","114","Property","nameof(DXO10CUI.BackstageCheckBox.Label)","String?","Label","_Label"
"D:\OneDrive\VS\Projects\DocxDocument\DocumentModel.InOpenXml\CustomUI\BackstageCheckBox.cs","121","Property","nameof(DXO10CUI.BackstageCheckBox.GetLabel)","String?","GetLabel","_GetLabel"
"D:\OneDrive\VS\Projects\DocxDocument\DocumentModel.InOpenXml\CustomUI\BackstageCheckBox.cs","128","Property","nameof(DXO10CUI.BackstageCheckBox.Visible)","Boolean?","Visible","_Visible"
"D:\OneDrive\VS\Projects\DocxDocument\DocumentModel.InOpenXml\CustomUI\BackstageCheckBox.cs","135","Property","nameof(DXO10CUI.BackstageCheckBox.GetVisible)","String?","GetVisible","_GetVisible"
"D:\OneDrive\VS\Projects\DocxDocument\DocumentModel.InOpenXml\CustomUI\BackstageCheckBox.cs","142","Property","nameof(DXO10CUI.BackstageCheckBox.Keytip)","String?","Keytip","_Keytip"
"D:\OneDrive\VS\Projects\DocxDocument\DocumentModel.InOpenXml\CustomUI\BackstageCheckBox.cs","149","Property","nameof(DXO10CUI.BackstageCheckBox.GetKeytip)","String?","GetKeytip","_GetKeytip"
"D:\OneDrive\VS\Projects\DocxDocument\DocumentModel.InOpenXml\CustomUI\BackstageComboBox.cs","22","Property","nameof(DXO10CUI.BackstageComboBox.Id)","String?","Id","_Id"
"D:\OneDrive\VS\Projects\DocxDocument\DocumentModel.InOpenXml\CustomUI\BackstageComboBox.cs","29","Property","nameof(DXO10CUI.BackstageComboBox.QualifiedId)","String?","QualifiedId","_QualifiedId"
"D:\OneDrive\VS\Projects\DocxDocument\DocumentModel.InOpenXml\CustomUI\BackstageComboBox.cs","36","Property","nameof(DXO10CUI.BackstageComboBox.Tag)","String?","Tag","_Tag"
"D:\OneDrive\VS\Projects\DocxDocument\DocumentModel.InOpenXml\CustomUI\BackstageComboBox.cs","43","Property","nameof(DXO10CUI.BackstageComboBox.AlignLabel)","Expand?","AlignLabel","_AlignLabel"
"D:\OneDrive\VS\Projects\DocxDocument\DocumentModel.InOpenXml\CustomUI\BackstageComboBox.cs","50","Property","nameof(DXO10CUI.BackstageComboBox.Expand)","Expand?","Expand","_Expand"
"D:\OneDrive\VS\Projects\DocxDocument\DocumentModel.InOpenXml\CustomUI\BackstageComboBox.cs","57","Property","nameof(DXO10CUI.BackstageComboBox.Enabled)","Boolean?","Enabled","_Enabled"
"D:\OneDrive\VS\Projects\DocxDocument\DocumentModel.InOpenXml\CustomUI\BackstageComboBox.cs","64","Property","nameof(DXO10CUI.BackstageComboBox.GetEnabled)","String?","GetEnabled","_GetEnabled"
"D:\OneDrive\VS\Projects\DocxDocument\DocumentModel.InOpenXml\CustomUI\BackstageComboBox.cs","71","Property","nameof(DXO10CUI.BackstageComboBox.Label)","String?","Label","_Label"
"D:\OneDrive\VS\Projects\DocxDocument\DocumentModel.InOpenXml\CustomUI\BackstageComboBox.cs","78","Property","nameof(DXO10CUI.BackstageComboBox.GetLabel)","String?","GetLabel","_GetLabel"
"D:\OneDrive\VS\Projects\DocxDocument\DocumentModel.InOpenXml\CustomUI\BackstageComboBox.cs","85","Property","nameof(DXO10CUI.BackstageComboBox.Visible)","Boolean?","Visible","_Visible"
"D:\OneDrive\VS\Projects\DocxDocument\DocumentModel.InOpenXml\CustomUI\BackstageComboBox.cs","92","Property","nameof(DXO10CUI.BackstageComboBox.GetVisible)","String?","GetVisible","_GetVisible"
"D:\OneDrive\VS\Projects\DocxDocument\DocumentModel.InOpenXml\CustomUI\BackstageComboBox.cs","99","Property","nameof(DXO10CUI.BackstageComboBox.Keytip)","String?","Keytip","_Keytip"
"D:\OneDrive\VS\Projects\DocxDocument\DocumentModel.InOpenXml\CustomUI\BackstageComboBox.cs","106","Property","nameof(DXO10CUI.BackstageComboBox.GetKeytip)","String?","GetKeytip","_GetKeytip"
"D:\OneDrive\VS\Projects\DocxDocument\DocumentModel.InOpenXml\CustomUI\BackstageComboBox.cs","113","Property","nameof(DXO10CUI.BackstageComboBox.GetText)","String?","GetText","_GetText"
"D:\OneDrive\VS\Projects\DocxDocument\DocumentModel.InOpenXml\CustomUI\BackstageComboBox.cs","120","Property","nameof(DXO10CUI.BackstageComboBox.OnChange)","String?","OnChange","_OnChange"
"D:\OneDrive\VS\Projects\DocxDocument\DocumentModel.InOpenXml\CustomUI\BackstageComboBox.cs","127","Property","nameof(DXO10CUI.BackstageComboBox.SizeString)","String?","SizeString","_SizeString"
"D:\OneDrive\VS\Projects\DocxDocument\DocumentModel.InOpenXml\CustomUI\BackstageComboBox.cs","134","Property","nameof(DXO10CUI.BackstageComboBox.GetItemCount)","String?","GetItemCount","_GetItemCount"
"D:\OneDrive\VS\Projects\DocxDocument\DocumentModel.InOpenXml\CustomUI\BackstageComboBox.cs","141","Property","nameof(DXO10CUI.BackstageComboBox.GetItemLabel)","String?","GetItemLabel","_GetItemLabel"
"D:\OneDrive\VS\Projects\DocxDocument\DocumentModel.InOpenXml\CustomUI\BackstageComboBox.cs","148","Property","nameof(DXO10CUI.BackstageComboBox.GetItemID)","String?","GetItemID","_GetItemID"
"D:\OneDrive\VS\Projects\DocxDocument\DocumentModel.InOpenXml\CustomUI\BackstageDropDown.cs","14","Property","nameof(DXO10CUI.BackstageDropDown.Id)","string?","Id","_Id"
"D:\OneDrive\VS\Projects\DocxDocument\DocumentModel.InOpenXml\CustomUI\BackstageDropDown.cs","21","Property","nameof(DXO10CUI.BackstageDropDown.QualifiedId)","string?","QualifiedId","_QualifiedId"
"D:\OneDrive\VS\Projects\DocxDocument\DocumentModel.InOpenXml\CustomUI\BackstageDropDown.cs","28","Property","nameof(DXO10CUI.BackstageDropDown.Tag)","string?","Tag","_Tag"
"D:\OneDrive\VS\Projects\DocxDocument\DocumentModel.InOpenXml\CustomUI\BackstageDropDown.cs","35","Property","nameof(DXO10CUI.BackstageDropDown.AlignLabel)","Expand?","AlignLabel","_AlignLabel"
"D:\OneDrive\VS\Projects\DocxDocument\DocumentModel.InOpenXml\CustomUI\BackstageDropDown.cs","42","Property","nameof(DXO10CUI.BackstageDropDown.Expand)","Expand?","Expand","_Expand"
"D:\OneDrive\VS\Projects\DocxDocument\DocumentModel.InOpenXml\CustomUI\BackstageDropDown.cs","49","Property","nameof(DXO10CUI.BackstageDropDown.Enabled)","bool?","Enabled","_Enabled"
"D:\OneDrive\VS\Projects\DocxDocument\DocumentModel.InOpenXml\CustomUI\BackstageDropDown.cs","56","Property","nameof(DXO10CUI.BackstageDropDown.GetEnabled)","string?","GetEnabled","_GetEnabled"
"D:\OneDrive\VS\Projects\DocxDocument\DocumentModel.InOpenXml\CustomUI\BackstageDropDown.cs","63","Property","nameof(DXO10CUI.BackstageDropDown.Label)","string?","Label","_Label"
"D:\OneDrive\VS\Projects\DocxDocument\DocumentModel.InOpenXml\CustomUI\BackstageDropDown.cs","70","Property","nameof(DXO10CUI.BackstageDropDown.GetLabel)","string?","GetLabel","_GetLabel"
"D:\OneDrive\VS\Projects\DocxDocument\DocumentModel.InOpenXml\CustomUI\BackstageDropDown.cs","77","Property","nameof(DXO10CUI.BackstageDropDown.Visible)","bool?","Visible","_Visible"
"D:\OneDrive\VS\Projects\DocxDocument\DocumentModel.InOpenXml\CustomUI\BackstageDropDown.cs","84","Property","nameof(DXO10CUI.BackstageDropDown.GetVisible)","string?","GetVisible","_GetVisible"
"D:\OneDrive\VS\Projects\DocxDocument\DocumentModel.InOpenXml\CustomUI\BackstageDropDown.cs","91","Property","nameof(DXO10CUI.BackstageDropDown.OnAction)","string?","OnAction","_OnAction"
"D:\OneDrive\VS\Projects\DocxDocument\DocumentModel.InOpenXml\CustomUI\BackstageDropDown.cs","98","Property","nameof(DXO10CUI.BackstageDropDown.Screentip)","string?","Screentip","_Screentip"
"D:\OneDrive\VS\Projects\DocxDocument\DocumentModel.InOpenXml\CustomUI\BackstageDropDown.cs","105","Property","nameof(DXO10CUI.BackstageDropDown.GetScreentip)","string?","GetScreentip","_GetScreentip"
"D:\OneDrive\VS\Projects\DocxDocument\DocumentModel.InOpenXml\CustomUI\BackstageDropDown.cs","112","Property","nameof(DXO10CUI.BackstageDropDown.Supertip)","string?","Supertip","_Supertip"
"D:\OneDrive\VS\Projects\DocxDocument\DocumentModel.InOpenXml\CustomUI\BackstageDropDown.cs","119","Property","nameof(DXO10CUI.BackstageDropDown.GetSupertip)","string?","GetSupertip","_GetSupertip"
"D:\OneDrive\VS\Projects\DocxDocument\DocumentModel.InOpenXml\CustomUI\BackstageDropDown.cs","126","Property","nameof(DXO10CUI.BackstageDropDown.Keytip)","string?","Keytip","_Keytip"
"D:\OneDrive\VS\Projects\DocxDocument\DocumentModel.InOpenXml\CustomUI\BackstageDropDown.cs","133","Property","nameof(DXO10CUI.BackstageDropDown.GetKeytip)","string?","GetKeytip","_GetKeytip"
"D:\OneDrive\VS\Projects\DocxDocument\DocumentModel.InOpenXml\CustomUI\BackstageDropDown.cs","140","Property","nameof(DXO10CUI.BackstageDropDown.GetSelectedItemIndex)","string?","GetSelectedItemIndex","_GetSelectedItemIndex"
"D:\OneDrive\VS\Projects\DocxDocument\DocumentModel.InOpenXml\CustomUI\BackstageDropDown.cs","147","Property","nameof(DXO10CUI.BackstageDropDown.SizeString)","string?","SizeString","_SizeString"
"D:\OneDrive\VS\Projects\DocxDocument\DocumentModel.InOpenXml\CustomUI\BackstageDropDown.cs","154","Property","nameof(DXO10CUI.BackstageDropDown.GetItemCount)","string?","GetItemCount","_GetItemCount"
"D:\OneDrive\VS\Projects\DocxDocument\DocumentModel.InOpenXml\CustomUI\BackstageDropDown.cs","161","Property","nameof(DXO10CUI.BackstageDropDown.GetItemLabel)","string?","GetItemLabel","_GetItemLabel"
"D:\OneDrive\VS\Projects\DocxDocument\DocumentModel.InOpenXml\CustomUI\BackstageDropDown.cs","168","Property","nameof(DXO10CUI.BackstageDropDown.GetItemID)","string?","GetItemID","_GetItemID"
"D:\OneDrive\VS\Projects\DocxDocument\DocumentModel.InOpenXml\CustomUI\BackstageEditBox.cs","16","Property","nameof(DXO10CUI.BackstageEditBox.Id)","String?","Id","_Id"
"D:\OneDrive\VS\Projects\DocxDocument\DocumentModel.InOpenXml\CustomUI\BackstageEditBox.cs","23","Property","nameof(DXO10CUI.BackstageEditBox.QualifiedId)","String?","QualifiedId","_QualifiedId"
"D:\OneDrive\VS\Projects\DocxDocument\DocumentModel.InOpenXml\CustomUI\BackstageEditBox.cs","30","Property","nameof(DXO10CUI.BackstageEditBox.Tag)","String?","Tag","_Tag"
"D:\OneDrive\VS\Projects\DocxDocument\DocumentModel.InOpenXml\CustomUI\BackstageEditBox.cs","37","Property","nameof(DXO10CUI.BackstageEditBox.AlignLabel)","Expand?","AlignLabel","_AlignLabel"
"D:\OneDrive\VS\Projects\DocxDocument\DocumentModel.InOpenXml\CustomUI\BackstageEditBox.cs","44","Property","nameof(DXO10CUI.BackstageEditBox.Expand)","Expand?","Expand","_Expand"
"D:\OneDrive\VS\Projects\DocxDocument\DocumentModel.InOpenXml\CustomUI\BackstageEditBox.cs","51","Property","nameof(DXO10CUI.BackstageEditBox.Enabled)","Boolean?","Enabled","_Enabled"
"D:\OneDrive\VS\Projects\DocxDocument\DocumentModel.InOpenXml\CustomUI\BackstageEditBox.cs","58","Property","nameof(DXO10CUI.BackstageEditBox.GetEnabled)","String?","GetEnabled","_GetEnabled"
"D:\OneDrive\VS\Projects\DocxDocument\DocumentModel.InOpenXml\CustomUI\BackstageEditBox.cs","65","Property","nameof(DXO10CUI.BackstageEditBox.Label)","String?","Label","_Label"
"D:\OneDrive\VS\Projects\DocxDocument\DocumentModel.InOpenXml\CustomUI\BackstageEditBox.cs","72","Property","nameof(DXO10CUI.BackstageEditBox.GetLabel)","String?","GetLabel","_GetLabel"
"D:\OneDrive\VS\Projects\DocxDocument\DocumentModel.InOpenXml\CustomUI\BackstageEditBox.cs","79","Property","nameof(DXO10CUI.BackstageEditBox.Visible)","Boolean?","Visible","_Visible"
"D:\OneDrive\VS\Projects\DocxDocument\DocumentModel.InOpenXml\CustomUI\BackstageEditBox.cs","86","Property","nameof(DXO10CUI.BackstageEditBox.GetVisible)","String?","GetVisible","_GetVisible"
"D:\OneDrive\VS\Projects\DocxDocument\DocumentModel.InOpenXml\CustomUI\BackstageEditBox.cs","93","Property","nameof(DXO10CUI.BackstageEditBox.Keytip)","String?","Keytip","_Keytip"
"D:\OneDrive\VS\Projects\DocxDocument\DocumentModel.InOpenXml\CustomUI\BackstageEditBox.cs","100","Property","nameof(DXO10CUI.BackstageEditBox.GetKeytip)","String?","GetKeytip","_GetKeytip"
"D:\OneDrive\VS\Projects\DocxDocument\DocumentModel.InOpenXml\CustomUI\BackstageEditBox.cs","107","Property","nameof(DXO10CUI.BackstageEditBox.GetText)","String?","GetText","_GetText"
"D:\OneDrive\VS\Projects\DocxDocument\DocumentModel.InOpenXml\CustomUI\BackstageEditBox.cs","114","Property","nameof(DXO10CUI.BackstageEditBox.OnChange)","String?","OnChange","_OnChange"
"D:\OneDrive\VS\Projects\DocxDocument\DocumentModel.InOpenXml\CustomUI\BackstageEditBox.cs","121","Property","nameof(DXO10CUI.BackstageEditBox.MaxLength)","int?","MaxLength","_MaxLength"
"D:\OneDrive\VS\Projects\DocxDocument\DocumentModel.InOpenXml\CustomUI\BackstageEditBox.cs","128","Property","nameof(DXO10CUI.BackstageEditBox.SizeString)","String?","SizeString","_SizeString"
"D:\OneDrive\VS\Projects\DocxDocument\DocumentModel.InOpenXml\CustomUI\BackstageFastCommandButton.cs","16","Property","nameof(DXO10CUI.BackstageFastCommandButton.IdMso)","String?","IdMso","_IdMso"
"D:\OneDrive\VS\Projects\DocxDocument\DocumentModel.InOpenXml\CustomUI\BackstageFastCommandButton.cs","23","Property","nameof(DXO10CUI.BackstageFastCommandButton.InsertAfterMso)","String?","InsertAfterMso","_InsertAfterMso"
"D:\OneDrive\VS\Projects\DocxDocument\DocumentModel.InOpenXml\CustomUI\BackstageFastCommandButton.cs","30","Property","nameof(DXO10CUI.BackstageFastCommandButton.InsertBeforeMso)","String?","InsertBeforeMso","_InsertBeforeMso"
"D:\OneDrive\VS\Projects\DocxDocument\DocumentModel.InOpenXml\CustomUI\BackstageFastCommandButton.cs","37","Property","nameof(DXO10CUI.BackstageFastCommandButton.InsertAfterQulifiedId)","String?","InsertAfterQualifiedId","_InsertAfterQualifiedId"
"D:\OneDrive\VS\Projects\DocxDocument\DocumentModel.InOpenXml\CustomUI\BackstageFastCommandButton.cs","44","Property","nameof(DXO10CUI.BackstageFastCommandButton.InsertBeforeQulifiedId)","String?","InsertBeforeQualifiedId","_InsertBeforeQualifiedId"
"D:\OneDrive\VS\Projects\DocxDocument\DocumentModel.InOpenXml\CustomUI\BackstageFastCommandButton.cs","51","Property","nameof(DXO10CUI.BackstageFastCommandButton.Id)","String?","Id","_Id"
"D:\OneDrive\VS\Projects\DocxDocument\DocumentModel.InOpenXml\CustomUI\BackstageFastCommandButton.cs","58","Property","nameof(DXO10CUI.BackstageFastCommandButton.QualifiedId)","String?","QualifiedId","_QualifiedId"
"D:\OneDrive\VS\Projects\DocxDocument\DocumentModel.InOpenXml\CustomUI\BackstageFastCommandButton.cs","65","Property","nameof(DXO10CUI.BackstageFastCommandButton.Tag)","String?","Tag","_Tag"
"D:\OneDrive\VS\Projects\DocxDocument\DocumentModel.InOpenXml\CustomUI\BackstageFastCommandButton.cs","72","Property","nameof(DXO10CUI.BackstageFastCommandButton.OnAction)","String?","OnAction","_OnAction"
"D:\OneDrive\VS\Projects\DocxDocument\DocumentModel.InOpenXml\CustomUI\BackstageFastCommandButton.cs","79","Property","nameof(DXO10CUI.BackstageFastCommandButton.IsDefinitive)","Boolean?","IsDefinitive","_IsDefinitive"
"D:\OneDrive\VS\Projects\DocxDocument\DocumentModel.InOpenXml\CustomUI\BackstageFastCommandButton.cs","86","Property","nameof(DXO10CUI.BackstageFastCommandButton.Enabled)","Boolean?","Enabled","_Enabled"
"D:\OneDrive\VS\Projects\DocxDocument\DocumentModel.InOpenXml\CustomUI\BackstageFastCommandButton.cs","93","Property","nameof(DXO10CUI.BackstageFastCommandButton.GetEnabled)","String?","GetEnabled","_GetEnabled"
"D:\OneDrive\VS\Projects\DocxDocument\DocumentModel.InOpenXml\CustomUI\BackstageFastCommandButton.cs","100","Property","nameof(DXO10CUI.BackstageFastCommandButton.Label)","String?","Label","_Label"
"D:\OneDrive\VS\Projects\DocxDocument\DocumentModel.InOpenXml\CustomUI\BackstageFastCommandButton.cs","107","Property","nameof(DXO10CUI.BackstageFastCommandButton.GetLabel)","String?","GetLabel","_GetLabel"
"D:\OneDrive\VS\Projects\DocxDocument\DocumentModel.InOpenXml\CustomUI\BackstageFastCommandButton.cs","114","Property","nameof(DXO10CUI.BackstageFastCommandButton.Visible)","Boolean?","Visible","_Visible"
"D:\OneDrive\VS\Projects\DocxDocument\DocumentModel.InOpenXml\CustomUI\BackstageFastCommandButton.cs","121","Property","nameof(DXO10CUI.BackstageFastCommandButton.GetVisible)","String?","GetVisible","_GetVisible"
"D:\OneDrive\VS\Projects\DocxDocument\DocumentModel.InOpenXml\CustomUI\BackstageFastCommandButton.cs","128","Property","nameof(DXO10CUI.BackstageFastCommandButton.Keytip)","String?","Keytip","_Keytip"
"D:\OneDrive\VS\Projects\DocxDocument\DocumentModel.InOpenXml\CustomUI\BackstageFastCommandButton.cs","135","Property","nameof(DXO10CUI.BackstageFastCommandButton.GetKeytip)","String?","GetKeytip","_GetKeytip"
"D:\OneDrive\VS\Projects\DocxDocument\DocumentModel.InOpenXml\CustomUI\BackstageFastCommandButton.cs","142","Property","nameof(DXO10CUI.BackstageFastCommandButton.Image)","String?","Image","_Image"
"D:\OneDrive\VS\Projects\DocxDocument\DocumentModel.InOpenXml\CustomUI\BackstageFastCommandButton.cs","149","Property","nameof(DXO10CUI.BackstageFastCommandButton.ImageMso)","String?","ImageMso","_ImageMso"
"D:\OneDrive\VS\Projects\DocxDocument\DocumentModel.InOpenXml\CustomUI\BackstageFastCommandButton.cs","156","Property","nameof(DXO10CUI.BackstageFastCommandButton.GetImage)","String?","GetImage","_GetImage"
"D:\OneDrive\VS\Projects\DocxDocument\DocumentModel.InOpenXml\CustomUI\BackstageGroup.cs","24","Property","nameof(DXO10CUI.BackstageGroup.Id)","String?","Id","_Id"
"D:\OneDrive\VS\Projects\DocxDocument\DocumentModel.InOpenXml\CustomUI\BackstageGroup.cs","31","Property","nameof(DXO10CUI.BackstageGroup.QualifiedId)","String?","QualifiedId","_QualifiedId"
"D:\OneDrive\VS\Projects\DocxDocument\DocumentModel.InOpenXml\CustomUI\BackstageGroup.cs","38","Property","nameof(DXO10CUI.BackstageGroup.Tag)","String?","Tag","_Tag"
"D:\OneDrive\VS\Projects\DocxDocument\DocumentModel.InOpenXml\CustomUI\BackstageGroup.cs","45","Property","nameof(DXO10CUI.BackstageGroup.IdMso)","String?","IdMso","_IdMso"
"D:\OneDrive\VS\Projects\DocxDocument\DocumentModel.InOpenXml\CustomUI\BackstageGroup.cs","52","Property","nameof(DXO10CUI.BackstageGroup.InsertAfterMso)","String?","InsertAfterMso","_InsertAfterMso"
"D:\OneDrive\VS\Projects\DocxDocument\DocumentModel.InOpenXml\CustomUI\BackstageGroup.cs","59","Property","nameof(DXO10CUI.BackstageGroup.InsertBeforeMso)","String?","InsertBeforeMso","_InsertBeforeMso"
"D:\OneDrive\VS\Projects\DocxDocument\DocumentModel.InOpenXml\CustomUI\BackstageGroup.cs","66","Property","nameof(DXO10CUI.BackstageGroup.InsertAfterQulifiedId)","String?","InsertAfterQualifiedId","_InsertAfterQualifiedId"
"D:\OneDrive\VS\Projects\DocxDocument\DocumentModel.InOpenXml\CustomUI\BackstageGroup.cs","73","Property","nameof(DXO10CUI.BackstageGroup.InsertBeforeQulifiedId)","String?","InsertBeforeQualifiedId","_InsertBeforeQualifiedId"
"D:\OneDrive\VS\Projects\DocxDocument\DocumentModel.InOpenXml\CustomUI\BackstageGroup.cs","80","Property","nameof(DXO10CUI.BackstageGroup.Label)","String?","Label","_Label"
"D:\OneDrive\VS\Projects\DocxDocument\DocumentModel.InOpenXml\CustomUI\BackstageGroup.cs","87","Property","nameof(DXO10CUI.BackstageGroup.GetLabel)","String?","GetLabel","_GetLabel"
"D:\OneDrive\VS\Projects\DocxDocument\DocumentModel.InOpenXml\CustomUI\BackstageGroup.cs","94","Property","nameof(DXO10CUI.BackstageGroup.Visible)","Boolean?","Visible","_Visible"
"D:\OneDrive\VS\Projects\DocxDocument\DocumentModel.InOpenXml\CustomUI\BackstageGroup.cs","101","Property","nameof(DXO10CUI.BackstageGroup.GetVisible)","String?","GetVisible","_GetVisible"
"D:\OneDrive\VS\Projects\DocxDocument\DocumentModel.InOpenXml\CustomUI\BackstageGroup.cs","108","Property","nameof(DXO10CUI.BackstageGroup.Style)","Style?","Style","_Style"
"D:\OneDrive\VS\Projects\DocxDocument\DocumentModel.InOpenXml\CustomUI\BackstageGroup.cs","115","Property","nameof(DXO10CUI.BackstageGroup.GetStyle)","String?","GetStyle","_GetStyle"
"D:\OneDrive\VS\Projects\DocxDocument\DocumentModel.InOpenXml\CustomUI\BackstageGroup.cs","122","Property","nameof(DXO10CUI.BackstageGroup.HelperText)","String?","HelperText","_HelperText"
"D:\OneDrive\VS\Projects\DocxDocument\DocumentModel.InOpenXml\CustomUI\BackstageGroup.cs","129","Property","nameof(DXO10CUI.BackstageGroup.GetHelperText)","String?","GetHelperText","_GetHelperText"
"D:\OneDrive\VS\Projects\DocxDocument\DocumentModel.InOpenXml\CustomUI\BackstageGroup.cs","136","Property","nameof(DXO10CUI.BackstageGroup.ShowLabel)","Boolean?","ShowLabel","_ShowLabel"
"D:\OneDrive\VS\Projects\DocxDocument\DocumentModel.InOpenXml\CustomUI\BackstageGroup.cs","143","Property","nameof(DXO10CUI.BackstageGroup.GetShowLabel)","String?","GetShowLabel","_GetShowLabel"
"D:\OneDrive\VS\Projects\DocxDocument\DocumentModel.InOpenXml\CustomUI\BackstageGroupButton.cs","16","Property","nameof(DXO10CUI.BackstageGroupButton.Expand)","Expand?","Expand","_Expand"
"D:\OneDrive\VS\Projects\DocxDocument\DocumentModel.InOpenXml\CustomUI\BackstageGroupButton.cs","23","Property","nameof(DXO10CUI.BackstageGroupButton.Style)","Style2?","Style","_Style"
"D:\OneDrive\VS\Projects\DocxDocument\DocumentModel.InOpenXml\CustomUI\BackstageGroupButton.cs","30","Property","nameof(DXO10CUI.BackstageGroupButton.Screentip)","String?","Screentip","_Screentip"
"D:\OneDrive\VS\Projects\DocxDocument\DocumentModel.InOpenXml\CustomUI\BackstageGroupButton.cs","37","Property","nameof(DXO10CUI.BackstageGroupButton.GetScreentip)","String?","GetScreentip","_GetScreentip"
"D:\OneDrive\VS\Projects\DocxDocument\DocumentModel.InOpenXml\CustomUI\BackstageGroupButton.cs","44","Property","nameof(DXO10CUI.BackstageGroupButton.Supertip)","String?","Supertip","_Supertip"
"D:\OneDrive\VS\Projects\DocxDocument\DocumentModel.InOpenXml\CustomUI\BackstageGroupButton.cs","51","Property","nameof(DXO10CUI.BackstageGroupButton.GetSupertip)","String?","GetSupertip","_GetSupertip"
"D:\OneDrive\VS\Projects\DocxDocument\DocumentModel.InOpenXml\CustomUI\BackstageGroupButton.cs","58","Property","nameof(DXO10CUI.BackstageGroupButton.Id)","String?","Id","_Id"
"D:\OneDrive\VS\Projects\DocxDocument\DocumentModel.InOpenXml\CustomUI\BackstageGroupButton.cs","65","Property","nameof(DXO10CUI.BackstageGroupButton.QualifiedId)","String?","QualifiedId","_QualifiedId"
"D:\OneDrive\VS\Projects\DocxDocument\DocumentModel.InOpenXml\CustomUI\BackstageGroupButton.cs","72","Property","nameof(DXO10CUI.BackstageGroupButton.Tag)","String?","Tag","_Tag"
"D:\OneDrive\VS\Projects\DocxDocument\DocumentModel.InOpenXml\CustomUI\BackstageGroupButton.cs","79","Property","nameof(DXO10CUI.BackstageGroupButton.OnAction)","String?","OnAction","_OnAction"
"D:\OneDrive\VS\Projects\DocxDocument\DocumentModel.InOpenXml\CustomUI\BackstageGroupButton.cs","86","Property","nameof(DXO10CUI.BackstageGroupButton.IsDefinitive)","Boolean?","IsDefinitive","_IsDefinitive"
"D:\OneDrive\VS\Projects\DocxDocument\DocumentModel.InOpenXml\CustomUI\BackstageGroupButton.cs","93","Property","nameof(DXO10CUI.BackstageGroupButton.Enabled)","Boolean?","Enabled","_Enabled"
"D:\OneDrive\VS\Projects\DocxDocument\DocumentModel.InOpenXml\CustomUI\BackstageGroupButton.cs","100","Property","nameof(DXO10CUI.BackstageGroupButton.GetEnabled)","String?","GetEnabled","_GetEnabled"
"D:\OneDrive\VS\Projects\DocxDocument\DocumentModel.InOpenXml\CustomUI\BackstageGroupButton.cs","107","Property","nameof(DXO10CUI.BackstageGroupButton.Label)","String?","Label","_Label"
"D:\OneDrive\VS\Projects\DocxDocument\DocumentModel.InOpenXml\CustomUI\BackstageGroupButton.cs","114","Property","nameof(DXO10CUI.BackstageGroupButton.GetLabel)","String?","GetLabel","_GetLabel"
"D:\OneDrive\VS\Projects\DocxDocument\DocumentModel.InOpenXml\CustomUI\BackstageGroupButton.cs","121","Property","nameof(DXO10CUI.BackstageGroupButton.Visible)","Boolean?","Visible","_Visible"
"D:\OneDrive\VS\Projects\DocxDocument\DocumentModel.InOpenXml\CustomUI\BackstageGroupButton.cs","128","Property","nameof(DXO10CUI.BackstageGroupButton.GetVisible)","String?","GetVisible","_GetVisible"
"D:\OneDrive\VS\Projects\DocxDocument\DocumentModel.InOpenXml\CustomUI\BackstageGroupButton.cs","135","Property","nameof(DXO10CUI.BackstageGroupButton.Keytip)","String?","Keytip","_Keytip"
"D:\OneDrive\VS\Projects\DocxDocument\DocumentModel.InOpenXml\CustomUI\BackstageGroupButton.cs","142","Property","nameof(DXO10CUI.BackstageGroupButton.GetKeytip)","String?","GetKeytip","_GetKeytip"
"D:\OneDrive\VS\Projects\DocxDocument\DocumentModel.InOpenXml\CustomUI\BackstageGroupButton.cs","149","Property","nameof(DXO10CUI.BackstageGroupButton.Image)","String?","Image","_Image"
"D:\OneDrive\VS\Projects\DocxDocument\DocumentModel.InOpenXml\CustomUI\BackstageGroupButton.cs","156","Property","nameof(DXO10CUI.BackstageGroupButton.ImageMso)","String?","ImageMso","_ImageMso"
"D:\OneDrive\VS\Projects\DocxDocument\DocumentModel.InOpenXml\CustomUI\BackstageGroupButton.cs","163","Property","nameof(DXO10CUI.BackstageGroupButton.GetImage)","String?","GetImage","_GetImage"
"D:\OneDrive\VS\Projects\DocxDocument\DocumentModel.InOpenXml\CustomUI\BackstageItemType.cs","16","Property","nameof(DXO10CUI.BackstageItemType.Id)","String?","Id","_Id"
"D:\OneDrive\VS\Projects\DocxDocument\DocumentModel.InOpenXml\CustomUI\BackstageItemType.cs","23","Property","nameof(DXO10CUI.BackstageItemType.Label)","String?","Label","_Label"
"D:\OneDrive\VS\Projects\DocxDocument\DocumentModel.InOpenXml\CustomUI\BackstageItemType.cs","30","Property","nameof(DXO10CUI.BackstageItemType.GetLabel)","String?","GetLabel","_GetLabel"
"D:\OneDrive\VS\Projects\DocxDocument\DocumentModel.InOpenXml\CustomUI\BackstageLabelControl.cs","16","Property","nameof(DXO10CUI.BackstageLabelControl.Id)","String?","Id","_Id"
"D:\OneDrive\VS\Projects\DocxDocument\DocumentModel.InOpenXml\CustomUI\BackstageLabelControl.cs","23","Property","nameof(DXO10CUI.BackstageLabelControl.QualifiedId)","String?","QualifiedId","_QualifiedId"
"D:\OneDrive\VS\Projects\DocxDocument\DocumentModel.InOpenXml\CustomUI\BackstageLabelControl.cs","30","Property","nameof(DXO10CUI.BackstageLabelControl.Tag)","String?","Tag","_Tag"
"D:\OneDrive\VS\Projects\DocxDocument\DocumentModel.InOpenXml\CustomUI\BackstageLabelControl.cs","37","Property","nameof(DXO10CUI.BackstageLabelControl.AlignLabel)","Expand?","AlignLabel","_AlignLabel"
"D:\OneDrive\VS\Projects\DocxDocument\DocumentModel.InOpenXml\CustomUI\BackstageLabelControl.cs","44","Property","nameof(DXO10CUI.BackstageLabelControl.Expand)","Expand?","Expand","_Expand"
"D:\OneDrive\VS\Projects\DocxDocument\DocumentModel.InOpenXml\CustomUI\BackstageLabelControl.cs","51","Property","nameof(DXO10CUI.BackstageLabelControl.Enabled)","Boolean?","Enabled","_Enabled"
"D:\OneDrive\VS\Projects\DocxDocument\DocumentModel.InOpenXml\CustomUI\BackstageLabelControl.cs","58","Property","nameof(DXO10CUI.BackstageLabelControl.GetEnabled)","String?","GetEnabled","_GetEnabled"
"D:\OneDrive\VS\Projects\DocxDocument\DocumentModel.InOpenXml\CustomUI\BackstageLabelControl.cs","65","Property","nameof(DXO10CUI.BackstageLabelControl.Label)","String?","Label","_Label"
"D:\OneDrive\VS\Projects\DocxDocument\DocumentModel.InOpenXml\CustomUI\BackstageLabelControl.cs","72","Property","nameof(DXO10CUI.BackstageLabelControl.GetLabel)","String?","GetLabel","_GetLabel"
"D:\OneDrive\VS\Projects\DocxDocument\DocumentModel.InOpenXml\CustomUI\BackstageLabelControl.cs","79","Property","nameof(DXO10CUI.BackstageLabelControl.Visible)","Boolean?","Visible","_Visible"
"D:\OneDrive\VS\Projects\DocxDocument\DocumentModel.InOpenXml\CustomUI\BackstageLabelControl.cs","86","Property","nameof(DXO10CUI.BackstageLabelControl.GetVisible)","String?","GetVisible","_GetVisible"
"D:\OneDrive\VS\Projects\DocxDocument\DocumentModel.InOpenXml\CustomUI\BackstageLabelControl.cs","93","Property","nameof(DXO10CUI.BackstageLabelControl.NoWrap)","Boolean?","NoWrap","_NoWrap"
"D:\OneDrive\VS\Projects\DocxDocument\DocumentModel.InOpenXml\CustomUI\BackstageMenuButton.cs","16","Property","nameof(DXO10CUI.BackstageMenuButton.Description)","String?","Description","_Description"
"D:\OneDrive\VS\Projects\DocxDocument\DocumentModel.InOpenXml\CustomUI\BackstageMenuButton.cs","23","Property","nameof(DXO10CUI.BackstageMenuButton.GetDescription)","String?","GetDescription","_GetDescription"
"D:\OneDrive\VS\Projects\DocxDocument\DocumentModel.InOpenXml\CustomUI\BackstageMenuButton.cs","30","Property","nameof(DXO10CUI.BackstageMenuButton.Id)","String?","Id","_Id"
"D:\OneDrive\VS\Projects\DocxDocument\DocumentModel.InOpenXml\CustomUI\BackstageMenuButton.cs","37","Property","nameof(DXO10CUI.BackstageMenuButton.QualifiedId)","String?","QualifiedId","_QualifiedId"
"D:\OneDrive\VS\Projects\DocxDocument\DocumentModel.InOpenXml\CustomUI\BackstageMenuButton.cs","44","Property","nameof(DXO10CUI.BackstageMenuButton.Tag)","String?","Tag","_Tag"
"D:\OneDrive\VS\Projects\DocxDocument\DocumentModel.InOpenXml\CustomUI\BackstageMenuButton.cs","51","Property","nameof(DXO10CUI.BackstageMenuButton.OnAction)","String?","OnAction","_OnAction"
"D:\OneDrive\VS\Projects\DocxDocument\DocumentModel.InOpenXml\CustomUI\BackstageMenuButton.cs","58","Property","nameof(DXO10CUI.BackstageMenuButton.IsDefinitive)","Boolean?","IsDefinitive","_IsDefinitive"
"D:\OneDrive\VS\Projects\DocxDocument\DocumentModel.InOpenXml\CustomUI\BackstageMenuButton.cs","65","Property","nameof(DXO10CUI.BackstageMenuButton.Enabled)","Boolean?","Enabled","_Enabled"
"D:\OneDrive\VS\Projects\DocxDocument\DocumentModel.InOpenXml\CustomUI\BackstageMenuButton.cs","72","Property","nameof(DXO10CUI.BackstageMenuButton.GetEnabled)","String?","GetEnabled","_GetEnabled"
"D:\OneDrive\VS\Projects\DocxDocument\DocumentModel.InOpenXml\CustomUI\BackstageMenuButton.cs","79","Property","nameof(DXO10CUI.BackstageMenuButton.Label)","String?","Label","_Label"
"D:\OneDrive\VS\Projects\DocxDocument\DocumentModel.InOpenXml\CustomUI\BackstageMenuButton.cs","86","Property","nameof(DXO10CUI.BackstageMenuButton.GetLabel)","String?","GetLabel","_GetLabel"
"D:\OneDrive\VS\Projects\DocxDocument\DocumentModel.InOpenXml\CustomUI\BackstageMenuButton.cs","93","Property","nameof(DXO10CUI.BackstageMenuButton.Visible)","Boolean?","Visible","_Visible"
"D:\OneDrive\VS\Projects\DocxDocument\DocumentModel.InOpenXml\CustomUI\BackstageMenuButton.cs","100","Property","nameof(DXO10CUI.BackstageMenuButton.GetVisible)","String?","GetVisible","_GetVisible"
"D:\OneDrive\VS\Projects\DocxDocument\DocumentModel.InOpenXml\CustomUI\BackstageMenuButton.cs","107","Property","nameof(DXO10CUI.BackstageMenuButton.Keytip)","String?","Keytip","_Keytip"
"D:\OneDrive\VS\Projects\DocxDocument\DocumentModel.InOpenXml\CustomUI\BackstageMenuButton.cs","114","Property","nameof(DXO10CUI.BackstageMenuButton.GetKeytip)","String?","GetKeytip","_GetKeytip"
"D:\OneDrive\VS\Projects\DocxDocument\DocumentModel.InOpenXml\CustomUI\BackstageMenuButton.cs","121","Property","nameof(DXO10CUI.BackstageMenuButton.Image)","String?","Image","_Image"
"D:\OneDrive\VS\Projects\DocxDocument\DocumentModel.InOpenXml\CustomUI\BackstageMenuButton.cs","128","Property","nameof(DXO10CUI.BackstageMenuButton.ImageMso)","String?","ImageMso","_ImageMso"
"D:\OneDrive\VS\Projects\DocxDocument\DocumentModel.InOpenXml\CustomUI\BackstageMenuButton.cs","135","Property","nameof(DXO10CUI.BackstageMenuButton.GetImage)","String?","GetImage","_GetImage"
"D:\OneDrive\VS\Projects\DocxDocument\DocumentModel.InOpenXml\CustomUI\BackstageMenuCheckBox.cs","16","Property","nameof(DXO10CUI.BackstageMenuCheckBox.Description)","String?","Description","_Description"
"D:\OneDrive\VS\Projects\DocxDocument\DocumentModel.InOpenXml\CustomUI\BackstageMenuCheckBox.cs","23","Property","nameof(DXO10CUI.BackstageMenuCheckBox.GetDescription)","String?","GetDescription","_GetDescription"
"D:\OneDrive\VS\Projects\DocxDocument\DocumentModel.InOpenXml\CustomUI\BackstageMenuCheckBox.cs","30","Property","nameof(DXO10CUI.BackstageMenuCheckBox.Id)","String?","Id","_Id"
"D:\OneDrive\VS\Projects\DocxDocument\DocumentModel.InOpenXml\CustomUI\BackstageMenuCheckBox.cs","37","Property","nameof(DXO10CUI.BackstageMenuCheckBox.QualifiedId)","String?","QualifiedId","_QualifiedId"
"D:\OneDrive\VS\Projects\DocxDocument\DocumentModel.InOpenXml\CustomUI\BackstageMenuCheckBox.cs","44","Property","nameof(DXO10CUI.BackstageMenuCheckBox.Tag)","String?","Tag","_Tag"
"D:\OneDrive\VS\Projects\DocxDocument\DocumentModel.InOpenXml\CustomUI\BackstageMenuCheckBox.cs","51","Property","nameof(DXO10CUI.BackstageMenuCheckBox.OnAction)","String?","OnAction","_OnAction"
"D:\OneDrive\VS\Projects\DocxDocument\DocumentModel.InOpenXml\CustomUI\BackstageMenuCheckBox.cs","58","Property","nameof(DXO10CUI.BackstageMenuCheckBox.GetPressed)","String?","GetPressed","_GetPressed"
"D:\OneDrive\VS\Projects\DocxDocument\DocumentModel.InOpenXml\CustomUI\BackstageMenuCheckBox.cs","65","Property","nameof(DXO10CUI.BackstageMenuCheckBox.Enabled)","Boolean?","Enabled","_Enabled"
"D:\OneDrive\VS\Projects\DocxDocument\DocumentModel.InOpenXml\CustomUI\BackstageMenuCheckBox.cs","72","Property","nameof(DXO10CUI.BackstageMenuCheckBox.GetEnabled)","String?","GetEnabled","_GetEnabled"
"D:\OneDrive\VS\Projects\DocxDocument\DocumentModel.InOpenXml\CustomUI\BackstageMenuCheckBox.cs","79","Property","nameof(DXO10CUI.BackstageMenuCheckBox.Label)","String?","Label","_Label"
"D:\OneDrive\VS\Projects\DocxDocument\DocumentModel.InOpenXml\CustomUI\BackstageMenuCheckBox.cs","86","Property","nameof(DXO10CUI.BackstageMenuCheckBox.GetLabel)","String?","GetLabel","_GetLabel"
"D:\OneDrive\VS\Projects\DocxDocument\DocumentModel.InOpenXml\CustomUI\BackstageMenuCheckBox.cs","93","Property","nameof(DXO10CUI.BackstageMenuCheckBox.Visible)","Boolean?","Visible","_Visible"
"D:\OneDrive\VS\Projects\DocxDocument\DocumentModel.InOpenXml\CustomUI\BackstageMenuCheckBox.cs","100","Property","nameof(DXO10CUI.BackstageMenuCheckBox.GetVisible)","String?","GetVisible","_GetVisible"
"D:\OneDrive\VS\Projects\DocxDocument\DocumentModel.InOpenXml\CustomUI\BackstageMenuCheckBox.cs","107","Property","nameof(DXO10CUI.BackstageMenuCheckBox.Keytip)","String?","Keytip","_Keytip"
"D:\OneDrive\VS\Projects\DocxDocument\DocumentModel.InOpenXml\CustomUI\BackstageMenuCheckBox.cs","114","Property","nameof(DXO10CUI.BackstageMenuCheckBox.GetKeytip)","String?","GetKeytip","_GetKeytip"
"D:\OneDrive\VS\Projects\DocxDocument\DocumentModel.InOpenXml\CustomUI\BackstageMenuGroup.cs","25","Property","nameof(DXO10CUI.BackstageMenuGroup.Id)","String?","Id","_Id"
"D:\OneDrive\VS\Projects\DocxDocument\DocumentModel.InOpenXml\CustomUI\BackstageMenuGroup.cs","32","Property","nameof(DXO10CUI.BackstageMenuGroup.QualifiedId)","String?","QualifiedId","_QualifiedId"
"D:\OneDrive\VS\Projects\DocxDocument\DocumentModel.InOpenXml\CustomUI\BackstageMenuGroup.cs","39","Property","nameof(DXO10CUI.BackstageMenuGroup.Tag)","String?","Tag","_Tag"
"D:\OneDrive\VS\Projects\DocxDocument\DocumentModel.InOpenXml\CustomUI\BackstageMenuGroup.cs","46","Property","nameof(DXO10CUI.BackstageMenuGroup.Label)","String?","Label","_Label"
"D:\OneDrive\VS\Projects\DocxDocument\DocumentModel.InOpenXml\CustomUI\BackstageMenuGroup.cs","53","Property","nameof(DXO10CUI.BackstageMenuGroup.GetLabel)","String?","GetLabel","_GetLabel"
"D:\OneDrive\VS\Projects\DocxDocument\DocumentModel.InOpenXml\CustomUI\BackstageMenuGroup.cs","60","Property","nameof(DXO10CUI.BackstageMenuGroup.ItemSize)","ItemSize?","ItemSize","_ItemSize"
"D:\OneDrive\VS\Projects\DocxDocument\DocumentModel.InOpenXml\CustomUI\BackstageMenuToggleButton.cs","16","Property","nameof(DXO10CUI.BackstageMenuToggleButton.Image)","String?","Image","_Image"
"D:\OneDrive\VS\Projects\DocxDocument\DocumentModel.InOpenXml\CustomUI\BackstageMenuToggleButton.cs","23","Property","nameof(DXO10CUI.BackstageMenuToggleButton.ImageMso)","String?","ImageMso","_ImageMso"
"D:\OneDrive\VS\Projects\DocxDocument\DocumentModel.InOpenXml\CustomUI\BackstageMenuToggleButton.cs","30","Property","nameof(DXO10CUI.BackstageMenuToggleButton.GetImage)","String?","GetImage","_GetImage"
"D:\OneDrive\VS\Projects\DocxDocument\DocumentModel.InOpenXml\CustomUI\BackstageMenuToggleButton.cs","37","Property","nameof(DXO10CUI.BackstageMenuToggleButton.Description)","String?","Description","_Description"
"D:\OneDrive\VS\Projects\DocxDocument\DocumentModel.InOpenXml\CustomUI\BackstageMenuToggleButton.cs","44","Property","nameof(DXO10CUI.BackstageMenuToggleButton.GetDescription)","String?","GetDescription","_GetDescription"
"D:\OneDrive\VS\Projects\DocxDocument\DocumentModel.InOpenXml\CustomUI\BackstageMenuToggleButton.cs","51","Property","nameof(DXO10CUI.BackstageMenuToggleButton.Id)","String?","Id","_Id"
"D:\OneDrive\VS\Projects\DocxDocument\DocumentModel.InOpenXml\CustomUI\BackstageMenuToggleButton.cs","58","Property","nameof(DXO10CUI.BackstageMenuToggleButton.QualifiedId)","String?","QualifiedId","_QualifiedId"
"D:\OneDrive\VS\Projects\DocxDocument\DocumentModel.InOpenXml\CustomUI\BackstageMenuToggleButton.cs","65","Property","nameof(DXO10CUI.BackstageMenuToggleButton.Tag)","String?","Tag","_Tag"
"D:\OneDrive\VS\Projects\DocxDocument\DocumentModel.InOpenXml\CustomUI\BackstageMenuToggleButton.cs","72","Property","nameof(DXO10CUI.BackstageMenuToggleButton.OnAction)","String?","OnAction","_OnAction"
"D:\OneDrive\VS\Projects\DocxDocument\DocumentModel.InOpenXml\CustomUI\BackstageMenuToggleButton.cs","79","Property","nameof(DXO10CUI.BackstageMenuToggleButton.GetPressed)","String?","GetPressed","_GetPressed"
"D:\OneDrive\VS\Projects\DocxDocument\DocumentModel.InOpenXml\CustomUI\BackstageMenuToggleButton.cs","86","Property","nameof(DXO10CUI.BackstageMenuToggleButton.Enabled)","Boolean?","Enabled","_Enabled"
"D:\OneDrive\VS\Projects\DocxDocument\DocumentModel.InOpenXml\CustomUI\BackstageMenuToggleButton.cs","93","Property","nameof(DXO10CUI.BackstageMenuToggleButton.GetEnabled)","String?","GetEnabled","_GetEnabled"
"D:\OneDrive\VS\Projects\DocxDocument\DocumentModel.InOpenXml\CustomUI\BackstageMenuToggleButton.cs","100","Property","nameof(DXO10CUI.BackstageMenuToggleButton.Label)","String?","Label","_Label"
"D:\OneDrive\VS\Projects\DocxDocument\DocumentModel.InOpenXml\CustomUI\BackstageMenuToggleButton.cs","107","Property","nameof(DXO10CUI.BackstageMenuToggleButton.GetLabel)","String?","GetLabel","_GetLabel"
"D:\OneDrive\VS\Projects\DocxDocument\DocumentModel.InOpenXml\CustomUI\BackstageMenuToggleButton.cs","114","Property","nameof(DXO10CUI.BackstageMenuToggleButton.Visible)","Boolean?","Visible","_Visible"
"D:\OneDrive\VS\Projects\DocxDocument\DocumentModel.InOpenXml\CustomUI\BackstageMenuToggleButton.cs","121","Property","nameof(DXO10CUI.BackstageMenuToggleButton.GetVisible)","String?","GetVisible","_GetVisible"
"D:\OneDrive\VS\Projects\DocxDocument\DocumentModel.InOpenXml\CustomUI\BackstageMenuToggleButton.cs","128","Property","nameof(DXO10CUI.BackstageMenuToggleButton.Keytip)","String?","Keytip","_Keytip"
"D:\OneDrive\VS\Projects\DocxDocument\DocumentModel.InOpenXml\CustomUI\BackstageMenuToggleButton.cs","135","Property","nameof(DXO10CUI.BackstageMenuToggleButton.GetKeytip)","String?","GetKeytip","_GetKeytip"
"D:\OneDrive\VS\Projects\DocxDocument\DocumentModel.InOpenXml\CustomUI\BackstagePrimaryMenu.cs","22","Property","nameof(DXO10CUI.BackstagePrimaryMenu.Screentip)","String?","Screentip","_Screentip"
"D:\OneDrive\VS\Projects\DocxDocument\DocumentModel.InOpenXml\CustomUI\BackstagePrimaryMenu.cs","29","Property","nameof(DXO10CUI.BackstagePrimaryMenu.GetScreentip)","String?","GetScreentip","_GetScreentip"
"D:\OneDrive\VS\Projects\DocxDocument\DocumentModel.InOpenXml\CustomUI\BackstagePrimaryMenu.cs","36","Property","nameof(DXO10CUI.BackstagePrimaryMenu.Supertip)","String?","Supertip","_Supertip"
"D:\OneDrive\VS\Projects\DocxDocument\DocumentModel.InOpenXml\CustomUI\BackstagePrimaryMenu.cs","43","Property","nameof(DXO10CUI.BackstagePrimaryMenu.GetSupertip)","String?","GetSupertip","_GetSupertip"
"D:\OneDrive\VS\Projects\DocxDocument\DocumentModel.InOpenXml\CustomUI\BackstagePrimaryMenu.cs","50","Property","nameof(DXO10CUI.BackstagePrimaryMenu.Id)","String?","Id","_Id"
"D:\OneDrive\VS\Projects\DocxDocument\DocumentModel.InOpenXml\CustomUI\BackstagePrimaryMenu.cs","57","Property","nameof(DXO10CUI.BackstagePrimaryMenu.QualifiedId)","String?","QualifiedId","_QualifiedId"
"D:\OneDrive\VS\Projects\DocxDocument\DocumentModel.InOpenXml\CustomUI\BackstagePrimaryMenu.cs","64","Property","nameof(DXO10CUI.BackstagePrimaryMenu.Tag)","String?","Tag","_Tag"
"D:\OneDrive\VS\Projects\DocxDocument\DocumentModel.InOpenXml\CustomUI\BackstagePrimaryMenu.cs","71","Property","nameof(DXO10CUI.BackstagePrimaryMenu.Enabled)","Boolean?","Enabled","_Enabled"
"D:\OneDrive\VS\Projects\DocxDocument\DocumentModel.InOpenXml\CustomUI\BackstagePrimaryMenu.cs","78","Property","nameof(DXO10CUI.BackstagePrimaryMenu.GetEnabled)","String?","GetEnabled","_GetEnabled"
"D:\OneDrive\VS\Projects\DocxDocument\DocumentModel.InOpenXml\CustomUI\BackstagePrimaryMenu.cs","85","Property","nameof(DXO10CUI.BackstagePrimaryMenu.Label)","String?","Label","_Label"
"D:\OneDrive\VS\Projects\DocxDocument\DocumentModel.InOpenXml\CustomUI\BackstagePrimaryMenu.cs","92","Property","nameof(DXO10CUI.BackstagePrimaryMenu.GetLabel)","String?","GetLabel","_GetLabel"
"D:\OneDrive\VS\Projects\DocxDocument\DocumentModel.InOpenXml\CustomUI\BackstagePrimaryMenu.cs","99","Property","nameof(DXO10CUI.BackstagePrimaryMenu.Visible)","Boolean?","Visible","_Visible"
"D:\OneDrive\VS\Projects\DocxDocument\DocumentModel.InOpenXml\CustomUI\BackstagePrimaryMenu.cs","106","Property","nameof(DXO10CUI.BackstagePrimaryMenu.GetVisible)","String?","GetVisible","_GetVisible"
"D:\OneDrive\VS\Projects\DocxDocument\DocumentModel.InOpenXml\CustomUI\BackstagePrimaryMenu.cs","113","Property","nameof(DXO10CUI.BackstagePrimaryMenu.Image)","String?","Image","_Image"
"D:\OneDrive\VS\Projects\DocxDocument\DocumentModel.InOpenXml\CustomUI\BackstagePrimaryMenu.cs","120","Property","nameof(DXO10CUI.BackstagePrimaryMenu.ImageMso)","String?","ImageMso","_ImageMso"
"D:\OneDrive\VS\Projects\DocxDocument\DocumentModel.InOpenXml\CustomUI\BackstagePrimaryMenu.cs","127","Property","nameof(DXO10CUI.BackstagePrimaryMenu.GetImage)","String?","GetImage","_GetImage"
"D:\OneDrive\VS\Projects\DocxDocument\DocumentModel.InOpenXml\CustomUI\BackstagePrimaryMenu.cs","134","Property","nameof(DXO10CUI.BackstagePrimaryMenu.Keytip)","String?","Keytip","_Keytip"
"D:\OneDrive\VS\Projects\DocxDocument\DocumentModel.InOpenXml\CustomUI\BackstagePrimaryMenu.cs","141","Property","nameof(DXO10CUI.BackstagePrimaryMenu.GetKeytip)","String?","GetKeytip","_GetKeytip"
"D:\OneDrive\VS\Projects\DocxDocument\DocumentModel.InOpenXml\CustomUI\BackstageRegularButton.cs","16","Property","nameof(DXO10CUI.BackstageRegularButton.Screentip)","String?","Screentip","_Screentip"
"D:\OneDrive\VS\Projects\DocxDocument\DocumentModel.InOpenXml\CustomUI\BackstageRegularButton.cs","23","Property","nameof(DXO10CUI.BackstageRegularButton.GetScreentip)","String?","GetScreentip","_GetScreentip"
"D:\OneDrive\VS\Projects\DocxDocument\DocumentModel.InOpenXml\CustomUI\BackstageRegularButton.cs","30","Property","nameof(DXO10CUI.BackstageRegularButton.Supertip)","String?","Supertip","_Supertip"
"D:\OneDrive\VS\Projects\DocxDocument\DocumentModel.InOpenXml\CustomUI\BackstageRegularButton.cs","37","Property","nameof(DXO10CUI.BackstageRegularButton.GetSupertip)","String?","GetSupertip","_GetSupertip"
"D:\OneDrive\VS\Projects\DocxDocument\DocumentModel.InOpenXml\CustomUI\BackstageRegularButton.cs","44","Property","nameof(DXO10CUI.BackstageRegularButton.Id)","String?","Id","_Id"
"D:\OneDrive\VS\Projects\DocxDocument\DocumentModel.InOpenXml\CustomUI\BackstageRegularButton.cs","51","Property","nameof(DXO10CUI.BackstageRegularButton.QualifiedId)","String?","QualifiedId","_QualifiedId"
"D:\OneDrive\VS\Projects\DocxDocument\DocumentModel.InOpenXml\CustomUI\BackstageRegularButton.cs","58","Property","nameof(DXO10CUI.BackstageRegularButton.Tag)","String?","Tag","_Tag"
"D:\OneDrive\VS\Projects\DocxDocument\DocumentModel.InOpenXml\CustomUI\BackstageRegularButton.cs","65","Property","nameof(DXO10CUI.BackstageRegularButton.OnAction)","String?","OnAction","_OnAction"
"D:\OneDrive\VS\Projects\DocxDocument\DocumentModel.InOpenXml\CustomUI\BackstageRegularButton.cs","72","Property","nameof(DXO10CUI.BackstageRegularButton.IsDefinitive)","Boolean?","IsDefinitive","_IsDefinitive"
"D:\OneDrive\VS\Projects\DocxDocument\DocumentModel.InOpenXml\CustomUI\BackstageRegularButton.cs","79","Property","nameof(DXO10CUI.BackstageRegularButton.Enabled)","Boolean?","Enabled","_Enabled"
"D:\OneDrive\VS\Projects\DocxDocument\DocumentModel.InOpenXml\CustomUI\BackstageRegularButton.cs","86","Property","nameof(DXO10CUI.BackstageRegularButton.GetEnabled)","String?","GetEnabled","_GetEnabled"
"D:\OneDrive\VS\Projects\DocxDocument\DocumentModel.InOpenXml\CustomUI\BackstageRegularButton.cs","93","Property","nameof(DXO10CUI.BackstageRegularButton.Label)","String?","Label","_Label"
"D:\OneDrive\VS\Projects\DocxDocument\DocumentModel.InOpenXml\CustomUI\BackstageRegularButton.cs","100","Property","nameof(DXO10CUI.BackstageRegularButton.GetLabel)","String?","GetLabel","_GetLabel"
"D:\OneDrive\VS\Projects\DocxDocument\DocumentModel.InOpenXml\CustomUI\BackstageRegularButton.cs","107","Property","nameof(DXO10CUI.BackstageRegularButton.Visible)","Boolean?","Visible","_Visible"
"D:\OneDrive\VS\Projects\DocxDocument\DocumentModel.InOpenXml\CustomUI\BackstageRegularButton.cs","114","Property","nameof(DXO10CUI.BackstageRegularButton.GetVisible)","String?","GetVisible","_GetVisible"
"D:\OneDrive\VS\Projects\DocxDocument\DocumentModel.InOpenXml\CustomUI\BackstageRegularButton.cs","121","Property","nameof(DXO10CUI.BackstageRegularButton.Keytip)","String?","Keytip","_Keytip"
"D:\OneDrive\VS\Projects\DocxDocument\DocumentModel.InOpenXml\CustomUI\BackstageRegularButton.cs","128","Property","nameof(DXO10CUI.BackstageRegularButton.GetKeytip)","String?","GetKeytip","_GetKeytip"
"D:\OneDrive\VS\Projects\DocxDocument\DocumentModel.InOpenXml\CustomUI\BackstageRegularButton.cs","135","Property","nameof(DXO10CUI.BackstageRegularButton.Image)","String?","Image","_Image"
"D:\OneDrive\VS\Projects\DocxDocument\DocumentModel.InOpenXml\CustomUI\BackstageRegularButton.cs","142","Property","nameof(DXO10CUI.BackstageRegularButton.ImageMso)","String?","ImageMso","_ImageMso"
"D:\OneDrive\VS\Projects\DocxDocument\DocumentModel.InOpenXml\CustomUI\BackstageRegularButton.cs","149","Property","nameof(DXO10CUI.BackstageRegularButton.GetImage)","String?","GetImage","_GetImage"
"D:\OneDrive\VS\Projects\DocxDocument\DocumentModel.InOpenXml\CustomUI\BackstageSubMenu.cs","22","Property","nameof(DXO10CUI.BackstageSubMenu.Description)","String?","Description","_Description"
"D:\OneDrive\VS\Projects\DocxDocument\DocumentModel.InOpenXml\CustomUI\BackstageSubMenu.cs","29","Property","nameof(DXO10CUI.BackstageSubMenu.GetDescription)","String?","GetDescription","_GetDescription"
"D:\OneDrive\VS\Projects\DocxDocument\DocumentModel.InOpenXml\CustomUI\BackstageSubMenu.cs","36","Property","nameof(DXO10CUI.BackstageSubMenu.Id)","String?","Id","_Id"
"D:\OneDrive\VS\Projects\DocxDocument\DocumentModel.InOpenXml\CustomUI\BackstageSubMenu.cs","43","Property","nameof(DXO10CUI.BackstageSubMenu.QualifiedId)","String?","QualifiedId","_QualifiedId"
"D:\OneDrive\VS\Projects\DocxDocument\DocumentModel.InOpenXml\CustomUI\BackstageSubMenu.cs","50","Property","nameof(DXO10CUI.BackstageSubMenu.Tag)","String?","Tag","_Tag"
"D:\OneDrive\VS\Projects\DocxDocument\DocumentModel.InOpenXml\CustomUI\BackstageSubMenu.cs","57","Property","nameof(DXO10CUI.BackstageSubMenu.Enabled)","Boolean?","Enabled","_Enabled"
"D:\OneDrive\VS\Projects\DocxDocument\DocumentModel.InOpenXml\CustomUI\BackstageSubMenu.cs","64","Property","nameof(DXO10CUI.BackstageSubMenu.GetEnabled)","String?","GetEnabled","_GetEnabled"
"D:\OneDrive\VS\Projects\DocxDocument\DocumentModel.InOpenXml\CustomUI\BackstageSubMenu.cs","71","Property","nameof(DXO10CUI.BackstageSubMenu.Label)","String?","Label","_Label"
"D:\OneDrive\VS\Projects\DocxDocument\DocumentModel.InOpenXml\CustomUI\BackstageSubMenu.cs","78","Property","nameof(DXO10CUI.BackstageSubMenu.GetLabel)","String?","GetLabel","_GetLabel"
"D:\OneDrive\VS\Projects\DocxDocument\DocumentModel.InOpenXml\CustomUI\BackstageSubMenu.cs","85","Property","nameof(DXO10CUI.BackstageSubMenu.Visible)","Boolean?","Visible","_Visible"
"D:\OneDrive\VS\Projects\DocxDocument\DocumentModel.InOpenXml\CustomUI\BackstageSubMenu.cs","92","Property","nameof(DXO10CUI.BackstageSubMenu.GetVisible)","String?","GetVisible","_GetVisible"
"D:\OneDrive\VS\Projects\DocxDocument\DocumentModel.InOpenXml\CustomUI\BackstageSubMenu.cs","99","Property","nameof(DXO10CUI.BackstageSubMenu.Image)","String?","Image","_Image"
"D:\OneDrive\VS\Projects\DocxDocument\DocumentModel.InOpenXml\CustomUI\BackstageSubMenu.cs","106","Property","nameof(DXO10CUI.BackstageSubMenu.ImageMso)","String?","ImageMso","_ImageMso"
"D:\OneDrive\VS\Projects\DocxDocument\DocumentModel.InOpenXml\CustomUI\BackstageSubMenu.cs","113","Property","nameof(DXO10CUI.BackstageSubMenu.GetImage)","String?","GetImage","_GetImage"
"D:\OneDrive\VS\Projects\DocxDocument\DocumentModel.InOpenXml\CustomUI\BackstageSubMenu.cs","120","Property","nameof(DXO10CUI.BackstageSubMenu.Keytip)","String?","Keytip","_Keytip"
"D:\OneDrive\VS\Projects\DocxDocument\DocumentModel.InOpenXml\CustomUI\BackstageSubMenu.cs","127","Property","nameof(DXO10CUI.BackstageSubMenu.GetKeytip)","String?","GetKeytip","_GetKeytip"
"D:\OneDrive\VS\Projects\DocxDocument\DocumentModel.InOpenXml\CustomUI\BackstageTab.cs","23","Property","nameof(DXO10CUI.BackstageTab.Id)","String?","Id","_Id"
"D:\OneDrive\VS\Projects\DocxDocument\DocumentModel.InOpenXml\CustomUI\BackstageTab.cs","30","Property","nameof(DXO10CUI.BackstageTab.QualifiedId)","String?","QualifiedId","_QualifiedId"
"D:\OneDrive\VS\Projects\DocxDocument\DocumentModel.InOpenXml\CustomUI\BackstageTab.cs","37","Property","nameof(DXO10CUI.BackstageTab.Tag)","String?","Tag","_Tag"
"D:\OneDrive\VS\Projects\DocxDocument\DocumentModel.InOpenXml\CustomUI\BackstageTab.cs","44","Property","nameof(DXO10CUI.BackstageTab.IdMso)","String?","IdMso","_IdMso"
"D:\OneDrive\VS\Projects\DocxDocument\DocumentModel.InOpenXml\CustomUI\BackstageTab.cs","51","Property","nameof(DXO10CUI.BackstageTab.InsertAfterMso)","String?","InsertAfterMso","_InsertAfterMso"
"D:\OneDrive\VS\Projects\DocxDocument\DocumentModel.InOpenXml\CustomUI\BackstageTab.cs","58","Property","nameof(DXO10CUI.BackstageTab.InsertBeforeMso)","String?","InsertBeforeMso","_InsertBeforeMso"
"D:\OneDrive\VS\Projects\DocxDocument\DocumentModel.InOpenXml\CustomUI\BackstageTab.cs","65","Property","nameof(DXO10CUI.BackstageTab.InsertAfterQulifiedId)","String?","InsertAfterQualifiedId","_InsertAfterQualifiedId"
"D:\OneDrive\VS\Projects\DocxDocument\DocumentModel.InOpenXml\CustomUI\BackstageTab.cs","72","Property","nameof(DXO10CUI.BackstageTab.InsertBeforeQulifiedId)","String?","InsertBeforeQualifiedId","_InsertBeforeQualifiedId"
"D:\OneDrive\VS\Projects\DocxDocument\DocumentModel.InOpenXml\CustomUI\BackstageTab.cs","79","Property","nameof(DXO10CUI.BackstageTab.Enabled)","Boolean?","Enabled","_Enabled"
"D:\OneDrive\VS\Projects\DocxDocument\DocumentModel.InOpenXml\CustomUI\BackstageTab.cs","86","Property","nameof(DXO10CUI.BackstageTab.GetEnabled)","String?","GetEnabled","_GetEnabled"
"D:\OneDrive\VS\Projects\DocxDocument\DocumentModel.InOpenXml\CustomUI\BackstageTab.cs","93","Property","nameof(DXO10CUI.BackstageTab.Label)","String?","Label","_Label"
"D:\OneDrive\VS\Projects\DocxDocument\DocumentModel.InOpenXml\CustomUI\BackstageTab.cs","100","Property","nameof(DXO10CUI.BackstageTab.GetLabel)","String?","GetLabel","_GetLabel"
"D:\OneDrive\VS\Projects\DocxDocument\DocumentModel.InOpenXml\CustomUI\BackstageTab.cs","107","Property","nameof(DXO10CUI.BackstageTab.Visible)","Boolean?","Visible","_Visible"
"D:\OneDrive\VS\Projects\DocxDocument\DocumentModel.InOpenXml\CustomUI\BackstageTab.cs","114","Property","nameof(DXO10CUI.BackstageTab.GetVisible)","String?","GetVisible","_GetVisible"
"D:\OneDrive\VS\Projects\DocxDocument\DocumentModel.InOpenXml\CustomUI\BackstageTab.cs","121","Property","nameof(DXO10CUI.BackstageTab.Keytip)","String?","Keytip","_Keytip"
"D:\OneDrive\VS\Projects\DocxDocument\DocumentModel.InOpenXml\CustomUI\BackstageTab.cs","128","Property","nameof(DXO10CUI.BackstageTab.GetKeytip)","String?","GetKeytip","_GetKeytip"
"D:\OneDrive\VS\Projects\DocxDocument\DocumentModel.InOpenXml\CustomUI\BackstageTab.cs","135","Property","nameof(DXO10CUI.BackstageTab.Title)","String?","Title","_Title"
"D:\OneDrive\VS\Projects\DocxDocument\DocumentModel.InOpenXml\CustomUI\BackstageTab.cs","142","Property","nameof(DXO10CUI.BackstageTab.GetTitle)","String?","GetTitle","_GetTitle"
"D:\OneDrive\VS\Projects\DocxDocument\DocumentModel.InOpenXml\CustomUI\BackstageTab.cs","149","Property","nameof(DXO10CUI.BackstageTab.ColumnWidthPercent)","int?","ColumnWidthPercent","_ColumnWidthPercent"
"D:\OneDrive\VS\Projects\DocxDocument\DocumentModel.InOpenXml\CustomUI\BackstageTab.cs","156","Property","nameof(DXO10CUI.BackstageTab.FirstColumnMinWidth)","int?","FirstColumnMinWidth","_FirstColumnMinWidth"
"D:\OneDrive\VS\Projects\DocxDocument\DocumentModel.InOpenXml\CustomUI\BackstageTab.cs","163","Property","nameof(DXO10CUI.BackstageTab.FirstColumnMaxWidth)","int?","FirstColumnMaxWidth","_FirstColumnMaxWidth"
"D:\OneDrive\VS\Projects\DocxDocument\DocumentModel.InOpenXml\CustomUI\BackstageTab.cs","170","Property","nameof(DXO10CUI.BackstageTab.SecondColumnMinWidth)","int?","SecondColumnMinWidth","_SecondColumnMinWidth"
"D:\OneDrive\VS\Projects\DocxDocument\DocumentModel.InOpenXml\CustomUI\BackstageTab.cs","177","Property","nameof(DXO10CUI.BackstageTab.SecondColumnMaxWidth)","int?","SecondColumnMaxWidth","_SecondColumnMaxWidth"
"D:\OneDrive\VS\Projects\DocxDocument\DocumentModel.InOpenXml\CustomUI\BackstageTab.cs","184","Property","nameof(DXO10CUI.BackstageTab.BackstageGroups)","BackstageGroups?","BackstageGroups","_BackstageGroups"
"D:\OneDrive\VS\Projects\DocxDocument\DocumentModel.InOpenXml\CustomUI\BackstageTab.cs","191","Property","nameof(DXO10CUI.BackstageTab.SimpleGroups)","SimpleGroups?","SimpleGroups","_SimpleGroups"
"D:\OneDrive\VS\Projects\DocxDocument\DocumentModel.InOpenXml\CustomUI\Box.cs","35","Property","nameof(DXO10CUI.Box.Id)","String?","Id","_Id"
"D:\OneDrive\VS\Projects\DocxDocument\DocumentModel.InOpenXml\CustomUI\Box.cs","42","Property","nameof(DXO10CUI.Box.QualifiedId)","String?","QualifiedId","_QualifiedId"
"D:\OneDrive\VS\Projects\DocxDocument\DocumentModel.InOpenXml\CustomUI\Box.cs","49","Property","nameof(DXO10CUI.Box.Tag)","String?","Tag","_Tag"
"D:\OneDrive\VS\Projects\DocxDocument\DocumentModel.InOpenXml\CustomUI\Box.cs","56","Property","nameof(DXO10CUI.Box.Visible)","Boolean?","Visible","_Visible"
"D:\OneDrive\VS\Projects\DocxDocument\DocumentModel.InOpenXml\CustomUI\Box.cs","63","Property","nameof(DXO10CUI.Box.GetVisible)","String?","GetVisible","_GetVisible"
"D:\OneDrive\VS\Projects\DocxDocument\DocumentModel.InOpenXml\CustomUI\Box.cs","70","Property","nameof(DXO10CUI.Box.InsertAfterMso)","String?","InsertAfterMso","_InsertAfterMso"
"D:\OneDrive\VS\Projects\DocxDocument\DocumentModel.InOpenXml\CustomUI\Box.cs","77","Property","nameof(DXO10CUI.Box.InsertBeforeMso)","String?","InsertBeforeMso","_InsertBeforeMso"
"D:\OneDrive\VS\Projects\DocxDocument\DocumentModel.InOpenXml\CustomUI\Box.cs","84","Property","nameof(DXO10CUI.Box.InsertAfterQulifiedId)","String?","InsertAfterQualifiedId","_InsertAfterQualifiedId"
"D:\OneDrive\VS\Projects\DocxDocument\DocumentModel.InOpenXml\CustomUI\Box.cs","91","Property","nameof(DXO10CUI.Box.InsertBeforeQulifiedId)","String?","InsertBeforeQualifiedId","_InsertBeforeQualifiedId"
"D:\OneDrive\VS\Projects\DocxDocument\DocumentModel.InOpenXml\CustomUI\Box.cs","98","Property","nameof(DXO10CUI.Box.BoxStyle)","BoxStyle?","BoxStyle","_BoxStyle"
"D:\OneDrive\VS\Projects\DocxDocument\DocumentModel.InOpenXml\CustomUI\Button.cs","16","Property","nameof(DXO10CUI.Button.Size)","Size?","Size","_Size"
"D:\OneDrive\VS\Projects\DocxDocument\DocumentModel.InOpenXml\CustomUI\Button.cs","23","Property","nameof(DXO10CUI.Button.GetSize)","String?","GetSize","_GetSize"
"D:\OneDrive\VS\Projects\DocxDocument\DocumentModel.InOpenXml\CustomUI\Button.cs","30","Property","nameof(DXO10CUI.Button.OnAction)","String?","OnAction","_OnAction"
"D:\OneDrive\VS\Projects\DocxDocument\DocumentModel.InOpenXml\CustomUI\Button.cs","37","Property","nameof(DXO10CUI.Button.Enabled)","Boolean?","Enabled","_Enabled"
"D:\OneDrive\VS\Projects\DocxDocument\DocumentModel.InOpenXml\CustomUI\Button.cs","44","Property","nameof(DXO10CUI.Button.GetEnabled)","String?","GetEnabled","_GetEnabled"
"D:\OneDrive\VS\Projects\DocxDocument\DocumentModel.InOpenXml\CustomUI\Button.cs","51","Property","nameof(DXO10CUI.Button.Description)","String?","Description","_Description"
"D:\OneDrive\VS\Projects\DocxDocument\DocumentModel.InOpenXml\CustomUI\Button.cs","58","Property","nameof(DXO10CUI.Button.GetDescription)","String?","GetDescription","_GetDescription"
"D:\OneDrive\VS\Projects\DocxDocument\DocumentModel.InOpenXml\CustomUI\Button.cs","65","Property","nameof(DXO10CUI.Button.Image)","String?","Image","_Image"
"D:\OneDrive\VS\Projects\DocxDocument\DocumentModel.InOpenXml\CustomUI\Button.cs","72","Property","nameof(DXO10CUI.Button.ImageMso)","String?","ImageMso","_ImageMso"
"D:\OneDrive\VS\Projects\DocxDocument\DocumentModel.InOpenXml\CustomUI\Button.cs","79","Property","nameof(DXO10CUI.Button.GetImage)","String?","GetImage","_GetImage"
"D:\OneDrive\VS\Projects\DocxDocument\DocumentModel.InOpenXml\CustomUI\Button.cs","86","Property","nameof(DXO10CUI.Button.Id)","String?","Id","_Id"
"D:\OneDrive\VS\Projects\DocxDocument\DocumentModel.InOpenXml\CustomUI\Button.cs","93","Property","nameof(DXO10CUI.Button.QualifiedId)","String?","QualifiedId","_QualifiedId"
"D:\OneDrive\VS\Projects\DocxDocument\DocumentModel.InOpenXml\CustomUI\Button.cs","100","Property","nameof(DXO10CUI.Button.Tag)","String?","Tag","_Tag"
"D:\OneDrive\VS\Projects\DocxDocument\DocumentModel.InOpenXml\CustomUI\Button.cs","107","Property","nameof(DXO10CUI.Button.IdMso)","String?","IdMso","_IdMso"
"D:\OneDrive\VS\Projects\DocxDocument\DocumentModel.InOpenXml\CustomUI\Button.cs","114","Property","nameof(DXO10CUI.Button.Screentip)","String?","Screentip","_Screentip"
"D:\OneDrive\VS\Projects\DocxDocument\DocumentModel.InOpenXml\CustomUI\Button.cs","121","Property","nameof(DXO10CUI.Button.GetScreentip)","String?","GetScreentip","_GetScreentip"
"D:\OneDrive\VS\Projects\DocxDocument\DocumentModel.InOpenXml\CustomUI\Button.cs","128","Property","nameof(DXO10CUI.Button.Supertip)","String?","Supertip","_Supertip"
"D:\OneDrive\VS\Projects\DocxDocument\DocumentModel.InOpenXml\CustomUI\Button.cs","135","Property","nameof(DXO10CUI.Button.GetSupertip)","String?","GetSupertip","_GetSupertip"
"D:\OneDrive\VS\Projects\DocxDocument\DocumentModel.InOpenXml\CustomUI\Button.cs","142","Property","nameof(DXO10CUI.Button.Label)","String?","Label","_Label"
"D:\OneDrive\VS\Projects\DocxDocument\DocumentModel.InOpenXml\CustomUI\Button.cs","149","Property","nameof(DXO10CUI.Button.GetLabel)","String?","GetLabel","_GetLabel"
"D:\OneDrive\VS\Projects\DocxDocument\DocumentModel.InOpenXml\CustomUI\Button.cs","156","Property","nameof(DXO10CUI.Button.InsertAfterMso)","String?","InsertAfterMso","_InsertAfterMso"
"D:\OneDrive\VS\Projects\DocxDocument\DocumentModel.InOpenXml\CustomUI\Button.cs","163","Property","nameof(DXO10CUI.Button.InsertBeforeMso)","String?","InsertBeforeMso","_InsertBeforeMso"
"D:\OneDrive\VS\Projects\DocxDocument\DocumentModel.InOpenXml\CustomUI\Button.cs","170","Property","nameof(DXO10CUI.Button.InsertAfterQulifiedId)","String?","InsertAfterQualifiedId","_InsertAfterQualifiedId"
"D:\OneDrive\VS\Projects\DocxDocument\DocumentModel.InOpenXml\CustomUI\Button.cs","177","Property","nameof(DXO10CUI.Button.InsertBeforeQulifiedId)","String?","InsertBeforeQualifiedId","_InsertBeforeQualifiedId"
"D:\OneDrive\VS\Projects\DocxDocument\DocumentModel.InOpenXml\CustomUI\Button.cs","184","Property","nameof(DXO10CUI.Button.Visible)","Boolean?","Visible","_Visible"
"D:\OneDrive\VS\Projects\DocxDocument\DocumentModel.InOpenXml\CustomUI\Button.cs","191","Property","nameof(DXO10CUI.Button.GetVisible)","String?","GetVisible","_GetVisible"
"D:\OneDrive\VS\Projects\DocxDocument\DocumentModel.InOpenXml\CustomUI\Button.cs","198","Property","nameof(DXO10CUI.Button.Keytip)","String?","Keytip","_Keytip"
"D:\OneDrive\VS\Projects\DocxDocument\DocumentModel.InOpenXml\CustomUI\Button.cs","205","Property","nameof(DXO10CUI.Button.GetKeytip)","String?","GetKeytip","_GetKeytip"
"D:\OneDrive\VS\Projects\DocxDocument\DocumentModel.InOpenXml\CustomUI\Button.cs","212","Property","nameof(DXO10CUI.Button.ShowLabel)","Boolean?","ShowLabel","_ShowLabel"
"D:\OneDrive\VS\Projects\DocxDocument\DocumentModel.InOpenXml\CustomUI\Button.cs","219","Property","nameof(DXO10CUI.Button.GetShowLabel)","String?","GetShowLabel","_GetShowLabel"
"D:\OneDrive\VS\Projects\DocxDocument\DocumentModel.InOpenXml\CustomUI\Button.cs","226","Property","nameof(DXO10CUI.Button.ShowImage)","Boolean?","ShowImage","_ShowImage"
"D:\OneDrive\VS\Projects\DocxDocument\DocumentModel.InOpenXml\CustomUI\Button.cs","233","Property","nameof(DXO10CUI.Button.GetShowImage)","String?","GetShowImage","_GetShowImage"
"D:\OneDrive\VS\Projects\DocxDocument\DocumentModel.InOpenXml\CustomUI\ButtonGroup.cs","29","Property","nameof(DXO10CUI.ButtonGroup.Id)","String?","Id","_Id"
"D:\OneDrive\VS\Projects\DocxDocument\DocumentModel.InOpenXml\CustomUI\ButtonGroup.cs","36","Property","nameof(DXO10CUI.ButtonGroup.QualifiedId)","String?","QualifiedId","_QualifiedId"
"D:\OneDrive\VS\Projects\DocxDocument\DocumentModel.InOpenXml\CustomUI\ButtonGroup.cs","43","Property","nameof(DXO10CUI.ButtonGroup.Tag)","String?","Tag","_Tag"
"D:\OneDrive\VS\Projects\DocxDocument\DocumentModel.InOpenXml\CustomUI\ButtonGroup.cs","50","Property","nameof(DXO10CUI.ButtonGroup.Visible)","Boolean?","Visible","_Visible"
"D:\OneDrive\VS\Projects\DocxDocument\DocumentModel.InOpenXml\CustomUI\ButtonGroup.cs","57","Property","nameof(DXO10CUI.ButtonGroup.GetVisible)","String?","GetVisible","_GetVisible"
"D:\OneDrive\VS\Projects\DocxDocument\DocumentModel.InOpenXml\CustomUI\ButtonGroup.cs","64","Property","nameof(DXO10CUI.ButtonGroup.InsertAfterMso)","String?","InsertAfterMso","_InsertAfterMso"
"D:\OneDrive\VS\Projects\DocxDocument\DocumentModel.InOpenXml\CustomUI\ButtonGroup.cs","71","Property","nameof(DXO10CUI.ButtonGroup.InsertBeforeMso)","String?","InsertBeforeMso","_InsertBeforeMso"
"D:\OneDrive\VS\Projects\DocxDocument\DocumentModel.InOpenXml\CustomUI\ButtonGroup.cs","78","Property","nameof(DXO10CUI.ButtonGroup.InsertAfterQulifiedId)","String?","InsertAfterQualifiedId","_InsertAfterQualifiedId"
"D:\OneDrive\VS\Projects\DocxDocument\DocumentModel.InOpenXml\CustomUI\ButtonGroup.cs","85","Property","nameof(DXO10CUI.ButtonGroup.InsertBeforeQulifiedId)","String?","InsertBeforeQualifiedId","_InsertBeforeQualifiedId"
"D:\OneDrive\VS\Projects\DocxDocument\DocumentModel.InOpenXml\CustomUI\ButtonRegular.cs","16","Property","nameof(DXO10CUI.ButtonRegular.OnAction)","String?","OnAction","_OnAction"
"D:\OneDrive\VS\Projects\DocxDocument\DocumentModel.InOpenXml\CustomUI\ButtonRegular.cs","23","Property","nameof(DXO10CUI.ButtonRegular.Enabled)","Boolean?","Enabled","_Enabled"
"D:\OneDrive\VS\Projects\DocxDocument\DocumentModel.InOpenXml\CustomUI\ButtonRegular.cs","30","Property","nameof(DXO10CUI.ButtonRegular.GetEnabled)","String?","GetEnabled","_GetEnabled"
"D:\OneDrive\VS\Projects\DocxDocument\DocumentModel.InOpenXml\CustomUI\ButtonRegular.cs","37","Property","nameof(DXO10CUI.ButtonRegular.Description)","String?","Description","_Description"
"D:\OneDrive\VS\Projects\DocxDocument\DocumentModel.InOpenXml\CustomUI\ButtonRegular.cs","44","Property","nameof(DXO10CUI.ButtonRegular.GetDescription)","String?","GetDescription","_GetDescription"
"D:\OneDrive\VS\Projects\DocxDocument\DocumentModel.InOpenXml\CustomUI\ButtonRegular.cs","51","Property","nameof(DXO10CUI.ButtonRegular.Image)","String?","Image","_Image"
"D:\OneDrive\VS\Projects\DocxDocument\DocumentModel.InOpenXml\CustomUI\ButtonRegular.cs","58","Property","nameof(DXO10CUI.ButtonRegular.ImageMso)","String?","ImageMso","_ImageMso"
"D:\OneDrive\VS\Projects\DocxDocument\DocumentModel.InOpenXml\CustomUI\ButtonRegular.cs","65","Property","nameof(DXO10CUI.ButtonRegular.GetImage)","String?","GetImage","_GetImage"
"D:\OneDrive\VS\Projects\DocxDocument\DocumentModel.InOpenXml\CustomUI\ButtonRegular.cs","72","Property","nameof(DXO10CUI.ButtonRegular.Id)","String?","Id","_Id"
"D:\OneDrive\VS\Projects\DocxDocument\DocumentModel.InOpenXml\CustomUI\ButtonRegular.cs","79","Property","nameof(DXO10CUI.ButtonRegular.QualifiedId)","String?","QualifiedId","_QualifiedId"
"D:\OneDrive\VS\Projects\DocxDocument\DocumentModel.InOpenXml\CustomUI\ButtonRegular.cs","86","Property","nameof(DXO10CUI.ButtonRegular.Tag)","String?","Tag","_Tag"
"D:\OneDrive\VS\Projects\DocxDocument\DocumentModel.InOpenXml\CustomUI\ButtonRegular.cs","93","Property","nameof(DXO10CUI.ButtonRegular.IdMso)","String?","IdMso","_IdMso"
"D:\OneDrive\VS\Projects\DocxDocument\DocumentModel.InOpenXml\CustomUI\ButtonRegular.cs","100","Property","nameof(DXO10CUI.ButtonRegular.Screentip)","String?","Screentip","_Screentip"
"D:\OneDrive\VS\Projects\DocxDocument\DocumentModel.InOpenXml\CustomUI\ButtonRegular.cs","107","Property","nameof(DXO10CUI.ButtonRegular.GetScreentip)","String?","GetScreentip","_GetScreentip"
"D:\OneDrive\VS\Projects\DocxDocument\DocumentModel.InOpenXml\CustomUI\ButtonRegular.cs","114","Property","nameof(DXO10CUI.ButtonRegular.Supertip)","String?","Supertip","_Supertip"
"D:\OneDrive\VS\Projects\DocxDocument\DocumentModel.InOpenXml\CustomUI\ButtonRegular.cs","121","Property","nameof(DXO10CUI.ButtonRegular.GetSupertip)","String?","GetSupertip","_GetSupertip"
"D:\OneDrive\VS\Projects\DocxDocument\DocumentModel.InOpenXml\CustomUI\ButtonRegular.cs","128","Property","nameof(DXO10CUI.ButtonRegular.Label)","String?","Label","_Label"
"D:\OneDrive\VS\Projects\DocxDocument\DocumentModel.InOpenXml\CustomUI\ButtonRegular.cs","135","Property","nameof(DXO10CUI.ButtonRegular.GetLabel)","String?","GetLabel","_GetLabel"
"D:\OneDrive\VS\Projects\DocxDocument\DocumentModel.InOpenXml\CustomUI\ButtonRegular.cs","142","Property","nameof(DXO10CUI.ButtonRegular.InsertAfterMso)","String?","InsertAfterMso","_InsertAfterMso"
"D:\OneDrive\VS\Projects\DocxDocument\DocumentModel.InOpenXml\CustomUI\ButtonRegular.cs","149","Property","nameof(DXO10CUI.ButtonRegular.InsertBeforeMso)","String?","InsertBeforeMso","_InsertBeforeMso"
"D:\OneDrive\VS\Projects\DocxDocument\DocumentModel.InOpenXml\CustomUI\ButtonRegular.cs","156","Property","nameof(DXO10CUI.ButtonRegular.InsertAfterQulifiedId)","String?","InsertAfterQualifiedId","_InsertAfterQualifiedId"
"D:\OneDrive\VS\Projects\DocxDocument\DocumentModel.InOpenXml\CustomUI\ButtonRegular.cs","163","Property","nameof(DXO10CUI.ButtonRegular.InsertBeforeQulifiedId)","String?","InsertBeforeQualifiedId","_InsertBeforeQualifiedId"
"D:\OneDrive\VS\Projects\DocxDocument\DocumentModel.InOpenXml\CustomUI\ButtonRegular.cs","170","Property","nameof(DXO10CUI.ButtonRegular.Visible)","Boolean?","Visible","_Visible"
"D:\OneDrive\VS\Projects\DocxDocument\DocumentModel.InOpenXml\CustomUI\ButtonRegular.cs","177","Property","nameof(DXO10CUI.ButtonRegular.GetVisible)","String?","GetVisible","_GetVisible"
"D:\OneDrive\VS\Projects\DocxDocument\DocumentModel.InOpenXml\CustomUI\ButtonRegular.cs","184","Property","nameof(DXO10CUI.ButtonRegular.Keytip)","String?","Keytip","_Keytip"
"D:\OneDrive\VS\Projects\DocxDocument\DocumentModel.InOpenXml\CustomUI\ButtonRegular.cs","191","Property","nameof(DXO10CUI.ButtonRegular.GetKeytip)","String?","GetKeytip","_GetKeytip"
"D:\OneDrive\VS\Projects\DocxDocument\DocumentModel.InOpenXml\CustomUI\ButtonRegular.cs","198","Property","nameof(DXO10CUI.ButtonRegular.ShowLabel)","Boolean?","ShowLabel","_ShowLabel"
"D:\OneDrive\VS\Projects\DocxDocument\DocumentModel.InOpenXml\CustomUI\ButtonRegular.cs","205","Property","nameof(DXO10CUI.ButtonRegular.GetShowLabel)","String?","GetShowLabel","_GetShowLabel"
"D:\OneDrive\VS\Projects\DocxDocument\DocumentModel.InOpenXml\CustomUI\ButtonRegular.cs","212","Property","nameof(DXO10CUI.ButtonRegular.ShowImage)","Boolean?","ShowImage","_ShowImage"
"D:\OneDrive\VS\Projects\DocxDocument\DocumentModel.InOpenXml\CustomUI\ButtonRegular.cs","219","Property","nameof(DXO10CUI.ButtonRegular.GetShowImage)","String?","GetShowImage","_GetShowImage"
"D:\OneDrive\VS\Projects\DocxDocument\DocumentModel.InOpenXml\CustomUI\CheckBox.cs","16","Property","nameof(DXO10CUI.CheckBox.GetPressed)","String?","GetPressed","_GetPressed"
"D:\OneDrive\VS\Projects\DocxDocument\DocumentModel.InOpenXml\CustomUI\CheckBox.cs","23","Property","nameof(DXO10CUI.CheckBox.OnAction)","String?","OnAction","_OnAction"
"D:\OneDrive\VS\Projects\DocxDocument\DocumentModel.InOpenXml\CustomUI\CheckBox.cs","30","Property","nameof(DXO10CUI.CheckBox.Enabled)","Boolean?","Enabled","_Enabled"
"D:\OneDrive\VS\Projects\DocxDocument\DocumentModel.InOpenXml\CustomUI\CheckBox.cs","37","Property","nameof(DXO10CUI.CheckBox.GetEnabled)","String?","GetEnabled","_GetEnabled"
"D:\OneDrive\VS\Projects\DocxDocument\DocumentModel.InOpenXml\CustomUI\CheckBox.cs","44","Property","nameof(DXO10CUI.CheckBox.Description)","String?","Description","_Description"
"D:\OneDrive\VS\Projects\DocxDocument\DocumentModel.InOpenXml\CustomUI\CheckBox.cs","51","Property","nameof(DXO10CUI.CheckBox.GetDescription)","String?","GetDescription","_GetDescription"
"D:\OneDrive\VS\Projects\DocxDocument\DocumentModel.InOpenXml\CustomUI\CheckBox.cs","58","Property","nameof(DXO10CUI.CheckBox.Id)","String?","Id","_Id"
"D:\OneDrive\VS\Projects\DocxDocument\DocumentModel.InOpenXml\CustomUI\CheckBox.cs","65","Property","nameof(DXO10CUI.CheckBox.QualifiedId)","String?","QualifiedId","_QualifiedId"
"D:\OneDrive\VS\Projects\DocxDocument\DocumentModel.InOpenXml\CustomUI\CheckBox.cs","72","Property","nameof(DXO10CUI.CheckBox.Tag)","String?","Tag","_Tag"
"D:\OneDrive\VS\Projects\DocxDocument\DocumentModel.InOpenXml\CustomUI\CheckBox.cs","79","Property","nameof(DXO10CUI.CheckBox.IdMso)","String?","IdMso","_IdMso"
"D:\OneDrive\VS\Projects\DocxDocument\DocumentModel.InOpenXml\CustomUI\CheckBox.cs","86","Property","nameof(DXO10CUI.CheckBox.Screentip)","String?","Screentip","_Screentip"
"D:\OneDrive\VS\Projects\DocxDocument\DocumentModel.InOpenXml\CustomUI\CheckBox.cs","93","Property","nameof(DXO10CUI.CheckBox.GetScreentip)","String?","GetScreentip","_GetScreentip"
"D:\OneDrive\VS\Projects\DocxDocument\DocumentModel.InOpenXml\CustomUI\CheckBox.cs","100","Property","nameof(DXO10CUI.CheckBox.Supertip)","String?","Supertip","_Supertip"
"D:\OneDrive\VS\Projects\DocxDocument\DocumentModel.InOpenXml\CustomUI\CheckBox.cs","107","Property","nameof(DXO10CUI.CheckBox.GetSupertip)","String?","GetSupertip","_GetSupertip"
"D:\OneDrive\VS\Projects\DocxDocument\DocumentModel.InOpenXml\CustomUI\CheckBox.cs","114","Property","nameof(DXO10CUI.CheckBox.Label)","String?","Label","_Label"
"D:\OneDrive\VS\Projects\DocxDocument\DocumentModel.InOpenXml\CustomUI\CheckBox.cs","121","Property","nameof(DXO10CUI.CheckBox.GetLabel)","String?","GetLabel","_GetLabel"
"D:\OneDrive\VS\Projects\DocxDocument\DocumentModel.InOpenXml\CustomUI\CheckBox.cs","128","Property","nameof(DXO10CUI.CheckBox.InsertAfterMso)","String?","InsertAfterMso","_InsertAfterMso"
"D:\OneDrive\VS\Projects\DocxDocument\DocumentModel.InOpenXml\CustomUI\CheckBox.cs","135","Property","nameof(DXO10CUI.CheckBox.InsertBeforeMso)","String?","InsertBeforeMso","_InsertBeforeMso"
"D:\OneDrive\VS\Projects\DocxDocument\DocumentModel.InOpenXml\CustomUI\CheckBox.cs","142","Property","nameof(DXO10CUI.CheckBox.InsertAfterQulifiedId)","String?","InsertAfterQualifiedId","_InsertAfterQualifiedId"
"D:\OneDrive\VS\Projects\DocxDocument\DocumentModel.InOpenXml\CustomUI\CheckBox.cs","149","Property","nameof(DXO10CUI.CheckBox.InsertBeforeQulifiedId)","String?","InsertBeforeQualifiedId","_InsertBeforeQualifiedId"
"D:\OneDrive\VS\Projects\DocxDocument\DocumentModel.InOpenXml\CustomUI\CheckBox.cs","156","Property","nameof(DXO10CUI.CheckBox.Visible)","Boolean?","Visible","_Visible"
"D:\OneDrive\VS\Projects\DocxDocument\DocumentModel.InOpenXml\CustomUI\CheckBox.cs","163","Property","nameof(DXO10CUI.CheckBox.GetVisible)","String?","GetVisible","_GetVisible"
"D:\OneDrive\VS\Projects\DocxDocument\DocumentModel.InOpenXml\CustomUI\CheckBox.cs","170","Property","nameof(DXO10CUI.CheckBox.Keytip)","String?","Keytip","_Keytip"
"D:\OneDrive\VS\Projects\DocxDocument\DocumentModel.InOpenXml\CustomUI\CheckBox.cs","177","Property","nameof(DXO10CUI.CheckBox.GetKeytip)","String?","GetKeytip","_GetKeytip"
"D:\OneDrive\VS\Projects\DocxDocument\DocumentModel.InOpenXml\CustomUI\ComboBox.cs","22","Property","nameof(DXO10CUI.ComboBox.ShowItemImage)","Boolean?","ShowItemImage","_ShowItemImage"
"D:\OneDrive\VS\Projects\DocxDocument\DocumentModel.InOpenXml\CustomUI\ComboBox.cs","29","Property","nameof(DXO10CUI.ComboBox.GetItemCount)","String?","GetItemCount","_GetItemCount"
"D:\OneDrive\VS\Projects\DocxDocument\DocumentModel.InOpenXml\CustomUI\ComboBox.cs","36","Property","nameof(DXO10CUI.ComboBox.GetItemLabel)","String?","GetItemLabel","_GetItemLabel"
"D:\OneDrive\VS\Projects\DocxDocument\DocumentModel.InOpenXml\CustomUI\ComboBox.cs","43","Property","nameof(DXO10CUI.ComboBox.GetItemScreentip)","String?","GetItemScreentip","_GetItemScreentip"
"D:\OneDrive\VS\Projects\DocxDocument\DocumentModel.InOpenXml\CustomUI\ComboBox.cs","50","Property","nameof(DXO10CUI.ComboBox.GetItemSupertip)","String?","GetItemSupertip","_GetItemSupertip"
"D:\OneDrive\VS\Projects\DocxDocument\DocumentModel.InOpenXml\CustomUI\ComboBox.cs","57","Property","nameof(DXO10CUI.ComboBox.GetItemImage)","String?","GetItemImage","_GetItemImage"
"D:\OneDrive\VS\Projects\DocxDocument\DocumentModel.InOpenXml\CustomUI\ComboBox.cs","64","Property","nameof(DXO10CUI.ComboBox.GetItemID)","String?","GetItemID","_GetItemID"
"D:\OneDrive\VS\Projects\DocxDocument\DocumentModel.InOpenXml\CustomUI\ComboBox.cs","71","Property","nameof(DXO10CUI.ComboBox.SizeString)","String?","SizeString","_SizeString"
"D:\OneDrive\VS\Projects\DocxDocument\DocumentModel.InOpenXml\CustomUI\ComboBox.cs","78","Property","nameof(DXO10CUI.ComboBox.InvalidateContentOnDrop)","Boolean?","InvalidateContentOnDrop","_InvalidateContentOnDrop"
"D:\OneDrive\VS\Projects\DocxDocument\DocumentModel.InOpenXml\CustomUI\ComboBox.cs","85","Property","nameof(DXO10CUI.ComboBox.Enabled)","Boolean?","Enabled","_Enabled"
"D:\OneDrive\VS\Projects\DocxDocument\DocumentModel.InOpenXml\CustomUI\ComboBox.cs","92","Property","nameof(DXO10CUI.ComboBox.GetEnabled)","String?","GetEnabled","_GetEnabled"
"D:\OneDrive\VS\Projects\DocxDocument\DocumentModel.InOpenXml\CustomUI\ComboBox.cs","99","Property","nameof(DXO10CUI.ComboBox.Image)","String?","Image","_Image"
"D:\OneDrive\VS\Projects\DocxDocument\DocumentModel.InOpenXml\CustomUI\ComboBox.cs","106","Property","nameof(DXO10CUI.ComboBox.ImageMso)","String?","ImageMso","_ImageMso"
"D:\OneDrive\VS\Projects\DocxDocument\DocumentModel.InOpenXml\CustomUI\ComboBox.cs","113","Property","nameof(DXO10CUI.ComboBox.GetImage)","String?","GetImage","_GetImage"
"D:\OneDrive\VS\Projects\DocxDocument\DocumentModel.InOpenXml\CustomUI\ComboBox.cs","120","Property","nameof(DXO10CUI.ComboBox.MaxLength)","int?","MaxLength","_MaxLength"
"D:\OneDrive\VS\Projects\DocxDocument\DocumentModel.InOpenXml\CustomUI\ComboBox.cs","127","Property","nameof(DXO10CUI.ComboBox.GetText)","String?","GetText","_GetText"
"D:\OneDrive\VS\Projects\DocxDocument\DocumentModel.InOpenXml\CustomUI\ComboBox.cs","134","Property","nameof(DXO10CUI.ComboBox.OnChange)","String?","OnChange","_OnChange"
"D:\OneDrive\VS\Projects\DocxDocument\DocumentModel.InOpenXml\CustomUI\ComboBox.cs","141","Property","nameof(DXO10CUI.ComboBox.Id)","String?","Id","_Id"
"D:\OneDrive\VS\Projects\DocxDocument\DocumentModel.InOpenXml\CustomUI\ComboBox.cs","148","Property","nameof(DXO10CUI.ComboBox.QualifiedId)","String?","QualifiedId","_QualifiedId"
"D:\OneDrive\VS\Projects\DocxDocument\DocumentModel.InOpenXml\CustomUI\ComboBox.cs","155","Property","nameof(DXO10CUI.ComboBox.Tag)","String?","Tag","_Tag"
"D:\OneDrive\VS\Projects\DocxDocument\DocumentModel.InOpenXml\CustomUI\ComboBox.cs","162","Property","nameof(DXO10CUI.ComboBox.IdMso)","String?","IdMso","_IdMso"
"D:\OneDrive\VS\Projects\DocxDocument\DocumentModel.InOpenXml\CustomUI\ComboBox.cs","169","Property","nameof(DXO10CUI.ComboBox.Screentip)","String?","Screentip","_Screentip"
"D:\OneDrive\VS\Projects\DocxDocument\DocumentModel.InOpenXml\CustomUI\ComboBox.cs","176","Property","nameof(DXO10CUI.ComboBox.GetScreentip)","String?","GetScreentip","_GetScreentip"
"D:\OneDrive\VS\Projects\DocxDocument\DocumentModel.InOpenXml\CustomUI\ComboBox.cs","183","Property","nameof(DXO10CUI.ComboBox.Supertip)","String?","Supertip","_Supertip"
"D:\OneDrive\VS\Projects\DocxDocument\DocumentModel.InOpenXml\CustomUI\ComboBox.cs","190","Property","nameof(DXO10CUI.ComboBox.GetSupertip)","String?","GetSupertip","_GetSupertip"
"D:\OneDrive\VS\Projects\DocxDocument\DocumentModel.InOpenXml\CustomUI\ComboBox.cs","197","Property","nameof(DXO10CUI.ComboBox.Label)","String?","Label","_Label"
"D:\OneDrive\VS\Projects\DocxDocument\DocumentModel.InOpenXml\CustomUI\ComboBox.cs","204","Property","nameof(DXO10CUI.ComboBox.GetLabel)","String?","GetLabel","_GetLabel"
"D:\OneDrive\VS\Projects\DocxDocument\DocumentModel.InOpenXml\CustomUI\ComboBox.cs","211","Property","nameof(DXO10CUI.ComboBox.InsertAfterMso)","String?","InsertAfterMso","_InsertAfterMso"
"D:\OneDrive\VS\Projects\DocxDocument\DocumentModel.InOpenXml\CustomUI\ComboBox.cs","218","Property","nameof(DXO10CUI.ComboBox.InsertBeforeMso)","String?","InsertBeforeMso","_InsertBeforeMso"
"D:\OneDrive\VS\Projects\DocxDocument\DocumentModel.InOpenXml\CustomUI\ComboBox.cs","225","Property","nameof(DXO10CUI.ComboBox.InsertAfterQulifiedId)","String?","InsertAfterQualifiedId","_InsertAfterQualifiedId"
"D:\OneDrive\VS\Projects\DocxDocument\DocumentModel.InOpenXml\CustomUI\ComboBox.cs","232","Property","nameof(DXO10CUI.ComboBox.InsertBeforeQulifiedId)","String?","InsertBeforeQualifiedId","_InsertBeforeQualifiedId"
"D:\OneDrive\VS\Projects\DocxDocument\DocumentModel.InOpenXml\CustomUI\ComboBox.cs","239","Property","nameof(DXO10CUI.ComboBox.Visible)","Boolean?","Visible","_Visible"
"D:\OneDrive\VS\Projects\DocxDocument\DocumentModel.InOpenXml\CustomUI\ComboBox.cs","246","Property","nameof(DXO10CUI.ComboBox.GetVisible)","String?","GetVisible","_GetVisible"
"D:\OneDrive\VS\Projects\DocxDocument\DocumentModel.InOpenXml\CustomUI\ComboBox.cs","253","Property","nameof(DXO10CUI.ComboBox.Keytip)","String?","Keytip","_Keytip"
"D:\OneDrive\VS\Projects\DocxDocument\DocumentModel.InOpenXml\CustomUI\ComboBox.cs","260","Property","nameof(DXO10CUI.ComboBox.GetKeytip)","String?","GetKeytip","_GetKeytip"
"D:\OneDrive\VS\Projects\DocxDocument\DocumentModel.InOpenXml\CustomUI\ComboBox.cs","267","Property","nameof(DXO10CUI.ComboBox.ShowLabel)","Boolean?","ShowLabel","_ShowLabel"
"D:\OneDrive\VS\Projects\DocxDocument\DocumentModel.InOpenXml\CustomUI\ComboBox.cs","274","Property","nameof(DXO10CUI.ComboBox.GetShowLabel)","String?","GetShowLabel","_GetShowLabel"
"D:\OneDrive\VS\Projects\DocxDocument\DocumentModel.InOpenXml\CustomUI\ComboBox.cs","281","Property","nameof(DXO10CUI.ComboBox.ShowImage)","Boolean?","ShowImage","_ShowImage"
"D:\OneDrive\VS\Projects\DocxDocument\DocumentModel.InOpenXml\CustomUI\ComboBox.cs","288","Property","nameof(DXO10CUI.ComboBox.GetShowImage)","String?","GetShowImage","_GetShowImage"
"D:\OneDrive\VS\Projects\DocxDocument\DocumentModel.InOpenXml\CustomUI\Command.cs","16","Property","nameof(DXO10CUI.Command.OnAction)","String?","OnAction","_OnAction"
"D:\OneDrive\VS\Projects\DocxDocument\DocumentModel.InOpenXml\CustomUI\Command.cs","23","Property","nameof(DXO10CUI.Command.Enabled)","Boolean?","Enabled","_Enabled"
"D:\OneDrive\VS\Projects\DocxDocument\DocumentModel.InOpenXml\CustomUI\Command.cs","30","Property","nameof(DXO10CUI.Command.GetEnabled)","String?","GetEnabled","_GetEnabled"
"D:\OneDrive\VS\Projects\DocxDocument\DocumentModel.InOpenXml\CustomUI\Command.cs","37","Property","nameof(DXO10CUI.Command.IdMso)","String?","IdMso","_IdMso"
"D:\OneDrive\VS\Projects\DocxDocument\DocumentModel.InOpenXml\CustomUI\ContextMenu.cs","30","Property","nameof(DXO10CUI.ContextMenu.IdMso)","String?","IdMso","_IdMso"
"D:\OneDrive\VS\Projects\DocxDocument\DocumentModel.InOpenXml\CustomUI\ControlClone.cs","16","Property","nameof(DXO10CUI.ControlClone.Size)","Size?","Size","_Size"
"D:\OneDrive\VS\Projects\DocxDocument\DocumentModel.InOpenXml\CustomUI\ControlClone.cs","23","Property","nameof(DXO10CUI.ControlClone.GetSize)","String?","GetSize","_GetSize"
"D:\OneDrive\VS\Projects\DocxDocument\DocumentModel.InOpenXml\CustomUI\ControlClone.cs","30","Property","nameof(DXO10CUI.ControlClone.Enabled)","Boolean?","Enabled","_Enabled"
"D:\OneDrive\VS\Projects\DocxDocument\DocumentModel.InOpenXml\CustomUI\ControlClone.cs","37","Property","nameof(DXO10CUI.ControlClone.GetEnabled)","String?","GetEnabled","_GetEnabled"
"D:\OneDrive\VS\Projects\DocxDocument\DocumentModel.InOpenXml\CustomUI\ControlClone.cs","44","Property","nameof(DXO10CUI.ControlClone.Description)","String?","Description","_Description"
"D:\OneDrive\VS\Projects\DocxDocument\DocumentModel.InOpenXml\CustomUI\ControlClone.cs","51","Property","nameof(DXO10CUI.ControlClone.GetDescription)","String?","GetDescription","_GetDescription"
"D:\OneDrive\VS\Projects\DocxDocument\DocumentModel.InOpenXml\CustomUI\ControlClone.cs","58","Property","nameof(DXO10CUI.ControlClone.Image)","String?","Image","_Image"
"D:\OneDrive\VS\Projects\DocxDocument\DocumentModel.InOpenXml\CustomUI\ControlClone.cs","65","Property","nameof(DXO10CUI.ControlClone.ImageMso)","String?","ImageMso","_ImageMso"
"D:\OneDrive\VS\Projects\DocxDocument\DocumentModel.InOpenXml\CustomUI\ControlClone.cs","72","Property","nameof(DXO10CUI.ControlClone.GetImage)","String?","GetImage","_GetImage"
"D:\OneDrive\VS\Projects\DocxDocument\DocumentModel.InOpenXml\CustomUI\ControlClone.cs","79","Property","nameof(DXO10CUI.ControlClone.QualifiedId)","String?","QualifiedId","_QualifiedId"
"D:\OneDrive\VS\Projects\DocxDocument\DocumentModel.InOpenXml\CustomUI\ControlClone.cs","86","Property","nameof(DXO10CUI.ControlClone.Tag)","String?","Tag","_Tag"
"D:\OneDrive\VS\Projects\DocxDocument\DocumentModel.InOpenXml\CustomUI\ControlClone.cs","93","Property","nameof(DXO10CUI.ControlClone.IdMso)","String?","IdMso","_IdMso"
"D:\OneDrive\VS\Projects\DocxDocument\DocumentModel.InOpenXml\CustomUI\ControlClone.cs","100","Property","nameof(DXO10CUI.ControlClone.Screentip)","String?","Screentip","_Screentip"
"D:\OneDrive\VS\Projects\DocxDocument\DocumentModel.InOpenXml\CustomUI\ControlClone.cs","107","Property","nameof(DXO10CUI.ControlClone.GetScreentip)","String?","GetScreentip","_GetScreentip"
"D:\OneDrive\VS\Projects\DocxDocument\DocumentModel.InOpenXml\CustomUI\ControlClone.cs","114","Property","nameof(DXO10CUI.ControlClone.Supertip)","String?","Supertip","_Supertip"
"D:\OneDrive\VS\Projects\DocxDocument\DocumentModel.InOpenXml\CustomUI\ControlClone.cs","121","Property","nameof(DXO10CUI.ControlClone.GetSupertip)","String?","GetSupertip","_GetSupertip"
"D:\OneDrive\VS\Projects\DocxDocument\DocumentModel.InOpenXml\CustomUI\ControlClone.cs","128","Property","nameof(DXO10CUI.ControlClone.Label)","String?","Label","_Label"
"D:\OneDrive\VS\Projects\DocxDocument\DocumentModel.InOpenXml\CustomUI\ControlClone.cs","135","Property","nameof(DXO10CUI.ControlClone.GetLabel)","String?","GetLabel","_GetLabel"
"D:\OneDrive\VS\Projects\DocxDocument\DocumentModel.InOpenXml\CustomUI\ControlClone.cs","142","Property","nameof(DXO10CUI.ControlClone.InsertAfterMso)","String?","InsertAfterMso","_InsertAfterMso"
"D:\OneDrive\VS\Projects\DocxDocument\DocumentModel.InOpenXml\CustomUI\ControlClone.cs","149","Property","nameof(DXO10CUI.ControlClone.InsertBeforeMso)","String?","InsertBeforeMso","_InsertBeforeMso"
"D:\OneDrive\VS\Projects\DocxDocument\DocumentModel.InOpenXml\CustomUI\ControlClone.cs","156","Property","nameof(DXO10CUI.ControlClone.InsertAfterQulifiedId)","String?","InsertAfterQualifiedId","_InsertAfterQualifiedId"
"D:\OneDrive\VS\Projects\DocxDocument\DocumentModel.InOpenXml\CustomUI\ControlClone.cs","163","Property","nameof(DXO10CUI.ControlClone.InsertBeforeQulifiedId)","String?","InsertBeforeQualifiedId","_InsertBeforeQualifiedId"
"D:\OneDrive\VS\Projects\DocxDocument\DocumentModel.InOpenXml\CustomUI\ControlClone.cs","170","Property","nameof(DXO10CUI.ControlClone.Visible)","Boolean?","Visible","_Visible"
"D:\OneDrive\VS\Projects\DocxDocument\DocumentModel.InOpenXml\CustomUI\ControlClone.cs","177","Property","nameof(DXO10CUI.ControlClone.GetVisible)","String?","GetVisible","_GetVisible"
"D:\OneDrive\VS\Projects\DocxDocument\DocumentModel.InOpenXml\CustomUI\ControlClone.cs","184","Property","nameof(DXO10CUI.ControlClone.Keytip)","String?","Keytip","_Keytip"
"D:\OneDrive\VS\Projects\DocxDocument\DocumentModel.InOpenXml\CustomUI\ControlClone.cs","191","Property","nameof(DXO10CUI.ControlClone.GetKeytip)","String?","GetKeytip","_GetKeytip"
"D:\OneDrive\VS\Projects\DocxDocument\DocumentModel.InOpenXml\CustomUI\ControlClone.cs","198","Property","nameof(DXO10CUI.ControlClone.ShowLabel)","Boolean?","ShowLabel","_ShowLabel"
"D:\OneDrive\VS\Projects\DocxDocument\DocumentModel.InOpenXml\CustomUI\ControlClone.cs","205","Property","nameof(DXO10CUI.ControlClone.GetShowLabel)","String?","GetShowLabel","_GetShowLabel"
"D:\OneDrive\VS\Projects\DocxDocument\DocumentModel.InOpenXml\CustomUI\ControlClone.cs","212","Property","nameof(DXO10CUI.ControlClone.ShowImage)","Boolean?","ShowImage","_ShowImage"
"D:\OneDrive\VS\Projects\DocxDocument\DocumentModel.InOpenXml\CustomUI\ControlClone.cs","219","Property","nameof(DXO10CUI.ControlClone.GetShowImage)","String?","GetShowImage","_GetShowImage"
"D:\OneDrive\VS\Projects\DocxDocument\DocumentModel.InOpenXml\CustomUI\ControlCloneQat.cs","16","Property","nameof(DXO10CUI.ControlCloneQat.Id)","String?","Id","_Id"
"D:\OneDrive\VS\Projects\DocxDocument\DocumentModel.InOpenXml\CustomUI\ControlCloneQat.cs","23","Property","nameof(DXO10CUI.ControlCloneQat.IdQ)","String?","IdQ","_IdQ"
"D:\OneDrive\VS\Projects\DocxDocument\DocumentModel.InOpenXml\CustomUI\ControlCloneQat.cs","30","Property","nameof(DXO10CUI.ControlCloneQat.IdMso)","String?","IdMso","_IdMso"
"D:\OneDrive\VS\Projects\DocxDocument\DocumentModel.InOpenXml\CustomUI\ControlCloneQat.cs","37","Property","nameof(DXO10CUI.ControlCloneQat.Description)","String?","Description","_Description"
"D:\OneDrive\VS\Projects\DocxDocument\DocumentModel.InOpenXml\CustomUI\ControlCloneQat.cs","44","Property","nameof(DXO10CUI.ControlCloneQat.GetDescription)","String?","GetDescription","_GetDescription"
"D:\OneDrive\VS\Projects\DocxDocument\DocumentModel.InOpenXml\CustomUI\ControlCloneQat.cs","51","Property","nameof(DXO10CUI.ControlCloneQat.Size)","Size?","Size","_Size"
"D:\OneDrive\VS\Projects\DocxDocument\DocumentModel.InOpenXml\CustomUI\ControlCloneQat.cs","58","Property","nameof(DXO10CUI.ControlCloneQat.GetSize)","String?","GetSize","_GetSize"
"D:\OneDrive\VS\Projects\DocxDocument\DocumentModel.InOpenXml\CustomUI\ControlCloneQat.cs","65","Property","nameof(DXO10CUI.ControlCloneQat.Image)","String?","Image","_Image"
"D:\OneDrive\VS\Projects\DocxDocument\DocumentModel.InOpenXml\CustomUI\ControlCloneQat.cs","72","Property","nameof(DXO10CUI.ControlCloneQat.ImageMso)","String?","ImageMso","_ImageMso"
"D:\OneDrive\VS\Projects\DocxDocument\DocumentModel.InOpenXml\CustomUI\ControlCloneQat.cs","79","Property","nameof(DXO10CUI.ControlCloneQat.GetImage)","String?","GetImage","_GetImage"
"D:\OneDrive\VS\Projects\DocxDocument\DocumentModel.InOpenXml\CustomUI\ControlCloneQat.cs","86","Property","nameof(DXO10CUI.ControlCloneQat.Screentip)","String?","Screentip","_Screentip"
"D:\OneDrive\VS\Projects\DocxDocument\DocumentModel.InOpenXml\CustomUI\ControlCloneQat.cs","93","Property","nameof(DXO10CUI.ControlCloneQat.GetScreentip)","String?","GetScreentip","_GetScreentip"
"D:\OneDrive\VS\Projects\DocxDocument\DocumentModel.InOpenXml\CustomUI\ControlCloneQat.cs","100","Property","nameof(DXO10CUI.ControlCloneQat.Supertip)","String?","Supertip","_Supertip"
"D:\OneDrive\VS\Projects\DocxDocument\DocumentModel.InOpenXml\CustomUI\ControlCloneQat.cs","107","Property","nameof(DXO10CUI.ControlCloneQat.GetSupertip)","String?","GetSupertip","_GetSupertip"
"D:\OneDrive\VS\Projects\DocxDocument\DocumentModel.InOpenXml\CustomUI\ControlCloneQat.cs","114","Property","nameof(DXO10CUI.ControlCloneQat.Enabled)","Boolean?","Enabled","_Enabled"
"D:\OneDrive\VS\Projects\DocxDocument\DocumentModel.InOpenXml\CustomUI\ControlCloneQat.cs","121","Property","nameof(DXO10CUI.ControlCloneQat.GetEnabled)","String?","GetEnabled","_GetEnabled"
"D:\OneDrive\VS\Projects\DocxDocument\DocumentModel.InOpenXml\CustomUI\ControlCloneQat.cs","128","Property","nameof(DXO10CUI.ControlCloneQat.Label)","String?","Label","_Label"
"D:\OneDrive\VS\Projects\DocxDocument\DocumentModel.InOpenXml\CustomUI\ControlCloneQat.cs","135","Property","nameof(DXO10CUI.ControlCloneQat.GetLabel)","String?","GetLabel","_GetLabel"
"D:\OneDrive\VS\Projects\DocxDocument\DocumentModel.InOpenXml\CustomUI\ControlCloneQat.cs","142","Property","nameof(DXO10CUI.ControlCloneQat.InsertAfterMso)","String?","InsertAfterMso","_InsertAfterMso"
"D:\OneDrive\VS\Projects\DocxDocument\DocumentModel.InOpenXml\CustomUI\ControlCloneQat.cs","149","Property","nameof(DXO10CUI.ControlCloneQat.InsertBeforeMso)","String?","InsertBeforeMso","_InsertBeforeMso"
"D:\OneDrive\VS\Projects\DocxDocument\DocumentModel.InOpenXml\CustomUI\ControlCloneQat.cs","156","Property","nameof(DXO10CUI.ControlCloneQat.InsertAfterQulifiedId)","String?","InsertAfterQualifiedId","_InsertAfterQualifiedId"
"D:\OneDrive\VS\Projects\DocxDocument\DocumentModel.InOpenXml\CustomUI\ControlCloneQat.cs","163","Property","nameof(DXO10CUI.ControlCloneQat.InsertBeforeQulifiedId)","String?","InsertBeforeQualifiedId","_InsertBeforeQualifiedId"
"D:\OneDrive\VS\Projects\DocxDocument\DocumentModel.InOpenXml\CustomUI\ControlCloneQat.cs","170","Property","nameof(DXO10CUI.ControlCloneQat.Visible)","Boolean?","Visible","_Visible"
"D:\OneDrive\VS\Projects\DocxDocument\DocumentModel.InOpenXml\CustomUI\ControlCloneQat.cs","177","Property","nameof(DXO10CUI.ControlCloneQat.GetVisible)","String?","GetVisible","_GetVisible"
"D:\OneDrive\VS\Projects\DocxDocument\DocumentModel.InOpenXml\CustomUI\ControlCloneQat.cs","184","Property","nameof(DXO10CUI.ControlCloneQat.Keytip)","String?","Keytip","_Keytip"
"D:\OneDrive\VS\Projects\DocxDocument\DocumentModel.InOpenXml\CustomUI\ControlCloneQat.cs","191","Property","nameof(DXO10CUI.ControlCloneQat.GetKeytip)","String?","GetKeytip","_GetKeytip"
"D:\OneDrive\VS\Projects\DocxDocument\DocumentModel.InOpenXml\CustomUI\ControlCloneQat.cs","198","Property","nameof(DXO10CUI.ControlCloneQat.ShowLabel)","Boolean?","ShowLabel","_ShowLabel"
"D:\OneDrive\VS\Projects\DocxDocument\DocumentModel.InOpenXml\CustomUI\ControlCloneQat.cs","205","Property","nameof(DXO10CUI.ControlCloneQat.GetShowLabel)","String?","GetShowLabel","_GetShowLabel"
"D:\OneDrive\VS\Projects\DocxDocument\DocumentModel.InOpenXml\CustomUI\ControlCloneQat.cs","212","Property","nameof(DXO10CUI.ControlCloneQat.ShowImage)","Boolean?","ShowImage","_ShowImage"
"D:\OneDrive\VS\Projects\DocxDocument\DocumentModel.InOpenXml\CustomUI\ControlCloneQat.cs","219","Property","nameof(DXO10CUI.ControlCloneQat.GetShowImage)","String?","GetShowImage","_GetShowImage"
"D:\OneDrive\VS\Projects\DocxDocument\DocumentModel.InOpenXml\CustomUI\ControlCloneRegular.cs","16","Property","nameof(DXO10CUI.ControlCloneRegular.QualifiedId)","String?","QualifiedId","_QualifiedId"
"D:\OneDrive\VS\Projects\DocxDocument\DocumentModel.InOpenXml\CustomUI\ControlCloneRegular.cs","23","Property","nameof(DXO10CUI.ControlCloneRegular.Tag)","String?","Tag","_Tag"
"D:\OneDrive\VS\Projects\DocxDocument\DocumentModel.InOpenXml\CustomUI\ControlCloneRegular.cs","30","Property","nameof(DXO10CUI.ControlCloneRegular.IdMso)","String?","IdMso","_IdMso"
"D:\OneDrive\VS\Projects\DocxDocument\DocumentModel.InOpenXml\CustomUI\ControlCloneRegular.cs","37","Property","nameof(DXO10CUI.ControlCloneRegular.Image)","String?","Image","_Image"
"D:\OneDrive\VS\Projects\DocxDocument\DocumentModel.InOpenXml\CustomUI\ControlCloneRegular.cs","44","Property","nameof(DXO10CUI.ControlCloneRegular.ImageMso)","String?","ImageMso","_ImageMso"
"D:\OneDrive\VS\Projects\DocxDocument\DocumentModel.InOpenXml\CustomUI\ControlCloneRegular.cs","51","Property","nameof(DXO10CUI.ControlCloneRegular.GetImage)","String?","GetImage","_GetImage"
"D:\OneDrive\VS\Projects\DocxDocument\DocumentModel.InOpenXml\CustomUI\ControlCloneRegular.cs","58","Property","nameof(DXO10CUI.ControlCloneRegular.Screentip)","String?","Screentip","_Screentip"
"D:\OneDrive\VS\Projects\DocxDocument\DocumentModel.InOpenXml\CustomUI\ControlCloneRegular.cs","65","Property","nameof(DXO10CUI.ControlCloneRegular.GetScreentip)","String?","GetScreentip","_GetScreentip"
"D:\OneDrive\VS\Projects\DocxDocument\DocumentModel.InOpenXml\CustomUI\ControlCloneRegular.cs","72","Property","nameof(DXO10CUI.ControlCloneRegular.Supertip)","String?","Supertip","_Supertip"
"D:\OneDrive\VS\Projects\DocxDocument\DocumentModel.InOpenXml\CustomUI\ControlCloneRegular.cs","79","Property","nameof(DXO10CUI.ControlCloneRegular.GetSupertip)","String?","GetSupertip","_GetSupertip"
"D:\OneDrive\VS\Projects\DocxDocument\DocumentModel.InOpenXml\CustomUI\ControlCloneRegular.cs","86","Property","nameof(DXO10CUI.ControlCloneRegular.Enabled)","Boolean?","Enabled","_Enabled"
"D:\OneDrive\VS\Projects\DocxDocument\DocumentModel.InOpenXml\CustomUI\ControlCloneRegular.cs","93","Property","nameof(DXO10CUI.ControlCloneRegular.GetEnabled)","String?","GetEnabled","_GetEnabled"
"D:\OneDrive\VS\Projects\DocxDocument\DocumentModel.InOpenXml\CustomUI\ControlCloneRegular.cs","100","Property","nameof(DXO10CUI.ControlCloneRegular.Label)","String?","Label","_Label"
"D:\OneDrive\VS\Projects\DocxDocument\DocumentModel.InOpenXml\CustomUI\ControlCloneRegular.cs","107","Property","nameof(DXO10CUI.ControlCloneRegular.GetLabel)","String?","GetLabel","_GetLabel"
"D:\OneDrive\VS\Projects\DocxDocument\DocumentModel.InOpenXml\CustomUI\ControlCloneRegular.cs","114","Property","nameof(DXO10CUI.ControlCloneRegular.InsertAfterMso)","String?","InsertAfterMso","_InsertAfterMso"
"D:\OneDrive\VS\Projects\DocxDocument\DocumentModel.InOpenXml\CustomUI\ControlCloneRegular.cs","121","Property","nameof(DXO10CUI.ControlCloneRegular.InsertBeforeMso)","String?","InsertBeforeMso","_InsertBeforeMso"
"D:\OneDrive\VS\Projects\DocxDocument\DocumentModel.InOpenXml\CustomUI\ControlCloneRegular.cs","128","Property","nameof(DXO10CUI.ControlCloneRegular.InsertAfterQulifiedId)","String?","InsertAfterQualifiedId","_InsertAfterQualifiedId"
"D:\OneDrive\VS\Projects\DocxDocument\DocumentModel.InOpenXml\CustomUI\ControlCloneRegular.cs","135","Property","nameof(DXO10CUI.ControlCloneRegular.InsertBeforeQulifiedId)","String?","InsertBeforeQualifiedId","_InsertBeforeQualifiedId"
"D:\OneDrive\VS\Projects\DocxDocument\DocumentModel.InOpenXml\CustomUI\ControlCloneRegular.cs","142","Property","nameof(DXO10CUI.ControlCloneRegular.Visible)","Boolean?","Visible","_Visible"
"D:\OneDrive\VS\Projects\DocxDocument\DocumentModel.InOpenXml\CustomUI\ControlCloneRegular.cs","149","Property","nameof(DXO10CUI.ControlCloneRegular.GetVisible)","String?","GetVisible","_GetVisible"
"D:\OneDrive\VS\Projects\DocxDocument\DocumentModel.InOpenXml\CustomUI\ControlCloneRegular.cs","156","Property","nameof(DXO10CUI.ControlCloneRegular.Keytip)","String?","Keytip","_Keytip"
"D:\OneDrive\VS\Projects\DocxDocument\DocumentModel.InOpenXml\CustomUI\ControlCloneRegular.cs","163","Property","nameof(DXO10CUI.ControlCloneRegular.GetKeytip)","String?","GetKeytip","_GetKeytip"
"D:\OneDrive\VS\Projects\DocxDocument\DocumentModel.InOpenXml\CustomUI\ControlCloneRegular.cs","170","Property","nameof(DXO10CUI.ControlCloneRegular.ShowLabel)","Boolean?","ShowLabel","_ShowLabel"
"D:\OneDrive\VS\Projects\DocxDocument\DocumentModel.InOpenXml\CustomUI\ControlCloneRegular.cs","177","Property","nameof(DXO10CUI.ControlCloneRegular.GetShowLabel)","String?","GetShowLabel","_GetShowLabel"
"D:\OneDrive\VS\Projects\DocxDocument\DocumentModel.InOpenXml\CustomUI\ControlCloneRegular.cs","184","Property","nameof(DXO10CUI.ControlCloneRegular.ShowImage)","Boolean?","ShowImage","_ShowImage"
"D:\OneDrive\VS\Projects\DocxDocument\DocumentModel.InOpenXml\CustomUI\ControlCloneRegular.cs","191","Property","nameof(DXO10CUI.ControlCloneRegular.GetShowImage)","String?","GetShowImage","_GetShowImage"
"D:\OneDrive\VS\Projects\DocxDocument\DocumentModel.InOpenXml\CustomUI\CustomUI.cs","25","Property","nameof(DXO10CUI.CustomUI.OnLoad)","String?","OnLoad","_OnLoad"
"D:\OneDrive\VS\Projects\DocxDocument\DocumentModel.InOpenXml\CustomUI\CustomUI.cs","32","Property","nameof(DXO10CUI.CustomUI.LoadImage)","String?","LoadImage","_LoadImage"
"D:\OneDrive\VS\Projects\DocxDocument\DocumentModel.InOpenXml\CustomUI\CustomUI.cs","39","Property","nameof(DXO10CUI.CustomUI.Commands)","Commands?","Commands","_Commands"
"D:\OneDrive\VS\Projects\DocxDocument\DocumentModel.InOpenXml\CustomUI\CustomUI.cs","46","Property","nameof(DXO10CUI.CustomUI.Ribbon)","Ribbon?","Ribbon","_Ribbon"
"D:\OneDrive\VS\Projects\DocxDocument\DocumentModel.InOpenXml\CustomUI\CustomUI.cs","53","Property","nameof(DXO10CUI.CustomUI.Backstage)","Backstage?","Backstage","_Backstage"
"D:\OneDrive\VS\Projects\DocxDocument\DocumentModel.InOpenXml\CustomUI\CustomUI.cs","60","Property","nameof(DXO10CUI.CustomUI.ContextMenus)","ContextMenus?","ContextMenus","_ContextMenus"
"D:\OneDrive\VS\Projects\DocxDocument\DocumentModel.InOpenXml\CustomUI\CustomUI.cs","67","Property","nameof(DXO10CUI.CustomUI.RibbonAndBackstageCustomizationsPart)","DXPP.RibbonAndBackstageCustomizationsPart?","RibbonAndBackstageCustomizationsPart","_RibbonAndBackstageCustomizationsPart"
"D:\OneDrive\VS\Projects\DocxDocument\DocumentModel.InOpenXml\CustomUI\DialogBoxLauncher.cs","22","Property","nameof(DXO10CUI.DialogBoxLauncher.ButtonRegular)","ButtonRegular?","ButtonRegular","_ButtonRegular"
"D:\OneDrive\VS\Projects\DocxDocument\DocumentModel.InOpenXml\CustomUI\DropDownRegular.cs","23","Property","nameof(DXO10CUI.DropDownRegular.OnAction)","String?","OnAction","_OnAction"
"D:\OneDrive\VS\Projects\DocxDocument\DocumentModel.InOpenXml\CustomUI\DropDownRegular.cs","30","Property","nameof(DXO10CUI.DropDownRegular.Enabled)","Boolean?","Enabled","_Enabled"
"D:\OneDrive\VS\Projects\DocxDocument\DocumentModel.InOpenXml\CustomUI\DropDownRegular.cs","37","Property","nameof(DXO10CUI.DropDownRegular.GetEnabled)","String?","GetEnabled","_GetEnabled"
"D:\OneDrive\VS\Projects\DocxDocument\DocumentModel.InOpenXml\CustomUI\DropDownRegular.cs","44","Property","nameof(DXO10CUI.DropDownRegular.Image)","String?","Image","_Image"
"D:\OneDrive\VS\Projects\DocxDocument\DocumentModel.InOpenXml\CustomUI\DropDownRegular.cs","51","Property","nameof(DXO10CUI.DropDownRegular.ImageMso)","String?","ImageMso","_ImageMso"
"D:\OneDrive\VS\Projects\DocxDocument\DocumentModel.InOpenXml\CustomUI\DropDownRegular.cs","58","Property","nameof(DXO10CUI.DropDownRegular.GetImage)","String?","GetImage","_GetImage"
"D:\OneDrive\VS\Projects\DocxDocument\DocumentModel.InOpenXml\CustomUI\DropDownRegular.cs","65","Property","nameof(DXO10CUI.DropDownRegular.ShowItemImage)","Boolean?","ShowItemImage","_ShowItemImage"
"D:\OneDrive\VS\Projects\DocxDocument\DocumentModel.InOpenXml\CustomUI\DropDownRegular.cs","72","Property","nameof(DXO10CUI.DropDownRegular.GetItemCount)","String?","GetItemCount","_GetItemCount"
"D:\OneDrive\VS\Projects\DocxDocument\DocumentModel.InOpenXml\CustomUI\DropDownRegular.cs","79","Property","nameof(DXO10CUI.DropDownRegular.GetItemLabel)","String?","GetItemLabel","_GetItemLabel"
"D:\OneDrive\VS\Projects\DocxDocument\DocumentModel.InOpenXml\CustomUI\DropDownRegular.cs","86","Property","nameof(DXO10CUI.DropDownRegular.GetItemScreentip)","String?","GetItemScreentip","_GetItemScreentip"
"D:\OneDrive\VS\Projects\DocxDocument\DocumentModel.InOpenXml\CustomUI\DropDownRegular.cs","93","Property","nameof(DXO10CUI.DropDownRegular.GetItemSupertip)","String?","GetItemSupertip","_GetItemSupertip"
"D:\OneDrive\VS\Projects\DocxDocument\DocumentModel.InOpenXml\CustomUI\DropDownRegular.cs","100","Property","nameof(DXO10CUI.DropDownRegular.GetItemImage)","String?","GetItemImage","_GetItemImage"
"D:\OneDrive\VS\Projects\DocxDocument\DocumentModel.InOpenXml\CustomUI\DropDownRegular.cs","107","Property","nameof(DXO10CUI.DropDownRegular.GetItemID)","String?","GetItemID","_GetItemID"
"D:\OneDrive\VS\Projects\DocxDocument\DocumentModel.InOpenXml\CustomUI\DropDownRegular.cs","114","Property","nameof(DXO10CUI.DropDownRegular.SizeString)","String?","SizeString","_SizeString"
"D:\OneDrive\VS\Projects\DocxDocument\DocumentModel.InOpenXml\CustomUI\DropDownRegular.cs","121","Property","nameof(DXO10CUI.DropDownRegular.GetSelectedItemID)","String?","GetSelectedItemID","_GetSelectedItemID"
"D:\OneDrive\VS\Projects\DocxDocument\DocumentModel.InOpenXml\CustomUI\DropDownRegular.cs","128","Property","nameof(DXO10CUI.DropDownRegular.GetSelectedItemIndex)","String?","GetSelectedItemIndex","_GetSelectedItemIndex"
"D:\OneDrive\VS\Projects\DocxDocument\DocumentModel.InOpenXml\CustomUI\DropDownRegular.cs","135","Property","nameof(DXO10CUI.DropDownRegular.ShowItemLabel)","Boolean?","ShowItemLabel","_ShowItemLabel"
"D:\OneDrive\VS\Projects\DocxDocument\DocumentModel.InOpenXml\CustomUI\DropDownRegular.cs","142","Property","nameof(DXO10CUI.DropDownRegular.Id)","String?","Id","_Id"
"D:\OneDrive\VS\Projects\DocxDocument\DocumentModel.InOpenXml\CustomUI\DropDownRegular.cs","149","Property","nameof(DXO10CUI.DropDownRegular.QualifiedId)","String?","QualifiedId","_QualifiedId"
"D:\OneDrive\VS\Projects\DocxDocument\DocumentModel.InOpenXml\CustomUI\DropDownRegular.cs","156","Property","nameof(DXO10CUI.DropDownRegular.Tag)","String?","Tag","_Tag"
"D:\OneDrive\VS\Projects\DocxDocument\DocumentModel.InOpenXml\CustomUI\DropDownRegular.cs","163","Property","nameof(DXO10CUI.DropDownRegular.IdMso)","String?","IdMso","_IdMso"
"D:\OneDrive\VS\Projects\DocxDocument\DocumentModel.InOpenXml\CustomUI\DropDownRegular.cs","170","Property","nameof(DXO10CUI.DropDownRegular.Screentip)","String?","Screentip","_Screentip"
"D:\OneDrive\VS\Projects\DocxDocument\DocumentModel.InOpenXml\CustomUI\DropDownRegular.cs","177","Property","nameof(DXO10CUI.DropDownRegular.GetScreentip)","String?","GetScreentip","_GetScreentip"
"D:\OneDrive\VS\Projects\DocxDocument\DocumentModel.InOpenXml\CustomUI\DropDownRegular.cs","184","Property","nameof(DXO10CUI.DropDownRegular.Supertip)","String?","Supertip","_Supertip"
"D:\OneDrive\VS\Projects\DocxDocument\DocumentModel.InOpenXml\CustomUI\DropDownRegular.cs","191","Property","nameof(DXO10CUI.DropDownRegular.GetSupertip)","String?","GetSupertip","_GetSupertip"
"D:\OneDrive\VS\Projects\DocxDocument\DocumentModel.InOpenXml\CustomUI\DropDownRegular.cs","198","Property","nameof(DXO10CUI.DropDownRegular.Label)","String?","Label","_Label"
"D:\OneDrive\VS\Projects\DocxDocument\DocumentModel.InOpenXml\CustomUI\DropDownRegular.cs","205","Property","nameof(DXO10CUI.DropDownRegular.GetLabel)","String?","GetLabel","_GetLabel"
"D:\OneDrive\VS\Projects\DocxDocument\DocumentModel.InOpenXml\CustomUI\DropDownRegular.cs","212","Property","nameof(DXO10CUI.DropDownRegular.InsertAfterMso)","String?","InsertAfterMso","_InsertAfterMso"
"D:\OneDrive\VS\Projects\DocxDocument\DocumentModel.InOpenXml\CustomUI\DropDownRegular.cs","219","Property","nameof(DXO10CUI.DropDownRegular.InsertBeforeMso)","String?","InsertBeforeMso","_InsertBeforeMso"
"D:\OneDrive\VS\Projects\DocxDocument\DocumentModel.InOpenXml\CustomUI\DropDownRegular.cs","226","Property","nameof(DXO10CUI.DropDownRegular.InsertAfterQulifiedId)","String?","InsertAfterQualifiedId","_InsertAfterQualifiedId"
"D:\OneDrive\VS\Projects\DocxDocument\DocumentModel.InOpenXml\CustomUI\DropDownRegular.cs","233","Property","nameof(DXO10CUI.DropDownRegular.InsertBeforeQulifiedId)","String?","InsertBeforeQualifiedId","_InsertBeforeQualifiedId"
"D:\OneDrive\VS\Projects\DocxDocument\DocumentModel.InOpenXml\CustomUI\DropDownRegular.cs","240","Property","nameof(DXO10CUI.DropDownRegular.Visible)","Boolean?","Visible","_Visible"
"D:\OneDrive\VS\Projects\DocxDocument\DocumentModel.InOpenXml\CustomUI\DropDownRegular.cs","247","Property","nameof(DXO10CUI.DropDownRegular.GetVisible)","String?","GetVisible","_GetVisible"
"D:\OneDrive\VS\Projects\DocxDocument\DocumentModel.InOpenXml\CustomUI\DropDownRegular.cs","254","Property","nameof(DXO10CUI.DropDownRegular.Keytip)","String?","Keytip","_Keytip"
"D:\OneDrive\VS\Projects\DocxDocument\DocumentModel.InOpenXml\CustomUI\DropDownRegular.cs","261","Property","nameof(DXO10CUI.DropDownRegular.GetKeytip)","String?","GetKeytip","_GetKeytip"
"D:\OneDrive\VS\Projects\DocxDocument\DocumentModel.InOpenXml\CustomUI\DropDownRegular.cs","268","Property","nameof(DXO10CUI.DropDownRegular.ShowLabel)","Boolean?","ShowLabel","_ShowLabel"
"D:\OneDrive\VS\Projects\DocxDocument\DocumentModel.InOpenXml\CustomUI\DropDownRegular.cs","275","Property","nameof(DXO10CUI.DropDownRegular.GetShowLabel)","String?","GetShowLabel","_GetShowLabel"
"D:\OneDrive\VS\Projects\DocxDocument\DocumentModel.InOpenXml\CustomUI\DropDownRegular.cs","282","Property","nameof(DXO10CUI.DropDownRegular.ShowImage)","Boolean?","ShowImage","_ShowImage"
"D:\OneDrive\VS\Projects\DocxDocument\DocumentModel.InOpenXml\CustomUI\DropDownRegular.cs","289","Property","nameof(DXO10CUI.DropDownRegular.GetShowImage)","String?","GetShowImage","_GetShowImage"
"D:\OneDrive\VS\Projects\DocxDocument\DocumentModel.InOpenXml\CustomUI\DynamicMenu.cs","16","Property","nameof(DXO10CUI.DynamicMenu.Size)","Size?","Size","_Size"
"D:\OneDrive\VS\Projects\DocxDocument\DocumentModel.InOpenXml\CustomUI\DynamicMenu.cs","23","Property","nameof(DXO10CUI.DynamicMenu.GetSize)","String?","GetSize","_GetSize"
"D:\OneDrive\VS\Projects\DocxDocument\DocumentModel.InOpenXml\CustomUI\DynamicMenu.cs","30","Property","nameof(DXO10CUI.DynamicMenu.Description)","String?","Description","_Description"
"D:\OneDrive\VS\Projects\DocxDocument\DocumentModel.InOpenXml\CustomUI\DynamicMenu.cs","37","Property","nameof(DXO10CUI.DynamicMenu.GetDescription)","String?","GetDescription","_GetDescription"
"D:\OneDrive\VS\Projects\DocxDocument\DocumentModel.InOpenXml\CustomUI\DynamicMenu.cs","44","Property","nameof(DXO10CUI.DynamicMenu.Id)","String?","Id","_Id"
"D:\OneDrive\VS\Projects\DocxDocument\DocumentModel.InOpenXml\CustomUI\DynamicMenu.cs","51","Property","nameof(DXO10CUI.DynamicMenu.QualifiedId)","String?","QualifiedId","_QualifiedId"
"D:\OneDrive\VS\Projects\DocxDocument\DocumentModel.InOpenXml\CustomUI\DynamicMenu.cs","58","Property","nameof(DXO10CUI.DynamicMenu.Tag)","String?","Tag","_Tag"
"D:\OneDrive\VS\Projects\DocxDocument\DocumentModel.InOpenXml\CustomUI\DynamicMenu.cs","65","Property","nameof(DXO10CUI.DynamicMenu.IdMso)","String?","IdMso","_IdMso"
"D:\OneDrive\VS\Projects\DocxDocument\DocumentModel.InOpenXml\CustomUI\DynamicMenu.cs","72","Property","nameof(DXO10CUI.DynamicMenu.GetContent)","String?","GetContent","_GetContent"
"D:\OneDrive\VS\Projects\DocxDocument\DocumentModel.InOpenXml\CustomUI\DynamicMenu.cs","79","Property","nameof(DXO10CUI.DynamicMenu.InvalidateContentOnDrop)","Boolean?","InvalidateContentOnDrop","_InvalidateContentOnDrop"
"D:\OneDrive\VS\Projects\DocxDocument\DocumentModel.InOpenXml\CustomUI\DynamicMenu.cs","86","Property","nameof(DXO10CUI.DynamicMenu.Image)","String?","Image","_Image"
"D:\OneDrive\VS\Projects\DocxDocument\DocumentModel.InOpenXml\CustomUI\DynamicMenu.cs","93","Property","nameof(DXO10CUI.DynamicMenu.ImageMso)","String?","ImageMso","_ImageMso"
"D:\OneDrive\VS\Projects\DocxDocument\DocumentModel.InOpenXml\CustomUI\DynamicMenu.cs","100","Property","nameof(DXO10CUI.DynamicMenu.GetImage)","String?","GetImage","_GetImage"
"D:\OneDrive\VS\Projects\DocxDocument\DocumentModel.InOpenXml\CustomUI\DynamicMenu.cs","107","Property","nameof(DXO10CUI.DynamicMenu.Screentip)","String?","Screentip","_Screentip"
"D:\OneDrive\VS\Projects\DocxDocument\DocumentModel.InOpenXml\CustomUI\DynamicMenu.cs","114","Property","nameof(DXO10CUI.DynamicMenu.GetScreentip)","String?","GetScreentip","_GetScreentip"
"D:\OneDrive\VS\Projects\DocxDocument\DocumentModel.InOpenXml\CustomUI\DynamicMenu.cs","121","Property","nameof(DXO10CUI.DynamicMenu.Supertip)","String?","Supertip","_Supertip"
"D:\OneDrive\VS\Projects\DocxDocument\DocumentModel.InOpenXml\CustomUI\DynamicMenu.cs","128","Property","nameof(DXO10CUI.DynamicMenu.GetSupertip)","String?","GetSupertip","_GetSupertip"
"D:\OneDrive\VS\Projects\DocxDocument\DocumentModel.InOpenXml\CustomUI\DynamicMenu.cs","135","Property","nameof(DXO10CUI.DynamicMenu.Enabled)","Boolean?","Enabled","_Enabled"
"D:\OneDrive\VS\Projects\DocxDocument\DocumentModel.InOpenXml\CustomUI\DynamicMenu.cs","142","Property","nameof(DXO10CUI.DynamicMenu.GetEnabled)","String?","GetEnabled","_GetEnabled"
"D:\OneDrive\VS\Projects\DocxDocument\DocumentModel.InOpenXml\CustomUI\DynamicMenu.cs","149","Property","nameof(DXO10CUI.DynamicMenu.Label)","String?","Label","_Label"
"D:\OneDrive\VS\Projects\DocxDocument\DocumentModel.InOpenXml\CustomUI\DynamicMenu.cs","156","Property","nameof(DXO10CUI.DynamicMenu.GetLabel)","String?","GetLabel","_GetLabel"
"D:\OneDrive\VS\Projects\DocxDocument\DocumentModel.InOpenXml\CustomUI\DynamicMenu.cs","163","Property","nameof(DXO10CUI.DynamicMenu.InsertAfterMso)","String?","InsertAfterMso","_InsertAfterMso"
"D:\OneDrive\VS\Projects\DocxDocument\DocumentModel.InOpenXml\CustomUI\DynamicMenu.cs","170","Property","nameof(DXO10CUI.DynamicMenu.InsertBeforeMso)","String?","InsertBeforeMso","_InsertBeforeMso"
"D:\OneDrive\VS\Projects\DocxDocument\DocumentModel.InOpenXml\CustomUI\DynamicMenu.cs","177","Property","nameof(DXO10CUI.DynamicMenu.InsertAfterQulifiedId)","String?","InsertAfterQualifiedId","_InsertAfterQualifiedId"
"D:\OneDrive\VS\Projects\DocxDocument\DocumentModel.InOpenXml\CustomUI\DynamicMenu.cs","184","Property","nameof(DXO10CUI.DynamicMenu.InsertBeforeQulifiedId)","String?","InsertBeforeQualifiedId","_InsertBeforeQualifiedId"
"D:\OneDrive\VS\Projects\DocxDocument\DocumentModel.InOpenXml\CustomUI\DynamicMenu.cs","191","Property","nameof(DXO10CUI.DynamicMenu.Visible)","Boolean?","Visible","_Visible"
"D:\OneDrive\VS\Projects\DocxDocument\DocumentModel.InOpenXml\CustomUI\DynamicMenu.cs","198","Property","nameof(DXO10CUI.DynamicMenu.GetVisible)","String?","GetVisible","_GetVisible"
"D:\OneDrive\VS\Projects\DocxDocument\DocumentModel.InOpenXml\CustomUI\DynamicMenu.cs","205","Property","nameof(DXO10CUI.DynamicMenu.Keytip)","String?","Keytip","_Keytip"
"D:\OneDrive\VS\Projects\DocxDocument\DocumentModel.InOpenXml\CustomUI\DynamicMenu.cs","212","Property","nameof(DXO10CUI.DynamicMenu.GetKeytip)","String?","GetKeytip","_GetKeytip"
"D:\OneDrive\VS\Projects\DocxDocument\DocumentModel.InOpenXml\CustomUI\DynamicMenu.cs","219","Property","nameof(DXO10CUI.DynamicMenu.ShowLabel)","Boolean?","ShowLabel","_ShowLabel"
"D:\OneDrive\VS\Projects\DocxDocument\DocumentModel.InOpenXml\CustomUI\DynamicMenu.cs","226","Property","nameof(DXO10CUI.DynamicMenu.GetShowLabel)","String?","GetShowLabel","_GetShowLabel"
"D:\OneDrive\VS\Projects\DocxDocument\DocumentModel.InOpenXml\CustomUI\DynamicMenu.cs","233","Property","nameof(DXO10CUI.DynamicMenu.ShowImage)","Boolean?","ShowImage","_ShowImage"
"D:\OneDrive\VS\Projects\DocxDocument\DocumentModel.InOpenXml\CustomUI\DynamicMenu.cs","240","Property","nameof(DXO10CUI.DynamicMenu.GetShowImage)","String?","GetShowImage","_GetShowImage"
"D:\OneDrive\VS\Projects\DocxDocument\DocumentModel.InOpenXml\CustomUI\DynamicMenuRegular.cs","16","Property","nameof(DXO10CUI.DynamicMenuRegular.Description)","String?","Description","_Description"
"D:\OneDrive\VS\Projects\DocxDocument\DocumentModel.InOpenXml\CustomUI\DynamicMenuRegular.cs","23","Property","nameof(DXO10CUI.DynamicMenuRegular.GetDescription)","String?","GetDescription","_GetDescription"
"D:\OneDrive\VS\Projects\DocxDocument\DocumentModel.InOpenXml\CustomUI\DynamicMenuRegular.cs","30","Property","nameof(DXO10CUI.DynamicMenuRegular.Id)","String?","Id","_Id"
"D:\OneDrive\VS\Projects\DocxDocument\DocumentModel.InOpenXml\CustomUI\DynamicMenuRegular.cs","37","Property","nameof(DXO10CUI.DynamicMenuRegular.QualifiedId)","String?","QualifiedId","_QualifiedId"
"D:\OneDrive\VS\Projects\DocxDocument\DocumentModel.InOpenXml\CustomUI\DynamicMenuRegular.cs","44","Property","nameof(DXO10CUI.DynamicMenuRegular.Tag)","String?","Tag","_Tag"
"D:\OneDrive\VS\Projects\DocxDocument\DocumentModel.InOpenXml\CustomUI\DynamicMenuRegular.cs","51","Property","nameof(DXO10CUI.DynamicMenuRegular.IdMso)","String?","IdMso","_IdMso"
"D:\OneDrive\VS\Projects\DocxDocument\DocumentModel.InOpenXml\CustomUI\DynamicMenuRegular.cs","58","Property","nameof(DXO10CUI.DynamicMenuRegular.GetContent)","String?","GetContent","_GetContent"
"D:\OneDrive\VS\Projects\DocxDocument\DocumentModel.InOpenXml\CustomUI\DynamicMenuRegular.cs","65","Property","nameof(DXO10CUI.DynamicMenuRegular.InvalidateContentOnDrop)","Boolean?","InvalidateContentOnDrop","_InvalidateContentOnDrop"
"D:\OneDrive\VS\Projects\DocxDocument\DocumentModel.InOpenXml\CustomUI\DynamicMenuRegular.cs","72","Property","nameof(DXO10CUI.DynamicMenuRegular.Image)","String?","Image","_Image"
"D:\OneDrive\VS\Projects\DocxDocument\DocumentModel.InOpenXml\CustomUI\DynamicMenuRegular.cs","79","Property","nameof(DXO10CUI.DynamicMenuRegular.ImageMso)","String?","ImageMso","_ImageMso"
"D:\OneDrive\VS\Projects\DocxDocument\DocumentModel.InOpenXml\CustomUI\DynamicMenuRegular.cs","86","Property","nameof(DXO10CUI.DynamicMenuRegular.GetImage)","String?","GetImage","_GetImage"
"D:\OneDrive\VS\Projects\DocxDocument\DocumentModel.InOpenXml\CustomUI\DynamicMenuRegular.cs","93","Property","nameof(DXO10CUI.DynamicMenuRegular.Screentip)","String?","Screentip","_Screentip"
"D:\OneDrive\VS\Projects\DocxDocument\DocumentModel.InOpenXml\CustomUI\DynamicMenuRegular.cs","100","Property","nameof(DXO10CUI.DynamicMenuRegular.GetScreentip)","String?","GetScreentip","_GetScreentip"
"D:\OneDrive\VS\Projects\DocxDocument\DocumentModel.InOpenXml\CustomUI\DynamicMenuRegular.cs","107","Property","nameof(DXO10CUI.DynamicMenuRegular.Supertip)","String?","Supertip","_Supertip"
"D:\OneDrive\VS\Projects\DocxDocument\DocumentModel.InOpenXml\CustomUI\DynamicMenuRegular.cs","114","Property","nameof(DXO10CUI.DynamicMenuRegular.GetSupertip)","String?","GetSupertip","_GetSupertip"
"D:\OneDrive\VS\Projects\DocxDocument\DocumentModel.InOpenXml\CustomUI\DynamicMenuRegular.cs","121","Property","nameof(DXO10CUI.DynamicMenuRegular.Enabled)","Boolean?","Enabled","_Enabled"
"D:\OneDrive\VS\Projects\DocxDocument\DocumentModel.InOpenXml\CustomUI\DynamicMenuRegular.cs","128","Property","nameof(DXO10CUI.DynamicMenuRegular.GetEnabled)","String?","GetEnabled","_GetEnabled"
"D:\OneDrive\VS\Projects\DocxDocument\DocumentModel.InOpenXml\CustomUI\DynamicMenuRegular.cs","135","Property","nameof(DXO10CUI.DynamicMenuRegular.Label)","String?","Label","_Label"
"D:\OneDrive\VS\Projects\DocxDocument\DocumentModel.InOpenXml\CustomUI\DynamicMenuRegular.cs","142","Property","nameof(DXO10CUI.DynamicMenuRegular.GetLabel)","String?","GetLabel","_GetLabel"
"D:\OneDrive\VS\Projects\DocxDocument\DocumentModel.InOpenXml\CustomUI\DynamicMenuRegular.cs","149","Property","nameof(DXO10CUI.DynamicMenuRegular.InsertAfterMso)","String?","InsertAfterMso","_InsertAfterMso"
"D:\OneDrive\VS\Projects\DocxDocument\DocumentModel.InOpenXml\CustomUI\DynamicMenuRegular.cs","156","Property","nameof(DXO10CUI.DynamicMenuRegular.InsertBeforeMso)","String?","InsertBeforeMso","_InsertBeforeMso"
"D:\OneDrive\VS\Projects\DocxDocument\DocumentModel.InOpenXml\CustomUI\DynamicMenuRegular.cs","163","Property","nameof(DXO10CUI.DynamicMenuRegular.InsertAfterQulifiedId)","String?","InsertAfterQualifiedId","_InsertAfterQualifiedId"
"D:\OneDrive\VS\Projects\DocxDocument\DocumentModel.InOpenXml\CustomUI\DynamicMenuRegular.cs","170","Property","nameof(DXO10CUI.DynamicMenuRegular.InsertBeforeQulifiedId)","String?","InsertBeforeQualifiedId","_InsertBeforeQualifiedId"
"D:\OneDrive\VS\Projects\DocxDocument\DocumentModel.InOpenXml\CustomUI\DynamicMenuRegular.cs","177","Property","nameof(DXO10CUI.DynamicMenuRegular.Visible)","Boolean?","Visible","_Visible"
"D:\OneDrive\VS\Projects\DocxDocument\DocumentModel.InOpenXml\CustomUI\DynamicMenuRegular.cs","184","Property","nameof(DXO10CUI.DynamicMenuRegular.GetVisible)","String?","GetVisible","_GetVisible"
"D:\OneDrive\VS\Projects\DocxDocument\DocumentModel.InOpenXml\CustomUI\DynamicMenuRegular.cs","191","Property","nameof(DXO10CUI.DynamicMenuRegular.Keytip)","String?","Keytip","_Keytip"
"D:\OneDrive\VS\Projects\DocxDocument\DocumentModel.InOpenXml\CustomUI\DynamicMenuRegular.cs","198","Property","nameof(DXO10CUI.DynamicMenuRegular.GetKeytip)","String?","GetKeytip","_GetKeytip"
"D:\OneDrive\VS\Projects\DocxDocument\DocumentModel.InOpenXml\CustomUI\DynamicMenuRegular.cs","205","Property","nameof(DXO10CUI.DynamicMenuRegular.ShowLabel)","Boolean?","ShowLabel","_ShowLabel"
"D:\OneDrive\VS\Projects\DocxDocument\DocumentModel.InOpenXml\CustomUI\DynamicMenuRegular.cs","212","Property","nameof(DXO10CUI.DynamicMenuRegular.GetShowLabel)","String?","GetShowLabel","_GetShowLabel"
"D:\OneDrive\VS\Projects\DocxDocument\DocumentModel.InOpenXml\CustomUI\DynamicMenuRegular.cs","219","Property","nameof(DXO10CUI.DynamicMenuRegular.ShowImage)","Boolean?","ShowImage","_ShowImage"
"D:\OneDrive\VS\Projects\DocxDocument\DocumentModel.InOpenXml\CustomUI\DynamicMenuRegular.cs","226","Property","nameof(DXO10CUI.DynamicMenuRegular.GetShowImage)","String?","GetShowImage","_GetShowImage"
"D:\OneDrive\VS\Projects\DocxDocument\DocumentModel.InOpenXml\CustomUI\EditBox.cs","16","Property","nameof(DXO10CUI.EditBox.Enabled)","Boolean?","Enabled","_Enabled"
"D:\OneDrive\VS\Projects\DocxDocument\DocumentModel.InOpenXml\CustomUI\EditBox.cs","23","Property","nameof(DXO10CUI.EditBox.GetEnabled)","String?","GetEnabled","_GetEnabled"
"D:\OneDrive\VS\Projects\DocxDocument\DocumentModel.InOpenXml\CustomUI\EditBox.cs","30","Property","nameof(DXO10CUI.EditBox.Image)","String?","Image","_Image"
"D:\OneDrive\VS\Projects\DocxDocument\DocumentModel.InOpenXml\CustomUI\EditBox.cs","37","Property","nameof(DXO10CUI.EditBox.ImageMso)","String?","ImageMso","_ImageMso"
"D:\OneDrive\VS\Projects\DocxDocument\DocumentModel.InOpenXml\CustomUI\EditBox.cs","44","Property","nameof(DXO10CUI.EditBox.GetImage)","String?","GetImage","_GetImage"
"D:\OneDrive\VS\Projects\DocxDocument\DocumentModel.InOpenXml\CustomUI\EditBox.cs","51","Property","nameof(DXO10CUI.EditBox.MaxLength)","int?","MaxLength","_MaxLength"
"D:\OneDrive\VS\Projects\DocxDocument\DocumentModel.InOpenXml\CustomUI\EditBox.cs","58","Property","nameof(DXO10CUI.EditBox.GetText)","String?","GetText","_GetText"
"D:\OneDrive\VS\Projects\DocxDocument\DocumentModel.InOpenXml\CustomUI\EditBox.cs","65","Property","nameof(DXO10CUI.EditBox.OnChange)","String?","OnChange","_OnChange"
"D:\OneDrive\VS\Projects\DocxDocument\DocumentModel.InOpenXml\CustomUI\EditBox.cs","72","Property","nameof(DXO10CUI.EditBox.SizeString)","String?","SizeString","_SizeString"
"D:\OneDrive\VS\Projects\DocxDocument\DocumentModel.InOpenXml\CustomUI\EditBox.cs","79","Property","nameof(DXO10CUI.EditBox.Id)","String?","Id","_Id"
"D:\OneDrive\VS\Projects\DocxDocument\DocumentModel.InOpenXml\CustomUI\EditBox.cs","86","Property","nameof(DXO10CUI.EditBox.QualifiedId)","String?","QualifiedId","_QualifiedId"
"D:\OneDrive\VS\Projects\DocxDocument\DocumentModel.InOpenXml\CustomUI\EditBox.cs","93","Property","nameof(DXO10CUI.EditBox.Tag)","String?","Tag","_Tag"
"D:\OneDrive\VS\Projects\DocxDocument\DocumentModel.InOpenXml\CustomUI\EditBox.cs","100","Property","nameof(DXO10CUI.EditBox.IdMso)","String?","IdMso","_IdMso"
"D:\OneDrive\VS\Projects\DocxDocument\DocumentModel.InOpenXml\CustomUI\EditBox.cs","107","Property","nameof(DXO10CUI.EditBox.Screentip)","String?","Screentip","_Screentip"
"D:\OneDrive\VS\Projects\DocxDocument\DocumentModel.InOpenXml\CustomUI\EditBox.cs","114","Property","nameof(DXO10CUI.EditBox.GetScreentip)","String?","GetScreentip","_GetScreentip"
"D:\OneDrive\VS\Projects\DocxDocument\DocumentModel.InOpenXml\CustomUI\EditBox.cs","121","Property","nameof(DXO10CUI.EditBox.Supertip)","String?","Supertip","_Supertip"
"D:\OneDrive\VS\Projects\DocxDocument\DocumentModel.InOpenXml\CustomUI\EditBox.cs","128","Property","nameof(DXO10CUI.EditBox.GetSupertip)","String?","GetSupertip","_GetSupertip"
"D:\OneDrive\VS\Projects\DocxDocument\DocumentModel.InOpenXml\CustomUI\EditBox.cs","135","Property","nameof(DXO10CUI.EditBox.Label)","String?","Label","_Label"
"D:\OneDrive\VS\Projects\DocxDocument\DocumentModel.InOpenXml\CustomUI\EditBox.cs","142","Property","nameof(DXO10CUI.EditBox.GetLabel)","String?","GetLabel","_GetLabel"
"D:\OneDrive\VS\Projects\DocxDocument\DocumentModel.InOpenXml\CustomUI\EditBox.cs","149","Property","nameof(DXO10CUI.EditBox.InsertAfterMso)","String?","InsertAfterMso","_InsertAfterMso"
"D:\OneDrive\VS\Projects\DocxDocument\DocumentModel.InOpenXml\CustomUI\EditBox.cs","156","Property","nameof(DXO10CUI.EditBox.InsertBeforeMso)","String?","InsertBeforeMso","_InsertBeforeMso"
"D:\OneDrive\VS\Projects\DocxDocument\DocumentModel.InOpenXml\CustomUI\EditBox.cs","163","Property","nameof(DXO10CUI.EditBox.InsertAfterQulifiedId)","String?","InsertAfterQualifiedId","_InsertAfterQualifiedId"
"D:\OneDrive\VS\Projects\DocxDocument\DocumentModel.InOpenXml\CustomUI\EditBox.cs","170","Property","nameof(DXO10CUI.EditBox.InsertBeforeQulifiedId)","String?","InsertBeforeQualifiedId","_InsertBeforeQualifiedId"
"D:\OneDrive\VS\Projects\DocxDocument\DocumentModel.InOpenXml\CustomUI\EditBox.cs","177","Property","nameof(DXO10CUI.EditBox.Visible)","Boolean?","Visible","_Visible"
"D:\OneDrive\VS\Projects\DocxDocument\DocumentModel.InOpenXml\CustomUI\EditBox.cs","184","Property","nameof(DXO10CUI.EditBox.GetVisible)","String?","GetVisible","_GetVisible"
"D:\OneDrive\VS\Projects\DocxDocument\DocumentModel.InOpenXml\CustomUI\EditBox.cs","191","Property","nameof(DXO10CUI.EditBox.Keytip)","String?","Keytip","_Keytip"
"D:\OneDrive\VS\Projects\DocxDocument\DocumentModel.InOpenXml\CustomUI\EditBox.cs","198","Property","nameof(DXO10CUI.EditBox.GetKeytip)","String?","GetKeytip","_GetKeytip"
"D:\OneDrive\VS\Projects\DocxDocument\DocumentModel.InOpenXml\CustomUI\EditBox.cs","205","Property","nameof(DXO10CUI.EditBox.ShowLabel)","Boolean?","ShowLabel","_ShowLabel"
"D:\OneDrive\VS\Projects\DocxDocument\DocumentModel.InOpenXml\CustomUI\EditBox.cs","212","Property","nameof(DXO10CUI.EditBox.GetShowLabel)","String?","GetShowLabel","_GetShowLabel"
"D:\OneDrive\VS\Projects\DocxDocument\DocumentModel.InOpenXml\CustomUI\EditBox.cs","219","Property","nameof(DXO10CUI.EditBox.ShowImage)","Boolean?","ShowImage","_ShowImage"
"D:\OneDrive\VS\Projects\DocxDocument\DocumentModel.InOpenXml\CustomUI\EditBox.cs","226","Property","nameof(DXO10CUI.EditBox.GetShowImage)","String?","GetShowImage","_GetShowImage"
"D:\OneDrive\VS\Projects\DocxDocument\DocumentModel.InOpenXml\CustomUI\Gallery.cs","23","Property","nameof(DXO10CUI.Gallery.Size)","Size?","Size","_Size"
"D:\OneDrive\VS\Projects\DocxDocument\DocumentModel.InOpenXml\CustomUI\Gallery.cs","30","Property","nameof(DXO10CUI.Gallery.GetSize)","String?","GetSize","_GetSize"
"D:\OneDrive\VS\Projects\DocxDocument\DocumentModel.InOpenXml\CustomUI\Gallery.cs","37","Property","nameof(DXO10CUI.Gallery.Description)","String?","Description","_Description"
"D:\OneDrive\VS\Projects\DocxDocument\DocumentModel.InOpenXml\CustomUI\Gallery.cs","44","Property","nameof(DXO10CUI.Gallery.GetDescription)","String?","GetDescription","_GetDescription"
"D:\OneDrive\VS\Projects\DocxDocument\DocumentModel.InOpenXml\CustomUI\Gallery.cs","51","Property","nameof(DXO10CUI.Gallery.InvalidateContentOnDrop)","Boolean?","InvalidateContentOnDrop","_InvalidateContentOnDrop"
"D:\OneDrive\VS\Projects\DocxDocument\DocumentModel.InOpenXml\CustomUI\Gallery.cs","58","Property","nameof(DXO10CUI.Gallery.Columns)","int?","Columns","_Columns"
"D:\OneDrive\VS\Projects\DocxDocument\DocumentModel.InOpenXml\CustomUI\Gallery.cs","65","Property","nameof(DXO10CUI.Gallery.Rows)","int?","Rows","_Rows"
"D:\OneDrive\VS\Projects\DocxDocument\DocumentModel.InOpenXml\CustomUI\Gallery.cs","72","Property","nameof(DXO10CUI.Gallery.ItemWidth)","int?","ItemWidth","_ItemWidth"
"D:\OneDrive\VS\Projects\DocxDocument\DocumentModel.InOpenXml\CustomUI\Gallery.cs","79","Property","nameof(DXO10CUI.Gallery.ItemHeight)","int?","ItemHeight","_ItemHeight"
"D:\OneDrive\VS\Projects\DocxDocument\DocumentModel.InOpenXml\CustomUI\Gallery.cs","86","Property","nameof(DXO10CUI.Gallery.GetItemWidth)","String?","GetItemWidth","_GetItemWidth"
"D:\OneDrive\VS\Projects\DocxDocument\DocumentModel.InOpenXml\CustomUI\Gallery.cs","93","Property","nameof(DXO10CUI.Gallery.GetItemHeight)","String?","GetItemHeight","_GetItemHeight"
"D:\OneDrive\VS\Projects\DocxDocument\DocumentModel.InOpenXml\CustomUI\Gallery.cs","100","Property","nameof(DXO10CUI.Gallery.ShowItemLabel)","Boolean?","ShowItemLabel","_ShowItemLabel"
"D:\OneDrive\VS\Projects\DocxDocument\DocumentModel.InOpenXml\CustomUI\Gallery.cs","107","Property","nameof(DXO10CUI.Gallery.ShowInRibbon)","GalleryShowInRibbon?","ShowInRibbon","_ShowInRibbon"
"D:\OneDrive\VS\Projects\DocxDocument\DocumentModel.InOpenXml\CustomUI\Gallery.cs","114","Property","nameof(DXO10CUI.Gallery.OnAction)","String?","OnAction","_OnAction"
"D:\OneDrive\VS\Projects\DocxDocument\DocumentModel.InOpenXml\CustomUI\Gallery.cs","121","Property","nameof(DXO10CUI.Gallery.Enabled)","Boolean?","Enabled","_Enabled"
"D:\OneDrive\VS\Projects\DocxDocument\DocumentModel.InOpenXml\CustomUI\Gallery.cs","128","Property","nameof(DXO10CUI.Gallery.GetEnabled)","String?","GetEnabled","_GetEnabled"
"D:\OneDrive\VS\Projects\DocxDocument\DocumentModel.InOpenXml\CustomUI\Gallery.cs","135","Property","nameof(DXO10CUI.Gallery.Image)","String?","Image","_Image"
"D:\OneDrive\VS\Projects\DocxDocument\DocumentModel.InOpenXml\CustomUI\Gallery.cs","142","Property","nameof(DXO10CUI.Gallery.ImageMso)","String?","ImageMso","_ImageMso"
"D:\OneDrive\VS\Projects\DocxDocument\DocumentModel.InOpenXml\CustomUI\Gallery.cs","149","Property","nameof(DXO10CUI.Gallery.GetImage)","String?","GetImage","_GetImage"
"D:\OneDrive\VS\Projects\DocxDocument\DocumentModel.InOpenXml\CustomUI\Gallery.cs","156","Property","nameof(DXO10CUI.Gallery.ShowItemImage)","Boolean?","ShowItemImage","_ShowItemImage"
"D:\OneDrive\VS\Projects\DocxDocument\DocumentModel.InOpenXml\CustomUI\Gallery.cs","163","Property","nameof(DXO10CUI.Gallery.GetItemCount)","String?","GetItemCount","_GetItemCount"
"D:\OneDrive\VS\Projects\DocxDocument\DocumentModel.InOpenXml\CustomUI\Gallery.cs","170","Property","nameof(DXO10CUI.Gallery.GetItemLabel)","String?","GetItemLabel","_GetItemLabel"
"D:\OneDrive\VS\Projects\DocxDocument\DocumentModel.InOpenXml\CustomUI\Gallery.cs","177","Property","nameof(DXO10CUI.Gallery.GetItemScreentip)","String?","GetItemScreentip","_GetItemScreentip"
"D:\OneDrive\VS\Projects\DocxDocument\DocumentModel.InOpenXml\CustomUI\Gallery.cs","184","Property","nameof(DXO10CUI.Gallery.GetItemSupertip)","String?","GetItemSupertip","_GetItemSupertip"
"D:\OneDrive\VS\Projects\DocxDocument\DocumentModel.InOpenXml\CustomUI\Gallery.cs","191","Property","nameof(DXO10CUI.Gallery.GetItemImage)","String?","GetItemImage","_GetItemImage"
"D:\OneDrive\VS\Projects\DocxDocument\DocumentModel.InOpenXml\CustomUI\Gallery.cs","198","Property","nameof(DXO10CUI.Gallery.GetItemID)","String?","GetItemID","_GetItemID"
"D:\OneDrive\VS\Projects\DocxDocument\DocumentModel.InOpenXml\CustomUI\Gallery.cs","205","Property","nameof(DXO10CUI.Gallery.SizeString)","String?","SizeString","_SizeString"
"D:\OneDrive\VS\Projects\DocxDocument\DocumentModel.InOpenXml\CustomUI\Gallery.cs","212","Property","nameof(DXO10CUI.Gallery.GetSelectedItemID)","String?","GetSelectedItemID","_GetSelectedItemID"
"D:\OneDrive\VS\Projects\DocxDocument\DocumentModel.InOpenXml\CustomUI\Gallery.cs","219","Property","nameof(DXO10CUI.Gallery.GetSelectedItemIndex)","String?","GetSelectedItemIndex","_GetSelectedItemIndex"
"D:\OneDrive\VS\Projects\DocxDocument\DocumentModel.InOpenXml\CustomUI\Gallery.cs","226","Property","nameof(DXO10CUI.Gallery.Id)","String?","Id","_Id"
"D:\OneDrive\VS\Projects\DocxDocument\DocumentModel.InOpenXml\CustomUI\Gallery.cs","233","Property","nameof(DXO10CUI.Gallery.QualifiedId)","String?","QualifiedId","_QualifiedId"
"D:\OneDrive\VS\Projects\DocxDocument\DocumentModel.InOpenXml\CustomUI\Gallery.cs","240","Property","nameof(DXO10CUI.Gallery.Tag)","String?","Tag","_Tag"
"D:\OneDrive\VS\Projects\DocxDocument\DocumentModel.InOpenXml\CustomUI\Gallery.cs","247","Property","nameof(DXO10CUI.Gallery.IdMso)","String?","IdMso","_IdMso"
"D:\OneDrive\VS\Projects\DocxDocument\DocumentModel.InOpenXml\CustomUI\Gallery.cs","254","Property","nameof(DXO10CUI.Gallery.Screentip)","String?","Screentip","_Screentip"
"D:\OneDrive\VS\Projects\DocxDocument\DocumentModel.InOpenXml\CustomUI\Gallery.cs","261","Property","nameof(DXO10CUI.Gallery.GetScreentip)","String?","GetScreentip","_GetScreentip"
"D:\OneDrive\VS\Projects\DocxDocument\DocumentModel.InOpenXml\CustomUI\Gallery.cs","268","Property","nameof(DXO10CUI.Gallery.Supertip)","String?","Supertip","_Supertip"
"D:\OneDrive\VS\Projects\DocxDocument\DocumentModel.InOpenXml\CustomUI\Gallery.cs","275","Property","nameof(DXO10CUI.Gallery.GetSupertip)","String?","GetSupertip","_GetSupertip"
"D:\OneDrive\VS\Projects\DocxDocument\DocumentModel.InOpenXml\CustomUI\Gallery.cs","282","Property","nameof(DXO10CUI.Gallery.Label)","String?","Label","_Label"
"D:\OneDrive\VS\Projects\DocxDocument\DocumentModel.InOpenXml\CustomUI\Gallery.cs","289","Property","nameof(DXO10CUI.Gallery.GetLabel)","String?","GetLabel","_GetLabel"
"D:\OneDrive\VS\Projects\DocxDocument\DocumentModel.InOpenXml\CustomUI\Gallery.cs","296","Property","nameof(DXO10CUI.Gallery.InsertAfterMso)","String?","InsertAfterMso","_InsertAfterMso"
"D:\OneDrive\VS\Projects\DocxDocument\DocumentModel.InOpenXml\CustomUI\Gallery.cs","303","Property","nameof(DXO10CUI.Gallery.InsertBeforeMso)","String?","InsertBeforeMso","_InsertBeforeMso"
"D:\OneDrive\VS\Projects\DocxDocument\DocumentModel.InOpenXml\CustomUI\Gallery.cs","310","Property","nameof(DXO10CUI.Gallery.InsertAfterQulifiedId)","String?","InsertAfterQualifiedId","_InsertAfterQualifiedId"
"D:\OneDrive\VS\Projects\DocxDocument\DocumentModel.InOpenXml\CustomUI\Gallery.cs","317","Property","nameof(DXO10CUI.Gallery.InsertBeforeQulifiedId)","String?","InsertBeforeQualifiedId","_InsertBeforeQualifiedId"
"D:\OneDrive\VS\Projects\DocxDocument\DocumentModel.InOpenXml\CustomUI\Gallery.cs","324","Property","nameof(DXO10CUI.Gallery.Visible)","Boolean?","Visible","_Visible"
"D:\OneDrive\VS\Projects\DocxDocument\DocumentModel.InOpenXml\CustomUI\Gallery.cs","331","Property","nameof(DXO10CUI.Gallery.GetVisible)","String?","GetVisible","_GetVisible"
"D:\OneDrive\VS\Projects\DocxDocument\DocumentModel.InOpenXml\CustomUI\Gallery.cs","338","Property","nameof(DXO10CUI.Gallery.Keytip)","String?","Keytip","_Keytip"
"D:\OneDrive\VS\Projects\DocxDocument\DocumentModel.InOpenXml\CustomUI\Gallery.cs","345","Property","nameof(DXO10CUI.Gallery.GetKeytip)","String?","GetKeytip","_GetKeytip"
"D:\OneDrive\VS\Projects\DocxDocument\DocumentModel.InOpenXml\CustomUI\Gallery.cs","352","Property","nameof(DXO10CUI.Gallery.ShowLabel)","Boolean?","ShowLabel","_ShowLabel"
"D:\OneDrive\VS\Projects\DocxDocument\DocumentModel.InOpenXml\CustomUI\Gallery.cs","359","Property","nameof(DXO10CUI.Gallery.GetShowLabel)","String?","GetShowLabel","_GetShowLabel"
"D:\OneDrive\VS\Projects\DocxDocument\DocumentModel.InOpenXml\CustomUI\Gallery.cs","366","Property","nameof(DXO10CUI.Gallery.ShowImage)","Boolean?","ShowImage","_ShowImage"
"D:\OneDrive\VS\Projects\DocxDocument\DocumentModel.InOpenXml\CustomUI\Gallery.cs","373","Property","nameof(DXO10CUI.Gallery.GetShowImage)","String?","GetShowImage","_GetShowImage"
"D:\OneDrive\VS\Projects\DocxDocument\DocumentModel.InOpenXml\CustomUI\GalleryRegular.cs","23","Property","nameof(DXO10CUI.GalleryRegular.Description)","String?","Description","_Description"
"D:\OneDrive\VS\Projects\DocxDocument\DocumentModel.InOpenXml\CustomUI\GalleryRegular.cs","30","Property","nameof(DXO10CUI.GalleryRegular.GetDescription)","String?","GetDescription","_GetDescription"
"D:\OneDrive\VS\Projects\DocxDocument\DocumentModel.InOpenXml\CustomUI\GalleryRegular.cs","37","Property","nameof(DXO10CUI.GalleryRegular.InvalidateContentOnDrop)","Boolean?","InvalidateContentOnDrop","_InvalidateContentOnDrop"
"D:\OneDrive\VS\Projects\DocxDocument\DocumentModel.InOpenXml\CustomUI\GalleryRegular.cs","44","Property","nameof(DXO10CUI.GalleryRegular.Columns)","int?","Columns","_Columns"
"D:\OneDrive\VS\Projects\DocxDocument\DocumentModel.InOpenXml\CustomUI\GalleryRegular.cs","51","Property","nameof(DXO10CUI.GalleryRegular.Rows)","int?","Rows","_Rows"
"D:\OneDrive\VS\Projects\DocxDocument\DocumentModel.InOpenXml\CustomUI\GalleryRegular.cs","58","Property","nameof(DXO10CUI.GalleryRegular.ItemWidth)","int?","ItemWidth","_ItemWidth"
"D:\OneDrive\VS\Projects\DocxDocument\DocumentModel.InOpenXml\CustomUI\GalleryRegular.cs","65","Property","nameof(DXO10CUI.GalleryRegular.ItemHeight)","int?","ItemHeight","_ItemHeight"
"D:\OneDrive\VS\Projects\DocxDocument\DocumentModel.InOpenXml\CustomUI\GalleryRegular.cs","72","Property","nameof(DXO10CUI.GalleryRegular.GetItemWidth)","String?","GetItemWidth","_GetItemWidth"
"D:\OneDrive\VS\Projects\DocxDocument\DocumentModel.InOpenXml\CustomUI\GalleryRegular.cs","79","Property","nameof(DXO10CUI.GalleryRegular.GetItemHeight)","String?","GetItemHeight","_GetItemHeight"
"D:\OneDrive\VS\Projects\DocxDocument\DocumentModel.InOpenXml\CustomUI\GalleryRegular.cs","86","Property","nameof(DXO10CUI.GalleryRegular.ShowItemLabel)","Boolean?","ShowItemLabel","_ShowItemLabel"
"D:\OneDrive\VS\Projects\DocxDocument\DocumentModel.InOpenXml\CustomUI\GalleryRegular.cs","93","Property","nameof(DXO10CUI.GalleryRegular.ShowInRibbon)","GalleryShowInRibbon?","ShowInRibbon","_ShowInRibbon"
"D:\OneDrive\VS\Projects\DocxDocument\DocumentModel.InOpenXml\CustomUI\GalleryRegular.cs","100","Property","nameof(DXO10CUI.GalleryRegular.OnAction)","String?","OnAction","_OnAction"
"D:\OneDrive\VS\Projects\DocxDocument\DocumentModel.InOpenXml\CustomUI\GalleryRegular.cs","107","Property","nameof(DXO10CUI.GalleryRegular.Enabled)","Boolean?","Enabled","_Enabled"
"D:\OneDrive\VS\Projects\DocxDocument\DocumentModel.InOpenXml\CustomUI\GalleryRegular.cs","114","Property","nameof(DXO10CUI.GalleryRegular.GetEnabled)","String?","GetEnabled","_GetEnabled"
"D:\OneDrive\VS\Projects\DocxDocument\DocumentModel.InOpenXml\CustomUI\GalleryRegular.cs","121","Property","nameof(DXO10CUI.GalleryRegular.Image)","String?","Image","_Image"
"D:\OneDrive\VS\Projects\DocxDocument\DocumentModel.InOpenXml\CustomUI\GalleryRegular.cs","128","Property","nameof(DXO10CUI.GalleryRegular.ImageMso)","String?","ImageMso","_ImageMso"
"D:\OneDrive\VS\Projects\DocxDocument\DocumentModel.InOpenXml\CustomUI\GalleryRegular.cs","135","Property","nameof(DXO10CUI.GalleryRegular.GetImage)","String?","GetImage","_GetImage"
"D:\OneDrive\VS\Projects\DocxDocument\DocumentModel.InOpenXml\CustomUI\GalleryRegular.cs","142","Property","nameof(DXO10CUI.GalleryRegular.ShowItemImage)","Boolean?","ShowItemImage","_ShowItemImage"
"D:\OneDrive\VS\Projects\DocxDocument\DocumentModel.InOpenXml\CustomUI\GalleryRegular.cs","149","Property","nameof(DXO10CUI.GalleryRegular.GetItemCount)","String?","GetItemCount","_GetItemCount"
"D:\OneDrive\VS\Projects\DocxDocument\DocumentModel.InOpenXml\CustomUI\GalleryRegular.cs","156","Property","nameof(DXO10CUI.GalleryRegular.GetItemLabel)","String?","GetItemLabel","_GetItemLabel"
"D:\OneDrive\VS\Projects\DocxDocument\DocumentModel.InOpenXml\CustomUI\GalleryRegular.cs","163","Property","nameof(DXO10CUI.GalleryRegular.GetItemScreentip)","String?","GetItemScreentip","_GetItemScreentip"
"D:\OneDrive\VS\Projects\DocxDocument\DocumentModel.InOpenXml\CustomUI\GalleryRegular.cs","170","Property","nameof(DXO10CUI.GalleryRegular.GetItemSupertip)","String?","GetItemSupertip","_GetItemSupertip"
"D:\OneDrive\VS\Projects\DocxDocument\DocumentModel.InOpenXml\CustomUI\GalleryRegular.cs","177","Property","nameof(DXO10CUI.GalleryRegular.GetItemImage)","String?","GetItemImage","_GetItemImage"
"D:\OneDrive\VS\Projects\DocxDocument\DocumentModel.InOpenXml\CustomUI\GalleryRegular.cs","184","Property","nameof(DXO10CUI.GalleryRegular.GetItemID)","String?","GetItemID","_GetItemID"
"D:\OneDrive\VS\Projects\DocxDocument\DocumentModel.InOpenXml\CustomUI\GalleryRegular.cs","191","Property","nameof(DXO10CUI.GalleryRegular.SizeString)","String?","SizeString","_SizeString"
"D:\OneDrive\VS\Projects\DocxDocument\DocumentModel.InOpenXml\CustomUI\GalleryRegular.cs","198","Property","nameof(DXO10CUI.GalleryRegular.GetSelectedItemID)","String?","GetSelectedItemID","_GetSelectedItemID"
"D:\OneDrive\VS\Projects\DocxDocument\DocumentModel.InOpenXml\CustomUI\GalleryRegular.cs","205","Property","nameof(DXO10CUI.GalleryRegular.GetSelectedItemIndex)","String?","GetSelectedItemIndex","_GetSelectedItemIndex"
"D:\OneDrive\VS\Projects\DocxDocument\DocumentModel.InOpenXml\CustomUI\GalleryRegular.cs","212","Property","nameof(DXO10CUI.GalleryRegular.Id)","String?","Id","_Id"
"D:\OneDrive\VS\Projects\DocxDocument\DocumentModel.InOpenXml\CustomUI\GalleryRegular.cs","219","Property","nameof(DXO10CUI.GalleryRegular.QualifiedId)","String?","QualifiedId","_QualifiedId"
"D:\OneDrive\VS\Projects\DocxDocument\DocumentModel.InOpenXml\CustomUI\GalleryRegular.cs","226","Property","nameof(DXO10CUI.GalleryRegular.Tag)","String?","Tag","_Tag"
"D:\OneDrive\VS\Projects\DocxDocument\DocumentModel.InOpenXml\CustomUI\GalleryRegular.cs","233","Property","nameof(DXO10CUI.GalleryRegular.IdMso)","String?","IdMso","_IdMso"
"D:\OneDrive\VS\Projects\DocxDocument\DocumentModel.InOpenXml\CustomUI\GalleryRegular.cs","240","Property","nameof(DXO10CUI.GalleryRegular.Screentip)","String?","Screentip","_Screentip"
"D:\OneDrive\VS\Projects\DocxDocument\DocumentModel.InOpenXml\CustomUI\GalleryRegular.cs","247","Property","nameof(DXO10CUI.GalleryRegular.GetScreentip)","String?","GetScreentip","_GetScreentip"
"D:\OneDrive\VS\Projects\DocxDocument\DocumentModel.InOpenXml\CustomUI\GalleryRegular.cs","254","Property","nameof(DXO10CUI.GalleryRegular.Supertip)","String?","Supertip","_Supertip"
"D:\OneDrive\VS\Projects\DocxDocument\DocumentModel.InOpenXml\CustomUI\GalleryRegular.cs","261","Property","nameof(DXO10CUI.GalleryRegular.GetSupertip)","String?","GetSupertip","_GetSupertip"
"D:\OneDrive\VS\Projects\DocxDocument\DocumentModel.InOpenXml\CustomUI\GalleryRegular.cs","268","Property","nameof(DXO10CUI.GalleryRegular.Label)","String?","Label","_Label"
"D:\OneDrive\VS\Projects\DocxDocument\DocumentModel.InOpenXml\CustomUI\GalleryRegular.cs","275","Property","nameof(DXO10CUI.GalleryRegular.GetLabel)","String?","GetLabel","_GetLabel"
"D:\OneDrive\VS\Projects\DocxDocument\DocumentModel.InOpenXml\CustomUI\GalleryRegular.cs","282","Property","nameof(DXO10CUI.GalleryRegular.InsertAfterMso)","String?","InsertAfterMso","_InsertAfterMso"
"D:\OneDrive\VS\Projects\DocxDocument\DocumentModel.InOpenXml\CustomUI\GalleryRegular.cs","289","Property","nameof(DXO10CUI.GalleryRegular.InsertBeforeMso)","String?","InsertBeforeMso","_InsertBeforeMso"
"D:\OneDrive\VS\Projects\DocxDocument\DocumentModel.InOpenXml\CustomUI\GalleryRegular.cs","296","Property","nameof(DXO10CUI.GalleryRegular.InsertAfterQulifiedId)","String?","InsertAfterQualifiedId","_InsertAfterQualifiedId"
"D:\OneDrive\VS\Projects\DocxDocument\DocumentModel.InOpenXml\CustomUI\GalleryRegular.cs","303","Property","nameof(DXO10CUI.GalleryRegular.InsertBeforeQulifiedId)","String?","InsertBeforeQualifiedId","_InsertBeforeQualifiedId"
"D:\OneDrive\VS\Projects\DocxDocument\DocumentModel.InOpenXml\CustomUI\GalleryRegular.cs","310","Property","nameof(DXO10CUI.GalleryRegular.Visible)","Boolean?","Visible","_Visible"
"D:\OneDrive\VS\Projects\DocxDocument\DocumentModel.InOpenXml\CustomUI\GalleryRegular.cs","317","Property","nameof(DXO10CUI.GalleryRegular.GetVisible)","String?","GetVisible","_GetVisible"
"D:\OneDrive\VS\Projects\DocxDocument\DocumentModel.InOpenXml\CustomUI\GalleryRegular.cs","324","Property","nameof(DXO10CUI.GalleryRegular.Keytip)","String?","Keytip","_Keytip"
"D:\OneDrive\VS\Projects\DocxDocument\DocumentModel.InOpenXml\CustomUI\GalleryRegular.cs","331","Property","nameof(DXO10CUI.GalleryRegular.GetKeytip)","String?","GetKeytip","_GetKeytip"
"D:\OneDrive\VS\Projects\DocxDocument\DocumentModel.InOpenXml\CustomUI\GalleryRegular.cs","338","Property","nameof(DXO10CUI.GalleryRegular.ShowLabel)","Boolean?","ShowLabel","_ShowLabel"
"D:\OneDrive\VS\Projects\DocxDocument\DocumentModel.InOpenXml\CustomUI\GalleryRegular.cs","345","Property","nameof(DXO10CUI.GalleryRegular.GetShowLabel)","String?","GetShowLabel","_GetShowLabel"
"D:\OneDrive\VS\Projects\DocxDocument\DocumentModel.InOpenXml\CustomUI\GalleryRegular.cs","352","Property","nameof(DXO10CUI.GalleryRegular.ShowImage)","Boolean?","ShowImage","_ShowImage"
"D:\OneDrive\VS\Projects\DocxDocument\DocumentModel.InOpenXml\CustomUI\GalleryRegular.cs","359","Property","nameof(DXO10CUI.GalleryRegular.GetShowImage)","String?","GetShowImage","_GetShowImage"
"D:\OneDrive\VS\Projects\DocxDocument\DocumentModel.InOpenXml\CustomUI\Group.cs","37","Property","nameof(DXO10CUI.Group.Id)","String?","Id","_Id"
"D:\OneDrive\VS\Projects\DocxDocument\DocumentModel.InOpenXml\CustomUI\Group.cs","44","Property","nameof(DXO10CUI.Group.QualifiedId)","String?","QualifiedId","_QualifiedId"
"D:\OneDrive\VS\Projects\DocxDocument\DocumentModel.InOpenXml\CustomUI\Group.cs","51","Property","nameof(DXO10CUI.Group.Tag)","String?","Tag","_Tag"
"D:\OneDrive\VS\Projects\DocxDocument\DocumentModel.InOpenXml\CustomUI\Group.cs","58","Property","nameof(DXO10CUI.Group.IdMso)","String?","IdMso","_IdMso"
"D:\OneDrive\VS\Projects\DocxDocument\DocumentModel.InOpenXml\CustomUI\Group.cs","65","Property","nameof(DXO10CUI.Group.Label)","String?","Label","_Label"
"D:\OneDrive\VS\Projects\DocxDocument\DocumentModel.InOpenXml\CustomUI\Group.cs","72","Property","nameof(DXO10CUI.Group.GetLabel)","String?","GetLabel","_GetLabel"
"D:\OneDrive\VS\Projects\DocxDocument\DocumentModel.InOpenXml\CustomUI\Group.cs","79","Property","nameof(DXO10CUI.Group.Image)","String?","Image","_Image"
"D:\OneDrive\VS\Projects\DocxDocument\DocumentModel.InOpenXml\CustomUI\Group.cs","86","Property","nameof(DXO10CUI.Group.ImageMso)","String?","ImageMso","_ImageMso"
"D:\OneDrive\VS\Projects\DocxDocument\DocumentModel.InOpenXml\CustomUI\Group.cs","93","Property","nameof(DXO10CUI.Group.GetImage)","String?","GetImage","_GetImage"
"D:\OneDrive\VS\Projects\DocxDocument\DocumentModel.InOpenXml\CustomUI\Group.cs","100","Property","nameof(DXO10CUI.Group.InsertAfterMso)","String?","InsertAfterMso","_InsertAfterMso"
"D:\OneDrive\VS\Projects\DocxDocument\DocumentModel.InOpenXml\CustomUI\Group.cs","107","Property","nameof(DXO10CUI.Group.InsertBeforeMso)","String?","InsertBeforeMso","_InsertBeforeMso"
"D:\OneDrive\VS\Projects\DocxDocument\DocumentModel.InOpenXml\CustomUI\Group.cs","114","Property","nameof(DXO10CUI.Group.InsertAfterQulifiedId)","String?","InsertAfterQualifiedId","_InsertAfterQualifiedId"
"D:\OneDrive\VS\Projects\DocxDocument\DocumentModel.InOpenXml\CustomUI\Group.cs","121","Property","nameof(DXO10CUI.Group.InsertBeforeQulifiedId)","String?","InsertBeforeQualifiedId","_InsertBeforeQualifiedId"
"D:\OneDrive\VS\Projects\DocxDocument\DocumentModel.InOpenXml\CustomUI\Group.cs","128","Property","nameof(DXO10CUI.Group.Screentip)","String?","Screentip","_Screentip"
"D:\OneDrive\VS\Projects\DocxDocument\DocumentModel.InOpenXml\CustomUI\Group.cs","135","Property","nameof(DXO10CUI.Group.GetScreentip)","String?","GetScreentip","_GetScreentip"
"D:\OneDrive\VS\Projects\DocxDocument\DocumentModel.InOpenXml\CustomUI\Group.cs","142","Property","nameof(DXO10CUI.Group.Supertip)","String?","Supertip","_Supertip"
"D:\OneDrive\VS\Projects\DocxDocument\DocumentModel.InOpenXml\CustomUI\Group.cs","149","Property","nameof(DXO10CUI.Group.GetSupertip)","String?","GetSupertip","_GetSupertip"
"D:\OneDrive\VS\Projects\DocxDocument\DocumentModel.InOpenXml\CustomUI\Group.cs","156","Property","nameof(DXO10CUI.Group.Visible)","Boolean?","Visible","_Visible"
"D:\OneDrive\VS\Projects\DocxDocument\DocumentModel.InOpenXml\CustomUI\Group.cs","163","Property","nameof(DXO10CUI.Group.GetVisible)","String?","GetVisible","_GetVisible"
"D:\OneDrive\VS\Projects\DocxDocument\DocumentModel.InOpenXml\CustomUI\Group.cs","170","Property","nameof(DXO10CUI.Group.Keytip)","String?","Keytip","_Keytip"
"D:\OneDrive\VS\Projects\DocxDocument\DocumentModel.InOpenXml\CustomUI\Group.cs","177","Property","nameof(DXO10CUI.Group.GetKeytip)","String?","GetKeytip","_GetKeytip"
"D:\OneDrive\VS\Projects\DocxDocument\DocumentModel.InOpenXml\CustomUI\Group.cs","184","Property","nameof(DXO10CUI.Group.AutoScale)","Boolean?","AutoScale","_AutoScale"
"D:\OneDrive\VS\Projects\DocxDocument\DocumentModel.InOpenXml\CustomUI\Group.cs","191","Property","nameof(DXO10CUI.Group.CenterVertically)","Boolean?","CenterVertically","_CenterVertically"
"D:\OneDrive\VS\Projects\DocxDocument\DocumentModel.InOpenXml\CustomUI\GroupBox.cs","32","Property","nameof(DXO10CUI.GroupBox.Id)","String?","Id","_Id"
"D:\OneDrive\VS\Projects\DocxDocument\DocumentModel.InOpenXml\CustomUI\GroupBox.cs","39","Property","nameof(DXO10CUI.GroupBox.QualifiedId)","String?","QualifiedId","_QualifiedId"
"D:\OneDrive\VS\Projects\DocxDocument\DocumentModel.InOpenXml\CustomUI\GroupBox.cs","46","Property","nameof(DXO10CUI.GroupBox.Tag)","String?","Tag","_Tag"
"D:\OneDrive\VS\Projects\DocxDocument\DocumentModel.InOpenXml\CustomUI\GroupBox.cs","53","Property","nameof(DXO10CUI.GroupBox.Expand)","Expand?","Expand","_Expand"
"D:\OneDrive\VS\Projects\DocxDocument\DocumentModel.InOpenXml\CustomUI\GroupBox.cs","60","Property","nameof(DXO10CUI.GroupBox.Label)","String?","Label","_Label"
"D:\OneDrive\VS\Projects\DocxDocument\DocumentModel.InOpenXml\CustomUI\GroupBox.cs","67","Property","nameof(DXO10CUI.GroupBox.GetLabel)","String?","GetLabel","_GetLabel"
"D:\OneDrive\VS\Projects\DocxDocument\DocumentModel.InOpenXml\CustomUI\Hyperlink.cs","16","Property","nameof(DXO10CUI.Hyperlink.Id)","String?","Id","_Id"
"D:\OneDrive\VS\Projects\DocxDocument\DocumentModel.InOpenXml\CustomUI\Hyperlink.cs","23","Property","nameof(DXO10CUI.Hyperlink.QualifiedId)","String?","QualifiedId","_QualifiedId"
"D:\OneDrive\VS\Projects\DocxDocument\DocumentModel.InOpenXml\CustomUI\Hyperlink.cs","30","Property","nameof(DXO10CUI.Hyperlink.Tag)","String?","Tag","_Tag"
"D:\OneDrive\VS\Projects\DocxDocument\DocumentModel.InOpenXml\CustomUI\Hyperlink.cs","37","Property","nameof(DXO10CUI.Hyperlink.AlignLabel)","Expand?","AlignLabel","_AlignLabel"
"D:\OneDrive\VS\Projects\DocxDocument\DocumentModel.InOpenXml\CustomUI\Hyperlink.cs","44","Property","nameof(DXO10CUI.Hyperlink.Expand)","Expand?","Expand","_Expand"
"D:\OneDrive\VS\Projects\DocxDocument\DocumentModel.InOpenXml\CustomUI\Hyperlink.cs","51","Property","nameof(DXO10CUI.Hyperlink.Enabled)","Boolean?","Enabled","_Enabled"
"D:\OneDrive\VS\Projects\DocxDocument\DocumentModel.InOpenXml\CustomUI\Hyperlink.cs","58","Property","nameof(DXO10CUI.Hyperlink.GetEnabled)","String?","GetEnabled","_GetEnabled"
"D:\OneDrive\VS\Projects\DocxDocument\DocumentModel.InOpenXml\CustomUI\Hyperlink.cs","65","Property","nameof(DXO10CUI.Hyperlink.Visible)","Boolean?","Visible","_Visible"
"D:\OneDrive\VS\Projects\DocxDocument\DocumentModel.InOpenXml\CustomUI\Hyperlink.cs","72","Property","nameof(DXO10CUI.Hyperlink.GetVisible)","String?","GetVisible","_GetVisible"
"D:\OneDrive\VS\Projects\DocxDocument\DocumentModel.InOpenXml\CustomUI\Hyperlink.cs","79","Property","nameof(DXO10CUI.Hyperlink.Keytip)","String?","Keytip","_Keytip"
"D:\OneDrive\VS\Projects\DocxDocument\DocumentModel.InOpenXml\CustomUI\Hyperlink.cs","86","Property","nameof(DXO10CUI.Hyperlink.GetKeytip)","String?","GetKeytip","_GetKeytip"
"D:\OneDrive\VS\Projects\DocxDocument\DocumentModel.InOpenXml\CustomUI\Hyperlink.cs","93","Property","nameof(DXO10CUI.Hyperlink.Label)","String?","Label","_Label"
"D:\OneDrive\VS\Projects\DocxDocument\DocumentModel.InOpenXml\CustomUI\Hyperlink.cs","100","Property","nameof(DXO10CUI.Hyperlink.GetLabel)","String?","GetLabel","_GetLabel"
"D:\OneDrive\VS\Projects\DocxDocument\DocumentModel.InOpenXml\CustomUI\Hyperlink.cs","107","Property","nameof(DXO10CUI.Hyperlink.OnAction)","String?","OnAction","_OnAction"
"D:\OneDrive\VS\Projects\DocxDocument\DocumentModel.InOpenXml\CustomUI\Hyperlink.cs","114","Property","nameof(DXO10CUI.Hyperlink.Image)","String?","Image","_Image"
"D:\OneDrive\VS\Projects\DocxDocument\DocumentModel.InOpenXml\CustomUI\Hyperlink.cs","121","Property","nameof(DXO10CUI.Hyperlink.ImageMso)","String?","ImageMso","_ImageMso"
"D:\OneDrive\VS\Projects\DocxDocument\DocumentModel.InOpenXml\CustomUI\Hyperlink.cs","128","Property","nameof(DXO10CUI.Hyperlink.GetImage)","String?","GetImage","_GetImage"
"D:\OneDrive\VS\Projects\DocxDocument\DocumentModel.InOpenXml\CustomUI\Hyperlink.cs","135","Property","nameof(DXO10CUI.Hyperlink.Screentip)","String?","Screentip","_Screentip"
"D:\OneDrive\VS\Projects\DocxDocument\DocumentModel.InOpenXml\CustomUI\Hyperlink.cs","142","Property","nameof(DXO10CUI.Hyperlink.GetScreentip)","String?","GetScreentip","_GetScreentip"
"D:\OneDrive\VS\Projects\DocxDocument\DocumentModel.InOpenXml\CustomUI\Hyperlink.cs","149","Property","nameof(DXO10CUI.Hyperlink.Supertip)","String?","Supertip","_Supertip"
"D:\OneDrive\VS\Projects\DocxDocument\DocumentModel.InOpenXml\CustomUI\Hyperlink.cs","156","Property","nameof(DXO10CUI.Hyperlink.GetSupertip)","String?","GetSupertip","_GetSupertip"
"D:\OneDrive\VS\Projects\DocxDocument\DocumentModel.InOpenXml\CustomUI\Hyperlink.cs","163","Property","nameof(DXO10CUI.Hyperlink.Target)","String?","Target","_Target"
"D:\OneDrive\VS\Projects\DocxDocument\DocumentModel.InOpenXml\CustomUI\Hyperlink.cs","170","Property","nameof(DXO10CUI.Hyperlink.GetTarget)","String?","GetTarget","_GetTarget"
"D:\OneDrive\VS\Projects\DocxDocument\DocumentModel.InOpenXml\CustomUI\ImageControl.cs","16","Property","nameof(DXO10CUI.ImageControl.Id)","String?","Id","_Id"
"D:\OneDrive\VS\Projects\DocxDocument\DocumentModel.InOpenXml\CustomUI\ImageControl.cs","23","Property","nameof(DXO10CUI.ImageControl.QualifiedId)","String?","QualifiedId","_QualifiedId"
"D:\OneDrive\VS\Projects\DocxDocument\DocumentModel.InOpenXml\CustomUI\ImageControl.cs","30","Property","nameof(DXO10CUI.ImageControl.Tag)","String?","Tag","_Tag"
"D:\OneDrive\VS\Projects\DocxDocument\DocumentModel.InOpenXml\CustomUI\ImageControl.cs","37","Property","nameof(DXO10CUI.ImageControl.Enabled)","Boolean?","Enabled","_Enabled"
"D:\OneDrive\VS\Projects\DocxDocument\DocumentModel.InOpenXml\CustomUI\ImageControl.cs","44","Property","nameof(DXO10CUI.ImageControl.GetEnabled)","String?","GetEnabled","_GetEnabled"
"D:\OneDrive\VS\Projects\DocxDocument\DocumentModel.InOpenXml\CustomUI\ImageControl.cs","51","Property","nameof(DXO10CUI.ImageControl.Visible)","Boolean?","Visible","_Visible"
"D:\OneDrive\VS\Projects\DocxDocument\DocumentModel.InOpenXml\CustomUI\ImageControl.cs","58","Property","nameof(DXO10CUI.ImageControl.GetVisible)","String?","GetVisible","_GetVisible"
"D:\OneDrive\VS\Projects\DocxDocument\DocumentModel.InOpenXml\CustomUI\ImageControl.cs","65","Property","nameof(DXO10CUI.ImageControl.Image)","String?","Image","_Image"
"D:\OneDrive\VS\Projects\DocxDocument\DocumentModel.InOpenXml\CustomUI\ImageControl.cs","72","Property","nameof(DXO10CUI.ImageControl.ImageMso)","String?","ImageMso","_ImageMso"
"D:\OneDrive\VS\Projects\DocxDocument\DocumentModel.InOpenXml\CustomUI\ImageControl.cs","79","Property","nameof(DXO10CUI.ImageControl.GetImage)","String?","GetImage","_GetImage"
"D:\OneDrive\VS\Projects\DocxDocument\DocumentModel.InOpenXml\CustomUI\ImageControl.cs","86","Property","nameof(DXO10CUI.ImageControl.AltText)","String?","AltText","_AltText"
"D:\OneDrive\VS\Projects\DocxDocument\DocumentModel.InOpenXml\CustomUI\ImageControl.cs","93","Property","nameof(DXO10CUI.ImageControl.GetAltText)","String?","GetAltText","_GetAltText"
"D:\OneDrive\VS\Projects\DocxDocument\DocumentModel.InOpenXml\CustomUI\Item.cs","16","Property","nameof(DXO10CUI.Item.Id)","String?","Id","_Id"
"D:\OneDrive\VS\Projects\DocxDocument\DocumentModel.InOpenXml\CustomUI\Item.cs","23","Property","nameof(DXO10CUI.Item.Label)","String?","Label","_Label"
"D:\OneDrive\VS\Projects\DocxDocument\DocumentModel.InOpenXml\CustomUI\Item.cs","30","Property","nameof(DXO10CUI.Item.Image)","String?","Image","_Image"
"D:\OneDrive\VS\Projects\DocxDocument\DocumentModel.InOpenXml\CustomUI\Item.cs","37","Property","nameof(DXO10CUI.Item.ImageMso)","String?","ImageMso","_ImageMso"
"D:\OneDrive\VS\Projects\DocxDocument\DocumentModel.InOpenXml\CustomUI\Item.cs","44","Property","nameof(DXO10CUI.Item.Screentip)","String?","Screentip","_Screentip"
"D:\OneDrive\VS\Projects\DocxDocument\DocumentModel.InOpenXml\CustomUI\Item.cs","51","Property","nameof(DXO10CUI.Item.Supertip)","String?","Supertip","_Supertip"
"D:\OneDrive\VS\Projects\DocxDocument\DocumentModel.InOpenXml\CustomUI\LabelControl.cs","16","Property","nameof(DXO10CUI.LabelControl.Id)","String?","Id","_Id"
"D:\OneDrive\VS\Projects\DocxDocument\DocumentModel.InOpenXml\CustomUI\LabelControl.cs","23","Property","nameof(DXO10CUI.LabelControl.QualifiedId)","String?","QualifiedId","_QualifiedId"
"D:\OneDrive\VS\Projects\DocxDocument\DocumentModel.InOpenXml\CustomUI\LabelControl.cs","30","Property","nameof(DXO10CUI.LabelControl.Tag)","String?","Tag","_Tag"
"D:\OneDrive\VS\Projects\DocxDocument\DocumentModel.InOpenXml\CustomUI\LabelControl.cs","37","Property","nameof(DXO10CUI.LabelControl.IdMso)","String?","IdMso","_IdMso"
"D:\OneDrive\VS\Projects\DocxDocument\DocumentModel.InOpenXml\CustomUI\LabelControl.cs","44","Property","nameof(DXO10CUI.LabelControl.Screentip)","String?","Screentip","_Screentip"
"D:\OneDrive\VS\Projects\DocxDocument\DocumentModel.InOpenXml\CustomUI\LabelControl.cs","51","Property","nameof(DXO10CUI.LabelControl.GetScreentip)","String?","GetScreentip","_GetScreentip"
"D:\OneDrive\VS\Projects\DocxDocument\DocumentModel.InOpenXml\CustomUI\LabelControl.cs","58","Property","nameof(DXO10CUI.LabelControl.Supertip)","String?","Supertip","_Supertip"
"D:\OneDrive\VS\Projects\DocxDocument\DocumentModel.InOpenXml\CustomUI\LabelControl.cs","65","Property","nameof(DXO10CUI.LabelControl.GetSupertip)","String?","GetSupertip","_GetSupertip"
"D:\OneDrive\VS\Projects\DocxDocument\DocumentModel.InOpenXml\CustomUI\LabelControl.cs","72","Property","nameof(DXO10CUI.LabelControl.Enabled)","Boolean?","Enabled","_Enabled"
"D:\OneDrive\VS\Projects\DocxDocument\DocumentModel.InOpenXml\CustomUI\LabelControl.cs","79","Property","nameof(DXO10CUI.LabelControl.GetEnabled)","String?","GetEnabled","_GetEnabled"
"D:\OneDrive\VS\Projects\DocxDocument\DocumentModel.InOpenXml\CustomUI\LabelControl.cs","86","Property","nameof(DXO10CUI.LabelControl.Label)","String?","Label","_Label"
"D:\OneDrive\VS\Projects\DocxDocument\DocumentModel.InOpenXml\CustomUI\LabelControl.cs","93","Property","nameof(DXO10CUI.LabelControl.GetLabel)","String?","GetLabel","_GetLabel"
"D:\OneDrive\VS\Projects\DocxDocument\DocumentModel.InOpenXml\CustomUI\LabelControl.cs","100","Property","nameof(DXO10CUI.LabelControl.InsertAfterMso)","String?","InsertAfterMso","_InsertAfterMso"
"D:\OneDrive\VS\Projects\DocxDocument\DocumentModel.InOpenXml\CustomUI\LabelControl.cs","107","Property","nameof(DXO10CUI.LabelControl.InsertBeforeMso)","String?","InsertBeforeMso","_InsertBeforeMso"
"D:\OneDrive\VS\Projects\DocxDocument\DocumentModel.InOpenXml\CustomUI\LabelControl.cs","114","Property","nameof(DXO10CUI.LabelControl.InsertAfterQulifiedId)","String?","InsertAfterQualifiedId","_InsertAfterQualifiedId"
"D:\OneDrive\VS\Projects\DocxDocument\DocumentModel.InOpenXml\CustomUI\LabelControl.cs","121","Property","nameof(DXO10CUI.LabelControl.InsertBeforeQulifiedId)","String?","InsertBeforeQualifiedId","_InsertBeforeQualifiedId"
"D:\OneDrive\VS\Projects\DocxDocument\DocumentModel.InOpenXml\CustomUI\LabelControl.cs","128","Property","nameof(DXO10CUI.LabelControl.Visible)","Boolean?","Visible","_Visible"
"D:\OneDrive\VS\Projects\DocxDocument\DocumentModel.InOpenXml\CustomUI\LabelControl.cs","135","Property","nameof(DXO10CUI.LabelControl.GetVisible)","String?","GetVisible","_GetVisible"
"D:\OneDrive\VS\Projects\DocxDocument\DocumentModel.InOpenXml\CustomUI\LabelControl.cs","142","Property","nameof(DXO10CUI.LabelControl.ShowLabel)","Boolean?","ShowLabel","_ShowLabel"
"D:\OneDrive\VS\Projects\DocxDocument\DocumentModel.InOpenXml\CustomUI\LabelControl.cs","149","Property","nameof(DXO10CUI.LabelControl.GetShowLabel)","String?","GetShowLabel","_GetShowLabel"
"D:\OneDrive\VS\Projects\DocxDocument\DocumentModel.InOpenXml\CustomUI\LayoutContainer.cs","32","Property","nameof(DXO10CUI.LayoutContainer.Id)","String?","Id","_Id"
"D:\OneDrive\VS\Projects\DocxDocument\DocumentModel.InOpenXml\CustomUI\LayoutContainer.cs","39","Property","nameof(DXO10CUI.LayoutContainer.QualifiedId)","String?","QualifiedId","_QualifiedId"
"D:\OneDrive\VS\Projects\DocxDocument\DocumentModel.InOpenXml\CustomUI\LayoutContainer.cs","46","Property","nameof(DXO10CUI.LayoutContainer.Tag)","String?","Tag","_Tag"
"D:\OneDrive\VS\Projects\DocxDocument\DocumentModel.InOpenXml\CustomUI\LayoutContainer.cs","53","Property","nameof(DXO10CUI.LayoutContainer.Align)","Expand?","Align","_Align"
"D:\OneDrive\VS\Projects\DocxDocument\DocumentModel.InOpenXml\CustomUI\LayoutContainer.cs","60","Property","nameof(DXO10CUI.LayoutContainer.Expand)","Expand?","Expand","_Expand"
"D:\OneDrive\VS\Projects\DocxDocument\DocumentModel.InOpenXml\CustomUI\LayoutContainer.cs","67","Property","nameof(DXO10CUI.LayoutContainer.LayoutChildren)","LayoutChildren?","LayoutChildren","_LayoutChildren"
"D:\OneDrive\VS\Projects\DocxDocument\DocumentModel.InOpenXml\CustomUI\Menu.cs","30","Property","nameof(DXO10CUI.Menu.Size)","Size?","Size","_Size"
"D:\OneDrive\VS\Projects\DocxDocument\DocumentModel.InOpenXml\CustomUI\Menu.cs","37","Property","nameof(DXO10CUI.Menu.GetSize)","String?","GetSize","_GetSize"
"D:\OneDrive\VS\Projects\DocxDocument\DocumentModel.InOpenXml\CustomUI\Menu.cs","44","Property","nameof(DXO10CUI.Menu.ItemSize)","ItemSize?","ItemSize","_ItemSize"
"D:\OneDrive\VS\Projects\DocxDocument\DocumentModel.InOpenXml\CustomUI\Menu.cs","51","Property","nameof(DXO10CUI.Menu.Description)","String?","Description","_Description"
"D:\OneDrive\VS\Projects\DocxDocument\DocumentModel.InOpenXml\CustomUI\Menu.cs","58","Property","nameof(DXO10CUI.Menu.GetDescription)","String?","GetDescription","_GetDescription"
"D:\OneDrive\VS\Projects\DocxDocument\DocumentModel.InOpenXml\CustomUI\Menu.cs","65","Property","nameof(DXO10CUI.Menu.Id)","String?","Id","_Id"
"D:\OneDrive\VS\Projects\DocxDocument\DocumentModel.InOpenXml\CustomUI\Menu.cs","72","Property","nameof(DXO10CUI.Menu.QualifiedId)","String?","QualifiedId","_QualifiedId"
"D:\OneDrive\VS\Projects\DocxDocument\DocumentModel.InOpenXml\CustomUI\Menu.cs","79","Property","nameof(DXO10CUI.Menu.Tag)","String?","Tag","_Tag"
"D:\OneDrive\VS\Projects\DocxDocument\DocumentModel.InOpenXml\CustomUI\Menu.cs","86","Property","nameof(DXO10CUI.Menu.IdMso)","String?","IdMso","_IdMso"
"D:\OneDrive\VS\Projects\DocxDocument\DocumentModel.InOpenXml\CustomUI\Menu.cs","93","Property","nameof(DXO10CUI.Menu.Image)","String?","Image","_Image"
"D:\OneDrive\VS\Projects\DocxDocument\DocumentModel.InOpenXml\CustomUI\Menu.cs","100","Property","nameof(DXO10CUI.Menu.ImageMso)","String?","ImageMso","_ImageMso"
"D:\OneDrive\VS\Projects\DocxDocument\DocumentModel.InOpenXml\CustomUI\Menu.cs","107","Property","nameof(DXO10CUI.Menu.GetImage)","String?","GetImage","_GetImage"
"D:\OneDrive\VS\Projects\DocxDocument\DocumentModel.InOpenXml\CustomUI\Menu.cs","114","Property","nameof(DXO10CUI.Menu.Screentip)","String?","Screentip","_Screentip"
"D:\OneDrive\VS\Projects\DocxDocument\DocumentModel.InOpenXml\CustomUI\Menu.cs","121","Property","nameof(DXO10CUI.Menu.GetScreentip)","String?","GetScreentip","_GetScreentip"
"D:\OneDrive\VS\Projects\DocxDocument\DocumentModel.InOpenXml\CustomUI\Menu.cs","128","Property","nameof(DXO10CUI.Menu.Supertip)","String?","Supertip","_Supertip"
"D:\OneDrive\VS\Projects\DocxDocument\DocumentModel.InOpenXml\CustomUI\Menu.cs","135","Property","nameof(DXO10CUI.Menu.GetSupertip)","String?","GetSupertip","_GetSupertip"
"D:\OneDrive\VS\Projects\DocxDocument\DocumentModel.InOpenXml\CustomUI\Menu.cs","142","Property","nameof(DXO10CUI.Menu.Enabled)","Boolean?","Enabled","_Enabled"
"D:\OneDrive\VS\Projects\DocxDocument\DocumentModel.InOpenXml\CustomUI\Menu.cs","149","Property","nameof(DXO10CUI.Menu.GetEnabled)","String?","GetEnabled","_GetEnabled"
"D:\OneDrive\VS\Projects\DocxDocument\DocumentModel.InOpenXml\CustomUI\Menu.cs","156","Property","nameof(DXO10CUI.Menu.Label)","String?","Label","_Label"
"D:\OneDrive\VS\Projects\DocxDocument\DocumentModel.InOpenXml\CustomUI\Menu.cs","163","Property","nameof(DXO10CUI.Menu.GetLabel)","String?","GetLabel","_GetLabel"
"D:\OneDrive\VS\Projects\DocxDocument\DocumentModel.InOpenXml\CustomUI\Menu.cs","170","Property","nameof(DXO10CUI.Menu.InsertAfterMso)","String?","InsertAfterMso","_InsertAfterMso"
"D:\OneDrive\VS\Projects\DocxDocument\DocumentModel.InOpenXml\CustomUI\Menu.cs","177","Property","nameof(DXO10CUI.Menu.InsertBeforeMso)","String?","InsertBeforeMso","_InsertBeforeMso"
"D:\OneDrive\VS\Projects\DocxDocument\DocumentModel.InOpenXml\CustomUI\Menu.cs","184","Property","nameof(DXO10CUI.Menu.InsertAfterQulifiedId)","String?","InsertAfterQualifiedId","_InsertAfterQualifiedId"
"D:\OneDrive\VS\Projects\DocxDocument\DocumentModel.InOpenXml\CustomUI\Menu.cs","191","Property","nameof(DXO10CUI.Menu.InsertBeforeQulifiedId)","String?","InsertBeforeQualifiedId","_InsertBeforeQualifiedId"
"D:\OneDrive\VS\Projects\DocxDocument\DocumentModel.InOpenXml\CustomUI\Menu.cs","198","Property","nameof(DXO10CUI.Menu.Visible)","Boolean?","Visible","_Visible"
"D:\OneDrive\VS\Projects\DocxDocument\DocumentModel.InOpenXml\CustomUI\Menu.cs","205","Property","nameof(DXO10CUI.Menu.GetVisible)","String?","GetVisible","_GetVisible"
"D:\OneDrive\VS\Projects\DocxDocument\DocumentModel.InOpenXml\CustomUI\Menu.cs","212","Property","nameof(DXO10CUI.Menu.Keytip)","String?","Keytip","_Keytip"
"D:\OneDrive\VS\Projects\DocxDocument\DocumentModel.InOpenXml\CustomUI\Menu.cs","219","Property","nameof(DXO10CUI.Menu.GetKeytip)","String?","GetKeytip","_GetKeytip"
"D:\OneDrive\VS\Projects\DocxDocument\DocumentModel.InOpenXml\CustomUI\Menu.cs","226","Property","nameof(DXO10CUI.Menu.ShowLabel)","Boolean?","ShowLabel","_ShowLabel"
"D:\OneDrive\VS\Projects\DocxDocument\DocumentModel.InOpenXml\CustomUI\Menu.cs","233","Property","nameof(DXO10CUI.Menu.GetShowLabel)","String?","GetShowLabel","_GetShowLabel"
"D:\OneDrive\VS\Projects\DocxDocument\DocumentModel.InOpenXml\CustomUI\Menu.cs","240","Property","nameof(DXO10CUI.Menu.ShowImage)","Boolean?","ShowImage","_ShowImage"
"D:\OneDrive\VS\Projects\DocxDocument\DocumentModel.InOpenXml\CustomUI\Menu.cs","247","Property","nameof(DXO10CUI.Menu.GetShowImage)","String?","GetShowImage","_GetShowImage"
"D:\OneDrive\VS\Projects\DocxDocument\DocumentModel.InOpenXml\CustomUI\MenuRegular.cs","30","Property","nameof(DXO10CUI.MenuRegular.ItemSize)","ItemSize?","ItemSize","_ItemSize"
"D:\OneDrive\VS\Projects\DocxDocument\DocumentModel.InOpenXml\CustomUI\MenuRegular.cs","37","Property","nameof(DXO10CUI.MenuRegular.Description)","String?","Description","_Description"
"D:\OneDrive\VS\Projects\DocxDocument\DocumentModel.InOpenXml\CustomUI\MenuRegular.cs","44","Property","nameof(DXO10CUI.MenuRegular.GetDescription)","String?","GetDescription","_GetDescription"
"D:\OneDrive\VS\Projects\DocxDocument\DocumentModel.InOpenXml\CustomUI\MenuRegular.cs","51","Property","nameof(DXO10CUI.MenuRegular.Id)","String?","Id","_Id"
"D:\OneDrive\VS\Projects\DocxDocument\DocumentModel.InOpenXml\CustomUI\MenuRegular.cs","58","Property","nameof(DXO10CUI.MenuRegular.QualifiedId)","String?","QualifiedId","_QualifiedId"
"D:\OneDrive\VS\Projects\DocxDocument\DocumentModel.InOpenXml\CustomUI\MenuRegular.cs","65","Property","nameof(DXO10CUI.MenuRegular.Tag)","String?","Tag","_Tag"
"D:\OneDrive\VS\Projects\DocxDocument\DocumentModel.InOpenXml\CustomUI\MenuRegular.cs","72","Property","nameof(DXO10CUI.MenuRegular.IdMso)","String?","IdMso","_IdMso"
"D:\OneDrive\VS\Projects\DocxDocument\DocumentModel.InOpenXml\CustomUI\MenuRegular.cs","79","Property","nameof(DXO10CUI.MenuRegular.Image)","String?","Image","_Image"
"D:\OneDrive\VS\Projects\DocxDocument\DocumentModel.InOpenXml\CustomUI\MenuRegular.cs","86","Property","nameof(DXO10CUI.MenuRegular.ImageMso)","String?","ImageMso","_ImageMso"
"D:\OneDrive\VS\Projects\DocxDocument\DocumentModel.InOpenXml\CustomUI\MenuRegular.cs","93","Property","nameof(DXO10CUI.MenuRegular.GetImage)","String?","GetImage","_GetImage"
"D:\OneDrive\VS\Projects\DocxDocument\DocumentModel.InOpenXml\CustomUI\MenuRegular.cs","100","Property","nameof(DXO10CUI.MenuRegular.Screentip)","String?","Screentip","_Screentip"
"D:\OneDrive\VS\Projects\DocxDocument\DocumentModel.InOpenXml\CustomUI\MenuRegular.cs","107","Property","nameof(DXO10CUI.MenuRegular.GetScreentip)","String?","GetScreentip","_GetScreentip"
"D:\OneDrive\VS\Projects\DocxDocument\DocumentModel.InOpenXml\CustomUI\MenuRegular.cs","114","Property","nameof(DXO10CUI.MenuRegular.Supertip)","String?","Supertip","_Supertip"
"D:\OneDrive\VS\Projects\DocxDocument\DocumentModel.InOpenXml\CustomUI\MenuRegular.cs","121","Property","nameof(DXO10CUI.MenuRegular.GetSupertip)","String?","GetSupertip","_GetSupertip"
"D:\OneDrive\VS\Projects\DocxDocument\DocumentModel.InOpenXml\CustomUI\MenuRegular.cs","128","Property","nameof(DXO10CUI.MenuRegular.Enabled)","Boolean?","Enabled","_Enabled"
"D:\OneDrive\VS\Projects\DocxDocument\DocumentModel.InOpenXml\CustomUI\MenuRegular.cs","135","Property","nameof(DXO10CUI.MenuRegular.GetEnabled)","String?","GetEnabled","_GetEnabled"
"D:\OneDrive\VS\Projects\DocxDocument\DocumentModel.InOpenXml\CustomUI\MenuRegular.cs","142","Property","nameof(DXO10CUI.MenuRegular.Label)","String?","Label","_Label"
"D:\OneDrive\VS\Projects\DocxDocument\DocumentModel.InOpenXml\CustomUI\MenuRegular.cs","149","Property","nameof(DXO10CUI.MenuRegular.GetLabel)","String?","GetLabel","_GetLabel"
"D:\OneDrive\VS\Projects\DocxDocument\DocumentModel.InOpenXml\CustomUI\MenuRegular.cs","156","Property","nameof(DXO10CUI.MenuRegular.InsertAfterMso)","String?","InsertAfterMso","_InsertAfterMso"
"D:\OneDrive\VS\Projects\DocxDocument\DocumentModel.InOpenXml\CustomUI\MenuRegular.cs","163","Property","nameof(DXO10CUI.MenuRegular.InsertBeforeMso)","String?","InsertBeforeMso","_InsertBeforeMso"
"D:\OneDrive\VS\Projects\DocxDocument\DocumentModel.InOpenXml\CustomUI\MenuRegular.cs","170","Property","nameof(DXO10CUI.MenuRegular.InsertAfterQulifiedId)","String?","InsertAfterQualifiedId","_InsertAfterQualifiedId"
"D:\OneDrive\VS\Projects\DocxDocument\DocumentModel.InOpenXml\CustomUI\MenuRegular.cs","177","Property","nameof(DXO10CUI.MenuRegular.InsertBeforeQulifiedId)","String?","InsertBeforeQualifiedId","_InsertBeforeQualifiedId"
"D:\OneDrive\VS\Projects\DocxDocument\DocumentModel.InOpenXml\CustomUI\MenuRegular.cs","184","Property","nameof(DXO10CUI.MenuRegular.Visible)","Boolean?","Visible","_Visible"
"D:\OneDrive\VS\Projects\DocxDocument\DocumentModel.InOpenXml\CustomUI\MenuRegular.cs","191","Property","nameof(DXO10CUI.MenuRegular.GetVisible)","String?","GetVisible","_GetVisible"
"D:\OneDrive\VS\Projects\DocxDocument\DocumentModel.InOpenXml\CustomUI\MenuRegular.cs","198","Property","nameof(DXO10CUI.MenuRegular.Keytip)","String?","Keytip","_Keytip"
"D:\OneDrive\VS\Projects\DocxDocument\DocumentModel.InOpenXml\CustomUI\MenuRegular.cs","205","Property","nameof(DXO10CUI.MenuRegular.GetKeytip)","String?","GetKeytip","_GetKeytip"
"D:\OneDrive\VS\Projects\DocxDocument\DocumentModel.InOpenXml\CustomUI\MenuRegular.cs","212","Property","nameof(DXO10CUI.MenuRegular.ShowLabel)","Boolean?","ShowLabel","_ShowLabel"
"D:\OneDrive\VS\Projects\DocxDocument\DocumentModel.InOpenXml\CustomUI\MenuRegular.cs","219","Property","nameof(DXO10CUI.MenuRegular.GetShowLabel)","String?","GetShowLabel","_GetShowLabel"
"D:\OneDrive\VS\Projects\DocxDocument\DocumentModel.InOpenXml\CustomUI\MenuRegular.cs","226","Property","nameof(DXO10CUI.MenuRegular.ShowImage)","Boolean?","ShowImage","_ShowImage"
"D:\OneDrive\VS\Projects\DocxDocument\DocumentModel.InOpenXml\CustomUI\MenuRegular.cs","233","Property","nameof(DXO10CUI.MenuRegular.GetShowImage)","String?","GetShowImage","_GetShowImage"
"D:\OneDrive\VS\Projects\DocxDocument\DocumentModel.InOpenXml\CustomUI\MenuRoot.cs","30","Property","nameof(DXO10CUI.MenuRoot.Title)","String?","Title","_Title"
"D:\OneDrive\VS\Projects\DocxDocument\DocumentModel.InOpenXml\CustomUI\MenuRoot.cs","37","Property","nameof(DXO10CUI.MenuRoot.GetTitle)","String?","GetTitle","_GetTitle"
"D:\OneDrive\VS\Projects\DocxDocument\DocumentModel.InOpenXml\CustomUI\MenuRoot.cs","44","Property","nameof(DXO10CUI.MenuRoot.ItemSize)","ItemSize?","ItemSize","_ItemSize"
"D:\OneDrive\VS\Projects\DocxDocument\DocumentModel.InOpenXml\CustomUI\MenuSeparator.cs","16","Property","nameof(DXO10CUI.MenuSeparator.Id)","String?","Id","_Id"
"D:\OneDrive\VS\Projects\DocxDocument\DocumentModel.InOpenXml\CustomUI\MenuSeparator.cs","23","Property","nameof(DXO10CUI.MenuSeparator.QualifiedId)","String?","QualifiedId","_QualifiedId"
"D:\OneDrive\VS\Projects\DocxDocument\DocumentModel.InOpenXml\CustomUI\MenuSeparator.cs","30","Property","nameof(DXO10CUI.MenuSeparator.Tag)","String?","Tag","_Tag"
"D:\OneDrive\VS\Projects\DocxDocument\DocumentModel.InOpenXml\CustomUI\MenuSeparator.cs","37","Property","nameof(DXO10CUI.MenuSeparator.InsertAfterMso)","String?","InsertAfterMso","_InsertAfterMso"
"D:\OneDrive\VS\Projects\DocxDocument\DocumentModel.InOpenXml\CustomUI\MenuSeparator.cs","44","Property","nameof(DXO10CUI.MenuSeparator.InsertBeforeMso)","String?","InsertBeforeMso","_InsertBeforeMso"
"D:\OneDrive\VS\Projects\DocxDocument\DocumentModel.InOpenXml\CustomUI\MenuSeparator.cs","51","Property","nameof(DXO10CUI.MenuSeparator.InsertAfterQulifiedId)","String?","InsertAfterQualifiedId","_InsertAfterQualifiedId"
"D:\OneDrive\VS\Projects\DocxDocument\DocumentModel.InOpenXml\CustomUI\MenuSeparator.cs","58","Property","nameof(DXO10CUI.MenuSeparator.InsertBeforeQulifiedId)","String?","InsertBeforeQualifiedId","_InsertBeforeQualifiedId"
"D:\OneDrive\VS\Projects\DocxDocument\DocumentModel.InOpenXml\CustomUI\MenuSeparator.cs","65","Property","nameof(DXO10CUI.MenuSeparator.Title)","String?","Title","_Title"
"D:\OneDrive\VS\Projects\DocxDocument\DocumentModel.InOpenXml\CustomUI\MenuSeparator.cs","72","Property","nameof(DXO10CUI.MenuSeparator.GetTitle)","String?","GetTitle","_GetTitle"
"D:\OneDrive\VS\Projects\DocxDocument\DocumentModel.InOpenXml\CustomUI\MenuSeparatorNoTitle.cs","16","Property","nameof(DXO10CUI.MenuSeparatorNoTitle.Id)","String?","Id","_Id"
"D:\OneDrive\VS\Projects\DocxDocument\DocumentModel.InOpenXml\CustomUI\MenuSeparatorNoTitle.cs","23","Property","nameof(DXO10CUI.MenuSeparatorNoTitle.QualifiedId)","String?","QualifiedId","_QualifiedId"
"D:\OneDrive\VS\Projects\DocxDocument\DocumentModel.InOpenXml\CustomUI\MenuSeparatorNoTitle.cs","30","Property","nameof(DXO10CUI.MenuSeparatorNoTitle.Tag)","String?","Tag","_Tag"
"D:\OneDrive\VS\Projects\DocxDocument\DocumentModel.InOpenXml\CustomUI\MenuSeparatorNoTitle.cs","37","Property","nameof(DXO10CUI.MenuSeparatorNoTitle.InsertAfterMso)","String?","InsertAfterMso","_InsertAfterMso"
"D:\OneDrive\VS\Projects\DocxDocument\DocumentModel.InOpenXml\CustomUI\MenuSeparatorNoTitle.cs","44","Property","nameof(DXO10CUI.MenuSeparatorNoTitle.InsertBeforeMso)","String?","InsertBeforeMso","_InsertBeforeMso"
"D:\OneDrive\VS\Projects\DocxDocument\DocumentModel.InOpenXml\CustomUI\MenuSeparatorNoTitle.cs","51","Property","nameof(DXO10CUI.MenuSeparatorNoTitle.InsertAfterQulifiedId)","String?","InsertAfterQualifiedId","_InsertAfterQualifiedId"
"D:\OneDrive\VS\Projects\DocxDocument\DocumentModel.InOpenXml\CustomUI\MenuSeparatorNoTitle.cs","58","Property","nameof(DXO10CUI.MenuSeparatorNoTitle.InsertBeforeQulifiedId)","String?","InsertBeforeQualifiedId","_InsertBeforeQualifiedId"
"D:\OneDrive\VS\Projects\DocxDocument\DocumentModel.InOpenXml\CustomUI\MenuWithTitle.cs","30","Property","nameof(DXO10CUI.MenuWithTitle.Id)","String?","Id","_Id"
"D:\OneDrive\VS\Projects\DocxDocument\DocumentModel.InOpenXml\CustomUI\MenuWithTitle.cs","37","Property","nameof(DXO10CUI.MenuWithTitle.QualifiedId)","String?","QualifiedId","_QualifiedId"
"D:\OneDrive\VS\Projects\DocxDocument\DocumentModel.InOpenXml\CustomUI\MenuWithTitle.cs","44","Property","nameof(DXO10CUI.MenuWithTitle.Tag)","String?","Tag","_Tag"
"D:\OneDrive\VS\Projects\DocxDocument\DocumentModel.InOpenXml\CustomUI\MenuWithTitle.cs","51","Property","nameof(DXO10CUI.MenuWithTitle.IdMso)","String?","IdMso","_IdMso"
"D:\OneDrive\VS\Projects\DocxDocument\DocumentModel.InOpenXml\CustomUI\MenuWithTitle.cs","58","Property","nameof(DXO10CUI.MenuWithTitle.ItemSize)","ItemSize?","ItemSize","_ItemSize"
"D:\OneDrive\VS\Projects\DocxDocument\DocumentModel.InOpenXml\CustomUI\MenuWithTitle.cs","65","Property","nameof(DXO10CUI.MenuWithTitle.Title)","String?","Title","_Title"
"D:\OneDrive\VS\Projects\DocxDocument\DocumentModel.InOpenXml\CustomUI\MenuWithTitle.cs","72","Property","nameof(DXO10CUI.MenuWithTitle.GetTitle)","String?","GetTitle","_GetTitle"
"D:\OneDrive\VS\Projects\DocxDocument\DocumentModel.InOpenXml\CustomUI\MenuWithTitle.cs","79","Property","nameof(DXO10CUI.MenuWithTitle.Image)","String?","Image","_Image"
"D:\OneDrive\VS\Projects\DocxDocument\DocumentModel.InOpenXml\CustomUI\MenuWithTitle.cs","86","Property","nameof(DXO10CUI.MenuWithTitle.ImageMso)","String?","ImageMso","_ImageMso"
"D:\OneDrive\VS\Projects\DocxDocument\DocumentModel.InOpenXml\CustomUI\MenuWithTitle.cs","93","Property","nameof(DXO10CUI.MenuWithTitle.GetImage)","String?","GetImage","_GetImage"
"D:\OneDrive\VS\Projects\DocxDocument\DocumentModel.InOpenXml\CustomUI\MenuWithTitle.cs","100","Property","nameof(DXO10CUI.MenuWithTitle.Screentip)","String?","Screentip","_Screentip"
"D:\OneDrive\VS\Projects\DocxDocument\DocumentModel.InOpenXml\CustomUI\MenuWithTitle.cs","107","Property","nameof(DXO10CUI.MenuWithTitle.GetScreentip)","String?","GetScreentip","_GetScreentip"
"D:\OneDrive\VS\Projects\DocxDocument\DocumentModel.InOpenXml\CustomUI\MenuWithTitle.cs","114","Property","nameof(DXO10CUI.MenuWithTitle.Supertip)","String?","Supertip","_Supertip"
"D:\OneDrive\VS\Projects\DocxDocument\DocumentModel.InOpenXml\CustomUI\MenuWithTitle.cs","121","Property","nameof(DXO10CUI.MenuWithTitle.GetSupertip)","String?","GetSupertip","_GetSupertip"
"D:\OneDrive\VS\Projects\DocxDocument\DocumentModel.InOpenXml\CustomUI\MenuWithTitle.cs","128","Property","nameof(DXO10CUI.MenuWithTitle.Enabled)","Boolean?","Enabled","_Enabled"
"D:\OneDrive\VS\Projects\DocxDocument\DocumentModel.InOpenXml\CustomUI\MenuWithTitle.cs","135","Property","nameof(DXO10CUI.MenuWithTitle.GetEnabled)","String?","GetEnabled","_GetEnabled"
"D:\OneDrive\VS\Projects\DocxDocument\DocumentModel.InOpenXml\CustomUI\MenuWithTitle.cs","142","Property","nameof(DXO10CUI.MenuWithTitle.Label)","String?","Label","_Label"
"D:\OneDrive\VS\Projects\DocxDocument\DocumentModel.InOpenXml\CustomUI\MenuWithTitle.cs","149","Property","nameof(DXO10CUI.MenuWithTitle.GetLabel)","String?","GetLabel","_GetLabel"
"D:\OneDrive\VS\Projects\DocxDocument\DocumentModel.InOpenXml\CustomUI\MenuWithTitle.cs","156","Property","nameof(DXO10CUI.MenuWithTitle.InsertAfterMso)","String?","InsertAfterMso","_InsertAfterMso"
"D:\OneDrive\VS\Projects\DocxDocument\DocumentModel.InOpenXml\CustomUI\MenuWithTitle.cs","163","Property","nameof(DXO10CUI.MenuWithTitle.InsertBeforeMso)","String?","InsertBeforeMso","_InsertBeforeMso"
"D:\OneDrive\VS\Projects\DocxDocument\DocumentModel.InOpenXml\CustomUI\MenuWithTitle.cs","170","Property","nameof(DXO10CUI.MenuWithTitle.InsertAfterQulifiedId)","String?","InsertAfterQualifiedId","_InsertAfterQualifiedId"
"D:\OneDrive\VS\Projects\DocxDocument\DocumentModel.InOpenXml\CustomUI\MenuWithTitle.cs","177","Property","nameof(DXO10CUI.MenuWithTitle.InsertBeforeQulifiedId)","String?","InsertBeforeQualifiedId","_InsertBeforeQualifiedId"
"D:\OneDrive\VS\Projects\DocxDocument\DocumentModel.InOpenXml\CustomUI\MenuWithTitle.cs","184","Property","nameof(DXO10CUI.MenuWithTitle.Visible)","Boolean?","Visible","_Visible"
"D:\OneDrive\VS\Projects\DocxDocument\DocumentModel.InOpenXml\CustomUI\MenuWithTitle.cs","191","Property","nameof(DXO10CUI.MenuWithTitle.GetVisible)","String?","GetVisible","_GetVisible"
"D:\OneDrive\VS\Projects\DocxDocument\DocumentModel.InOpenXml\CustomUI\MenuWithTitle.cs","198","Property","nameof(DXO10CUI.MenuWithTitle.Keytip)","String?","Keytip","_Keytip"
"D:\OneDrive\VS\Projects\DocxDocument\DocumentModel.InOpenXml\CustomUI\MenuWithTitle.cs","205","Property","nameof(DXO10CUI.MenuWithTitle.GetKeytip)","String?","GetKeytip","_GetKeytip"
"D:\OneDrive\VS\Projects\DocxDocument\DocumentModel.InOpenXml\CustomUI\MenuWithTitle.cs","212","Property","nameof(DXO10CUI.MenuWithTitle.ShowLabel)","Boolean?","ShowLabel","_ShowLabel"
"D:\OneDrive\VS\Projects\DocxDocument\DocumentModel.InOpenXml\CustomUI\MenuWithTitle.cs","219","Property","nameof(DXO10CUI.MenuWithTitle.GetShowLabel)","String?","GetShowLabel","_GetShowLabel"
"D:\OneDrive\VS\Projects\DocxDocument\DocumentModel.InOpenXml\CustomUI\MenuWithTitle.cs","226","Property","nameof(DXO10CUI.MenuWithTitle.ShowImage)","Boolean?","ShowImage","_ShowImage"
"D:\OneDrive\VS\Projects\DocxDocument\DocumentModel.InOpenXml\CustomUI\MenuWithTitle.cs","233","Property","nameof(DXO10CUI.MenuWithTitle.GetShowImage)","String?","GetShowImage","_GetShowImage"
"D:\OneDrive\VS\Projects\DocxDocument\DocumentModel.InOpenXml\CustomUI\PrimaryItem.cs","23","Property","nameof(DXO10CUI.PrimaryItem.BackstageRegularButton)","BackstageRegularButton?","BackstageRegularButton","_BackstageRegularButton"
"D:\OneDrive\VS\Projects\DocxDocument\DocumentModel.InOpenXml\CustomUI\PrimaryItem.cs","30","Property","nameof(DXO10CUI.PrimaryItem.BackstagePrimaryMenu)","BackstagePrimaryMenu?","BackstagePrimaryMenu","_BackstagePrimaryMenu"
"D:\OneDrive\VS\Projects\DocxDocument\DocumentModel.InOpenXml\CustomUI\QuickAccessToolbar.cs","23","Property","nameof(DXO10CUI.QuickAccessToolbar.SharedControlsQatItems)","SharedControlsQatItems?","SharedControlsQatItems","_SharedControlsQatItems"
"D:\OneDrive\VS\Projects\DocxDocument\DocumentModel.InOpenXml\CustomUI\QuickAccessToolbar.cs","30","Property","nameof(DXO10CUI.QuickAccessToolbar.DocumentControlsQatItems)","DocumentControlsQatItems?","DocumentControlsQatItems","_DocumentControlsQatItems"
"D:\OneDrive\VS\Projects\DocxDocument\DocumentModel.InOpenXml\CustomUI\RadioGroup.cs","22","Property","nameof(DXO10CUI.RadioGroup.Id)","String?","Id","_Id"
"D:\OneDrive\VS\Projects\DocxDocument\DocumentModel.InOpenXml\CustomUI\RadioGroup.cs","29","Property","nameof(DXO10CUI.RadioGroup.QualifiedId)","String?","QualifiedId","_QualifiedId"
"D:\OneDrive\VS\Projects\DocxDocument\DocumentModel.InOpenXml\CustomUI\RadioGroup.cs","36","Property","nameof(DXO10CUI.RadioGroup.Tag)","String?","Tag","_Tag"
"D:\OneDrive\VS\Projects\DocxDocument\DocumentModel.InOpenXml\CustomUI\RadioGroup.cs","43","Property","nameof(DXO10CUI.RadioGroup.AlignLabel)","Expand?","AlignLabel","_AlignLabel"
"D:\OneDrive\VS\Projects\DocxDocument\DocumentModel.InOpenXml\CustomUI\RadioGroup.cs","50","Property","nameof(DXO10CUI.RadioGroup.Expand)","Expand?","Expand","_Expand"
"D:\OneDrive\VS\Projects\DocxDocument\DocumentModel.InOpenXml\CustomUI\RadioGroup.cs","57","Property","nameof(DXO10CUI.RadioGroup.Enabled)","Boolean?","Enabled","_Enabled"
"D:\OneDrive\VS\Projects\DocxDocument\DocumentModel.InOpenXml\CustomUI\RadioGroup.cs","64","Property","nameof(DXO10CUI.RadioGroup.GetEnabled)","String?","GetEnabled","_GetEnabled"
"D:\OneDrive\VS\Projects\DocxDocument\DocumentModel.InOpenXml\CustomUI\RadioGroup.cs","71","Property","nameof(DXO10CUI.RadioGroup.Label)","String?","Label","_Label"
"D:\OneDrive\VS\Projects\DocxDocument\DocumentModel.InOpenXml\CustomUI\RadioGroup.cs","78","Property","nameof(DXO10CUI.RadioGroup.GetLabel)","String?","GetLabel","_GetLabel"
"D:\OneDrive\VS\Projects\DocxDocument\DocumentModel.InOpenXml\CustomUI\RadioGroup.cs","85","Property","nameof(DXO10CUI.RadioGroup.Visible)","Boolean?","Visible","_Visible"
"D:\OneDrive\VS\Projects\DocxDocument\DocumentModel.InOpenXml\CustomUI\RadioGroup.cs","92","Property","nameof(DXO10CUI.RadioGroup.GetVisible)","String?","GetVisible","_GetVisible"
"D:\OneDrive\VS\Projects\DocxDocument\DocumentModel.InOpenXml\CustomUI\RadioGroup.cs","99","Property","nameof(DXO10CUI.RadioGroup.OnAction)","String?","OnAction","_OnAction"
"D:\OneDrive\VS\Projects\DocxDocument\DocumentModel.InOpenXml\CustomUI\RadioGroup.cs","106","Property","nameof(DXO10CUI.RadioGroup.Keytip)","String?","Keytip","_Keytip"
"D:\OneDrive\VS\Projects\DocxDocument\DocumentModel.InOpenXml\CustomUI\RadioGroup.cs","113","Property","nameof(DXO10CUI.RadioGroup.GetKeytip)","String?","GetKeytip","_GetKeytip"
"D:\OneDrive\VS\Projects\DocxDocument\DocumentModel.InOpenXml\CustomUI\RadioGroup.cs","120","Property","nameof(DXO10CUI.RadioGroup.GetSelectedItemIndex)","String?","GetSelectedItemIndex","_GetSelectedItemIndex"
"D:\OneDrive\VS\Projects\DocxDocument\DocumentModel.InOpenXml\CustomUI\RadioGroup.cs","127","Property","nameof(DXO10CUI.RadioGroup.GetItemCount)","String?","GetItemCount","_GetItemCount"
"D:\OneDrive\VS\Projects\DocxDocument\DocumentModel.InOpenXml\CustomUI\RadioGroup.cs","134","Property","nameof(DXO10CUI.RadioGroup.GetItemLabel)","String?","GetItemLabel","_GetItemLabel"
"D:\OneDrive\VS\Projects\DocxDocument\DocumentModel.InOpenXml\CustomUI\RadioGroup.cs","141","Property","nameof(DXO10CUI.RadioGroup.GetItemID)","String?","GetItemID","_GetItemID"
"D:\OneDrive\VS\Projects\DocxDocument\DocumentModel.InOpenXml\CustomUI\Ribbon.cs","24","Property","nameof(DXO10CUI.Ribbon.StartFromScratch)","Boolean?","StartFromScratch","_StartFromScratch"
"D:\OneDrive\VS\Projects\DocxDocument\DocumentModel.InOpenXml\CustomUI\Ribbon.cs","31","Property","nameof(DXO10CUI.Ribbon.QuickAccessToolbar)","QuickAccessToolbar?","QuickAccessToolbar","_QuickAccessToolbar"
"D:\OneDrive\VS\Projects\DocxDocument\DocumentModel.InOpenXml\CustomUI\Ribbon.cs","38","Property","nameof(DXO10CUI.Ribbon.Tabs)","Tabs?","Tabs","_Tabs"
"D:\OneDrive\VS\Projects\DocxDocument\DocumentModel.InOpenXml\CustomUI\Ribbon.cs","45","Property","nameof(DXO10CUI.Ribbon.ContextualTabs)","ContextualTabs?","ContextualTabs","_ContextualTabs"
"D:\OneDrive\VS\Projects\DocxDocument\DocumentModel.InOpenXml\CustomUI\Separator.cs","16","Property","nameof(DXO10CUI.Separator.Id)","String?","Id","_Id"
"D:\OneDrive\VS\Projects\DocxDocument\DocumentModel.InOpenXml\CustomUI\Separator.cs","23","Property","nameof(DXO10CUI.Separator.QualifiedId)","String?","QualifiedId","_QualifiedId"
"D:\OneDrive\VS\Projects\DocxDocument\DocumentModel.InOpenXml\CustomUI\Separator.cs","30","Property","nameof(DXO10CUI.Separator.Tag)","String?","Tag","_Tag"
"D:\OneDrive\VS\Projects\DocxDocument\DocumentModel.InOpenXml\CustomUI\Separator.cs","37","Property","nameof(DXO10CUI.Separator.Visible)","Boolean?","Visible","_Visible"
"D:\OneDrive\VS\Projects\DocxDocument\DocumentModel.InOpenXml\CustomUI\Separator.cs","44","Property","nameof(DXO10CUI.Separator.GetVisible)","String?","GetVisible","_GetVisible"
"D:\OneDrive\VS\Projects\DocxDocument\DocumentModel.InOpenXml\CustomUI\Separator.cs","51","Property","nameof(DXO10CUI.Separator.InsertAfterMso)","String?","InsertAfterMso","_InsertAfterMso"
"D:\OneDrive\VS\Projects\DocxDocument\DocumentModel.InOpenXml\CustomUI\Separator.cs","58","Property","nameof(DXO10CUI.Separator.InsertBeforeMso)","String?","InsertBeforeMso","_InsertBeforeMso"
"D:\OneDrive\VS\Projects\DocxDocument\DocumentModel.InOpenXml\CustomUI\Separator.cs","65","Property","nameof(DXO10CUI.Separator.InsertAfterQulifiedId)","String?","InsertAfterQualifiedId","_InsertAfterQualifiedId"
"D:\OneDrive\VS\Projects\DocxDocument\DocumentModel.InOpenXml\CustomUI\Separator.cs","72","Property","nameof(DXO10CUI.Separator.InsertBeforeQulifiedId)","String?","InsertBeforeQualifiedId","_InsertBeforeQualifiedId"
"D:\OneDrive\VS\Projects\DocxDocument\DocumentModel.InOpenXml\CustomUI\SplitButton.cs","24","Property","nameof(DXO10CUI.SplitButton.Size)","Size?","Size","_Size"
"D:\OneDrive\VS\Projects\DocxDocument\DocumentModel.InOpenXml\CustomUI\SplitButton.cs","31","Property","nameof(DXO10CUI.SplitButton.GetSize)","String?","GetSize","_GetSize"
"D:\OneDrive\VS\Projects\DocxDocument\DocumentModel.InOpenXml\CustomUI\SplitButton.cs","38","Property","nameof(DXO10CUI.SplitButton.Enabled)","Boolean?","Enabled","_Enabled"
"D:\OneDrive\VS\Projects\DocxDocument\DocumentModel.InOpenXml\CustomUI\SplitButton.cs","45","Property","nameof(DXO10CUI.SplitButton.GetEnabled)","String?","GetEnabled","_GetEnabled"
"D:\OneDrive\VS\Projects\DocxDocument\DocumentModel.InOpenXml\CustomUI\SplitButton.cs","52","Property","nameof(DXO10CUI.SplitButton.Id)","String?","Id","_Id"
"D:\OneDrive\VS\Projects\DocxDocument\DocumentModel.InOpenXml\CustomUI\SplitButton.cs","59","Property","nameof(DXO10CUI.SplitButton.QualifiedId)","String?","QualifiedId","_QualifiedId"
"D:\OneDrive\VS\Projects\DocxDocument\DocumentModel.InOpenXml\CustomUI\SplitButton.cs","66","Property","nameof(DXO10CUI.SplitButton.Tag)","String?","Tag","_Tag"
"D:\OneDrive\VS\Projects\DocxDocument\DocumentModel.InOpenXml\CustomUI\SplitButton.cs","73","Property","nameof(DXO10CUI.SplitButton.IdMso)","String?","IdMso","_IdMso"
"D:\OneDrive\VS\Projects\DocxDocument\DocumentModel.InOpenXml\CustomUI\SplitButton.cs","80","Property","nameof(DXO10CUI.SplitButton.InsertAfterMso)","String?","InsertAfterMso","_InsertAfterMso"
"D:\OneDrive\VS\Projects\DocxDocument\DocumentModel.InOpenXml\CustomUI\SplitButton.cs","87","Property","nameof(DXO10CUI.SplitButton.InsertBeforeMso)","String?","InsertBeforeMso","_InsertBeforeMso"
"D:\OneDrive\VS\Projects\DocxDocument\DocumentModel.InOpenXml\CustomUI\SplitButton.cs","94","Property","nameof(DXO10CUI.SplitButton.InsertAfterQulifiedId)","String?","InsertAfterQualifiedId","_InsertAfterQualifiedId"
"D:\OneDrive\VS\Projects\DocxDocument\DocumentModel.InOpenXml\CustomUI\SplitButton.cs","101","Property","nameof(DXO10CUI.SplitButton.InsertBeforeQulifiedId)","String?","InsertBeforeQualifiedId","_InsertBeforeQualifiedId"
"D:\OneDrive\VS\Projects\DocxDocument\DocumentModel.InOpenXml\CustomUI\SplitButton.cs","108","Property","nameof(DXO10CUI.SplitButton.Visible)","Boolean?","Visible","_Visible"
"D:\OneDrive\VS\Projects\DocxDocument\DocumentModel.InOpenXml\CustomUI\SplitButton.cs","115","Property","nameof(DXO10CUI.SplitButton.GetVisible)","String?","GetVisible","_GetVisible"
"D:\OneDrive\VS\Projects\DocxDocument\DocumentModel.InOpenXml\CustomUI\SplitButton.cs","122","Property","nameof(DXO10CUI.SplitButton.Keytip)","String?","Keytip","_Keytip"
"D:\OneDrive\VS\Projects\DocxDocument\DocumentModel.InOpenXml\CustomUI\SplitButton.cs","129","Property","nameof(DXO10CUI.SplitButton.GetKeytip)","String?","GetKeytip","_GetKeytip"
"D:\OneDrive\VS\Projects\DocxDocument\DocumentModel.InOpenXml\CustomUI\SplitButton.cs","136","Property","nameof(DXO10CUI.SplitButton.ShowLabel)","Boolean?","ShowLabel","_ShowLabel"
"D:\OneDrive\VS\Projects\DocxDocument\DocumentModel.InOpenXml\CustomUI\SplitButton.cs","143","Property","nameof(DXO10CUI.SplitButton.GetShowLabel)","String?","GetShowLabel","_GetShowLabel"
"D:\OneDrive\VS\Projects\DocxDocument\DocumentModel.InOpenXml\CustomUI\SplitButtonRegular.cs","24","Property","nameof(DXO10CUI.SplitButtonRegular.Enabled)","Boolean?","Enabled","_Enabled"
"D:\OneDrive\VS\Projects\DocxDocument\DocumentModel.InOpenXml\CustomUI\SplitButtonRegular.cs","31","Property","nameof(DXO10CUI.SplitButtonRegular.GetEnabled)","String?","GetEnabled","_GetEnabled"
"D:\OneDrive\VS\Projects\DocxDocument\DocumentModel.InOpenXml\CustomUI\SplitButtonRegular.cs","38","Property","nameof(DXO10CUI.SplitButtonRegular.Id)","String?","Id","_Id"
"D:\OneDrive\VS\Projects\DocxDocument\DocumentModel.InOpenXml\CustomUI\SplitButtonRegular.cs","45","Property","nameof(DXO10CUI.SplitButtonRegular.QualifiedId)","String?","QualifiedId","_QualifiedId"
"D:\OneDrive\VS\Projects\DocxDocument\DocumentModel.InOpenXml\CustomUI\SplitButtonRegular.cs","52","Property","nameof(DXO10CUI.SplitButtonRegular.Tag)","String?","Tag","_Tag"
"D:\OneDrive\VS\Projects\DocxDocument\DocumentModel.InOpenXml\CustomUI\SplitButtonRegular.cs","59","Property","nameof(DXO10CUI.SplitButtonRegular.IdMso)","String?","IdMso","_IdMso"
"D:\OneDrive\VS\Projects\DocxDocument\DocumentModel.InOpenXml\CustomUI\SplitButtonRegular.cs","66","Property","nameof(DXO10CUI.SplitButtonRegular.InsertAfterMso)","String?","InsertAfterMso","_InsertAfterMso"
"D:\OneDrive\VS\Projects\DocxDocument\DocumentModel.InOpenXml\CustomUI\SplitButtonRegular.cs","73","Property","nameof(DXO10CUI.SplitButtonRegular.InsertBeforeMso)","String?","InsertBeforeMso","_InsertBeforeMso"
"D:\OneDrive\VS\Projects\DocxDocument\DocumentModel.InOpenXml\CustomUI\SplitButtonRegular.cs","80","Property","nameof(DXO10CUI.SplitButtonRegular.InsertAfterQulifiedId)","String?","InsertAfterQualifiedId","_InsertAfterQualifiedId"
"D:\OneDrive\VS\Projects\DocxDocument\DocumentModel.InOpenXml\CustomUI\SplitButtonRegular.cs","87","Property","nameof(DXO10CUI.SplitButtonRegular.InsertBeforeQulifiedId)","String?","InsertBeforeQualifiedId","_InsertBeforeQualifiedId"
"D:\OneDrive\VS\Projects\DocxDocument\DocumentModel.InOpenXml\CustomUI\SplitButtonRegular.cs","94","Property","nameof(DXO10CUI.SplitButtonRegular.Visible)","Boolean?","Visible","_Visible"
"D:\OneDrive\VS\Projects\DocxDocument\DocumentModel.InOpenXml\CustomUI\SplitButtonRegular.cs","101","Property","nameof(DXO10CUI.SplitButtonRegular.GetVisible)","String?","GetVisible","_GetVisible"
"D:\OneDrive\VS\Projects\DocxDocument\DocumentModel.InOpenXml\CustomUI\SplitButtonRegular.cs","108","Property","nameof(DXO10CUI.SplitButtonRegular.Keytip)","String?","Keytip","_Keytip"
"D:\OneDrive\VS\Projects\DocxDocument\DocumentModel.InOpenXml\CustomUI\SplitButtonRegular.cs","115","Property","nameof(DXO10CUI.SplitButtonRegular.GetKeytip)","String?","GetKeytip","_GetKeytip"
"D:\OneDrive\VS\Projects\DocxDocument\DocumentModel.InOpenXml\CustomUI\SplitButtonRegular.cs","122","Property","nameof(DXO10CUI.SplitButtonRegular.ShowLabel)","Boolean?","ShowLabel","_ShowLabel"
"D:\OneDrive\VS\Projects\DocxDocument\DocumentModel.InOpenXml\CustomUI\SplitButtonRegular.cs","129","Property","nameof(DXO10CUI.SplitButtonRegular.GetShowLabel)","String?","GetShowLabel","_GetShowLabel"
"D:\OneDrive\VS\Projects\DocxDocument\DocumentModel.InOpenXml\CustomUI\SplitButtonWithTitle.cs","24","Property","nameof(DXO10CUI.SplitButtonWithTitle.Enabled)","Boolean?","Enabled","_Enabled"
"D:\OneDrive\VS\Projects\DocxDocument\DocumentModel.InOpenXml\CustomUI\SplitButtonWithTitle.cs","31","Property","nameof(DXO10CUI.SplitButtonWithTitle.GetEnabled)","String?","GetEnabled","_GetEnabled"
"D:\OneDrive\VS\Projects\DocxDocument\DocumentModel.InOpenXml\CustomUI\SplitButtonWithTitle.cs","38","Property","nameof(DXO10CUI.SplitButtonWithTitle.Id)","String?","Id","_Id"
"D:\OneDrive\VS\Projects\DocxDocument\DocumentModel.InOpenXml\CustomUI\SplitButtonWithTitle.cs","45","Property","nameof(DXO10CUI.SplitButtonWithTitle.QualifiedId)","String?","QualifiedId","_QualifiedId"
"D:\OneDrive\VS\Projects\DocxDocument\DocumentModel.InOpenXml\CustomUI\SplitButtonWithTitle.cs","52","Property","nameof(DXO10CUI.SplitButtonWithTitle.Tag)","String?","Tag","_Tag"
"D:\OneDrive\VS\Projects\DocxDocument\DocumentModel.InOpenXml\CustomUI\SplitButtonWithTitle.cs","59","Property","nameof(DXO10CUI.SplitButtonWithTitle.IdMso)","String?","IdMso","_IdMso"
"D:\OneDrive\VS\Projects\DocxDocument\DocumentModel.InOpenXml\CustomUI\SplitButtonWithTitle.cs","66","Property","nameof(DXO10CUI.SplitButtonWithTitle.InsertAfterMso)","String?","InsertAfterMso","_InsertAfterMso"
"D:\OneDrive\VS\Projects\DocxDocument\DocumentModel.InOpenXml\CustomUI\SplitButtonWithTitle.cs","73","Property","nameof(DXO10CUI.SplitButtonWithTitle.InsertBeforeMso)","String?","InsertBeforeMso","_InsertBeforeMso"
"D:\OneDrive\VS\Projects\DocxDocument\DocumentModel.InOpenXml\CustomUI\SplitButtonWithTitle.cs","80","Property","nameof(DXO10CUI.SplitButtonWithTitle.InsertAfterQulifiedId)","String?","InsertAfterQualifiedId","_InsertAfterQualifiedId"
"D:\OneDrive\VS\Projects\DocxDocument\DocumentModel.InOpenXml\CustomUI\SplitButtonWithTitle.cs","87","Property","nameof(DXO10CUI.SplitButtonWithTitle.InsertBeforeQulifiedId)","String?","InsertBeforeQualifiedId","_InsertBeforeQualifiedId"
"D:\OneDrive\VS\Projects\DocxDocument\DocumentModel.InOpenXml\CustomUI\SplitButtonWithTitle.cs","94","Property","nameof(DXO10CUI.SplitButtonWithTitle.Visible)","Boolean?","Visible","_Visible"
"D:\OneDrive\VS\Projects\DocxDocument\DocumentModel.InOpenXml\CustomUI\SplitButtonWithTitle.cs","101","Property","nameof(DXO10CUI.SplitButtonWithTitle.GetVisible)","String?","GetVisible","_GetVisible"
"D:\OneDrive\VS\Projects\DocxDocument\DocumentModel.InOpenXml\CustomUI\SplitButtonWithTitle.cs","108","Property","nameof(DXO10CUI.SplitButtonWithTitle.Keytip)","String?","Keytip","_Keytip"
"D:\OneDrive\VS\Projects\DocxDocument\DocumentModel.InOpenXml\CustomUI\SplitButtonWithTitle.cs","115","Property","nameof(DXO10CUI.SplitButtonWithTitle.GetKeytip)","String?","GetKeytip","_GetKeytip"
"D:\OneDrive\VS\Projects\DocxDocument\DocumentModel.InOpenXml\CustomUI\SplitButtonWithTitle.cs","122","Property","nameof(DXO10CUI.SplitButtonWithTitle.ShowLabel)","Boolean?","ShowLabel","_ShowLabel"
"D:\OneDrive\VS\Projects\DocxDocument\DocumentModel.InOpenXml\CustomUI\SplitButtonWithTitle.cs","129","Property","nameof(DXO10CUI.SplitButtonWithTitle.GetShowLabel)","String?","GetShowLabel","_GetShowLabel"
"D:\OneDrive\VS\Projects\DocxDocument\DocumentModel.InOpenXml\CustomUI\Tab.cs","22","Property","nameof(DXO10CUI.Tab.Id)","String?","Id","_Id"
"D:\OneDrive\VS\Projects\DocxDocument\DocumentModel.InOpenXml\CustomUI\Tab.cs","29","Property","nameof(DXO10CUI.Tab.QualifiedId)","String?","QualifiedId","_QualifiedId"
"D:\OneDrive\VS\Projects\DocxDocument\DocumentModel.InOpenXml\CustomUI\Tab.cs","36","Property","nameof(DXO10CUI.Tab.Tag)","String?","Tag","_Tag"
"D:\OneDrive\VS\Projects\DocxDocument\DocumentModel.InOpenXml\CustomUI\Tab.cs","43","Property","nameof(DXO10CUI.Tab.IdMso)","String?","IdMso","_IdMso"
"D:\OneDrive\VS\Projects\DocxDocument\DocumentModel.InOpenXml\CustomUI\Tab.cs","50","Property","nameof(DXO10CUI.Tab.Label)","String?","Label","_Label"
"D:\OneDrive\VS\Projects\DocxDocument\DocumentModel.InOpenXml\CustomUI\Tab.cs","57","Property","nameof(DXO10CUI.Tab.GetLabel)","String?","GetLabel","_GetLabel"
"D:\OneDrive\VS\Projects\DocxDocument\DocumentModel.InOpenXml\CustomUI\Tab.cs","64","Property","nameof(DXO10CUI.Tab.InsertAfterMso)","String?","InsertAfterMso","_InsertAfterMso"
"D:\OneDrive\VS\Projects\DocxDocument\DocumentModel.InOpenXml\CustomUI\Tab.cs","71","Property","nameof(DXO10CUI.Tab.InsertBeforeMso)","String?","InsertBeforeMso","_InsertBeforeMso"
"D:\OneDrive\VS\Projects\DocxDocument\DocumentModel.InOpenXml\CustomUI\Tab.cs","78","Property","nameof(DXO10CUI.Tab.InsertAfterQulifiedId)","String?","InsertAfterQualifiedId","_InsertAfterQualifiedId"
"D:\OneDrive\VS\Projects\DocxDocument\DocumentModel.InOpenXml\CustomUI\Tab.cs","85","Property","nameof(DXO10CUI.Tab.InsertBeforeQulifiedId)","String?","InsertBeforeQualifiedId","_InsertBeforeQualifiedId"
"D:\OneDrive\VS\Projects\DocxDocument\DocumentModel.InOpenXml\CustomUI\Tab.cs","92","Property","nameof(DXO10CUI.Tab.Visible)","Boolean?","Visible","_Visible"
"D:\OneDrive\VS\Projects\DocxDocument\DocumentModel.InOpenXml\CustomUI\Tab.cs","99","Property","nameof(DXO10CUI.Tab.GetVisible)","String?","GetVisible","_GetVisible"
"D:\OneDrive\VS\Projects\DocxDocument\DocumentModel.InOpenXml\CustomUI\Tab.cs","106","Property","nameof(DXO10CUI.Tab.Keytip)","String?","Keytip","_Keytip"
"D:\OneDrive\VS\Projects\DocxDocument\DocumentModel.InOpenXml\CustomUI\Tab.cs","113","Property","nameof(DXO10CUI.Tab.GetKeytip)","String?","GetKeytip","_GetKeytip"
"D:\OneDrive\VS\Projects\DocxDocument\DocumentModel.InOpenXml\CustomUI\TabSet.cs","22","Property","nameof(DXO10CUI.TabSet.IdMso)","String?","IdMso","_IdMso"
"D:\OneDrive\VS\Projects\DocxDocument\DocumentModel.InOpenXml\CustomUI\TabSet.cs","29","Property","nameof(DXO10CUI.TabSet.Visible)","Boolean?","Visible","_Visible"
"D:\OneDrive\VS\Projects\DocxDocument\DocumentModel.InOpenXml\CustomUI\TabSet.cs","36","Property","nameof(DXO10CUI.TabSet.GetVisible)","String?","GetVisible","_GetVisible"
"D:\OneDrive\VS\Projects\DocxDocument\DocumentModel.InOpenXml\CustomUI\TaskFormGroup.cs","22","Property","nameof(DXO10CUI.TaskFormGroup.Id)","String?","Id","_Id"
"D:\OneDrive\VS\Projects\DocxDocument\DocumentModel.InOpenXml\CustomUI\TaskFormGroup.cs","29","Property","nameof(DXO10CUI.TaskFormGroup.QualifiedId)","String?","QualifiedId","_QualifiedId"
"D:\OneDrive\VS\Projects\DocxDocument\DocumentModel.InOpenXml\CustomUI\TaskFormGroup.cs","36","Property","nameof(DXO10CUI.TaskFormGroup.Tag)","String?","Tag","_Tag"
"D:\OneDrive\VS\Projects\DocxDocument\DocumentModel.InOpenXml\CustomUI\TaskFormGroup.cs","43","Property","nameof(DXO10CUI.TaskFormGroup.IdMso)","String?","IdMso","_IdMso"
"D:\OneDrive\VS\Projects\DocxDocument\DocumentModel.InOpenXml\CustomUI\TaskFormGroup.cs","50","Property","nameof(DXO10CUI.TaskFormGroup.Label)","String?","Label","_Label"
"D:\OneDrive\VS\Projects\DocxDocument\DocumentModel.InOpenXml\CustomUI\TaskFormGroup.cs","57","Property","nameof(DXO10CUI.TaskFormGroup.GetLabel)","String?","GetLabel","_GetLabel"
"D:\OneDrive\VS\Projects\DocxDocument\DocumentModel.InOpenXml\CustomUI\TaskFormGroup.cs","64","Property","nameof(DXO10CUI.TaskFormGroup.Visible)","Boolean?","Visible","_Visible"
"D:\OneDrive\VS\Projects\DocxDocument\DocumentModel.InOpenXml\CustomUI\TaskFormGroup.cs","71","Property","nameof(DXO10CUI.TaskFormGroup.GetVisible)","String?","GetVisible","_GetVisible"
"D:\OneDrive\VS\Projects\DocxDocument\DocumentModel.InOpenXml\CustomUI\TaskFormGroup.cs","78","Property","nameof(DXO10CUI.TaskFormGroup.HelperText)","String?","HelperText","_HelperText"
"D:\OneDrive\VS\Projects\DocxDocument\DocumentModel.InOpenXml\CustomUI\TaskFormGroup.cs","85","Property","nameof(DXO10CUI.TaskFormGroup.GetHelperText)","String?","GetHelperText","_GetHelperText"
"D:\OneDrive\VS\Projects\DocxDocument\DocumentModel.InOpenXml\CustomUI\TaskFormGroup.cs","92","Property","nameof(DXO10CUI.TaskFormGroup.ShowLabel)","Boolean?","ShowLabel","_ShowLabel"
"D:\OneDrive\VS\Projects\DocxDocument\DocumentModel.InOpenXml\CustomUI\TaskFormGroup.cs","99","Property","nameof(DXO10CUI.TaskFormGroup.GetShowLabel)","String?","GetShowLabel","_GetShowLabel"
"D:\OneDrive\VS\Projects\DocxDocument\DocumentModel.InOpenXml\CustomUI\TaskFormGroup.cs","106","Property","nameof(DXO10CUI.TaskFormGroup.AllowedTaskSizes)","TaskSizesType?","AllowedTaskSizes","_AllowedTaskSizes"
"D:\OneDrive\VS\Projects\DocxDocument\DocumentModel.InOpenXml\CustomUI\TaskFormGroupCategory.cs","22","Property","nameof(DXO10CUI.TaskFormGroupCategory.Id)","String?","Id","_Id"
"D:\OneDrive\VS\Projects\DocxDocument\DocumentModel.InOpenXml\CustomUI\TaskFormGroupCategory.cs","29","Property","nameof(DXO10CUI.TaskFormGroupCategory.QualifiedId)","String?","QualifiedId","_QualifiedId"
"D:\OneDrive\VS\Projects\DocxDocument\DocumentModel.InOpenXml\CustomUI\TaskFormGroupCategory.cs","36","Property","nameof(DXO10CUI.TaskFormGroupCategory.Tag)","String?","Tag","_Tag"
"D:\OneDrive\VS\Projects\DocxDocument\DocumentModel.InOpenXml\CustomUI\TaskFormGroupCategory.cs","43","Property","nameof(DXO10CUI.TaskFormGroupCategory.IdMso)","String?","IdMso","_IdMso"
"D:\OneDrive\VS\Projects\DocxDocument\DocumentModel.InOpenXml\CustomUI\TaskFormGroupCategory.cs","50","Property","nameof(DXO10CUI.TaskFormGroupCategory.InsertAfterMso)","String?","InsertAfterMso","_InsertAfterMso"
"D:\OneDrive\VS\Projects\DocxDocument\DocumentModel.InOpenXml\CustomUI\TaskFormGroupCategory.cs","57","Property","nameof(DXO10CUI.TaskFormGroupCategory.InsertBeforeMso)","String?","InsertBeforeMso","_InsertBeforeMso"
"D:\OneDrive\VS\Projects\DocxDocument\DocumentModel.InOpenXml\CustomUI\TaskFormGroupCategory.cs","64","Property","nameof(DXO10CUI.TaskFormGroupCategory.InsertAfterQulifiedId)","String?","InsertAfterQualifiedId","_InsertAfterQualifiedId"
"D:\OneDrive\VS\Projects\DocxDocument\DocumentModel.InOpenXml\CustomUI\TaskFormGroupCategory.cs","71","Property","nameof(DXO10CUI.TaskFormGroupCategory.InsertBeforeQulifiedId)","String?","InsertBeforeQualifiedId","_InsertBeforeQualifiedId"
"D:\OneDrive\VS\Projects\DocxDocument\DocumentModel.InOpenXml\CustomUI\TaskFormGroupCategory.cs","78","Property","nameof(DXO10CUI.TaskFormGroupCategory.Visible)","Boolean?","Visible","_Visible"
"D:\OneDrive\VS\Projects\DocxDocument\DocumentModel.InOpenXml\CustomUI\TaskFormGroupCategory.cs","85","Property","nameof(DXO10CUI.TaskFormGroupCategory.GetVisible)","String?","GetVisible","_GetVisible"
"D:\OneDrive\VS\Projects\DocxDocument\DocumentModel.InOpenXml\CustomUI\TaskFormGroupCategory.cs","92","Property","nameof(DXO10CUI.TaskFormGroupCategory.Label)","String?","Label","_Label"
"D:\OneDrive\VS\Projects\DocxDocument\DocumentModel.InOpenXml\CustomUI\TaskFormGroupCategory.cs","99","Property","nameof(DXO10CUI.TaskFormGroupCategory.GetLabel)","String?","GetLabel","_GetLabel"
"D:\OneDrive\VS\Projects\DocxDocument\DocumentModel.InOpenXml\CustomUI\TaskFormGroupTask.cs","22","Property","nameof(DXO10CUI.TaskFormGroupTask.Id)","String?","Id","_Id"
"D:\OneDrive\VS\Projects\DocxDocument\DocumentModel.InOpenXml\CustomUI\TaskFormGroupTask.cs","29","Property","nameof(DXO10CUI.TaskFormGroupTask.QualifiedId)","String?","QualifiedId","_QualifiedId"
"D:\OneDrive\VS\Projects\DocxDocument\DocumentModel.InOpenXml\CustomUI\TaskFormGroupTask.cs","36","Property","nameof(DXO10CUI.TaskFormGroupTask.Tag)","String?","Tag","_Tag"
"D:\OneDrive\VS\Projects\DocxDocument\DocumentModel.InOpenXml\CustomUI\TaskFormGroupTask.cs","43","Property","nameof(DXO10CUI.TaskFormGroupTask.IdMso)","String?","IdMso","_IdMso"
"D:\OneDrive\VS\Projects\DocxDocument\DocumentModel.InOpenXml\CustomUI\TaskFormGroupTask.cs","50","Property","nameof(DXO10CUI.TaskFormGroupTask.InsertAfterMso)","String?","InsertAfterMso","_InsertAfterMso"
"D:\OneDrive\VS\Projects\DocxDocument\DocumentModel.InOpenXml\CustomUI\TaskFormGroupTask.cs","57","Property","nameof(DXO10CUI.TaskFormGroupTask.InsertBeforeMso)","String?","InsertBeforeMso","_InsertBeforeMso"
"D:\OneDrive\VS\Projects\DocxDocument\DocumentModel.InOpenXml\CustomUI\TaskFormGroupTask.cs","64","Property","nameof(DXO10CUI.TaskFormGroupTask.InsertAfterQulifiedId)","String?","InsertAfterQualifiedId","_InsertAfterQualifiedId"
"D:\OneDrive\VS\Projects\DocxDocument\DocumentModel.InOpenXml\CustomUI\TaskFormGroupTask.cs","71","Property","nameof(DXO10CUI.TaskFormGroupTask.InsertBeforeQulifiedId)","String?","InsertBeforeQualifiedId","_InsertBeforeQualifiedId"
"D:\OneDrive\VS\Projects\DocxDocument\DocumentModel.InOpenXml\CustomUI\TaskFormGroupTask.cs","78","Property","nameof(DXO10CUI.TaskFormGroupTask.Image)","String?","Image","_Image"
"D:\OneDrive\VS\Projects\DocxDocument\DocumentModel.InOpenXml\CustomUI\TaskFormGroupTask.cs","85","Property","nameof(DXO10CUI.TaskFormGroupTask.ImageMso)","String?","ImageMso","_ImageMso"
"D:\OneDrive\VS\Projects\DocxDocument\DocumentModel.InOpenXml\CustomUI\TaskFormGroupTask.cs","92","Property","nameof(DXO10CUI.TaskFormGroupTask.GetImage)","String?","GetImage","_GetImage"
"D:\OneDrive\VS\Projects\DocxDocument\DocumentModel.InOpenXml\CustomUI\TaskFormGroupTask.cs","99","Property","nameof(DXO10CUI.TaskFormGroupTask.Enabled)","Boolean?","Enabled","_Enabled"
"D:\OneDrive\VS\Projects\DocxDocument\DocumentModel.InOpenXml\CustomUI\TaskFormGroupTask.cs","106","Property","nameof(DXO10CUI.TaskFormGroupTask.GetEnabled)","String?","GetEnabled","_GetEnabled"
"D:\OneDrive\VS\Projects\DocxDocument\DocumentModel.InOpenXml\CustomUI\TaskFormGroupTask.cs","113","Property","nameof(DXO10CUI.TaskFormGroupTask.Label)","String?","Label","_Label"
"D:\OneDrive\VS\Projects\DocxDocument\DocumentModel.InOpenXml\CustomUI\TaskFormGroupTask.cs","120","Property","nameof(DXO10CUI.TaskFormGroupTask.GetLabel)","String?","GetLabel","_GetLabel"
"D:\OneDrive\VS\Projects\DocxDocument\DocumentModel.InOpenXml\CustomUI\TaskFormGroupTask.cs","127","Property","nameof(DXO10CUI.TaskFormGroupTask.Visible)","Boolean?","Visible","_Visible"
"D:\OneDrive\VS\Projects\DocxDocument\DocumentModel.InOpenXml\CustomUI\TaskFormGroupTask.cs","134","Property","nameof(DXO10CUI.TaskFormGroupTask.GetVisible)","String?","GetVisible","_GetVisible"
"D:\OneDrive\VS\Projects\DocxDocument\DocumentModel.InOpenXml\CustomUI\TaskFormGroupTask.cs","141","Property","nameof(DXO10CUI.TaskFormGroupTask.Description)","String?","Description","_Description"
"D:\OneDrive\VS\Projects\DocxDocument\DocumentModel.InOpenXml\CustomUI\TaskFormGroupTask.cs","148","Property","nameof(DXO10CUI.TaskFormGroupTask.GetDescription)","String?","GetDescription","_GetDescription"
"D:\OneDrive\VS\Projects\DocxDocument\DocumentModel.InOpenXml\CustomUI\TaskFormGroupTask.cs","155","Property","nameof(DXO10CUI.TaskFormGroupTask.Keytip)","String?","Keytip","_Keytip"
"D:\OneDrive\VS\Projects\DocxDocument\DocumentModel.InOpenXml\CustomUI\TaskFormGroupTask.cs","162","Property","nameof(DXO10CUI.TaskFormGroupTask.GetKeytip)","String?","GetKeytip","_GetKeytip"
"D:\OneDrive\VS\Projects\DocxDocument\DocumentModel.InOpenXml\CustomUI\TaskGroup.cs","22","Property","nameof(DXO10CUI.TaskGroup.Id)","String?","Id","_Id"
"D:\OneDrive\VS\Projects\DocxDocument\DocumentModel.InOpenXml\CustomUI\TaskGroup.cs","29","Property","nameof(DXO10CUI.TaskGroup.QualifiedId)","String?","QualifiedId","_QualifiedId"
"D:\OneDrive\VS\Projects\DocxDocument\DocumentModel.InOpenXml\CustomUI\TaskGroup.cs","36","Property","nameof(DXO10CUI.TaskGroup.Tag)","String?","Tag","_Tag"
"D:\OneDrive\VS\Projects\DocxDocument\DocumentModel.InOpenXml\CustomUI\TaskGroup.cs","43","Property","nameof(DXO10CUI.TaskGroup.IdMso)","String?","IdMso","_IdMso"
"D:\OneDrive\VS\Projects\DocxDocument\DocumentModel.InOpenXml\CustomUI\TaskGroup.cs","50","Property","nameof(DXO10CUI.TaskGroup.InsertAfterMso)","String?","InsertAfterMso","_InsertAfterMso"
"D:\OneDrive\VS\Projects\DocxDocument\DocumentModel.InOpenXml\CustomUI\TaskGroup.cs","57","Property","nameof(DXO10CUI.TaskGroup.InsertBeforeMso)","String?","InsertBeforeMso","_InsertBeforeMso"
"D:\OneDrive\VS\Projects\DocxDocument\DocumentModel.InOpenXml\CustomUI\TaskGroup.cs","64","Property","nameof(DXO10CUI.TaskGroup.InsertAfterQulifiedId)","String?","InsertAfterQualifiedId","_InsertAfterQualifiedId"
"D:\OneDrive\VS\Projects\DocxDocument\DocumentModel.InOpenXml\CustomUI\TaskGroup.cs","71","Property","nameof(DXO10CUI.TaskGroup.InsertBeforeQulifiedId)","String?","InsertBeforeQualifiedId","_InsertBeforeQualifiedId"
"D:\OneDrive\VS\Projects\DocxDocument\DocumentModel.InOpenXml\CustomUI\TaskGroup.cs","78","Property","nameof(DXO10CUI.TaskGroup.Label)","String?","Label","_Label"
"D:\OneDrive\VS\Projects\DocxDocument\DocumentModel.InOpenXml\CustomUI\TaskGroup.cs","85","Property","nameof(DXO10CUI.TaskGroup.GetLabel)","String?","GetLabel","_GetLabel"
"D:\OneDrive\VS\Projects\DocxDocument\DocumentModel.InOpenXml\CustomUI\TaskGroup.cs","92","Property","nameof(DXO10CUI.TaskGroup.Visible)","Boolean?","Visible","_Visible"
"D:\OneDrive\VS\Projects\DocxDocument\DocumentModel.InOpenXml\CustomUI\TaskGroup.cs","99","Property","nameof(DXO10CUI.TaskGroup.GetVisible)","String?","GetVisible","_GetVisible"
"D:\OneDrive\VS\Projects\DocxDocument\DocumentModel.InOpenXml\CustomUI\TaskGroup.cs","106","Property","nameof(DXO10CUI.TaskGroup.HelperText)","String?","HelperText","_HelperText"
"D:\OneDrive\VS\Projects\DocxDocument\DocumentModel.InOpenXml\CustomUI\TaskGroup.cs","113","Property","nameof(DXO10CUI.TaskGroup.GetHelperText)","String?","GetHelperText","_GetHelperText"
"D:\OneDrive\VS\Projects\DocxDocument\DocumentModel.InOpenXml\CustomUI\TaskGroup.cs","120","Property","nameof(DXO10CUI.TaskGroup.ShowLabel)","Boolean?","ShowLabel","_ShowLabel"
"D:\OneDrive\VS\Projects\DocxDocument\DocumentModel.InOpenXml\CustomUI\TaskGroup.cs","127","Property","nameof(DXO10CUI.TaskGroup.GetShowLabel)","String?","GetShowLabel","_GetShowLabel"
"D:\OneDrive\VS\Projects\DocxDocument\DocumentModel.InOpenXml\CustomUI\TaskGroup.cs","134","Property","nameof(DXO10CUI.TaskGroup.AllowedTaskSizes)","TaskSizesType?","AllowedTaskSizes","_AllowedTaskSizes"
"D:\OneDrive\VS\Projects\DocxDocument\DocumentModel.InOpenXml\CustomUI\TaskGroupCategory.cs","22","Property","nameof(DXO10CUI.TaskGroupCategory.Id)","String?","Id","_Id"
"D:\OneDrive\VS\Projects\DocxDocument\DocumentModel.InOpenXml\CustomUI\TaskGroupCategory.cs","29","Property","nameof(DXO10CUI.TaskGroupCategory.QualifiedId)","String?","QualifiedId","_QualifiedId"
"D:\OneDrive\VS\Projects\DocxDocument\DocumentModel.InOpenXml\CustomUI\TaskGroupCategory.cs","36","Property","nameof(DXO10CUI.TaskGroupCategory.Tag)","String?","Tag","_Tag"
"D:\OneDrive\VS\Projects\DocxDocument\DocumentModel.InOpenXml\CustomUI\TaskGroupCategory.cs","43","Property","nameof(DXO10CUI.TaskGroupCategory.IdMso)","String?","IdMso","_IdMso"
"D:\OneDrive\VS\Projects\DocxDocument\DocumentModel.InOpenXml\CustomUI\TaskGroupCategory.cs","50","Property","nameof(DXO10CUI.TaskGroupCategory.InsertAfterMso)","String?","InsertAfterMso","_InsertAfterMso"
"D:\OneDrive\VS\Projects\DocxDocument\DocumentModel.InOpenXml\CustomUI\TaskGroupCategory.cs","57","Property","nameof(DXO10CUI.TaskGroupCategory.InsertBeforeMso)","String?","InsertBeforeMso","_InsertBeforeMso"
"D:\OneDrive\VS\Projects\DocxDocument\DocumentModel.InOpenXml\CustomUI\TaskGroupCategory.cs","64","Property","nameof(DXO10CUI.TaskGroupCategory.InsertAfterQulifiedId)","String?","InsertAfterQualifiedId","_InsertAfterQualifiedId"
"D:\OneDrive\VS\Projects\DocxDocument\DocumentModel.InOpenXml\CustomUI\TaskGroupCategory.cs","71","Property","nameof(DXO10CUI.TaskGroupCategory.InsertBeforeQulifiedId)","String?","InsertBeforeQualifiedId","_InsertBeforeQualifiedId"
"D:\OneDrive\VS\Projects\DocxDocument\DocumentModel.InOpenXml\CustomUI\TaskGroupCategory.cs","78","Property","nameof(DXO10CUI.TaskGroupCategory.Visible)","Boolean?","Visible","_Visible"
"D:\OneDrive\VS\Projects\DocxDocument\DocumentModel.InOpenXml\CustomUI\TaskGroupCategory.cs","85","Property","nameof(DXO10CUI.TaskGroupCategory.GetVisible)","String?","GetVisible","_GetVisible"
"D:\OneDrive\VS\Projects\DocxDocument\DocumentModel.InOpenXml\CustomUI\TaskGroupCategory.cs","92","Property","nameof(DXO10CUI.TaskGroupCategory.Label)","String?","Label","_Label"
"D:\OneDrive\VS\Projects\DocxDocument\DocumentModel.InOpenXml\CustomUI\TaskGroupCategory.cs","99","Property","nameof(DXO10CUI.TaskGroupCategory.GetLabel)","String?","GetLabel","_GetLabel"
"D:\OneDrive\VS\Projects\DocxDocument\DocumentModel.InOpenXml\CustomUI\TaskGroupTask.cs","16","Property","nameof(DXO10CUI.TaskGroupTask.Id)","String?","Id","_Id"
"D:\OneDrive\VS\Projects\DocxDocument\DocumentModel.InOpenXml\CustomUI\TaskGroupTask.cs","23","Property","nameof(DXO10CUI.TaskGroupTask.QualifiedId)","String?","QualifiedId","_QualifiedId"
"D:\OneDrive\VS\Projects\DocxDocument\DocumentModel.InOpenXml\CustomUI\TaskGroupTask.cs","30","Property","nameof(DXO10CUI.TaskGroupTask.Tag)","String?","Tag","_Tag"
"D:\OneDrive\VS\Projects\DocxDocument\DocumentModel.InOpenXml\CustomUI\TaskGroupTask.cs","37","Property","nameof(DXO10CUI.TaskGroupTask.IdMso)","String?","IdMso","_IdMso"
"D:\OneDrive\VS\Projects\DocxDocument\DocumentModel.InOpenXml\CustomUI\TaskGroupTask.cs","44","Property","nameof(DXO10CUI.TaskGroupTask.InsertAfterMso)","String?","InsertAfterMso","_InsertAfterMso"
"D:\OneDrive\VS\Projects\DocxDocument\DocumentModel.InOpenXml\CustomUI\TaskGroupTask.cs","51","Property","nameof(DXO10CUI.TaskGroupTask.InsertBeforeMso)","String?","InsertBeforeMso","_InsertBeforeMso"
"D:\OneDrive\VS\Projects\DocxDocument\DocumentModel.InOpenXml\CustomUI\TaskGroupTask.cs","58","Property","nameof(DXO10CUI.TaskGroupTask.InsertAfterQulifiedId)","String?","InsertAfterQualifiedId","_InsertAfterQualifiedId"
"D:\OneDrive\VS\Projects\DocxDocument\DocumentModel.InOpenXml\CustomUI\TaskGroupTask.cs","65","Property","nameof(DXO10CUI.TaskGroupTask.InsertBeforeQulifiedId)","String?","InsertBeforeQualifiedId","_InsertBeforeQualifiedId"
"D:\OneDrive\VS\Projects\DocxDocument\DocumentModel.InOpenXml\CustomUI\TaskGroupTask.cs","72","Property","nameof(DXO10CUI.TaskGroupTask.OnAction)","String?","OnAction","_OnAction"
"D:\OneDrive\VS\Projects\DocxDocument\DocumentModel.InOpenXml\CustomUI\TaskGroupTask.cs","79","Property","nameof(DXO10CUI.TaskGroupTask.IsDefinitive)","Boolean?","IsDefinitive","_IsDefinitive"
"D:\OneDrive\VS\Projects\DocxDocument\DocumentModel.InOpenXml\CustomUI\TaskGroupTask.cs","86","Property","nameof(DXO10CUI.TaskGroupTask.Image)","String?","Image","_Image"
"D:\OneDrive\VS\Projects\DocxDocument\DocumentModel.InOpenXml\CustomUI\TaskGroupTask.cs","93","Property","nameof(DXO10CUI.TaskGroupTask.ImageMso)","String?","ImageMso","_ImageMso"
"D:\OneDrive\VS\Projects\DocxDocument\DocumentModel.InOpenXml\CustomUI\TaskGroupTask.cs","100","Property","nameof(DXO10CUI.TaskGroupTask.GetImage)","String?","GetImage","_GetImage"
"D:\OneDrive\VS\Projects\DocxDocument\DocumentModel.InOpenXml\CustomUI\TaskGroupTask.cs","107","Property","nameof(DXO10CUI.TaskGroupTask.Enabled)","Boolean?","Enabled","_Enabled"
"D:\OneDrive\VS\Projects\DocxDocument\DocumentModel.InOpenXml\CustomUI\TaskGroupTask.cs","114","Property","nameof(DXO10CUI.TaskGroupTask.GetEnabled)","String?","GetEnabled","_GetEnabled"
"D:\OneDrive\VS\Projects\DocxDocument\DocumentModel.InOpenXml\CustomUI\TaskGroupTask.cs","121","Property","nameof(DXO10CUI.TaskGroupTask.Label)","String?","Label","_Label"
"D:\OneDrive\VS\Projects\DocxDocument\DocumentModel.InOpenXml\CustomUI\TaskGroupTask.cs","128","Property","nameof(DXO10CUI.TaskGroupTask.GetLabel)","String?","GetLabel","_GetLabel"
"D:\OneDrive\VS\Projects\DocxDocument\DocumentModel.InOpenXml\CustomUI\TaskGroupTask.cs","135","Property","nameof(DXO10CUI.TaskGroupTask.Visible)","Boolean?","Visible","_Visible"
"D:\OneDrive\VS\Projects\DocxDocument\DocumentModel.InOpenXml\CustomUI\TaskGroupTask.cs","142","Property","nameof(DXO10CUI.TaskGroupTask.GetVisible)","String?","GetVisible","_GetVisible"
"D:\OneDrive\VS\Projects\DocxDocument\DocumentModel.InOpenXml\CustomUI\TaskGroupTask.cs","149","Property","nameof(DXO10CUI.TaskGroupTask.Description)","String?","Description","_Description"
"D:\OneDrive\VS\Projects\DocxDocument\DocumentModel.InOpenXml\CustomUI\TaskGroupTask.cs","156","Property","nameof(DXO10CUI.TaskGroupTask.GetDescription)","String?","GetDescription","_GetDescription"
"D:\OneDrive\VS\Projects\DocxDocument\DocumentModel.InOpenXml\CustomUI\TaskGroupTask.cs","163","Property","nameof(DXO10CUI.TaskGroupTask.Keytip)","String?","Keytip","_Keytip"
"D:\OneDrive\VS\Projects\DocxDocument\DocumentModel.InOpenXml\CustomUI\TaskGroupTask.cs","170","Property","nameof(DXO10CUI.TaskGroupTask.GetKeytip)","String?","GetKeytip","_GetKeytip"
"D:\OneDrive\VS\Projects\DocxDocument\DocumentModel.InOpenXml\CustomUI\ToggleButton.cs","16","Property","nameof(DXO10CUI.ToggleButton.Size)","Size?","Size","_Size"
"D:\OneDrive\VS\Projects\DocxDocument\DocumentModel.InOpenXml\CustomUI\ToggleButton.cs","23","Property","nameof(DXO10CUI.ToggleButton.GetSize)","String?","GetSize","_GetSize"
"D:\OneDrive\VS\Projects\DocxDocument\DocumentModel.InOpenXml\CustomUI\ToggleButton.cs","30","Property","nameof(DXO10CUI.ToggleButton.GetPressed)","String?","GetPressed","_GetPressed"
"D:\OneDrive\VS\Projects\DocxDocument\DocumentModel.InOpenXml\CustomUI\ToggleButton.cs","37","Property","nameof(DXO10CUI.ToggleButton.OnAction)","String?","OnAction","_OnAction"
"D:\OneDrive\VS\Projects\DocxDocument\DocumentModel.InOpenXml\CustomUI\ToggleButton.cs","44","Property","nameof(DXO10CUI.ToggleButton.Enabled)","Boolean?","Enabled","_Enabled"
"D:\OneDrive\VS\Projects\DocxDocument\DocumentModel.InOpenXml\CustomUI\ToggleButton.cs","51","Property","nameof(DXO10CUI.ToggleButton.GetEnabled)","String?","GetEnabled","_GetEnabled"
"D:\OneDrive\VS\Projects\DocxDocument\DocumentModel.InOpenXml\CustomUI\ToggleButton.cs","58","Property","nameof(DXO10CUI.ToggleButton.Description)","String?","Description","_Description"
"D:\OneDrive\VS\Projects\DocxDocument\DocumentModel.InOpenXml\CustomUI\ToggleButton.cs","65","Property","nameof(DXO10CUI.ToggleButton.GetDescription)","String?","GetDescription","_GetDescription"
"D:\OneDrive\VS\Projects\DocxDocument\DocumentModel.InOpenXml\CustomUI\ToggleButton.cs","72","Property","nameof(DXO10CUI.ToggleButton.Image)","String?","Image","_Image"
"D:\OneDrive\VS\Projects\DocxDocument\DocumentModel.InOpenXml\CustomUI\ToggleButton.cs","79","Property","nameof(DXO10CUI.ToggleButton.ImageMso)","String?","ImageMso","_ImageMso"
"D:\OneDrive\VS\Projects\DocxDocument\DocumentModel.InOpenXml\CustomUI\ToggleButton.cs","86","Property","nameof(DXO10CUI.ToggleButton.GetImage)","String?","GetImage","_GetImage"
"D:\OneDrive\VS\Projects\DocxDocument\DocumentModel.InOpenXml\CustomUI\ToggleButton.cs","93","Property","nameof(DXO10CUI.ToggleButton.Id)","String?","Id","_Id"
"D:\OneDrive\VS\Projects\DocxDocument\DocumentModel.InOpenXml\CustomUI\ToggleButton.cs","100","Property","nameof(DXO10CUI.ToggleButton.QualifiedId)","String?","QualifiedId","_QualifiedId"
"D:\OneDrive\VS\Projects\DocxDocument\DocumentModel.InOpenXml\CustomUI\ToggleButton.cs","107","Property","nameof(DXO10CUI.ToggleButton.Tag)","String?","Tag","_Tag"
"D:\OneDrive\VS\Projects\DocxDocument\DocumentModel.InOpenXml\CustomUI\ToggleButton.cs","114","Property","nameof(DXO10CUI.ToggleButton.IdMso)","String?","IdMso","_IdMso"
"D:\OneDrive\VS\Projects\DocxDocument\DocumentModel.InOpenXml\CustomUI\ToggleButton.cs","121","Property","nameof(DXO10CUI.ToggleButton.Screentip)","String?","Screentip","_Screentip"
"D:\OneDrive\VS\Projects\DocxDocument\DocumentModel.InOpenXml\CustomUI\ToggleButton.cs","128","Property","nameof(DXO10CUI.ToggleButton.GetScreentip)","String?","GetScreentip","_GetScreentip"
"D:\OneDrive\VS\Projects\DocxDocument\DocumentModel.InOpenXml\CustomUI\ToggleButton.cs","135","Property","nameof(DXO10CUI.ToggleButton.Supertip)","String?","Supertip","_Supertip"
"D:\OneDrive\VS\Projects\DocxDocument\DocumentModel.InOpenXml\CustomUI\ToggleButton.cs","142","Property","nameof(DXO10CUI.ToggleButton.GetSupertip)","String?","GetSupertip","_GetSupertip"
"D:\OneDrive\VS\Projects\DocxDocument\DocumentModel.InOpenXml\CustomUI\ToggleButton.cs","149","Property","nameof(DXO10CUI.ToggleButton.Label)","String?","Label","_Label"
"D:\OneDrive\VS\Projects\DocxDocument\DocumentModel.InOpenXml\CustomUI\ToggleButton.cs","156","Property","nameof(DXO10CUI.ToggleButton.GetLabel)","String?","GetLabel","_GetLabel"
"D:\OneDrive\VS\Projects\DocxDocument\DocumentModel.InOpenXml\CustomUI\ToggleButton.cs","163","Property","nameof(DXO10CUI.ToggleButton.InsertAfterMso)","String?","InsertAfterMso","_InsertAfterMso"
"D:\OneDrive\VS\Projects\DocxDocument\DocumentModel.InOpenXml\CustomUI\ToggleButton.cs","170","Property","nameof(DXO10CUI.ToggleButton.InsertBeforeMso)","String?","InsertBeforeMso","_InsertBeforeMso"
"D:\OneDrive\VS\Projects\DocxDocument\DocumentModel.InOpenXml\CustomUI\ToggleButton.cs","177","Property","nameof(DXO10CUI.ToggleButton.InsertAfterQulifiedId)","String?","InsertAfterQualifiedId","_InsertAfterQualifiedId"
"D:\OneDrive\VS\Projects\DocxDocument\DocumentModel.InOpenXml\CustomUI\ToggleButton.cs","184","Property","nameof(DXO10CUI.ToggleButton.InsertBeforeQulifiedId)","String?","InsertBeforeQualifiedId","_InsertBeforeQualifiedId"
"D:\OneDrive\VS\Projects\DocxDocument\DocumentModel.InOpenXml\CustomUI\ToggleButton.cs","191","Property","nameof(DXO10CUI.ToggleButton.Visible)","Boolean?","Visible","_Visible"
"D:\OneDrive\VS\Projects\DocxDocument\DocumentModel.InOpenXml\CustomUI\ToggleButton.cs","198","Property","nameof(DXO10CUI.ToggleButton.GetVisible)","String?","GetVisible","_GetVisible"
"D:\OneDrive\VS\Projects\DocxDocument\DocumentModel.InOpenXml\CustomUI\ToggleButton.cs","205","Property","nameof(DXO10CUI.ToggleButton.Keytip)","String?","Keytip","_Keytip"
"D:\OneDrive\VS\Projects\DocxDocument\DocumentModel.InOpenXml\CustomUI\ToggleButton.cs","212","Property","nameof(DXO10CUI.ToggleButton.GetKeytip)","String?","GetKeytip","_GetKeytip"
"D:\OneDrive\VS\Projects\DocxDocument\DocumentModel.InOpenXml\CustomUI\ToggleButton.cs","219","Property","nameof(DXO10CUI.ToggleButton.ShowLabel)","Boolean?","ShowLabel","_ShowLabel"
"D:\OneDrive\VS\Projects\DocxDocument\DocumentModel.InOpenXml\CustomUI\ToggleButton.cs","226","Property","nameof(DXO10CUI.ToggleButton.GetShowLabel)","String?","GetShowLabel","_GetShowLabel"
"D:\OneDrive\VS\Projects\DocxDocument\DocumentModel.InOpenXml\CustomUI\ToggleButton.cs","233","Property","nameof(DXO10CUI.ToggleButton.ShowImage)","Boolean?","ShowImage","_ShowImage"
"D:\OneDrive\VS\Projects\DocxDocument\DocumentModel.InOpenXml\CustomUI\ToggleButton.cs","240","Property","nameof(DXO10CUI.ToggleButton.GetShowImage)","String?","GetShowImage","_GetShowImage"
"D:\OneDrive\VS\Projects\DocxDocument\DocumentModel.InOpenXml\CustomUI\ToggleButtonRegular.cs","16","Property","nameof(DXO10CUI.ToggleButtonRegular.GetPressed)","String?","GetPressed","_GetPressed"
"D:\OneDrive\VS\Projects\DocxDocument\DocumentModel.InOpenXml\CustomUI\ToggleButtonRegular.cs","23","Property","nameof(DXO10CUI.ToggleButtonRegular.OnAction)","String?","OnAction","_OnAction"
"D:\OneDrive\VS\Projects\DocxDocument\DocumentModel.InOpenXml\CustomUI\ToggleButtonRegular.cs","30","Property","nameof(DXO10CUI.ToggleButtonRegular.Enabled)","Boolean?","Enabled","_Enabled"
"D:\OneDrive\VS\Projects\DocxDocument\DocumentModel.InOpenXml\CustomUI\ToggleButtonRegular.cs","37","Property","nameof(DXO10CUI.ToggleButtonRegular.GetEnabled)","String?","GetEnabled","_GetEnabled"
"D:\OneDrive\VS\Projects\DocxDocument\DocumentModel.InOpenXml\CustomUI\ToggleButtonRegular.cs","44","Property","nameof(DXO10CUI.ToggleButtonRegular.Description)","String?","Description","_Description"
"D:\OneDrive\VS\Projects\DocxDocument\DocumentModel.InOpenXml\CustomUI\ToggleButtonRegular.cs","51","Property","nameof(DXO10CUI.ToggleButtonRegular.GetDescription)","String?","GetDescription","_GetDescription"
"D:\OneDrive\VS\Projects\DocxDocument\DocumentModel.InOpenXml\CustomUI\ToggleButtonRegular.cs","58","Property","nameof(DXO10CUI.ToggleButtonRegular.Image)","String?","Image","_Image"
"D:\OneDrive\VS\Projects\DocxDocument\DocumentModel.InOpenXml\CustomUI\ToggleButtonRegular.cs","65","Property","nameof(DXO10CUI.ToggleButtonRegular.ImageMso)","String?","ImageMso","_ImageMso"
"D:\OneDrive\VS\Projects\DocxDocument\DocumentModel.InOpenXml\CustomUI\ToggleButtonRegular.cs","72","Property","nameof(DXO10CUI.ToggleButtonRegular.GetImage)","String?","GetImage","_GetImage"
"D:\OneDrive\VS\Projects\DocxDocument\DocumentModel.InOpenXml\CustomUI\ToggleButtonRegular.cs","79","Property","nameof(DXO10CUI.ToggleButtonRegular.Id)","String?","Id","_Id"
"D:\OneDrive\VS\Projects\DocxDocument\DocumentModel.InOpenXml\CustomUI\ToggleButtonRegular.cs","86","Property","nameof(DXO10CUI.ToggleButtonRegular.QualifiedId)","String?","QualifiedId","_QualifiedId"
"D:\OneDrive\VS\Projects\DocxDocument\DocumentModel.InOpenXml\CustomUI\ToggleButtonRegular.cs","93","Property","nameof(DXO10CUI.ToggleButtonRegular.Tag)","String?","Tag","_Tag"
"D:\OneDrive\VS\Projects\DocxDocument\DocumentModel.InOpenXml\CustomUI\ToggleButtonRegular.cs","100","Property","nameof(DXO10CUI.ToggleButtonRegular.IdMso)","String?","IdMso","_IdMso"
"D:\OneDrive\VS\Projects\DocxDocument\DocumentModel.InOpenXml\CustomUI\ToggleButtonRegular.cs","107","Property","nameof(DXO10CUI.ToggleButtonRegular.Screentip)","String?","Screentip","_Screentip"
"D:\OneDrive\VS\Projects\DocxDocument\DocumentModel.InOpenXml\CustomUI\ToggleButtonRegular.cs","114","Property","nameof(DXO10CUI.ToggleButtonRegular.GetScreentip)","String?","GetScreentip","_GetScreentip"
"D:\OneDrive\VS\Projects\DocxDocument\DocumentModel.InOpenXml\CustomUI\ToggleButtonRegular.cs","121","Property","nameof(DXO10CUI.ToggleButtonRegular.Supertip)","String?","Supertip","_Supertip"
"D:\OneDrive\VS\Projects\DocxDocument\DocumentModel.InOpenXml\CustomUI\ToggleButtonRegular.cs","128","Property","nameof(DXO10CUI.ToggleButtonRegular.GetSupertip)","String?","GetSupertip","_GetSupertip"
"D:\OneDrive\VS\Projects\DocxDocument\DocumentModel.InOpenXml\CustomUI\ToggleButtonRegular.cs","135","Property","nameof(DXO10CUI.ToggleButtonRegular.Label)","String?","Label","_Label"
"D:\OneDrive\VS\Projects\DocxDocument\DocumentModel.InOpenXml\CustomUI\ToggleButtonRegular.cs","142","Property","nameof(DXO10CUI.ToggleButtonRegular.GetLabel)","String?","GetLabel","_GetLabel"
"D:\OneDrive\VS\Projects\DocxDocument\DocumentModel.InOpenXml\CustomUI\ToggleButtonRegular.cs","149","Property","nameof(DXO10CUI.ToggleButtonRegular.InsertAfterMso)","String?","InsertAfterMso","_InsertAfterMso"
"D:\OneDrive\VS\Projects\DocxDocument\DocumentModel.InOpenXml\CustomUI\ToggleButtonRegular.cs","156","Property","nameof(DXO10CUI.ToggleButtonRegular.InsertBeforeMso)","String?","InsertBeforeMso","_InsertBeforeMso"
"D:\OneDrive\VS\Projects\DocxDocument\DocumentModel.InOpenXml\CustomUI\ToggleButtonRegular.cs","163","Property","nameof(DXO10CUI.ToggleButtonRegular.InsertAfterQulifiedId)","String?","InsertAfterQualifiedId","_InsertAfterQualifiedId"
"D:\OneDrive\VS\Projects\DocxDocument\DocumentModel.InOpenXml\CustomUI\ToggleButtonRegular.cs","170","Property","nameof(DXO10CUI.ToggleButtonRegular.InsertBeforeQulifiedId)","String?","InsertBeforeQualifiedId","_InsertBeforeQualifiedId"
"D:\OneDrive\VS\Projects\DocxDocument\DocumentModel.InOpenXml\CustomUI\ToggleButtonRegular.cs","177","Property","nameof(DXO10CUI.ToggleButtonRegular.Visible)","Boolean?","Visible","_Visible"
"D:\OneDrive\VS\Projects\DocxDocument\DocumentModel.InOpenXml\CustomUI\ToggleButtonRegular.cs","184","Property","nameof(DXO10CUI.ToggleButtonRegular.GetVisible)","String?","GetVisible","_GetVisible"
"D:\OneDrive\VS\Projects\DocxDocument\DocumentModel.InOpenXml\CustomUI\ToggleButtonRegular.cs","191","Property","nameof(DXO10CUI.ToggleButtonRegular.Keytip)","String?","Keytip","_Keytip"
"D:\OneDrive\VS\Projects\DocxDocument\DocumentModel.InOpenXml\CustomUI\ToggleButtonRegular.cs","198","Property","nameof(DXO10CUI.ToggleButtonRegular.GetKeytip)","String?","GetKeytip","_GetKeytip"
"D:\OneDrive\VS\Projects\DocxDocument\DocumentModel.InOpenXml\CustomUI\ToggleButtonRegular.cs","205","Property","nameof(DXO10CUI.ToggleButtonRegular.ShowLabel)","Boolean?","ShowLabel","_ShowLabel"
"D:\OneDrive\VS\Projects\DocxDocument\DocumentModel.InOpenXml\CustomUI\ToggleButtonRegular.cs","212","Property","nameof(DXO10CUI.ToggleButtonRegular.GetShowLabel)","String?","GetShowLabel","_GetShowLabel"
"D:\OneDrive\VS\Projects\DocxDocument\DocumentModel.InOpenXml\CustomUI\ToggleButtonRegular.cs","219","Property","nameof(DXO10CUI.ToggleButtonRegular.ShowImage)","Boolean?","ShowImage","_ShowImage"
"D:\OneDrive\VS\Projects\DocxDocument\DocumentModel.InOpenXml\CustomUI\ToggleButtonRegular.cs","226","Property","nameof(DXO10CUI.ToggleButtonRegular.GetShowImage)","String?","GetShowImage","_GetShowImage"
"D:\OneDrive\VS\Projects\DocxDocument\DocumentModel.InOpenXml\CustomUI\VisibleButton.cs","16","Property","nameof(DXO10CUI.VisibleButton.OnAction)","String?","OnAction","_OnAction"
"D:\OneDrive\VS\Projects\DocxDocument\DocumentModel.InOpenXml\CustomUI\VisibleButton.cs","23","Property","nameof(DXO10CUI.VisibleButton.Enabled)","Boolean?","Enabled","_Enabled"
"D:\OneDrive\VS\Projects\DocxDocument\DocumentModel.InOpenXml\CustomUI\VisibleButton.cs","30","Property","nameof(DXO10CUI.VisibleButton.GetEnabled)","String?","GetEnabled","_GetEnabled"
"D:\OneDrive\VS\Projects\DocxDocument\DocumentModel.InOpenXml\CustomUI\VisibleButton.cs","37","Property","nameof(DXO10CUI.VisibleButton.Description)","String?","Description","_Description"
"D:\OneDrive\VS\Projects\DocxDocument\DocumentModel.InOpenXml\CustomUI\VisibleButton.cs","44","Property","nameof(DXO10CUI.VisibleButton.GetDescription)","String?","GetDescription","_GetDescription"
"D:\OneDrive\VS\Projects\DocxDocument\DocumentModel.InOpenXml\CustomUI\VisibleButton.cs","51","Property","nameof(DXO10CUI.VisibleButton.Image)","String?","Image","_Image"
"D:\OneDrive\VS\Projects\DocxDocument\DocumentModel.InOpenXml\CustomUI\VisibleButton.cs","58","Property","nameof(DXO10CUI.VisibleButton.ImageMso)","String?","ImageMso","_ImageMso"
"D:\OneDrive\VS\Projects\DocxDocument\DocumentModel.InOpenXml\CustomUI\VisibleButton.cs","65","Property","nameof(DXO10CUI.VisibleButton.GetImage)","String?","GetImage","_GetImage"
"D:\OneDrive\VS\Projects\DocxDocument\DocumentModel.InOpenXml\CustomUI\VisibleButton.cs","72","Property","nameof(DXO10CUI.VisibleButton.Id)","String?","Id","_Id"
"D:\OneDrive\VS\Projects\DocxDocument\DocumentModel.InOpenXml\CustomUI\VisibleButton.cs","79","Property","nameof(DXO10CUI.VisibleButton.QualifiedId)","String?","QualifiedId","_QualifiedId"
"D:\OneDrive\VS\Projects\DocxDocument\DocumentModel.InOpenXml\CustomUI\VisibleButton.cs","86","Property","nameof(DXO10CUI.VisibleButton.Tag)","String?","Tag","_Tag"
"D:\OneDrive\VS\Projects\DocxDocument\DocumentModel.InOpenXml\CustomUI\VisibleButton.cs","93","Property","nameof(DXO10CUI.VisibleButton.IdMso)","String?","IdMso","_IdMso"
"D:\OneDrive\VS\Projects\DocxDocument\DocumentModel.InOpenXml\CustomUI\VisibleButton.cs","100","Property","nameof(DXO10CUI.VisibleButton.Screentip)","String?","Screentip","_Screentip"
"D:\OneDrive\VS\Projects\DocxDocument\DocumentModel.InOpenXml\CustomUI\VisibleButton.cs","107","Property","nameof(DXO10CUI.VisibleButton.GetScreentip)","String?","GetScreentip","_GetScreentip"
"D:\OneDrive\VS\Projects\DocxDocument\DocumentModel.InOpenXml\CustomUI\VisibleButton.cs","114","Property","nameof(DXO10CUI.VisibleButton.Supertip)","String?","Supertip","_Supertip"
"D:\OneDrive\VS\Projects\DocxDocument\DocumentModel.InOpenXml\CustomUI\VisibleButton.cs","121","Property","nameof(DXO10CUI.VisibleButton.GetSupertip)","String?","GetSupertip","_GetSupertip"
"D:\OneDrive\VS\Projects\DocxDocument\DocumentModel.InOpenXml\CustomUI\VisibleButton.cs","128","Property","nameof(DXO10CUI.VisibleButton.Label)","String?","Label","_Label"
"D:\OneDrive\VS\Projects\DocxDocument\DocumentModel.InOpenXml\CustomUI\VisibleButton.cs","135","Property","nameof(DXO10CUI.VisibleButton.GetLabel)","String?","GetLabel","_GetLabel"
"D:\OneDrive\VS\Projects\DocxDocument\DocumentModel.InOpenXml\CustomUI\VisibleButton.cs","142","Property","nameof(DXO10CUI.VisibleButton.InsertAfterMso)","String?","InsertAfterMso","_InsertAfterMso"
"D:\OneDrive\VS\Projects\DocxDocument\DocumentModel.InOpenXml\CustomUI\VisibleButton.cs","149","Property","nameof(DXO10CUI.VisibleButton.InsertBeforeMso)","String?","InsertBeforeMso","_InsertBeforeMso"
"D:\OneDrive\VS\Projects\DocxDocument\DocumentModel.InOpenXml\CustomUI\VisibleButton.cs","156","Property","nameof(DXO10CUI.VisibleButton.InsertAfterQulifiedId)","String?","InsertAfterQualifiedId","_InsertAfterQualifiedId"
"D:\OneDrive\VS\Projects\DocxDocument\DocumentModel.InOpenXml\CustomUI\VisibleButton.cs","163","Property","nameof(DXO10CUI.VisibleButton.InsertBeforeQulifiedId)","String?","InsertBeforeQualifiedId","_InsertBeforeQualifiedId"
"D:\OneDrive\VS\Projects\DocxDocument\DocumentModel.InOpenXml\CustomUI\VisibleButton.cs","170","Property","nameof(DXO10CUI.VisibleButton.Keytip)","String?","Keytip","_Keytip"
"D:\OneDrive\VS\Projects\DocxDocument\DocumentModel.InOpenXml\CustomUI\VisibleButton.cs","177","Property","nameof(DXO10CUI.VisibleButton.GetKeytip)","String?","GetKeytip","_GetKeytip"
"D:\OneDrive\VS\Projects\DocxDocument\DocumentModel.InOpenXml\CustomUI\VisibleButton.cs","184","Property","nameof(DXO10CUI.VisibleButton.ShowLabel)","Boolean?","ShowLabel","_ShowLabel"
"D:\OneDrive\VS\Projects\DocxDocument\DocumentModel.InOpenXml\CustomUI\VisibleButton.cs","191","Property","nameof(DXO10CUI.VisibleButton.GetShowLabel)","String?","GetShowLabel","_GetShowLabel"
"D:\OneDrive\VS\Projects\DocxDocument\DocumentModel.InOpenXml\CustomUI\VisibleButton.cs","198","Property","nameof(DXO10CUI.VisibleButton.ShowImage)","Boolean?","ShowImage","_ShowImage"
"D:\OneDrive\VS\Projects\DocxDocument\DocumentModel.InOpenXml\CustomUI\VisibleButton.cs","205","Property","nameof(DXO10CUI.VisibleButton.GetShowImage)","String?","GetShowImage","_GetShowImage"
"D:\OneDrive\VS\Projects\DocxDocument\DocumentModel.InOpenXml\CustomUI\VisibleToggleButton.cs","16","Property","nameof(DXO10CUI.VisibleToggleButton.GetPressed)","String?","GetPressed","_GetPressed"
"D:\OneDrive\VS\Projects\DocxDocument\DocumentModel.InOpenXml\CustomUI\VisibleToggleButton.cs","23","Property","nameof(DXO10CUI.VisibleToggleButton.OnAction)","String?","OnAction","_OnAction"
"D:\OneDrive\VS\Projects\DocxDocument\DocumentModel.InOpenXml\CustomUI\VisibleToggleButton.cs","30","Property","nameof(DXO10CUI.VisibleToggleButton.Enabled)","Boolean?","Enabled","_Enabled"
"D:\OneDrive\VS\Projects\DocxDocument\DocumentModel.InOpenXml\CustomUI\VisibleToggleButton.cs","37","Property","nameof(DXO10CUI.VisibleToggleButton.GetEnabled)","String?","GetEnabled","_GetEnabled"
"D:\OneDrive\VS\Projects\DocxDocument\DocumentModel.InOpenXml\CustomUI\VisibleToggleButton.cs","44","Property","nameof(DXO10CUI.VisibleToggleButton.Description)","String?","Description","_Description"
"D:\OneDrive\VS\Projects\DocxDocument\DocumentModel.InOpenXml\CustomUI\VisibleToggleButton.cs","51","Property","nameof(DXO10CUI.VisibleToggleButton.GetDescription)","String?","GetDescription","_GetDescription"
"D:\OneDrive\VS\Projects\DocxDocument\DocumentModel.InOpenXml\CustomUI\VisibleToggleButton.cs","58","Property","nameof(DXO10CUI.VisibleToggleButton.Image)","String?","Image","_Image"
"D:\OneDrive\VS\Projects\DocxDocument\DocumentModel.InOpenXml\CustomUI\VisibleToggleButton.cs","65","Property","nameof(DXO10CUI.VisibleToggleButton.ImageMso)","String?","ImageMso","_ImageMso"
"D:\OneDrive\VS\Projects\DocxDocument\DocumentModel.InOpenXml\CustomUI\VisibleToggleButton.cs","72","Property","nameof(DXO10CUI.VisibleToggleButton.GetImage)","String?","GetImage","_GetImage"
"D:\OneDrive\VS\Projects\DocxDocument\DocumentModel.InOpenXml\CustomUI\VisibleToggleButton.cs","79","Property","nameof(DXO10CUI.VisibleToggleButton.Id)","String?","Id","_Id"
"D:\OneDrive\VS\Projects\DocxDocument\DocumentModel.InOpenXml\CustomUI\VisibleToggleButton.cs","86","Property","nameof(DXO10CUI.VisibleToggleButton.QualifiedId)","String?","QualifiedId","_QualifiedId"
"D:\OneDrive\VS\Projects\DocxDocument\DocumentModel.InOpenXml\CustomUI\VisibleToggleButton.cs","93","Property","nameof(DXO10CUI.VisibleToggleButton.Tag)","String?","Tag","_Tag"
"D:\OneDrive\VS\Projects\DocxDocument\DocumentModel.InOpenXml\CustomUI\VisibleToggleButton.cs","100","Property","nameof(DXO10CUI.VisibleToggleButton.IdMso)","String?","IdMso","_IdMso"
"D:\OneDrive\VS\Projects\DocxDocument\DocumentModel.InOpenXml\CustomUI\VisibleToggleButton.cs","107","Property","nameof(DXO10CUI.VisibleToggleButton.Screentip)","String?","Screentip","_Screentip"
"D:\OneDrive\VS\Projects\DocxDocument\DocumentModel.InOpenXml\CustomUI\VisibleToggleButton.cs","114","Property","nameof(DXO10CUI.VisibleToggleButton.GetScreentip)","String?","GetScreentip","_GetScreentip"
"D:\OneDrive\VS\Projects\DocxDocument\DocumentModel.InOpenXml\CustomUI\VisibleToggleButton.cs","121","Property","nameof(DXO10CUI.VisibleToggleButton.Supertip)","String?","Supertip","_Supertip"
"D:\OneDrive\VS\Projects\DocxDocument\DocumentModel.InOpenXml\CustomUI\VisibleToggleButton.cs","128","Property","nameof(DXO10CUI.VisibleToggleButton.GetSupertip)","String?","GetSupertip","_GetSupertip"
"D:\OneDrive\VS\Projects\DocxDocument\DocumentModel.InOpenXml\CustomUI\VisibleToggleButton.cs","135","Property","nameof(DXO10CUI.VisibleToggleButton.Label)","String?","Label","_Label"
"D:\OneDrive\VS\Projects\DocxDocument\DocumentModel.InOpenXml\CustomUI\VisibleToggleButton.cs","142","Property","nameof(DXO10CUI.VisibleToggleButton.GetLabel)","String?","GetLabel","_GetLabel"
"D:\OneDrive\VS\Projects\DocxDocument\DocumentModel.InOpenXml\CustomUI\VisibleToggleButton.cs","149","Property","nameof(DXO10CUI.VisibleToggleButton.InsertAfterMso)","String?","InsertAfterMso","_InsertAfterMso"
"D:\OneDrive\VS\Projects\DocxDocument\DocumentModel.InOpenXml\CustomUI\VisibleToggleButton.cs","156","Property","nameof(DXO10CUI.VisibleToggleButton.InsertBeforeMso)","String?","InsertBeforeMso","_InsertBeforeMso"
"D:\OneDrive\VS\Projects\DocxDocument\DocumentModel.InOpenXml\CustomUI\VisibleToggleButton.cs","163","Property","nameof(DXO10CUI.VisibleToggleButton.InsertAfterQulifiedId)","String?","InsertAfterQualifiedId","_InsertAfterQualifiedId"
"D:\OneDrive\VS\Projects\DocxDocument\DocumentModel.InOpenXml\CustomUI\VisibleToggleButton.cs","170","Property","nameof(DXO10CUI.VisibleToggleButton.InsertBeforeQulifiedId)","String?","InsertBeforeQualifiedId","_InsertBeforeQualifiedId"
"D:\OneDrive\VS\Projects\DocxDocument\DocumentModel.InOpenXml\CustomUI\VisibleToggleButton.cs","177","Property","nameof(DXO10CUI.VisibleToggleButton.Keytip)","String?","Keytip","_Keytip"
"D:\OneDrive\VS\Projects\DocxDocument\DocumentModel.InOpenXml\CustomUI\VisibleToggleButton.cs","184","Property","nameof(DXO10CUI.VisibleToggleButton.GetKeytip)","String?","GetKeytip","_GetKeytip"
"D:\OneDrive\VS\Projects\DocxDocument\DocumentModel.InOpenXml\CustomUI\VisibleToggleButton.cs","191","Property","nameof(DXO10CUI.VisibleToggleButton.ShowLabel)","Boolean?","ShowLabel","_ShowLabel"
"D:\OneDrive\VS\Projects\DocxDocument\DocumentModel.InOpenXml\CustomUI\VisibleToggleButton.cs","198","Property","nameof(DXO10CUI.VisibleToggleButton.GetShowLabel)","String?","GetShowLabel","_GetShowLabel"
"D:\OneDrive\VS\Projects\DocxDocument\DocumentModel.InOpenXml\CustomUI\VisibleToggleButton.cs","205","Property","nameof(DXO10CUI.VisibleToggleButton.ShowImage)","Boolean?","ShowImage","_ShowImage"
"D:\OneDrive\VS\Projects\DocxDocument\DocumentModel.InOpenXml\CustomUI\VisibleToggleButton.cs","212","Property","nameof(DXO10CUI.VisibleToggleButton.GetShowImage)","String?","GetShowImage","_GetShowImage"
"D:\OneDrive\VS\Projects\DocxDocument\DocumentModel.InOpenXml\Drawings\3D\Anchor.cs","75","Property","nameof(DXD.Anchor.X)","Int64?","X","_X"
"D:\OneDrive\VS\Projects\DocxDocument\DocumentModel.InOpenXml\Drawings\3D\Anchor.cs","107","Property","nameof(DXD.Anchor.Y)","Int64?","Y","_Y"
"D:\OneDrive\VS\Projects\DocxDocument\DocumentModel.InOpenXml\Drawings\3D\Anchor.cs","144","Property","nameof(DXD.Anchor.Z)","Int64?","Z","_Z"
"D:\OneDrive\VS\Projects\DocxDocument\DocumentModel.InOpenXml\Drawings\3D\Backdrop.cs","14","Property","nameof(DXD.Backdrop.Anchor)","Anchor?","Anchor","_Anchor"
"D:\OneDrive\VS\Projects\DocxDocument\DocumentModel.InOpenXml\Drawings\3D\Backdrop.cs","21","Property","nameof(DXD.Backdrop.Normal)","Vector3DType?","Normal","_Normal"
"D:\OneDrive\VS\Projects\DocxDocument\DocumentModel.InOpenXml\Drawings\3D\Backdrop.cs","28","Property","nameof(DXD.Backdrop.UpVector)","Vector3DType?","UpVector","_UpVector"
"D:\OneDrive\VS\Projects\DocxDocument\DocumentModel.InOpenXml\Drawings\3D\Backdrop.cs","35","Property","nameof(DXD.Backdrop.ExtensionList)","ExtensionList?","ExtensionList","_ExtensionList"
"D:\OneDrive\VS\Projects\DocxDocument\DocumentModel.InOpenXml\Drawings\3D\Bevel.cs","14","Property","nameof(DXD.BevelType.Width)","Int64?","Width","_Width"
"D:\OneDrive\VS\Projects\DocxDocument\DocumentModel.InOpenXml\Drawings\3D\Bevel.cs","21","Property","nameof(DXD.BevelType.Height)","Int64?","Height","_Height"
"D:\OneDrive\VS\Projects\DocxDocument\DocumentModel.InOpenXml\Drawings\3D\Bevel.cs","28","Property","nameof(DXD.BevelType.Preset)","BevelPresets?","Preset","_Preset"
"D:\OneDrive\VS\Projects\DocxDocument\DocumentModel.InOpenXml\Drawings\3D\Camera.cs","14","Property","nameof(DXD.Camera.Preset)","PresetCamera?","Preset","_Preset"
"D:\OneDrive\VS\Projects\DocxDocument\DocumentModel.InOpenXml\Drawings\3D\Camera.cs","21","Property","nameof(DXD.Camera.FieldOfView)","Int32?","FieldOfView","_FieldOfView"
"D:\OneDrive\VS\Projects\DocxDocument\DocumentModel.InOpenXml\Drawings\3D\Camera.cs","28","Property","nameof(DXD.Camera.Zoom)","Int32?","Zoom","_Zoom"
"D:\OneDrive\VS\Projects\DocxDocument\DocumentModel.InOpenXml\Drawings\3D\Camera.cs","35","Property","nameof(DXD.Camera.Rotation)","Rotation?","Rotation","_Rotation"
"D:\OneDrive\VS\Projects\DocxDocument\DocumentModel.InOpenXml\Drawings\3D\CameraTool.cs","14","Property","nameof(DXO10D.CameraTool.CellRange)","string?","CellRange","_CellRange"
"D:\OneDrive\VS\Projects\DocxDocument\DocumentModel.InOpenXml\Drawings\3D\CameraTool.cs","21","Property","nameof(DXO10D.CameraTool.ShapeId)","string?","ShapeId","_ShapeId"
"D:\OneDrive\VS\Projects\DocxDocument\DocumentModel.InOpenXml\Drawings\3D\FlatText.cs","14","Property","nameof(DXD.FlatText.Z)","Int64?","Z","_Z"
"D:\OneDrive\VS\Projects\DocxDocument\DocumentModel.InOpenXml\Drawings\3D\HiddenScene3D.cs","14","Property","nameof(DXO10D.HiddenScene3D.Camera)","Camera?","Camera","_Camera"
"D:\OneDrive\VS\Projects\DocxDocument\DocumentModel.InOpenXml\Drawings\3D\HiddenScene3D.cs","21","Property","nameof(DXO10D.HiddenScene3D.LightRig)","LightRig?","LightRig","_LightRig"
"D:\OneDrive\VS\Projects\DocxDocument\DocumentModel.InOpenXml\Drawings\3D\HiddenScene3D.cs","28","Property","nameof(DXO10D.HiddenScene3D.Backdrop)","Backdrop?","Backdrop","_Backdrop"
"D:\OneDrive\VS\Projects\DocxDocument\DocumentModel.InOpenXml\Drawings\3D\HiddenScene3D.cs","35","Property","nameof(DXO10D.HiddenScene3D.ExtensionList)","ExtensionList?","ExtensionList","_ExtensionList"
"D:\OneDrive\VS\Projects\DocxDocument\DocumentModel.InOpenXml\Drawings\3D\HiddenShape3D.cs","14","Property","nameof(DXO10D.HiddenShape3D.Z)","Int64?","Z","_Z"
"D:\OneDrive\VS\Projects\DocxDocument\DocumentModel.InOpenXml\Drawings\3D\HiddenShape3D.cs","21","Property","nameof(DXO10D.HiddenShape3D.ExtrusionHeight)","Int64?","ExtrusionHeight","_ExtrusionHeight"
"D:\OneDrive\VS\Projects\DocxDocument\DocumentModel.InOpenXml\Drawings\3D\HiddenShape3D.cs","28","Property","nameof(DXO10D.HiddenShape3D.ContourWidth)","Int64?","ContourWidth","_ContourWidth"
"D:\OneDrive\VS\Projects\DocxDocument\DocumentModel.InOpenXml\Drawings\3D\HiddenShape3D.cs","35","Property","nameof(DXO10D.HiddenShape3D.PresetMaterial)","PresetMaterial?","PresetMaterial","_PresetMaterial"
"D:\OneDrive\VS\Projects\DocxDocument\DocumentModel.InOpenXml\Drawings\3D\HiddenShape3D.cs","42","Property","nameof(DXO10D.HiddenShape3D.BevelTop)","Bevel?","BevelTop","_BevelTop"
"D:\OneDrive\VS\Projects\DocxDocument\DocumentModel.InOpenXml\Drawings\3D\HiddenShape3D.cs","49","Property","nameof(DXO10D.HiddenShape3D.BevelBottom)","Bevel?","BevelBottom","_BevelBottom"
"D:\OneDrive\VS\Projects\DocxDocument\DocumentModel.InOpenXml\Drawings\3D\HiddenShape3D.cs","56","Property","nameof(DXO10D.HiddenShape3D.ExtrusionColor)","ExtrusionColor?","ExtrusionColor","_ExtrusionColor"
"D:\OneDrive\VS\Projects\DocxDocument\DocumentModel.InOpenXml\Drawings\3D\HiddenShape3D.cs","63","Property","nameof(DXO10D.HiddenShape3D.ContourColor)","ContourColor?","ContourColor","_ContourColor"
"D:\OneDrive\VS\Projects\DocxDocument\DocumentModel.InOpenXml\Drawings\3D\HiddenShape3D.cs","70","Property","nameof(DXO10D.HiddenShape3D.ExtensionList)","ExtensionList?","ExtensionList","_ExtensionList"
"D:\OneDrive\VS\Projects\DocxDocument\DocumentModel.InOpenXml\Drawings\3D\LightRig.cs","14","Property","nameof(DXD.LightRig.Rig)","LightRigType?","Rig","_Rig"
"D:\OneDrive\VS\Projects\DocxDocument\DocumentModel.InOpenXml\Drawings\3D\LightRig.cs","21","Property","nameof(DXD.LightRig.Direction)","LightRigDirection?","Direction","_Direction"
"D:\OneDrive\VS\Projects\DocxDocument\DocumentModel.InOpenXml\Drawings\3D\LightRig.cs","28","Property","nameof(DXD.LightRig.Rotation)","Rotation?","Rotation","_Rotation"
"D:\OneDrive\VS\Projects\DocxDocument\DocumentModel.InOpenXml\Drawings\3D\Scene3D.cs","14","Property","nameof(DXO10W.Scene3D.Camera)","Camera?","Camera","_Camera"
"D:\OneDrive\VS\Projects\DocxDocument\DocumentModel.InOpenXml\Drawings\3D\Scene3D.cs","21","Property","nameof(DXO10W.Scene3D.LightRig)","LightRig?","LightRig","_LightRig"
"D:\OneDrive\VS\Projects\DocxDocument\DocumentModel.InOpenXml\Drawings\3D\Scene3DType.cs","14","Property","nameof(DXD.Scene3DType.Camera)","Camera?","Camera","_Camera"
"D:\OneDrive\VS\Projects\DocxDocument\DocumentModel.InOpenXml\Drawings\3D\Scene3DType.cs","21","Property","nameof(DXD.Scene3DType.LightRig)","LightRig?","LightRig","_LightRig"
"D:\OneDrive\VS\Projects\DocxDocument\DocumentModel.InOpenXml\Drawings\3D\Scene3DType.cs","28","Property","nameof(DXD.Scene3DType.Backdrop)","Backdrop?","Backdrop","_Backdrop"
"D:\OneDrive\VS\Projects\DocxDocument\DocumentModel.InOpenXml\Drawings\3D\Scene3DType.cs","35","Property","nameof(DXD.Scene3DType.ExtensionList)","ExtensionList?","ExtensionList","_ExtensionList"
"D:\OneDrive\VS\Projects\DocxDocument\DocumentModel.InOpenXml\Drawings\3D\Shape3D.cs","14","Property","nameof(DXDD.Shape3D.Z)","Int64?","Z","_Z"
"D:\OneDrive\VS\Projects\DocxDocument\DocumentModel.InOpenXml\Drawings\3D\Shape3D.cs","21","Property","nameof(DXDD.Shape3D.ExtrusionHeight)","Int64?","ExtrusionHeight","_ExtrusionHeight"
"D:\OneDrive\VS\Projects\DocxDocument\DocumentModel.InOpenXml\Drawings\3D\Shape3D.cs","28","Property","nameof(DXDD.Shape3D.ContourWidth)","Int64?","ContourWidth","_ContourWidth"
"D:\OneDrive\VS\Projects\DocxDocument\DocumentModel.InOpenXml\Drawings\3D\Shape3D.cs","35","Property","nameof(DXDD.Shape3D.PresetMaterial)","PresetMaterial?","PresetMaterial","_PresetMaterial"
"D:\OneDrive\VS\Projects\DocxDocument\DocumentModel.InOpenXml\Drawings\3D\Shape3D.cs","42","Property","nameof(DXDD.Shape3D.BevelTop)","Bevel?","BevelTop","_BevelTop"
"D:\OneDrive\VS\Projects\DocxDocument\DocumentModel.InOpenXml\Drawings\3D\Shape3D.cs","49","Property","nameof(DXDD.Shape3D.BevelBottom)","Bevel?","BevelBottom","_BevelBottom"
"D:\OneDrive\VS\Projects\DocxDocument\DocumentModel.InOpenXml\Drawings\3D\Shape3D.cs","56","Property","nameof(DXDD.Shape3D.ExtrusionColor)","ExtrusionColor?","ExtrusionColor","_ExtrusionColor"
"D:\OneDrive\VS\Projects\DocxDocument\DocumentModel.InOpenXml\Drawings\3D\Shape3D.cs","63","Property","nameof(DXDD.Shape3D.ContourColor)","ContourColor?","ContourColor","_ContourColor"
"D:\OneDrive\VS\Projects\DocxDocument\DocumentModel.InOpenXml\Drawings\3D\Shape3D.cs","70","Property","nameof(DXDD.Shape3D.ExtensionList)","ExtensionList?","ExtensionList","_ExtensionList"
"D:\OneDrive\VS\Projects\DocxDocument\DocumentModel.InOpenXml\Drawings\3D\Shape3DType.cs","14","Property","nameof(DXD.Shape3DType.Z)","Int64?","Z","_Z"
"D:\OneDrive\VS\Projects\DocxDocument\DocumentModel.InOpenXml\Drawings\3D\Shape3DType.cs","21","Property","nameof(DXD.Shape3DType.ExtrusionHeight)","Int64?","ExtrusionHeight","_ExtrusionHeight"
"D:\OneDrive\VS\Projects\DocxDocument\DocumentModel.InOpenXml\Drawings\3D\Shape3DType.cs","28","Property","nameof(DXD.Shape3DType.ContourWidth)","Int64?","ContourWidth","_ContourWidth"
"D:\OneDrive\VS\Projects\DocxDocument\DocumentModel.InOpenXml\Drawings\3D\Shape3DType.cs","35","Property","nameof(DXD.Shape3DType.PresetMaterial)","PresetMaterial?","PresetMaterial","_PresetMaterial"
"D:\OneDrive\VS\Projects\DocxDocument\DocumentModel.InOpenXml\Drawings\3D\Shape3DType.cs","42","Property","nameof(DXD.Shape3DType.BevelTop)","Bevel?","BevelTop","_BevelTop"
"D:\OneDrive\VS\Projects\DocxDocument\DocumentModel.InOpenXml\Drawings\3D\Shape3DType.cs","49","Property","nameof(DXD.Shape3DType.BevelBottom)","Bevel?","BevelBottom","_BevelBottom"
"D:\OneDrive\VS\Projects\DocxDocument\DocumentModel.InOpenXml\Drawings\3D\Shape3DType.cs","56","Property","nameof(DXD.Shape3DType.ExtrusionColor)","ExtrusionColor?","ExtrusionColor","_ExtrusionColor"
"D:\OneDrive\VS\Projects\DocxDocument\DocumentModel.InOpenXml\Drawings\3D\Shape3DType.cs","63","Property","nameof(DXD.Shape3DType.ContourColor)","ContourColor?","ContourColor","_ContourColor"
"D:\OneDrive\VS\Projects\DocxDocument\DocumentModel.InOpenXml\Drawings\3D\Shape3DType.cs","70","Property","nameof(DXD.Shape3DType.ExtensionList)","ExtensionList?","ExtensionList","_ExtensionList"
"D:\OneDrive\VS\Projects\DocxDocument\DocumentModel.InOpenXml\Drawings\3D\Vector3DType.cs","14","Property","nameof(DXD.Vector3DType.Dx)","Int64?","Dx","_Dx"
"D:\OneDrive\VS\Projects\DocxDocument\DocumentModel.InOpenXml\Drawings\3D\Vector3DType.cs","21","Property","nameof(DXD.Vector3DType.Dy)","Int64?","Dy","_Dy"
"D:\OneDrive\VS\Projects\DocxDocument\DocumentModel.InOpenXml\Drawings\3D\Vector3DType.cs","28","Property","nameof(DXD.Vector3DType.Dz)","Int64?","Dz","_Dz"
"D:\OneDrive\VS\Projects\DocxDocument\DocumentModel.InOpenXml\Drawings\Adjust handles\AdjustHandlePolar.cs","14","Property","nameof(DXD.AdjustHandlePolar.RadialAdjustmentGuide)","string?","RadialAdjustmentGuide","_RadialAdjustmentGuide"
"D:\OneDrive\VS\Projects\DocxDocument\DocumentModel.InOpenXml\Drawings\Adjust handles\AdjustHandlePolar.cs","21","Property","nameof(DXD.AdjustHandlePolar.MinRadial)","string?","MinRadial","_MinRadial"
"D:\OneDrive\VS\Projects\DocxDocument\DocumentModel.InOpenXml\Drawings\Adjust handles\AdjustHandlePolar.cs","28","Property","nameof(DXD.AdjustHandlePolar.MaxRadial)","string?","MaxRadial","_MaxRadial"
"D:\OneDrive\VS\Projects\DocxDocument\DocumentModel.InOpenXml\Drawings\Adjust handles\AdjustHandlePolar.cs","35","Property","nameof(DXD.AdjustHandlePolar.AngleAdjustmentGuide)","string?","AngleAdjustmentGuide","_AngleAdjustmentGuide"
"D:\OneDrive\VS\Projects\DocxDocument\DocumentModel.InOpenXml\Drawings\Adjust handles\AdjustHandlePolar.cs","42","Property","nameof(DXD.AdjustHandlePolar.MinAngle)","string?","MinAngle","_MinAngle"
"D:\OneDrive\VS\Projects\DocxDocument\DocumentModel.InOpenXml\Drawings\Adjust handles\AdjustHandlePolar.cs","49","Property","nameof(DXD.AdjustHandlePolar.MaxAngle)","string?","MaxAngle","_MaxAngle"
"D:\OneDrive\VS\Projects\DocxDocument\DocumentModel.InOpenXml\Drawings\Adjust handles\AdjustHandlePolar.cs","56","Property","nameof(DXD.AdjustHandlePolar.Position)","AdjustPoint2DType?","Position","_Position"
"D:\OneDrive\VS\Projects\DocxDocument\DocumentModel.InOpenXml\Drawings\Adjust handles\AdjustHandleXY.cs","14","Property","nameof(DXD.AdjustHandleXY.XAdjustmentGuide)","string?","XAdjustmentGuide","_XAdjustmentGuide"
"D:\OneDrive\VS\Projects\DocxDocument\DocumentModel.InOpenXml\Drawings\Adjust handles\AdjustHandleXY.cs","21","Property","nameof(DXD.AdjustHandleXY.MinX)","string?","MinX","_MinX"
"D:\OneDrive\VS\Projects\DocxDocument\DocumentModel.InOpenXml\Drawings\Adjust handles\AdjustHandleXY.cs","28","Property","nameof(DXD.AdjustHandleXY.MaxX)","string?","MaxX","_MaxX"
"D:\OneDrive\VS\Projects\DocxDocument\DocumentModel.InOpenXml\Drawings\Adjust handles\AdjustHandleXY.cs","35","Property","nameof(DXD.AdjustHandleXY.YAdjustmentGuide)","string?","YAdjustmentGuide","_YAdjustmentGuide"
"D:\OneDrive\VS\Projects\DocxDocument\DocumentModel.InOpenXml\Drawings\Adjust handles\AdjustHandleXY.cs","42","Property","nameof(DXD.AdjustHandleXY.MinY)","string?","MinY","_MinY"
"D:\OneDrive\VS\Projects\DocxDocument\DocumentModel.InOpenXml\Drawings\Adjust handles\AdjustHandleXY.cs","49","Property","nameof(DXD.AdjustHandleXY.MaxY)","string?","MaxY","_MaxY"
"D:\OneDrive\VS\Projects\DocxDocument\DocumentModel.InOpenXml\Drawings\Adjust handles\AdjustHandleXY.cs","56","Property","nameof(DXD.AdjustHandleXY.Position)","AdjustPoint2DType?","Position","_Position"
"D:\OneDrive\VS\Projects\DocxDocument\DocumentModel.InOpenXml\Drawings\Alpha operations\AlphaBiLevel.cs","14","Property","nameof(DXD.AlphaBiLevel.Threshold)","Int32?","Threshold","_Threshold"
"D:\OneDrive\VS\Projects\DocxDocument\DocumentModel.InOpenXml\Drawings\Alpha operations\AlphaModulationEffect.cs","14","Property","nameof(DXD.AlphaModulationEffect.EffectContainer)","EffectContainer?","EffectContainer","_EffectContainer"
"D:\OneDrive\VS\Projects\DocxDocument\DocumentModel.InOpenXml\Drawings\Alpha operations\AlphaModulationFixed.cs","14","Property","nameof(DXD.AlphaModulationFixed.Amount)","Int32?","Amount","_Amount"
"D:\OneDrive\VS\Projects\DocxDocument\DocumentModel.InOpenXml\Drawings\Alpha operations\AlphaOutset.cs","14","Property","nameof(DXD.AlphaOutset.Radius)","Int64?","Radius","_Radius"
"D:\OneDrive\VS\Projects\DocxDocument\DocumentModel.InOpenXml\Drawings\Alpha operations\AlphaReplace.cs","14","Property","nameof(DXD.AlphaReplace.Alpha)","Int32?","Alpha","_Alpha"
"D:\OneDrive\VS\Projects\DocxDocument\DocumentModel.InOpenXml\Drawings\Artistic drawings\ArtisticBlur.cs","14","Property","nameof(DXO10D.ArtisticBlur.Radius)","Int32?","Radius","_Radius"
"D:\OneDrive\VS\Projects\DocxDocument\DocumentModel.InOpenXml\Drawings\Artistic drawings\ArtisticCement.cs","14","Property","nameof(DXO10D.ArtisticCement.Transparancy)","Int32?","Transparency","_Transparency"
"D:\OneDrive\VS\Projects\DocxDocument\DocumentModel.InOpenXml\Drawings\Artistic drawings\ArtisticCement.cs","21","Property","nameof(DXO10D.ArtisticCement.CrackSpacing)","Int32?","CrackSpacing","_CrackSpacing"
"D:\OneDrive\VS\Projects\DocxDocument\DocumentModel.InOpenXml\Drawings\Artistic drawings\ArtisticChalkSketch.cs","20","Property","nameof(DXO10D.ArtisticChalkSketch.Pressure)","Int32?","Pressure","_Pressure"
"D:\OneDrive\VS\Projects\DocxDocument\DocumentModel.InOpenXml\Drawings\Artistic drawings\ArtisticCrisscrossEtching.cs","20","Property","nameof(DXO10D.ArtisticCrisscrossEtching.Pressure)","Int32?","Pressure","_Pressure"
"D:\OneDrive\VS\Projects\DocxDocument\DocumentModel.InOpenXml\Drawings\Artistic drawings\ArtisticCutout.cs","20","Property","nameof(DXO10D.ArtisticCutout.NumberOfShades)","Int32?","NumberOfShades","_NumberOfShades"
"D:\OneDrive\VS\Projects\DocxDocument\DocumentModel.InOpenXml\Drawings\Artistic drawings\ArtisticFilmGrain.cs","20","Property","nameof(DXO10D.ArtisticFilmGrain.GrainSize)","Int32?","GrainSize","_GrainSize"
"D:\OneDrive\VS\Projects\DocxDocument\DocumentModel.InOpenXml\Drawings\Artistic drawings\ArtisticGlass.cs","20","Property","nameof(DXO10D.ArtisticGlass.Scaling)","Int32?","Scaling","_Scaling"
"D:\OneDrive\VS\Projects\DocxDocument\DocumentModel.InOpenXml\Drawings\Artistic drawings\ArtisticGlowDiffused.cs","20","Property","nameof(DXO10D.ArtisticGlowDiffused.Intensity)","Int32?","Intensity","_Intensity"
"D:\OneDrive\VS\Projects\DocxDocument\DocumentModel.InOpenXml\Drawings\Artistic drawings\ArtisticGlowEdges.cs","20","Property","nameof(DXO10D.ArtisticGlowEdges.Smoothness)","Int32?","Smoothness","_Smoothness"
"D:\OneDrive\VS\Projects\DocxDocument\DocumentModel.InOpenXml\Drawings\Artistic drawings\ArtisticLightScreen.cs","20","Property","nameof(DXO10D.ArtisticLightScreen.GridSize)","Int32?","GridSize","_GridSize"
"D:\OneDrive\VS\Projects\DocxDocument\DocumentModel.InOpenXml\Drawings\Artistic drawings\ArtisticLineDrawing.cs","20","Property","nameof(DXO10D.ArtisticLineDrawing.PencilSize)","Int32?","PencilSize","_PencilSize"
"D:\OneDrive\VS\Projects\DocxDocument\DocumentModel.InOpenXml\Drawings\Artistic drawings\ArtisticMarker.cs","20","Property","nameof(DXO10D.ArtisticMarker.Size)","Int32?","Size","_Size"
"D:\OneDrive\VS\Projects\DocxDocument\DocumentModel.InOpenXml\Drawings\Artistic drawings\ArtisticMosaicBubbles.cs","20","Property","nameof(DXO10D.ArtisticMosaicBubbles.Pressure)","Int32?","Pressure","_Pressure"
"D:\OneDrive\VS\Projects\DocxDocument\DocumentModel.InOpenXml\Drawings\Artistic drawings\ArtisticPaintBrush.cs","20","Property","nameof(DXO10D.ArtisticPaintBrush.BrushSize)","Int32?","BrushSize","_BrushSize"
"D:\OneDrive\VS\Projects\DocxDocument\DocumentModel.InOpenXml\Drawings\Artistic drawings\ArtisticPaintStrokes.cs","20","Property","nameof(DXO10D.ArtisticPaintStrokes.Intensity)","Int32?","Intensity","_Intensity"
"D:\OneDrive\VS\Projects\DocxDocument\DocumentModel.InOpenXml\Drawings\Artistic drawings\ArtisticPastelsSmooth.cs","20","Property","nameof(DXO10D.ArtisticPastelsSmooth.BrushSize)","Int32?","BrushSize","_BrushSize"
"D:\OneDrive\VS\Projects\DocxDocument\DocumentModel.InOpenXml\Drawings\Artistic drawings\ArtisticPencilGrayscale.cs","20","Property","nameof(DXO10D.ArtisticPencilGrayscale.BrushSize)","Int32?","BrushSize","_BrushSize"
"D:\OneDrive\VS\Projects\DocxDocument\DocumentModel.InOpenXml\Drawings\Artistic drawings\ArtisticPencilSketch.cs","20","Property","nameof(DXO10D.ArtisticPencilSketch.Pressure)","Int32?","Pressure","_Pressure"
"D:\OneDrive\VS\Projects\DocxDocument\DocumentModel.InOpenXml\Drawings\Artistic drawings\ArtisticPhotocopy.cs","20","Property","nameof(DXO10D.ArtisticPhotocopy.Detail)","Int32?","Detail","_Detail"
"D:\OneDrive\VS\Projects\DocxDocument\DocumentModel.InOpenXml\Drawings\Artistic drawings\ArtisticPlasticWrap.cs","20","Property","nameof(DXO10D.ArtisticPlasticWrap.Smoothness)","Int32?","Smoothness","_Smoothness"
"D:\OneDrive\VS\Projects\DocxDocument\DocumentModel.InOpenXml\Drawings\Artistic drawings\ArtisticTexturizer.cs","20","Property","nameof(DXO10D.ArtisticTexturizer.Scaling)","Int32?","Scaling","_Scaling"
"D:\OneDrive\VS\Projects\DocxDocument\DocumentModel.InOpenXml\Drawings\Artistic drawings\ArtisticWatercolorSponge.cs","20","Property","nameof(DXO10D.ArtisticWatercolorSponge.BrushSize)","Int32?","BrushSize","_BrushSize"
"D:\OneDrive\VS\Projects\DocxDocument\DocumentModel.InOpenXml\Drawings\Audio-video\AudioCDTimeType.cs","14","Property","nameof(DXD.AudioCDTimeType.Track)","Byte?","Track","_Track"
"D:\OneDrive\VS\Projects\DocxDocument\DocumentModel.InOpenXml\Drawings\Audio-video\AudioCDTimeType.cs","21","Property","nameof(DXD.AudioCDTimeType.Time)","UInt32?","Time","_Time"
"D:\OneDrive\VS\Projects\DocxDocument\DocumentModel.InOpenXml\Drawings\Audio-video\AudioFromCD.cs","14","Property","nameof(DXD.AudioFromCD.StartTime)","AudioCDTimeType?","StartTime","_StartTime"
"D:\OneDrive\VS\Projects\DocxDocument\DocumentModel.InOpenXml\Drawings\Audio-video\AudioFromCD.cs","21","Property","nameof(DXD.AudioFromCD.EndTime)","AudioCDTimeType?","EndTime","_EndTime"
"D:\OneDrive\VS\Projects\DocxDocument\DocumentModel.InOpenXml\Drawings\Audio-video\AudioFromFile.cs","15","Property","nameof(DXD.AudioFromFile.Link)","string?","Link","_Link"
"D:\OneDrive\VS\Projects\DocxDocument\DocumentModel.InOpenXml\Drawings\Audio-video\AudioFromFile.cs","22","Property","nameof(DXD.AudioFromFile.ExtensionList)","ExtensionList?","ExtensionList","_ExtensionList"
"D:\OneDrive\VS\Projects\DocxDocument\DocumentModel.InOpenXml\Drawings\Audio-video\QuickTimeFromFile.cs","14","Property","nameof(DXD.QuickTimeFromFile.Link)","string?","Link","_Link"
"D:\OneDrive\VS\Projects\DocxDocument\DocumentModel.InOpenXml\Drawings\Audio-video\QuickTimeFromFile.cs","21","Property","nameof(DXD.QuickTimeFromFile.ExtensionList)","ExtensionList?","ExtensionList","_ExtensionList"
"D:\OneDrive\VS\Projects\DocxDocument\DocumentModel.InOpenXml\Drawings\Audio-video\VideoFromFile.cs","14","Property","nameof(DXD.VideoFromFile.Link)","string?","Link","_Link"
"D:\OneDrive\VS\Projects\DocxDocument\DocumentModel.InOpenXml\Drawings\Audio-video\VideoFromFile.cs","21","Property","nameof(DXD.VideoFromFile.ExtensionList)","ExtensionList?","ExtensionList","_ExtensionList"
"D:\OneDrive\VS\Projects\DocxDocument\DocumentModel.InOpenXml\Drawings\Autonumbering\AutoNumberedBullet.cs","14","Property","nameof(DXD.AutoNumberedBullet.Type)","TextAutoNumberSchemeType?","Type","_Type"
"D:\OneDrive\VS\Projects\DocxDocument\DocumentModel.InOpenXml\Drawings\Autonumbering\AutoNumberedBullet.cs","21","Property","nameof(DXD.AutoNumberedBullet.StartAt)","Int32?","StartAt","_StartAt"
"D:\OneDrive\VS\Projects\DocxDocument\DocumentModel.InOpenXml\Drawings\Autonumbering\CharacterBullet.cs","14","Property","nameof(DXD.CharacterBullet.Char)","string?","Char","_Char"
"D:\OneDrive\VS\Projects\DocxDocument\DocumentModel.InOpenXml\Drawings\Background properties\BackgroundBlurProperties.cs","14","Property","nameof(DXO21DL.BackgroundBlurProperties.OfficeArtExtensionList)","OfficeArtExtensionList?","OfficeArtExtensionList","_OfficeArtExtensionList"
"D:\OneDrive\VS\Projects\DocxDocument\DocumentModel.InOpenXml\Drawings\Background properties\BackgroundMark.cs","14","Property","nameof(DXO10D.BackgroundMark.FirstXCoordinate)","Int32?","FirstXCoordinate","_FirstXCoordinate"
"D:\OneDrive\VS\Projects\DocxDocument\DocumentModel.InOpenXml\Drawings\Background properties\BackgroundMark.cs","21","Property","nameof(DXO10D.BackgroundMark.FirstYCoordinate)","Int32?","FirstYCoordinate","_FirstYCoordinate"
"D:\OneDrive\VS\Projects\DocxDocument\DocumentModel.InOpenXml\Drawings\Background properties\BackgroundMark.cs","28","Property","nameof(DXO10D.BackgroundMark.SecondXCoordinate)","Int32?","SecondXCoordinate","_SecondXCoordinate"
"D:\OneDrive\VS\Projects\DocxDocument\DocumentModel.InOpenXml\Drawings\Background properties\BackgroundMark.cs","35","Property","nameof(DXO10D.BackgroundMark.SecondYCoordinate)","Int32?","SecondYCoordinate","_SecondYCoordinate"
"D:\OneDrive\VS\Projects\DocxDocument\DocumentModel.InOpenXml\Drawings\Background properties\BackgroundNormalProperties.cs","14","Property","nameof(DXO21DL.BackgroundNormalProperties.OfficeArtExtensionList)","OfficeArtExtensionList?","OfficeArtExtensionList","_OfficeArtExtensionList"
"D:\OneDrive\VS\Projects\DocxDocument\DocumentModel.InOpenXml\Drawings\Background properties\BackgroundProperties.cs","14","Property","nameof(DXO13D.BackgroundProperties.Mode)","BlackWhiteMode?","Mode","_Mode"
"D:\OneDrive\VS\Projects\DocxDocument\DocumentModel.InOpenXml\Drawings\Background properties\BackgroundProperties.cs","21","Property","nameof(DXO13D.BackgroundProperties.Pure)","BlackWhiteMode?","Pure","_Pure"
"D:\OneDrive\VS\Projects\DocxDocument\DocumentModel.InOpenXml\Drawings\Background properties\BackgroundProperties.cs","28","Property","nameof(DXO13D.BackgroundProperties.Normal)","BlackWhiteMode?","Normal","_Normal"
"D:\OneDrive\VS\Projects\DocxDocument\DocumentModel.InOpenXml\Drawings\Background properties\BackgroundProperties.cs","35","Property","nameof(DXO13D.BackgroundProperties.TargetScreenSize)","TargetScreenSize?","TargetScreenSize","_TargetScreenSize"
"D:\OneDrive\VS\Projects\DocxDocument\DocumentModel.InOpenXml\Drawings\Background properties\BackgroundRemoval.cs","14","Property","nameof(DXO10D.BackgroundRemoval.MarqueeTop)","Int32?","MarqueeTop","_MarqueeTop"
"D:\OneDrive\VS\Projects\DocxDocument\DocumentModel.InOpenXml\Drawings\Background properties\BackgroundRemoval.cs","21","Property","nameof(DXO10D.BackgroundRemoval.MarqueeBottom)","Int32?","MarqueeBottom","_MarqueeBottom"
"D:\OneDrive\VS\Projects\DocxDocument\DocumentModel.InOpenXml\Drawings\Background properties\BackgroundRemoval.cs","28","Property","nameof(DXO10D.BackgroundRemoval.MarqueeLeft)","Int32?","MarqueeLeft","_MarqueeLeft"
"D:\OneDrive\VS\Projects\DocxDocument\DocumentModel.InOpenXml\Drawings\Background properties\BackgroundRemoval.cs","35","Property","nameof(DXO10D.BackgroundRemoval.MarqueeRight)","Int32?","MarqueeRight","_MarqueeRight"
"D:\OneDrive\VS\Projects\DocxDocument\DocumentModel.InOpenXml\Drawings\Background properties\BackgroundRemovedProperties.cs","14","Property","nameof(DXO21DL.BackgroundRemovedProperties.OfficeArtExtensionList)","OfficeArtExtensionList?","OfficeArtExtensionList","_OfficeArtExtensionList"
"D:\OneDrive\VS\Projects\DocxDocument\DocumentModel.InOpenXml\Drawings\Background properties\ForegroundMark.cs","14","Property","nameof(DXO10D.ForegroundMark.FirstXCoordinate)","Int32?","FirstXCoordinate","_FirstXCoordinate"
"D:\OneDrive\VS\Projects\DocxDocument\DocumentModel.InOpenXml\Drawings\Background properties\ForegroundMark.cs","21","Property","nameof(DXO10D.ForegroundMark.FirstYCoordinate)","Int32?","FirstYCoordinate","_FirstYCoordinate"
"D:\OneDrive\VS\Projects\DocxDocument\DocumentModel.InOpenXml\Drawings\Background properties\ForegroundMark.cs","28","Property","nameof(DXO10D.ForegroundMark.SecondXCoordinate)","Int32?","SecondXCoordinate","_SecondXCoordinate"
"D:\OneDrive\VS\Projects\DocxDocument\DocumentModel.InOpenXml\Drawings\Background properties\ForegroundMark.cs","35","Property","nameof(DXO10D.ForegroundMark.SecondYCoordinate)","Int32?","SecondYCoordinate","_SecondYCoordinate"
"D:\OneDrive\VS\Projects\DocxDocument\DocumentModel.InOpenXml\Drawings\Colors\ColorChange.cs","14","Property","nameof(DXD.ColorChange.UseAlpha)","bool?","UseAlpha","_UseAlpha"
"D:\OneDrive\VS\Projects\DocxDocument\DocumentModel.InOpenXml\Drawings\Colors\ColorChange.cs","21","Property","nameof(DXD.ColorChange.ColorFrom)","AnyColor?","ColorFrom","_ColorFrom"
"D:\OneDrive\VS\Projects\DocxDocument\DocumentModel.InOpenXml\Drawings\Colors\ColorChange.cs","28","Property","nameof(DXD.ColorChange.ColorTo)","AnyColor?","ColorTo","_ColorTo"
"D:\OneDrive\VS\Projects\DocxDocument\DocumentModel.InOpenXml\Drawings\Colors\ColorMap.cs","14","Property","nameof(DXD.ColorMap.Background1)","ColorSchemes?","Background1","_Background1"
"D:\OneDrive\VS\Projects\DocxDocument\DocumentModel.InOpenXml\Drawings\Colors\ColorMap.cs","21","Property","nameof(DXD.ColorMap.Text1)","ColorSchemes?","Text1","_Text1"
"D:\OneDrive\VS\Projects\DocxDocument\DocumentModel.InOpenXml\Drawings\Colors\ColorMap.cs","28","Property","nameof(DXD.ColorMap.Background2)","ColorSchemes?","Background2","_Background2"
"D:\OneDrive\VS\Projects\DocxDocument\DocumentModel.InOpenXml\Drawings\Colors\ColorMap.cs","35","Property","nameof(DXD.ColorMap.Text2)","ColorSchemes?","Text2","_Text2"
"D:\OneDrive\VS\Projects\DocxDocument\DocumentModel.InOpenXml\Drawings\Colors\ColorMap.cs","42","Property","nameof(DXD.ColorMap.Accent1)","ColorSchemes?","Accent1","_Accent1"
"D:\OneDrive\VS\Projects\DocxDocument\DocumentModel.InOpenXml\Drawings\Colors\ColorMap.cs","49","Property","nameof(DXD.ColorMap.Accent2)","ColorSchemes?","Accent2","_Accent2"
"D:\OneDrive\VS\Projects\DocxDocument\DocumentModel.InOpenXml\Drawings\Colors\ColorMap.cs","56","Property","nameof(DXD.ColorMap.Accent3)","ColorSchemes?","Accent3","_Accent3"
"D:\OneDrive\VS\Projects\DocxDocument\DocumentModel.InOpenXml\Drawings\Colors\ColorMap.cs","63","Property","nameof(DXD.ColorMap.Accent4)","ColorSchemes?","Accent4","_Accent4"
"D:\OneDrive\VS\Projects\DocxDocument\DocumentModel.InOpenXml\Drawings\Colors\ColorMap.cs","70","Property","nameof(DXD.ColorMap.Accent5)","ColorSchemes?","Accent5","_Accent5"
"D:\OneDrive\VS\Projects\DocxDocument\DocumentModel.InOpenXml\Drawings\Colors\ColorMap.cs","77","Property","nameof(DXD.ColorMap.Accent6)","ColorSchemes?","Accent6","_Accent6"
"D:\OneDrive\VS\Projects\DocxDocument\DocumentModel.InOpenXml\Drawings\Colors\ColorMap.cs","84","Property","nameof(DXD.ColorMap.Hyperlink)","ColorSchemes?","Hyperlink","_Hyperlink"
"D:\OneDrive\VS\Projects\DocxDocument\DocumentModel.InOpenXml\Drawings\Colors\ColorMap.cs","91","Property","nameof(DXD.ColorMap.FollowedHyperlink)","ColorSchemes?","FollowedHyperlink","_FollowedHyperlink"
"D:\OneDrive\VS\Projects\DocxDocument\DocumentModel.InOpenXml\Drawings\Colors\ColorMappingType.cs","21","Property","nameof(DXD.ColorMappingType.ExtensionList)","ExtensionList?","ExtensionList","_ExtensionList"
"D:\OneDrive\VS\Projects\DocxDocument\DocumentModel.InOpenXml\Drawings\Colors\PresetColor.cs","32","Property","nameof(DXD.PresetColor.Val)","PresetColors?","Index","_index"
"D:\OneDrive\VS\Projects\DocxDocument\DocumentModel.InOpenXml\Drawings\Colors\RgbColorModelHex.cs","22","Property","nameof(DXD.RgbColorModelHex.Val)","HexColor","Value","_value"
"D:\OneDrive\VS\Projects\DocxDocument\DocumentModel.InOpenXml\Drawings\Colors\SchemeColor.cs","19","Property","nameof(DXD.SchemeColor.Val)","SchemeColors?","Index","_index"
"D:\OneDrive\VS\Projects\DocxDocument\DocumentModel.InOpenXml\Drawings\Colors\SystemColor.cs","17","Property","nameof(DXD.SystemColor.Val)","SystemColors?","Index","_index"
"D:\OneDrive\VS\Projects\DocxDocument\DocumentModel.InOpenXml\Drawings\Colors\SystemColor.cs","50","Property","nameof(DXD.SystemColor.LastColor)","HexColor?","LastColor","_LastColor"
"D:\OneDrive\VS\Projects\DocxDocument\DocumentModel.InOpenXml\Drawings\Connectors\ConnectionShapeLocks.cs","14","Property","nameof(DXD.ConnectionShapeLocks.NoGrouping)","bool?","NoGrouping","_NoGrouping"
"D:\OneDrive\VS\Projects\DocxDocument\DocumentModel.InOpenXml\Drawings\Connectors\ConnectionShapeLocks.cs","21","Property","nameof(DXD.ConnectionShapeLocks.NoSelection)","bool?","NoSelection","_NoSelection"
"D:\OneDrive\VS\Projects\DocxDocument\DocumentModel.InOpenXml\Drawings\Connectors\ConnectionShapeLocks.cs","28","Property","nameof(DXD.ConnectionShapeLocks.NoRotation)","bool?","NoRotation","_NoRotation"
"D:\OneDrive\VS\Projects\DocxDocument\DocumentModel.InOpenXml\Drawings\Connectors\ConnectionShapeLocks.cs","35","Property","nameof(DXD.ConnectionShapeLocks.NoChangeAspect)","bool?","NoChangeAspect","_NoChangeAspect"
"D:\OneDrive\VS\Projects\DocxDocument\DocumentModel.InOpenXml\Drawings\Connectors\ConnectionShapeLocks.cs","42","Property","nameof(DXD.ConnectionShapeLocks.NoMove)","bool?","NoMove","_NoMove"
"D:\OneDrive\VS\Projects\DocxDocument\DocumentModel.InOpenXml\Drawings\Connectors\ConnectionShapeLocks.cs","49","Property","nameof(DXD.ConnectionShapeLocks.NoResize)","bool?","NoResize","_NoResize"
"D:\OneDrive\VS\Projects\DocxDocument\DocumentModel.InOpenXml\Drawings\Connectors\ConnectionShapeLocks.cs","56","Property","nameof(DXD.ConnectionShapeLocks.NoEditPoints)","bool?","NoEditPoints","_NoEditPoints"
"D:\OneDrive\VS\Projects\DocxDocument\DocumentModel.InOpenXml\Drawings\Connectors\ConnectionShapeLocks.cs","63","Property","nameof(DXD.ConnectionShapeLocks.NoAdjustHandles)","bool?","NoAdjustHandles","_NoAdjustHandles"
"D:\OneDrive\VS\Projects\DocxDocument\DocumentModel.InOpenXml\Drawings\Connectors\ConnectionShapeLocks.cs","70","Property","nameof(DXD.ConnectionShapeLocks.NoChangeArrowheads)","bool?","NoChangeArrowheads","_NoChangeArrowheads"
"D:\OneDrive\VS\Projects\DocxDocument\DocumentModel.InOpenXml\Drawings\Connectors\ConnectionShapeLocks.cs","77","Property","nameof(DXD.ConnectionShapeLocks.NoChangeShapeType)","bool?","NoChangeShapeType","_NoChangeShapeType"
"D:\OneDrive\VS\Projects\DocxDocument\DocumentModel.InOpenXml\Drawings\Connectors\ConnectionShapeLocks.cs","84","Property","nameof(DXD.ConnectionShapeLocks.ConnectorLockingExtensionList)","ConnectorLockingExtensionList?","ConnectorLockingExtensionList","_ConnectorLockingExtensionList"
"D:\OneDrive\VS\Projects\DocxDocument\DocumentModel.InOpenXml\Drawings\Connectors\ConnectionSite.cs","14","Property","nameof(DXD.ConnectionSite.Angle)","string?","Angle","_Angle"
"D:\OneDrive\VS\Projects\DocxDocument\DocumentModel.InOpenXml\Drawings\Connectors\ConnectionSite.cs","21","Property","nameof(DXD.ConnectionSite.Position)","AdjustPoint2DType?","Position","_Position"
"D:\OneDrive\VS\Projects\DocxDocument\DocumentModel.InOpenXml\Drawings\Connectors\ConnectionType.cs","14","Property","nameof(DXD.ConnectionType.Id)","UInt32?","Id","_Id"
"D:\OneDrive\VS\Projects\DocxDocument\DocumentModel.InOpenXml\Drawings\Connectors\ConnectionType.cs","21","Property","nameof(DXD.ConnectionType.Index)","UInt32?","Index","_Index"
"D:\OneDrive\VS\Projects\DocxDocument\DocumentModel.InOpenXml\Drawings\Connectors\ConnectorLockingExtension.cs","20","Property","nameof(DXD.ConnectorLockingExtension.Uri)","UriString?","Uri","_Uri"
"D:\OneDrive\VS\Projects\DocxDocument\DocumentModel.InOpenXml\Drawings\Custom geometry\AdjustPoint2DType.cs","24","Property","nameof(DXD.AdjustPoint2DType.X)","EMU?","X","_X"
"D:\OneDrive\VS\Projects\DocxDocument\DocumentModel.InOpenXml\Drawings\Custom geometry\AdjustPoint2DType.cs","31","Property","nameof(DXD.AdjustPoint2DType.Y)","EMU?","Y","_Y"
"D:\OneDrive\VS\Projects\DocxDocument\DocumentModel.InOpenXml\Drawings\Custom geometry\ArcTo.cs","48","Property","nameof(DXD.ArcTo.WidthRadius)","string?","WidthRadius","_WidthRadius"
"D:\OneDrive\VS\Projects\DocxDocument\DocumentModel.InOpenXml\Drawings\Custom geometry\ArcTo.cs","73","Property","nameof(DXD.ArcTo.HeightRadius)","string?","HeightRadius","_HeightRadius"
"D:\OneDrive\VS\Projects\DocxDocument\DocumentModel.InOpenXml\Drawings\Custom geometry\ArcTo.cs","106","Property","nameof(DXD.ArcTo.StartAngle)","string?","StartAngle","_StartAngle"
"D:\OneDrive\VS\Projects\DocxDocument\DocumentModel.InOpenXml\Drawings\Custom geometry\ArcTo.cs","140","Property","nameof(DXD.ArcTo.SwingAngle)","string?","SwingAngle","_SwingAngle"
"D:\OneDrive\VS\Projects\DocxDocument\DocumentModel.InOpenXml\Drawings\Custom geometry\CustomGeometry.cs","14","Property","nameof(DXD.CustomGeometry.AdjustValueList)","AdjustValueList?","AdjustValueList","_AdjustValueList"
"D:\OneDrive\VS\Projects\DocxDocument\DocumentModel.InOpenXml\Drawings\Custom geometry\CustomGeometry.cs","21","Property","nameof(DXD.CustomGeometry.ShapeGuideList)","ShapeGuideList?","ShapeGuideList","_ShapeGuideList"
"D:\OneDrive\VS\Projects\DocxDocument\DocumentModel.InOpenXml\Drawings\Custom geometry\CustomGeometry.cs","28","Property","nameof(DXD.CustomGeometry.AdjustHandleList)","AdjustHandleList?","AdjustHandleList","_AdjustHandleList"
"D:\OneDrive\VS\Projects\DocxDocument\DocumentModel.InOpenXml\Drawings\Custom geometry\CustomGeometry.cs","35","Property","nameof(DXD.CustomGeometry.ConnectionSiteList)","ConnectionSiteList?","ConnectionSiteList","_ConnectionSiteList"
"D:\OneDrive\VS\Projects\DocxDocument\DocumentModel.InOpenXml\Drawings\Custom geometry\CustomGeometry.cs","42","Property","nameof(DXD.CustomGeometry.Rectangle)","Rectangle?","Rectangle","_Rectangle"
"D:\OneDrive\VS\Projects\DocxDocument\DocumentModel.InOpenXml\Drawings\Custom geometry\CustomGeometry.cs","49","Property","nameof(DXD.CustomGeometry.PathList)","PathList?","PathList","_PathList"
"D:\OneDrive\VS\Projects\DocxDocument\DocumentModel.InOpenXml\Drawings\Custom geometry\LineTo.cs","14","Property","nameof(DXD.LineTo.Point)","AdjustPoint2DType?","Point","_Point"
"D:\OneDrive\VS\Projects\DocxDocument\DocumentModel.InOpenXml\Drawings\Custom geometry\MoveTo.cs","14","Property","nameof(DXD.MoveTo.Point)","AdjustPoint2DType?","Point","_Point"
"D:\OneDrive\VS\Projects\DocxDocument\DocumentModel.InOpenXml\Drawings\Custom geometry\Path.cs","14","Property","nameof(DXD.Path.Width)","Int64?","Width","_Width"
"D:\OneDrive\VS\Projects\DocxDocument\DocumentModel.InOpenXml\Drawings\Custom geometry\Path.cs","21","Property","nameof(DXD.Path.Height)","Int64?","Height","_Height"
"D:\OneDrive\VS\Projects\DocxDocument\DocumentModel.InOpenXml\Drawings\Custom geometry\Path.cs","28","Property","nameof(DXD.Path.Fill)","PathFillMode?","Fill","_Fill"
"D:\OneDrive\VS\Projects\DocxDocument\DocumentModel.InOpenXml\Drawings\Custom geometry\Path.cs","35","Property","nameof(DXD.Path.Stroke)","bool?","Stroke","_Stroke"
"D:\OneDrive\VS\Projects\DocxDocument\DocumentModel.InOpenXml\Drawings\Custom geometry\Path.cs","42","Property","nameof(DXD.Path.ExtrusionOk)","bool?","ExtrusionOk","_ExtrusionOk"
"D:\OneDrive\VS\Projects\DocxDocument\DocumentModel.InOpenXml\Drawings\Custom geometry\Rectangle.cs","20","Property","nameof(DXD.Rectangle.Left)","string?","Left","_Left"
"D:\OneDrive\VS\Projects\DocxDocument\DocumentModel.InOpenXml\Drawings\Custom geometry\Rectangle.cs","27","Property","nameof(DXD.Rectangle.Top)","string?","Top","_Top"
"D:\OneDrive\VS\Projects\DocxDocument\DocumentModel.InOpenXml\Drawings\Custom geometry\Rectangle.cs","34","Property","nameof(DXD.Rectangle.Right)","string?","Right","_Right"
"D:\OneDrive\VS\Projects\DocxDocument\DocumentModel.InOpenXml\Drawings\Custom geometry\Rectangle.cs","41","Property","nameof(DXD.Rectangle.Bottom)","string?","Bottom","_Bottom"
"D:\OneDrive\VS\Projects\DocxDocument\DocumentModel.InOpenXml\Drawings\Drawing properties for document objects\Extent.cs","14","Property","nameof(DXDW.Extent.Cx)","EMU?","Cx","_Cx"
"D:\OneDrive\VS\Projects\DocxDocument\DocumentModel.InOpenXml\Drawings\Drawing properties for document objects\Extent.cs","21","Property","nameof(DXDW.Extent.Cy)","EMU?","Cy","_Cy"
"D:\OneDrive\VS\Projects\DocxDocument\DocumentModel.InOpenXml\Drawings\Effects\BiLevel.cs","14","Property","nameof(DXD.BiLevel.Threshold)","Int32?","Threshold","_Threshold"
"D:\OneDrive\VS\Projects\DocxDocument\DocumentModel.InOpenXml\Drawings\Effects\Blend.cs","14","Property","nameof(DXD.Blend.BlendMode)","BlendMode?","BlendMode","_BlendMode"
"D:\OneDrive\VS\Projects\DocxDocument\DocumentModel.InOpenXml\Drawings\Effects\Blend.cs","21","Property","nameof(DXD.Blend.EffectContainer)","EffectContainer?","EffectContainer","_EffectContainer"
"D:\OneDrive\VS\Projects\DocxDocument\DocumentModel.InOpenXml\Drawings\Effects\Blur.cs","14","Property","nameof(DXD.Blur.Radius)","Int64?","Radius","_Radius"
"D:\OneDrive\VS\Projects\DocxDocument\DocumentModel.InOpenXml\Drawings\Effects\Blur.cs","21","Property","nameof(DXD.Blur.Grow)","bool?","Grow","_Grow"
"D:\OneDrive\VS\Projects\DocxDocument\DocumentModel.InOpenXml\Drawings\Effects\Effect.cs","14","Property","nameof(DXD.Effect.Reference)","string?","Reference","_Reference"
"D:\OneDrive\VS\Projects\DocxDocument\DocumentModel.InOpenXml\Drawings\Effects\EffectContainerType.cs","29","Property","nameof(DXD.EffectContainerType.Type)","EffectContainment?","Type","_Type"
"D:\OneDrive\VS\Projects\DocxDocument\DocumentModel.InOpenXml\Drawings\Effects\EffectContainerType.cs","51","Property","nameof(DXD.EffectContainerType.Name)","string?","Name","_Name"
"D:\OneDrive\VS\Projects\DocxDocument\DocumentModel.InOpenXml\Drawings\Effects\EffectList.cs","14","Property","nameof(DXD.EffectList.Blur)","Blur?","Blur","_Blur"
"D:\OneDrive\VS\Projects\DocxDocument\DocumentModel.InOpenXml\Drawings\Effects\EffectList.cs","21","Property","nameof(DXD.EffectList.FillOverlay)","FillOverlay?","FillOverlay","_FillOverlay"
"D:\OneDrive\VS\Projects\DocxDocument\DocumentModel.InOpenXml\Drawings\Effects\EffectList.cs","28","Property","nameof(DXD.EffectList.Glow)","Glow?","Glow","_Glow"
"D:\OneDrive\VS\Projects\DocxDocument\DocumentModel.InOpenXml\Drawings\Effects\EffectList.cs","35","Property","nameof(DXD.EffectList.InnerShadow)","InnerShadow?","InnerShadow","_InnerShadow"
"D:\OneDrive\VS\Projects\DocxDocument\DocumentModel.InOpenXml\Drawings\Effects\EffectList.cs","42","Property","nameof(DXD.EffectList.OuterShadow)","OuterShadow?","OuterShadow","_OuterShadow"
"D:\OneDrive\VS\Projects\DocxDocument\DocumentModel.InOpenXml\Drawings\Effects\EffectList.cs","49","Property","nameof(DXD.EffectList.PresetShadow)","PresetShadow?","PresetShadow","_PresetShadow"
"D:\OneDrive\VS\Projects\DocxDocument\DocumentModel.InOpenXml\Drawings\Effects\EffectList.cs","56","Property","nameof(DXD.EffectList.Reflection)","Reflection?","Reflection","_Reflection"
"D:\OneDrive\VS\Projects\DocxDocument\DocumentModel.InOpenXml\Drawings\Effects\EffectList.cs","63","Property","nameof(DXD.EffectList.SoftEdge)","SoftEdge?","SoftEdge","_SoftEdge"
"D:\OneDrive\VS\Projects\DocxDocument\DocumentModel.InOpenXml\Drawings\Effects\EffectReference.cs","14","Property","nameof(DXD.EffectReference.RgbColorModelPercentage)","ColorType?","Color","_Color"
"D:\OneDrive\VS\Projects\DocxDocument\DocumentModel.InOpenXml\Drawings\Effects\Glow.cs","14","Property","nameof(DXD.Glow.Radius)","Int64?","Radius","_Radius"
"D:\OneDrive\VS\Projects\DocxDocument\DocumentModel.InOpenXml\Drawings\Effects\Glow.cs","21","Property","nameof(DXD.Glow.RgbColorModelPercentage)","ColorType?","Color","_Color"
"D:\OneDrive\VS\Projects\DocxDocument\DocumentModel.InOpenXml\Drawings\Effects\HiddenEffectsProperties.cs","14","Property","nameof(DXO10D.HiddenEffectsProperties.EffectList)","EffectList?","EffectList","_EffectList"
"D:\OneDrive\VS\Projects\DocxDocument\DocumentModel.InOpenXml\Drawings\Effects\HiddenEffectsProperties.cs","21","Property","nameof(DXO10D.HiddenEffectsProperties.EffectDag)","EffectDag?","EffectDag","_EffectDag"
"D:\OneDrive\VS\Projects\DocxDocument\DocumentModel.InOpenXml\Drawings\Effects\Reflection.cs","14","Property","nameof(DXD.Reflection.BlurRadius)","Int64?","BlurRadius","_BlurRadius"
"D:\OneDrive\VS\Projects\DocxDocument\DocumentModel.InOpenXml\Drawings\Effects\Reflection.cs","21","Property","nameof(DXD.Reflection.StartOpacity)","Int32?","StartOpacity","_StartOpacity"
"D:\OneDrive\VS\Projects\DocxDocument\DocumentModel.InOpenXml\Drawings\Effects\Reflection.cs","28","Property","nameof(DXD.Reflection.StartPosition)","Int32?","StartPosition","_StartPosition"
"D:\OneDrive\VS\Projects\DocxDocument\DocumentModel.InOpenXml\Drawings\Effects\Reflection.cs","35","Property","nameof(DXD.Reflection.EndAlpha)","Int32?","EndAlpha","_EndAlpha"
"D:\OneDrive\VS\Projects\DocxDocument\DocumentModel.InOpenXml\Drawings\Effects\Reflection.cs","42","Property","nameof(DXD.Reflection.EndPosition)","Int32?","EndPosition","_EndPosition"
"D:\OneDrive\VS\Projects\DocxDocument\DocumentModel.InOpenXml\Drawings\Effects\Reflection.cs","49","Property","nameof(DXD.Reflection.Distance)","Int64?","Distance","_Distance"
"D:\OneDrive\VS\Projects\DocxDocument\DocumentModel.InOpenXml\Drawings\Effects\Reflection.cs","56","Property","nameof(DXD.Reflection.Direction)","Int32?","Direction","_Direction"
"D:\OneDrive\VS\Projects\DocxDocument\DocumentModel.InOpenXml\Drawings\Effects\Reflection.cs","63","Property","nameof(DXD.Reflection.FadeDirection)","Int32?","FadeDirection","_FadeDirection"
"D:\OneDrive\VS\Projects\DocxDocument\DocumentModel.InOpenXml\Drawings\Effects\Reflection.cs","70","Property","nameof(DXD.Reflection.HorizontalRatio)","Int32?","HorizontalRatio","_HorizontalRatio"
"D:\OneDrive\VS\Projects\DocxDocument\DocumentModel.InOpenXml\Drawings\Effects\Reflection.cs","77","Property","nameof(DXD.Reflection.VerticalRatio)","Int32?","VerticalRatio","_VerticalRatio"
"D:\OneDrive\VS\Projects\DocxDocument\DocumentModel.InOpenXml\Drawings\Effects\Reflection.cs","84","Property","nameof(DXD.Reflection.HorizontalSkew)","Int32?","HorizontalSkew","_HorizontalSkew"
"D:\OneDrive\VS\Projects\DocxDocument\DocumentModel.InOpenXml\Drawings\Effects\Reflection.cs","91","Property","nameof(DXD.Reflection.VerticalSkew)","Int32?","VerticalSkew","_VerticalSkew"
"D:\OneDrive\VS\Projects\DocxDocument\DocumentModel.InOpenXml\Drawings\Effects\Reflection.cs","98","Property","nameof(DXD.Reflection.Alignment)","RectangleAlignment?","Alignment","_Alignment"
"D:\OneDrive\VS\Projects\DocxDocument\DocumentModel.InOpenXml\Drawings\Effects\Reflection.cs","105","Property","nameof(DXD.Reflection.RotateWithShape)","bool?","RotateWithShape","_RotateWithShape"
"D:\OneDrive\VS\Projects\DocxDocument\DocumentModel.InOpenXml\Drawings\Extensibility\CompatExtension.cs","15","Property","nameof(DXO10D.CompatExtension.ShapeId)","string?","ShapeId","_ShapeId"
"D:\OneDrive\VS\Projects\DocxDocument\DocumentModel.InOpenXml\Drawings\Fill types\Blip.cs","16","Property","nameof(DXD.Blip.Embed)","string?","Embed","_Embed"
"D:\OneDrive\VS\Projects\DocxDocument\DocumentModel.InOpenXml\Drawings\Fill types\Blip.cs","23","Property","nameof(DXD.Blip.Link)","string?","Link","_Link"
"D:\OneDrive\VS\Projects\DocxDocument\DocumentModel.InOpenXml\Drawings\Fill types\Blip.cs","30","Property","nameof(DXD.Blip.CompressionState)","BlipCompression?","CompressionState","_CompressionState"
"D:\OneDrive\VS\Projects\DocxDocument\DocumentModel.InOpenXml\Drawings\Fill types\BlipExtension.cs","60","Property","nameof(DXD.Extension.Uri)","UriString?","Uri","_Uri"
"D:\OneDrive\VS\Projects\DocxDocument\DocumentModel.InOpenXml\Drawings\Fill types\FillOverlay.cs","14","Property","nameof(DXD.FillOverlay.Blend)","BlendMode?","Blend","_Blend"
"D:\OneDrive\VS\Projects\DocxDocument\DocumentModel.InOpenXml\Drawings\Fill types\ForegroundColor.cs","14","Property","nameof(DXD.ForegroundColor.PresetColor)","ColorType?","Color","_Color"
"D:\OneDrive\VS\Projects\DocxDocument\DocumentModel.InOpenXml\Drawings\Fill types\GradientStop.cs","14","Property","nameof(DXD.GradientStop.Position)","Percentage?","Position","_Position"
"D:\OneDrive\VS\Projects\DocxDocument\DocumentModel.InOpenXml\Drawings\Fill types\GradientStop.cs","21","Property","nameof(DXD.GradientStop.RgbColorModelPercentage)","ColorType?","Color","_color"
"D:\OneDrive\VS\Projects\DocxDocument\DocumentModel.InOpenXml\Drawings\Fill types\PatternFill.cs","14","Property","nameof(DXD.PatternFill.Preset)","PresetPattern?","Preset","_Preset"
"D:\OneDrive\VS\Projects\DocxDocument\DocumentModel.InOpenXml\Drawings\Fill types\PatternFill.cs","21","Property","nameof(DXD.PatternFill.ForegroundColor)","ForegroundColor?","ForegroundColor","_ForegroundColor"
"D:\OneDrive\VS\Projects\DocxDocument\DocumentModel.InOpenXml\Drawings\Fill types\PatternFill.cs","28","Property","nameof(DXD.PatternFill.BackgroundColor)","BackgroundColor?","BackgroundColor","_BackgroundColor"
"D:\OneDrive\VS\Projects\DocxDocument\DocumentModel.InOpenXml\Drawings\Fill types\PictureAttributionSourceURL.cs","14","Property","nameof(DXO19D.PictureAttributionSourceURL.Id)","string?","Id","_Id"
"D:\OneDrive\VS\Projects\DocxDocument\DocumentModel.InOpenXml\Drawings\Fill types\SolidFill.cs","14","Property","nameof(DXD.SolidFill.RgbColorModelPercentage)","ColorType?","Color","_color"
"D:\OneDrive\VS\Projects\DocxDocument\DocumentModel.InOpenXml\Drawings\Graphic data\Graphic.cs","14","Property","nameof(DXD.Graphic.GraphicData)","GraphicData?","GraphicData","_GraphicData"
"D:\OneDrive\VS\Projects\DocxDocument\DocumentModel.InOpenXml\Drawings\Graphic data\GraphicFrameLocks.cs","14","Property","nameof(DXD.GraphicFrameLocks.NoGrouping)","bool?","NoGrouping","_NoGrouping"
"D:\OneDrive\VS\Projects\DocxDocument\DocumentModel.InOpenXml\Drawings\Graphic data\GraphicFrameLocks.cs","21","Property","nameof(DXD.GraphicFrameLocks.NoDrilldown)","bool?","NoDrilldown","_NoDrilldown"
"D:\OneDrive\VS\Projects\DocxDocument\DocumentModel.InOpenXml\Drawings\Graphic data\GraphicFrameLocks.cs","28","Property","nameof(DXD.GraphicFrameLocks.NoSelection)","bool?","NoSelection","_NoSelection"
"D:\OneDrive\VS\Projects\DocxDocument\DocumentModel.InOpenXml\Drawings\Graphic data\GraphicFrameLocks.cs","35","Property","nameof(DXD.GraphicFrameLocks.NoChangeAspect)","bool?","NoChangeAspect","_NoChangeAspect"
"D:\OneDrive\VS\Projects\DocxDocument\DocumentModel.InOpenXml\Drawings\Graphic data\GraphicFrameLocks.cs","42","Property","nameof(DXD.GraphicFrameLocks.NoMove)","bool?","NoMove","_NoMove"
"D:\OneDrive\VS\Projects\DocxDocument\DocumentModel.InOpenXml\Drawings\Graphic data\GraphicFrameLocks.cs","49","Property","nameof(DXD.GraphicFrameLocks.NoResize)","bool?","NoResize","_NoResize"
"D:\OneDrive\VS\Projects\DocxDocument\DocumentModel.InOpenXml\Drawings\Graphic data\GraphicFrameLocks.cs","56","Property","nameof(DXD.GraphicFrameLocks.ExtensionList)","ExtensionList?","ExtensionList","_ExtensionList"
"D:\OneDrive\VS\Projects\DocxDocument\DocumentModel.InOpenXml\Drawings\Hyperlinks\EmbeddedWavAudioFileType.cs","14","Property","nameof(DXD.EmbeddedWavAudioFileType.Embed)","string?","Embed","_Embed"
"D:\OneDrive\VS\Projects\DocxDocument\DocumentModel.InOpenXml\Drawings\Hyperlinks\EmbeddedWavAudioFileType.cs","21","Property","nameof(DXD.EmbeddedWavAudioFileType.Name)","string?","Name","_Name"
"D:\OneDrive\VS\Projects\DocxDocument\DocumentModel.InOpenXml\Drawings\Hyperlinks\EmbeddedWavAudioFileType.cs","28","Property","nameof(DXD.EmbeddedWavAudioFileType.BuiltIn)","bool?","BuiltIn","_BuiltIn"
"D:\OneDrive\VS\Projects\DocxDocument\DocumentModel.InOpenXml\Drawings\Hyperlinks\HyperlinkOnClick.cs","15","Property","nameof(DXD.HyperlinkOnClick.HyperlinkSound)","EmbeddedWavAudioFileType?","HyperlinkSound","_HyperlinkSound"
"D:\OneDrive\VS\Projects\DocxDocument\DocumentModel.InOpenXml\Drawings\Hyperlinks\HyperlinkOnClick.cs","22","Property","nameof(DXD.HyperlinkOnClick.HyperlinkExtensionList)","HyperlinkExtensionList?","HyperlinkExtensionList","_HyperlinkExtensionList"
"D:\OneDrive\VS\Projects\DocxDocument\DocumentModel.InOpenXml\Drawings\Hyperlinks\HyperlinkOnHover.cs","15","Property","nameof(DXD.HyperlinkOnHover.HyperlinkSound)","EmbeddedWavAudioFileType?","HyperlinkSound","_HyperlinkSound"
"D:\OneDrive\VS\Projects\DocxDocument\DocumentModel.InOpenXml\Drawings\Hyperlinks\HyperlinkOnHover.cs","22","Property","nameof(DXD.HyperlinkOnHover.HyperlinkExtensionList)","HyperlinkExtensionList?","HyperlinkExtensionList","_HyperlinkExtensionList"
"D:\OneDrive\VS\Projects\DocxDocument\DocumentModel.InOpenXml\Drawings\Hyperlinks\HyperlinkOnMouseOver.cs","15","Property","nameof(DXD.HyperlinkOnMouseOver.HyperlinkSound)","EmbeddedWavAudioFileType?","HyperlinkSound","_HyperlinkSound"
"D:\OneDrive\VS\Projects\DocxDocument\DocumentModel.InOpenXml\Drawings\Hyperlinks\HyperlinkOnMouseOver.cs","22","Property","nameof(DXD.HyperlinkOnMouseOver.HyperlinkExtensionList)","HyperlinkExtensionList?","HyperlinkExtensionList","_HyperlinkExtensionList"
"D:\OneDrive\VS\Projects\DocxDocument\DocumentModel.InOpenXml\Drawings\Hyperlinks\HyperlinkType.cs","15","Property","nameof(DXD.HyperlinkType.Id)","string?","Id","_Id"
"D:\OneDrive\VS\Projects\DocxDocument\DocumentModel.InOpenXml\Drawings\Hyperlinks\HyperlinkType.cs","22","Property","nameof(DXD.HyperlinkType.InvalidUrl)","string?","InvalidUrl","_InvalidUrl"
"D:\OneDrive\VS\Projects\DocxDocument\DocumentModel.InOpenXml\Drawings\Hyperlinks\HyperlinkType.cs","29","Property","nameof(DXD.HyperlinkType.Action)","string?","Action","_Action"
"D:\OneDrive\VS\Projects\DocxDocument\DocumentModel.InOpenXml\Drawings\Hyperlinks\HyperlinkType.cs","36","Property","nameof(DXD.HyperlinkType.TargetFrame)","string?","TargetFrame","_TargetFrame"
"D:\OneDrive\VS\Projects\DocxDocument\DocumentModel.InOpenXml\Drawings\Hyperlinks\HyperlinkType.cs","43","Property","nameof(DXD.HyperlinkType.Tooltip)","string?","Tooltip","_Tooltip"
"D:\OneDrive\VS\Projects\DocxDocument\DocumentModel.InOpenXml\Drawings\Hyperlinks\HyperlinkType.cs","50","Property","nameof(DXD.HyperlinkType.History)","bool?","History","_History"
"D:\OneDrive\VS\Projects\DocxDocument\DocumentModel.InOpenXml\Drawings\Hyperlinks\HyperlinkType.cs","57","Property","nameof(DXD.HyperlinkType.HighlightClick)","bool?","HighlightClick","_HighlightClick"
"D:\OneDrive\VS\Projects\DocxDocument\DocumentModel.InOpenXml\Drawings\Hyperlinks\HyperlinkType.cs","64","Property","nameof(DXD.HyperlinkType.EndSound)","bool?","EndSound","_EndSound"
"D:\OneDrive\VS\Projects\DocxDocument\DocumentModel.InOpenXml\Drawings\Hyperlinks\HyperlinkType.cs","71","Property","nameof(DXD.HyperlinkType.HyperlinkSound)","EmbeddedWavAudioFileType?","HyperlinkSound","_HyperlinkSound"
"D:\OneDrive\VS\Projects\DocxDocument\DocumentModel.InOpenXml\Drawings\Hyperlinks\HyperlinkType.cs","78","Property","nameof(DXD.HyperlinkType.HyperlinkExtensionList)","HyperlinkExtensionList?","HyperlinkExtensionList","_HyperlinkExtensionList"
"D:\OneDrive\VS\Projects\DocxDocument\DocumentModel.InOpenXml\Drawings\Image properties\BrightnessContrast.cs","14","Property","nameof(DXO10D.BrightnessContrast.Bright)","Int32?","Bright","_Bright"
"D:\OneDrive\VS\Projects\DocxDocument\DocumentModel.InOpenXml\Drawings\Image properties\BrightnessContrast.cs","21","Property","nameof(DXO10D.BrightnessContrast.Contrast)","Int32?","Contrast","_Contrast"
"D:\OneDrive\VS\Projects\DocxDocument\DocumentModel.InOpenXml\Drawings\Image properties\ColorTemperature.cs","14","Property","nameof(DXO10D.ColorTemperature.ColorTemperatureValue)","Int32?","ColorTemperatureValue","_ColorTemperatureValue"
"D:\OneDrive\VS\Projects\DocxDocument\DocumentModel.InOpenXml\Drawings\Image properties\ImageEffect.cs","14","Property","nameof(DXO10D.ImageEffect.Visible)","bool?","Visible","_Visible"
"D:\OneDrive\VS\Projects\DocxDocument\DocumentModel.InOpenXml\Drawings\Image properties\ImageEffect.cs","21","Property","nameof(DXO10D.ImageEffect.ArtisticBlur)","ArtisticBlur?","ArtisticBlur","_ArtisticBlur"
"D:\OneDrive\VS\Projects\DocxDocument\DocumentModel.InOpenXml\Drawings\Image properties\ImageEffect.cs","28","Property","nameof(DXO10D.ImageEffect.ArtisticCement)","ArtisticCement?","ArtisticCement","_ArtisticCement"
"D:\OneDrive\VS\Projects\DocxDocument\DocumentModel.InOpenXml\Drawings\Image properties\ImageEffect.cs","35","Property","nameof(DXO10D.ImageEffect.ArtisticChalkSketch)","ArtisticChalkSketch?","ArtisticChalkSketch","_ArtisticChalkSketch"
"D:\OneDrive\VS\Projects\DocxDocument\DocumentModel.InOpenXml\Drawings\Image properties\ImageEffect.cs","42","Property","nameof(DXO10D.ImageEffect.ArtisticCrisscrossEtching)","ArtisticCrisscrossEtching?","ArtisticCrisscrossEtching","_ArtisticCrisscrossEtching"
"D:\OneDrive\VS\Projects\DocxDocument\DocumentModel.InOpenXml\Drawings\Image properties\ImageEffect.cs","49","Property","nameof(DXO10D.ImageEffect.ArtisticCutout)","ArtisticCutout?","ArtisticCutout","_ArtisticCutout"
"D:\OneDrive\VS\Projects\DocxDocument\DocumentModel.InOpenXml\Drawings\Image properties\ImageEffect.cs","56","Property","nameof(DXO10D.ImageEffect.ArtisticFilmGrain)","ArtisticFilmGrain?","ArtisticFilmGrain","_ArtisticFilmGrain"
"D:\OneDrive\VS\Projects\DocxDocument\DocumentModel.InOpenXml\Drawings\Image properties\ImageEffect.cs","63","Property","nameof(DXO10D.ImageEffect.ArtisticGlass)","ArtisticGlass?","ArtisticGlass","_ArtisticGlass"
"D:\OneDrive\VS\Projects\DocxDocument\DocumentModel.InOpenXml\Drawings\Image properties\ImageEffect.cs","70","Property","nameof(DXO10D.ImageEffect.ArtisticGlowDiffused)","ArtisticGlowDiffused?","ArtisticGlowDiffused","_ArtisticGlowDiffused"
"D:\OneDrive\VS\Projects\DocxDocument\DocumentModel.InOpenXml\Drawings\Image properties\ImageEffect.cs","77","Property","nameof(DXO10D.ImageEffect.ArtisticGlowEdges)","ArtisticGlowEdges?","ArtisticGlowEdges","_ArtisticGlowEdges"
"D:\OneDrive\VS\Projects\DocxDocument\DocumentModel.InOpenXml\Drawings\Image properties\ImageEffect.cs","84","Property","nameof(DXO10D.ImageEffect.ArtisticLightScreen)","ArtisticLightScreen?","ArtisticLightScreen","_ArtisticLightScreen"
"D:\OneDrive\VS\Projects\DocxDocument\DocumentModel.InOpenXml\Drawings\Image properties\ImageEffect.cs","91","Property","nameof(DXO10D.ImageEffect.ArtisticLineDrawing)","ArtisticLineDrawing?","ArtisticLineDrawing","_ArtisticLineDrawing"
"D:\OneDrive\VS\Projects\DocxDocument\DocumentModel.InOpenXml\Drawings\Image properties\ImageEffect.cs","98","Property","nameof(DXO10D.ImageEffect.ArtisticMarker)","ArtisticMarker?","ArtisticMarker","_ArtisticMarker"
"D:\OneDrive\VS\Projects\DocxDocument\DocumentModel.InOpenXml\Drawings\Image properties\ImageEffect.cs","105","Property","nameof(DXO10D.ImageEffect.ArtisticMosaicBubbles)","ArtisticMosaicBubbles?","ArtisticMosaicBubbles","_ArtisticMosaicBubbles"
"D:\OneDrive\VS\Projects\DocxDocument\DocumentModel.InOpenXml\Drawings\Image properties\ImageEffect.cs","112","Property","nameof(DXO10D.ImageEffect.ArtisticPaintStrokes)","ArtisticPaintStrokes?","ArtisticPaintStrokes","_ArtisticPaintStrokes"
"D:\OneDrive\VS\Projects\DocxDocument\DocumentModel.InOpenXml\Drawings\Image properties\ImageEffect.cs","119","Property","nameof(DXO10D.ImageEffect.ArtisticPaintBrush)","ArtisticPaintBrush?","ArtisticPaintBrush","_ArtisticPaintBrush"
"D:\OneDrive\VS\Projects\DocxDocument\DocumentModel.InOpenXml\Drawings\Image properties\ImageEffect.cs","126","Property","nameof(DXO10D.ImageEffect.ArtisticPastelsSmooth)","ArtisticPastelsSmooth?","ArtisticPastelsSmooth","_ArtisticPastelsSmooth"
"D:\OneDrive\VS\Projects\DocxDocument\DocumentModel.InOpenXml\Drawings\Image properties\ImageEffect.cs","133","Property","nameof(DXO10D.ImageEffect.ArtisticPencilGrayscale)","ArtisticPencilGrayscale?","ArtisticPencilGrayscale","_ArtisticPencilGrayscale"
"D:\OneDrive\VS\Projects\DocxDocument\DocumentModel.InOpenXml\Drawings\Image properties\ImageEffect.cs","140","Property","nameof(DXO10D.ImageEffect.ArtisticPencilSketch)","ArtisticPencilSketch?","ArtisticPencilSketch","_ArtisticPencilSketch"
"D:\OneDrive\VS\Projects\DocxDocument\DocumentModel.InOpenXml\Drawings\Image properties\ImageEffect.cs","147","Property","nameof(DXO10D.ImageEffect.ArtisticPhotocopy)","ArtisticPhotocopy?","ArtisticPhotocopy","_ArtisticPhotocopy"
"D:\OneDrive\VS\Projects\DocxDocument\DocumentModel.InOpenXml\Drawings\Image properties\ImageEffect.cs","154","Property","nameof(DXO10D.ImageEffect.ArtisticPlasticWrap)","ArtisticPlasticWrap?","ArtisticPlasticWrap","_ArtisticPlasticWrap"
"D:\OneDrive\VS\Projects\DocxDocument\DocumentModel.InOpenXml\Drawings\Image properties\ImageEffect.cs","161","Property","nameof(DXO10D.ImageEffect.ArtisticTexturizer)","ArtisticTexturizer?","ArtisticTexturizer","_ArtisticTexturizer"
"D:\OneDrive\VS\Projects\DocxDocument\DocumentModel.InOpenXml\Drawings\Image properties\ImageEffect.cs","168","Property","nameof(DXO10D.ImageEffect.ArtisticWatercolorSponge)","ArtisticWatercolorSponge?","ArtisticWatercolorSponge","_ArtisticWatercolorSponge"
"D:\OneDrive\VS\Projects\DocxDocument\DocumentModel.InOpenXml\Drawings\Image properties\ImageEffect.cs","175","Property","nameof(DXO10D.ImageEffect.BackgroundRemoval)","BackgroundRemoval?","BackgroundRemoval","_BackgroundRemoval"
"D:\OneDrive\VS\Projects\DocxDocument\DocumentModel.InOpenXml\Drawings\Image properties\ImageEffect.cs","182","Property","nameof(DXO10D.ImageEffect.BrightnessContrast)","BrightnessContrast?","BrightnessContrast","_BrightnessContrast"
"D:\OneDrive\VS\Projects\DocxDocument\DocumentModel.InOpenXml\Drawings\Image properties\ImageEffect.cs","189","Property","nameof(DXO10D.ImageEffect.ColorTemperature)","ColorTemperature?","ColorTemperature","_ColorTemperature"
"D:\OneDrive\VS\Projects\DocxDocument\DocumentModel.InOpenXml\Drawings\Image properties\ImageEffect.cs","196","Property","nameof(DXO10D.ImageEffect.Saturation)","Percentage?","Saturation","_Saturation"
"D:\OneDrive\VS\Projects\DocxDocument\DocumentModel.InOpenXml\Drawings\Image properties\ImageEffect.cs","203","Property","nameof(DXO10D.ImageEffect.SharpenSoften)","Int32?","SharpenSoften","_SharpenSoften"
"D:\OneDrive\VS\Projects\DocxDocument\DocumentModel.InOpenXml\Drawings\Image properties\ImageProperties.cs","14","Property","nameof(DXO10D.ImageProperties.ImageLayer)","ImageLayer?","ImageLayer","_ImageLayer"
"D:\OneDrive\VS\Projects\DocxDocument\DocumentModel.InOpenXml\Drawings\Line properties\DashStop.cs","14","Property","nameof(DXD.DashStop.DashLength)","Int32?","DashLength","_DashLength"
"D:\OneDrive\VS\Projects\DocxDocument\DocumentModel.InOpenXml\Drawings\Line properties\DashStop.cs","21","Property","nameof(DXD.DashStop.SpaceLength)","Int32?","SpaceLength","_SpaceLength"
"D:\OneDrive\VS\Projects\DocxDocument\DocumentModel.InOpenXml\Drawings\Line properties\HiddenLineProperties.cs","14","Property","nameof(DXO10D.HiddenLineProperties.Width)","Int32?","Width","_Width"
"D:\OneDrive\VS\Projects\DocxDocument\DocumentModel.InOpenXml\Drawings\Line properties\HiddenLineProperties.cs","21","Property","nameof(DXO10D.HiddenLineProperties.CapType)","LineCap?","CapType","_CapType"
"D:\OneDrive\VS\Projects\DocxDocument\DocumentModel.InOpenXml\Drawings\Line properties\HiddenLineProperties.cs","28","Property","nameof(DXO10D.HiddenLineProperties.CompoundLineType)","CompoundLine?","CompoundLineType","_CompoundLineType"
"D:\OneDrive\VS\Projects\DocxDocument\DocumentModel.InOpenXml\Drawings\Line properties\HiddenLineProperties.cs","35","Property","nameof(DXO10D.HiddenLineProperties.Alignment)","PenAlignment?","Alignment","_Alignment"
"D:\OneDrive\VS\Projects\DocxDocument\DocumentModel.InOpenXml\Drawings\Line properties\LineDefault.cs","14","Property","nameof(DXD.LineDefault.ShapeProperties)","ShapeProperties?","ShapeProperties","_ShapeProperties"
"D:\OneDrive\VS\Projects\DocxDocument\DocumentModel.InOpenXml\Drawings\Line properties\LineDefault.cs","21","Property","nameof(DXD.LineDefault.BodyProperties)","BodyProperties?","BodyProperties","_BodyProperties"
"D:\OneDrive\VS\Projects\DocxDocument\DocumentModel.InOpenXml\Drawings\Line properties\LineDefault.cs","28","Property","nameof(DXD.LineDefault.ListStyle)","ListStyle?","ListStyle","_ListStyle"
"D:\OneDrive\VS\Projects\DocxDocument\DocumentModel.InOpenXml\Drawings\Line properties\LineDefault.cs","35","Property","nameof(DXD.LineDefault.ShapeStyle)","ShapeStyle?","ShapeStyle","_ShapeStyle"
"D:\OneDrive\VS\Projects\DocxDocument\DocumentModel.InOpenXml\Drawings\Line properties\LineDefault.cs","42","Property","nameof(DXD.LineDefault.ExtensionList)","ExtensionList?","ExtensionList","_ExtensionList"
"D:\OneDrive\VS\Projects\DocxDocument\DocumentModel.InOpenXml\Drawings\Line properties\LinePropertiesExtension.cs","20","Property","nameof(DXD.LinePropertiesExtension.Uri)","UriString?","Uri","_Uri"
"D:\OneDrive\VS\Projects\DocxDocument\DocumentModel.InOpenXml\Drawings\Line properties\LineSketchStyleProperties.cs","15","Property","nameof(DXO21DSS.LineSketchStyleProperties.Sd)","UInt32?","Sd","_Sd"
"D:\OneDrive\VS\Projects\DocxDocument\DocumentModel.InOpenXml\Drawings\Non-visual properties\ClassificationOutcome.cs","14","Property","nameof(DXO21DDC.ClassificationOutcome.ClassificationOutcomeType)","ClassificationOutcomeType?","ClassificationOutcomeType","_ClassificationOutcomeType"
"D:\OneDrive\VS\Projects\DocxDocument\DocumentModel.InOpenXml\Drawings\Non-visual properties\ContentPartLocks.cs","15","Property","nameof(DXO10D.ContentPartLocks.NoGrouping)","bool?","NoGrouping","_NoGrouping"
"D:\OneDrive\VS\Projects\DocxDocument\DocumentModel.InOpenXml\Drawings\Non-visual properties\ContentPartLocks.cs","22","Property","nameof(DXO10D.ContentPartLocks.NoSelection)","bool?","NoSelection","_NoSelection"
"D:\OneDrive\VS\Projects\DocxDocument\DocumentModel.InOpenXml\Drawings\Non-visual properties\ContentPartLocks.cs","29","Property","nameof(DXO10D.ContentPartLocks.NoRotation)","bool?","NoRotation","_NoRotation"
"D:\OneDrive\VS\Projects\DocxDocument\DocumentModel.InOpenXml\Drawings\Non-visual properties\ContentPartLocks.cs","36","Property","nameof(DXO10D.ContentPartLocks.NoChangeAspect)","bool?","NoChangeAspect","_NoChangeAspect"
"D:\OneDrive\VS\Projects\DocxDocument\DocumentModel.InOpenXml\Drawings\Non-visual properties\ContentPartLocks.cs","43","Property","nameof(DXO10D.ContentPartLocks.NoMove)","bool?","NoMove","_NoMove"
"D:\OneDrive\VS\Projects\DocxDocument\DocumentModel.InOpenXml\Drawings\Non-visual properties\ContentPartLocks.cs","50","Property","nameof(DXO10D.ContentPartLocks.NoResize)","bool?","NoResize","_NoResize"
"D:\OneDrive\VS\Projects\DocxDocument\DocumentModel.InOpenXml\Drawings\Non-visual properties\ContentPartLocks.cs","57","Property","nameof(DXO10D.ContentPartLocks.NoEditPoints)","bool?","NoEditPoints","_NoEditPoints"
"D:\OneDrive\VS\Projects\DocxDocument\DocumentModel.InOpenXml\Drawings\Non-visual properties\ContentPartLocks.cs","64","Property","nameof(DXO10D.ContentPartLocks.NoAdjustHandles)","bool?","NoAdjustHandles","_NoAdjustHandles"
"D:\OneDrive\VS\Projects\DocxDocument\DocumentModel.InOpenXml\Drawings\Non-visual properties\ContentPartLocks.cs","71","Property","nameof(DXO10D.ContentPartLocks.NoChangeArrowheads)","bool?","NoChangeArrowheads","_NoChangeArrowheads"
"D:\OneDrive\VS\Projects\DocxDocument\DocumentModel.InOpenXml\Drawings\Non-visual properties\ContentPartLocks.cs","78","Property","nameof(DXO10D.ContentPartLocks.NoChangeShapeType)","bool?","NoChangeShapeType","_NoChangeShapeType"
"D:\OneDrive\VS\Projects\DocxDocument\DocumentModel.InOpenXml\Drawings\Non-visual properties\ContentPartLocks.cs","85","Property","nameof(DXO10D.ContentPartLocks.OfficeArtExtensionList)","OfficeArtExtensionList?","OfficeArtExtensionList","_OfficeArtExtensionList"
"D:\OneDrive\VS\Projects\DocxDocument\DocumentModel.InOpenXml\Drawings\Non-visual properties\CreationId.cs","14","Property","nameof(DXO16D.CreationId.Id)","string?","Id","_Id"
"D:\OneDrive\VS\Projects\DocxDocument\DocumentModel.InOpenXml\Drawings\Non-visual properties\GroupShapeLocks.cs","14","Property","nameof(DXD.GroupShapeLocks.NoGrouping)","bool?","NoGrouping","_NoGrouping"
"D:\OneDrive\VS\Projects\DocxDocument\DocumentModel.InOpenXml\Drawings\Non-visual properties\GroupShapeLocks.cs","21","Property","nameof(DXD.GroupShapeLocks.NoUngrouping)","bool?","NoUngrouping","_NoUngrouping"
"D:\OneDrive\VS\Projects\DocxDocument\DocumentModel.InOpenXml\Drawings\Non-visual properties\GroupShapeLocks.cs","28","Property","nameof(DXD.GroupShapeLocks.NoSelection)","bool?","NoSelection","_NoSelection"
"D:\OneDrive\VS\Projects\DocxDocument\DocumentModel.InOpenXml\Drawings\Non-visual properties\GroupShapeLocks.cs","35","Property","nameof(DXD.GroupShapeLocks.NoRotation)","bool?","NoRotation","_NoRotation"
"D:\OneDrive\VS\Projects\DocxDocument\DocumentModel.InOpenXml\Drawings\Non-visual properties\GroupShapeLocks.cs","42","Property","nameof(DXD.GroupShapeLocks.NoChangeAspect)","bool?","NoChangeAspect","_NoChangeAspect"
"D:\OneDrive\VS\Projects\DocxDocument\DocumentModel.InOpenXml\Drawings\Non-visual properties\GroupShapeLocks.cs","49","Property","nameof(DXD.GroupShapeLocks.NoMove)","bool?","NoMove","_NoMove"
"D:\OneDrive\VS\Projects\DocxDocument\DocumentModel.InOpenXml\Drawings\Non-visual properties\GroupShapeLocks.cs","56","Property","nameof(DXD.GroupShapeLocks.NoResize)","bool?","NoResize","_NoResize"
"D:\OneDrive\VS\Projects\DocxDocument\DocumentModel.InOpenXml\Drawings\Non-visual properties\GroupShapeLocks.cs","63","Property","nameof(DXD.GroupShapeLocks.ExtensionList)","ExtensionList?","ExtensionList","_ExtensionList"
"D:\OneDrive\VS\Projects\DocxDocument\DocumentModel.InOpenXml\Drawings\Non-visual properties\LiveFeedProperties.cs","15","Property","nameof(DXO21DL.LiveFeedProperties.LiveFeedBackgroundProperties)","LiveFeedBackgroundProperties?","LiveFeedBackgroundProperties","_LiveFeedBackgroundProperties"
"D:\OneDrive\VS\Projects\DocxDocument\DocumentModel.InOpenXml\Drawings\Non-visual properties\LiveFeedProperties.cs","22","Property","nameof(DXO21DL.LiveFeedProperties.OfficeArtExtensionList)","OfficeArtExtensionList?","OfficeArtExtensionList","_OfficeArtExtensionList"
"D:\OneDrive\VS\Projects\DocxDocument\DocumentModel.InOpenXml\Drawings\Non-visual properties\NonVisualDrawingProperties.cs","14","Property","nameof(DXD.NonVisualDrawingProperties.Id)","UInt32?","Id","_Id"
"D:\OneDrive\VS\Projects\DocxDocument\DocumentModel.InOpenXml\Drawings\Non-visual properties\NonVisualDrawingProperties.cs","21","Property","nameof(DXD.NonVisualDrawingProperties.Name)","string?","Name","_Name"
"D:\OneDrive\VS\Projects\DocxDocument\DocumentModel.InOpenXml\Drawings\Non-visual properties\NonVisualDrawingProperties.cs","28","Property","nameof(DXD.NonVisualDrawingProperties.Description)","string?","Description","_Description"
"D:\OneDrive\VS\Projects\DocxDocument\DocumentModel.InOpenXml\Drawings\Non-visual properties\NonVisualDrawingProperties.cs","35","Property","nameof(DXD.NonVisualDrawingProperties.Hidden)","bool?","Hidden","_Hidden"
"D:\OneDrive\VS\Projects\DocxDocument\DocumentModel.InOpenXml\Drawings\Non-visual properties\NonVisualDrawingProperties.cs","42","Property","nameof(DXD.NonVisualDrawingProperties.Title)","string?","Title","_Title"
"D:\OneDrive\VS\Projects\DocxDocument\DocumentModel.InOpenXml\Drawings\Non-visual properties\NonVisualDrawingProperties.cs","49","Property","nameof(DXD.NonVisualDrawingProperties.HyperlinkOnClick)","HyperlinkOnClick?","HyperlinkOnClick","_HyperlinkOnClick"
"D:\OneDrive\VS\Projects\DocxDocument\DocumentModel.InOpenXml\Drawings\Non-visual properties\NonVisualDrawingProperties.cs","56","Property","nameof(DXD.NonVisualDrawingProperties.HyperlinkOnHover)","HyperlinkOnHover?","HyperlinkOnHover","_HyperlinkOnHover"
"D:\OneDrive\VS\Projects\DocxDocument\DocumentModel.InOpenXml\Drawings\Non-visual properties\NonVisualDrawingProperties.cs","63","Property","nameof(DXD.NonVisualDrawingProperties.NonVisualDrawingPropertiesExtensionList)","NonVisualDrawingPropertiesExtensionList?","NonVisualDrawingPropertiesExtensionList","_NonVisualDrawingPropertiesExtensionList"
"D:\OneDrive\VS\Projects\DocxDocument\DocumentModel.InOpenXml\Drawings\Non-visual properties\NonVisualDrawingPropertiesExtension.cs","58","Property","nameof(DXD.NonVisualDrawingPropertiesExtension.Uri)","UriString?","Uri","_Uri"
"D:\OneDrive\VS\Projects\DocxDocument\DocumentModel.InOpenXml\Drawings\Non-visual properties\NonVisualDrawingPropertiesExtensionList.cs","58","Property","nameof(DXD.NonVisualDrawingPropertiesExtension.Uri)","string?","Uri","_Uri"
"D:\OneDrive\VS\Projects\DocxDocument\DocumentModel.InOpenXml\Drawings\Non-visual properties\NonVisualDrawingShapeProperties.cs","14","Property","nameof(DXOD.NonVisualDrawingShapeProperties.TextBox)","bool?","TextBox","_TextBox"
"D:\OneDrive\VS\Projects\DocxDocument\DocumentModel.InOpenXml\Drawings\Non-visual properties\NonVisualDrawingShapeProperties.cs","21","Property","nameof(DXOD.NonVisualDrawingShapeProperties.ShapeLocks)","ShapeLocks?","ShapeLocks","_ShapeLocks"
"D:\OneDrive\VS\Projects\DocxDocument\DocumentModel.InOpenXml\Drawings\Non-visual properties\NonVisualDrawingShapeProperties.cs","28","Property","nameof(DXOD.NonVisualDrawingShapeProperties.ExtensionList)","ExtensionList?","ExtensionList","_ExtensionList"
"D:\OneDrive\VS\Projects\DocxDocument\DocumentModel.InOpenXml\Drawings\Non-visual properties\NonVisualGroupDrawingShapeProperties.cs","14","Property","nameof(DXOD.NonVisualGroupDrawingShapeProperties.GroupShapeLocks)","GroupShapeLocks?","GroupShapeLocks","_GroupShapeLocks"
"D:\OneDrive\VS\Projects\DocxDocument\DocumentModel.InOpenXml\Drawings\Non-visual properties\NonVisualGroupDrawingShapeProperties.cs","21","Property","nameof(DXOD.NonVisualGroupDrawingShapeProperties.NonVisualGroupDrawingShapePropsExtensionList)","NonVisualGroupDrawingShapePropsExtensionList?","NonVisualGroupDrawingShapePropsExtensionList","_NonVisualGroupDrawingShapePropsExtensionList"
"D:\OneDrive\VS\Projects\DocxDocument\DocumentModel.InOpenXml\Drawings\Non-visual properties\NonVisualGroupDrawingShapePropsExtension.cs","21","Property","nameof(DXD.NonVisualGroupDrawingShapePropsExtension.Uri)","UriString?","Uri","_Uri"
"D:\OneDrive\VS\Projects\DocxDocument\DocumentModel.InOpenXml\Drawings\Non-visual properties\NonVisualGroupProperties.cs","14","Property","nameof(DXO13D.NonVisualGroupProperties.IsLegacyGroup)","bool?","IsLegacyGroup","_IsLegacyGroup"
"D:\OneDrive\VS\Projects\DocxDocument\DocumentModel.InOpenXml\Drawings\Non-visual properties\NonVisualPicturePropertiesExtension.cs","39","Property","nameof(DXD.NonVisualPicturePropertiesExtension.Uri)","UriString?","Uri","_Uri"
"D:\OneDrive\VS\Projects\DocxDocument\DocumentModel.InOpenXml\Drawings\Non-visual properties\ObjectProperties.cs","14","Property","nameof(DXO13D.ObjectProperties.Id)","string?","Id","_Id"
"D:\OneDrive\VS\Projects\DocxDocument\DocumentModel.InOpenXml\Drawings\Non-visual properties\ObjectProperties.cs","21","Property","nameof(DXO13D.ObjectProperties.IsActiveX)","bool?","IsActiveX","_IsActiveX"
"D:\OneDrive\VS\Projects\DocxDocument\DocumentModel.InOpenXml\Drawings\Non-visual properties\ObjectProperties.cs","28","Property","nameof(DXO13D.ObjectProperties.LinkType)","string?","LinkType","_LinkType"
"D:\OneDrive\VS\Projects\DocxDocument\DocumentModel.InOpenXml\Drawings\Non-visual properties\PictureLocks.cs","14","Property","nameof(DXD.PictureLocks.NoGrouping)","bool?","NoGrouping","_NoGrouping"
"D:\OneDrive\VS\Projects\DocxDocument\DocumentModel.InOpenXml\Drawings\Non-visual properties\PictureLocks.cs","21","Property","nameof(DXD.PictureLocks.NoSelection)","bool?","NoSelection","_NoSelection"
"D:\OneDrive\VS\Projects\DocxDocument\DocumentModel.InOpenXml\Drawings\Non-visual properties\PictureLocks.cs","28","Property","nameof(DXD.PictureLocks.NoRotation)","bool?","NoRotation","_NoRotation"
"D:\OneDrive\VS\Projects\DocxDocument\DocumentModel.InOpenXml\Drawings\Non-visual properties\PictureLocks.cs","35","Property","nameof(DXD.PictureLocks.NoChangeAspect)","bool?","NoChangeAspect","_NoChangeAspect"
"D:\OneDrive\VS\Projects\DocxDocument\DocumentModel.InOpenXml\Drawings\Non-visual properties\PictureLocks.cs","42","Property","nameof(DXD.PictureLocks.NoMove)","bool?","NoMove","_NoMove"
"D:\OneDrive\VS\Projects\DocxDocument\DocumentModel.InOpenXml\Drawings\Non-visual properties\PictureLocks.cs","49","Property","nameof(DXD.PictureLocks.NoResize)","bool?","NoResize","_NoResize"
"D:\OneDrive\VS\Projects\DocxDocument\DocumentModel.InOpenXml\Drawings\Non-visual properties\PictureLocks.cs","56","Property","nameof(DXD.PictureLocks.NoEditPoints)","bool?","NoEditPoints","_NoEditPoints"
"D:\OneDrive\VS\Projects\DocxDocument\DocumentModel.InOpenXml\Drawings\Non-visual properties\PictureLocks.cs","63","Property","nameof(DXD.PictureLocks.NoAdjustHandles)","bool?","NoAdjustHandles","_NoAdjustHandles"
"D:\OneDrive\VS\Projects\DocxDocument\DocumentModel.InOpenXml\Drawings\Non-visual properties\PictureLocks.cs","70","Property","nameof(DXD.PictureLocks.NoChangeArrowheads)","bool?","NoChangeArrowheads","_NoChangeArrowheads"
"D:\OneDrive\VS\Projects\DocxDocument\DocumentModel.InOpenXml\Drawings\Non-visual properties\PictureLocks.cs","77","Property","nameof(DXD.PictureLocks.NoChangeShapeType)","bool?","NoChangeShapeType","_NoChangeShapeType"
"D:\OneDrive\VS\Projects\DocxDocument\DocumentModel.InOpenXml\Drawings\Non-visual properties\PictureLocks.cs","84","Property","nameof(DXD.PictureLocks.NoCrop)","bool?","NoCrop","_NoCrop"
"D:\OneDrive\VS\Projects\DocxDocument\DocumentModel.InOpenXml\Drawings\Non-visual properties\PictureLocks.cs","91","Property","nameof(DXD.PictureLocks.ExtensionList)","ExtensionList?","ExtensionList","_ExtensionList"
"D:\OneDrive\VS\Projects\DocxDocument\DocumentModel.InOpenXml\Drawings\Non-visual properties\ScriptLink.cs","14","Property","nameof(DXOY21SL.ScriptLink.Val)","string?","Val","_Val"
"D:\OneDrive\VS\Projects\DocxDocument\DocumentModel.InOpenXml\Drawings\Non-visual properties\ScriptLink.cs","21","Property","nameof(DXOY21SL.ScriptLink.OfficeArtExtensionList)","OfficeArtExtensionList?","OfficeArtExtensionList","_OfficeArtExtensionList"
"D:\OneDrive\VS\Projects\DocxDocument\DocumentModel.InOpenXml\Drawings\Non-visual properties\SignatureLine.cs","14","Property","nameof(DXO13D.SignatureLine.IsSignatureLine)","bool?","IsSignatureLine","_IsSignatureLine"
"D:\OneDrive\VS\Projects\DocxDocument\DocumentModel.InOpenXml\Drawings\Non-visual properties\SignatureLine.cs","21","Property","nameof(DXO13D.SignatureLine.Id)","string?","Id","_Id"
"D:\OneDrive\VS\Projects\DocxDocument\DocumentModel.InOpenXml\Drawings\Non-visual properties\SignatureLine.cs","28","Property","nameof(DXO13D.SignatureLine.ProviderId)","string?","ProviderId","_ProviderId"
"D:\OneDrive\VS\Projects\DocxDocument\DocumentModel.InOpenXml\Drawings\Non-visual properties\SignatureLine.cs","35","Property","nameof(DXO13D.SignatureLine.SigningInstructionsSet)","bool?","SigningInstructionsSet","_SigningInstructionsSet"
"D:\OneDrive\VS\Projects\DocxDocument\DocumentModel.InOpenXml\Drawings\Non-visual properties\SignatureLine.cs","42","Property","nameof(DXO13D.SignatureLine.AllowComments)","bool?","AllowComments","_AllowComments"
"D:\OneDrive\VS\Projects\DocxDocument\DocumentModel.InOpenXml\Drawings\Non-visual properties\SignatureLine.cs","49","Property","nameof(DXO13D.SignatureLine.ShowSignDate)","bool?","ShowSignDate","_ShowSignDate"
"D:\OneDrive\VS\Projects\DocxDocument\DocumentModel.InOpenXml\Drawings\Non-visual properties\SignatureLine.cs","56","Property","nameof(DXO13D.SignatureLine.SuggestedSigner)","string?","SuggestedSigner","_SuggestedSigner"
"D:\OneDrive\VS\Projects\DocxDocument\DocumentModel.InOpenXml\Drawings\Non-visual properties\SignatureLine.cs","63","Property","nameof(DXO13D.SignatureLine.SuggestedSigner2)","string?","SuggestedSigner2","_SuggestedSigner2"
"D:\OneDrive\VS\Projects\DocxDocument\DocumentModel.InOpenXml\Drawings\Non-visual properties\SignatureLine.cs","70","Property","nameof(DXO13D.SignatureLine.SuggestedSignerEmail)","string?","SuggestedSignerEmail","_SuggestedSignerEmail"
"D:\OneDrive\VS\Projects\DocxDocument\DocumentModel.InOpenXml\Drawings\Non-visual properties\SignatureLine.cs","77","Property","nameof(DXO13D.SignatureLine.SigningInstructions)","string?","SigningInstructions","_SigningInstructions"
"D:\OneDrive\VS\Projects\DocxDocument\DocumentModel.InOpenXml\Drawings\Non-visual properties\SignatureLine.cs","84","Property","nameof(DXO13D.SignatureLine.AdditionalXml)","string?","AdditionalXml","_AdditionalXml"
"D:\OneDrive\VS\Projects\DocxDocument\DocumentModel.InOpenXml\Drawings\Non-visual properties\SignatureLine.cs","91","Property","nameof(DXO13D.SignatureLine.SignatureProviderUrl)","string?","SignatureProviderUrl","_SignatureProviderUrl"
"D:\OneDrive\VS\Projects\DocxDocument\DocumentModel.InOpenXml\Drawings\Shape properties\DefaultShapeDefinitionType.cs","14","Property","nameof(DXD.DefaultShapeDefinitionType.ShapeProperties)","ShapeProperties?","ShapeProperties","_ShapeProperties"
"D:\OneDrive\VS\Projects\DocxDocument\DocumentModel.InOpenXml\Drawings\Shape properties\DefaultShapeDefinitionType.cs","21","Property","nameof(DXD.DefaultShapeDefinitionType.BodyProperties)","BodyProperties?","BodyProperties","_BodyProperties"
"D:\OneDrive\VS\Projects\DocxDocument\DocumentModel.InOpenXml\Drawings\Shape properties\DefaultShapeDefinitionType.cs","28","Property","nameof(DXD.DefaultShapeDefinitionType.ListStyle)","ListStyle?","ListStyle","_ListStyle"
"D:\OneDrive\VS\Projects\DocxDocument\DocumentModel.InOpenXml\Drawings\Shape properties\DefaultShapeDefinitionType.cs","35","Property","nameof(DXD.DefaultShapeDefinitionType.ShapeStyle)","ShapeStyle?","ShapeStyle","_ShapeStyle"
"D:\OneDrive\VS\Projects\DocxDocument\DocumentModel.InOpenXml\Drawings\Shape properties\DefaultShapeDefinitionType.cs","42","Property","nameof(DXD.DefaultShapeDefinitionType.ExtensionList)","ExtensionList?","ExtensionList","_ExtensionList"
"D:\OneDrive\VS\Projects\DocxDocument\DocumentModel.InOpenXml\Drawings\Shape properties\Point2DType.cs","14","Property","nameof(DXD.Point2DType.X)","Int64?","X","_X"
"D:\OneDrive\VS\Projects\DocxDocument\DocumentModel.InOpenXml\Drawings\Shape properties\Point2DType.cs","21","Property","nameof(DXD.Point2DType.Y)","Int64?","Y","_Y"
"D:\OneDrive\VS\Projects\DocxDocument\DocumentModel.InOpenXml\Drawings\Shape properties\PositiveSize2DType.cs","14","Property","nameof(DXD.PositiveSize2DType.Cx)","Int64?","Cx","_Cx"
"D:\OneDrive\VS\Projects\DocxDocument\DocumentModel.InOpenXml\Drawings\Shape properties\PositiveSize2DType.cs","21","Property","nameof(DXD.PositiveSize2DType.Cy)","Int64?","Cy","_Cy"
"D:\OneDrive\VS\Projects\DocxDocument\DocumentModel.InOpenXml\Drawings\Shape properties\PresetGeometry.cs","14","Property","nameof(DXD.PresetGeometry.Preset)","BuiltInShapeType?","Preset","_Preset"
"D:\OneDrive\VS\Projects\DocxDocument\DocumentModel.InOpenXml\Drawings\Shape properties\PresetGeometry.cs","21","Property","nameof(DXD.PresetGeometry.AdjustValueList)","AdjustValueList?","AdjustValueList","_AdjustValueList"
"D:\OneDrive\VS\Projects\DocxDocument\DocumentModel.InOpenXml\Drawings\Shape properties\PresetShadow.cs","14","Property","nameof(DXD.PresetShadow.Preset)","PresetShadows?","Preset","_Preset"
"D:\OneDrive\VS\Projects\DocxDocument\DocumentModel.InOpenXml\Drawings\Shape properties\PresetShadow.cs","21","Property","nameof(DXD.PresetShadow.Distance)","Int64?","Distance","_Distance"
"D:\OneDrive\VS\Projects\DocxDocument\DocumentModel.InOpenXml\Drawings\Shape properties\PresetShadow.cs","28","Property","nameof(DXD.PresetShadow.Direction)","Int32?","Direction","_Direction"
"D:\OneDrive\VS\Projects\DocxDocument\DocumentModel.InOpenXml\Drawings\Shape properties\PresetShadow.cs","35","Property","nameof(DXD.PresetShadow.RgbColorModelPercentage)","ColorType?","Color","_Color"
"D:\OneDrive\VS\Projects\DocxDocument\DocumentModel.InOpenXml\Drawings\Shape properties\ShapeDefault.cs","14","Property","nameof(DXD.ShapeDefault.ShapeProperties)","ShapeProperties?","ShapeProperties","_ShapeProperties"
"D:\OneDrive\VS\Projects\DocxDocument\DocumentModel.InOpenXml\Drawings\Shape properties\ShapeDefault.cs","21","Property","nameof(DXD.ShapeDefault.BodyProperties)","BodyProperties?","BodyProperties","_BodyProperties"
"D:\OneDrive\VS\Projects\DocxDocument\DocumentModel.InOpenXml\Drawings\Shape properties\ShapeDefault.cs","28","Property","nameof(DXD.ShapeDefault.ListStyle)","ListStyle?","ListStyle","_ListStyle"
"D:\OneDrive\VS\Projects\DocxDocument\DocumentModel.InOpenXml\Drawings\Shape properties\ShapeDefault.cs","35","Property","nameof(DXD.ShapeDefault.ShapeStyle)","ShapeStyle?","ShapeStyle","_ShapeStyle"
"D:\OneDrive\VS\Projects\DocxDocument\DocumentModel.InOpenXml\Drawings\Shape properties\ShapeDefault.cs","42","Property","nameof(DXD.ShapeDefault.ExtensionList)","ExtensionList?","ExtensionList","_ExtensionList"
"D:\OneDrive\VS\Projects\DocxDocument\DocumentModel.InOpenXml\Drawings\Shape properties\ShapeGuide.cs","14","Property","nameof(DXD.ShapeGuide.Name)","string?","Name","_Name"
"D:\OneDrive\VS\Projects\DocxDocument\DocumentModel.InOpenXml\Drawings\Shape properties\ShapeGuide.cs","21","Property","nameof(DXD.ShapeGuide.Formula)","string?","Formula","_Formula"
"D:\OneDrive\VS\Projects\DocxDocument\DocumentModel.InOpenXml\Drawings\Shape properties\ShapeLocks.cs","14","Property","nameof(DXD.ShapeLocks.NoGrouping)","bool?","NoGrouping","_NoGrouping"
"D:\OneDrive\VS\Projects\DocxDocument\DocumentModel.InOpenXml\Drawings\Shape properties\ShapeLocks.cs","21","Property","nameof(DXD.ShapeLocks.NoSelection)","bool?","NoSelection","_NoSelection"
"D:\OneDrive\VS\Projects\DocxDocument\DocumentModel.InOpenXml\Drawings\Shape properties\ShapeLocks.cs","28","Property","nameof(DXD.ShapeLocks.NoRotation)","bool?","NoRotation","_NoRotation"
"D:\OneDrive\VS\Projects\DocxDocument\DocumentModel.InOpenXml\Drawings\Shape properties\ShapeLocks.cs","35","Property","nameof(DXD.ShapeLocks.NoChangeAspect)","bool?","NoChangeAspect","_NoChangeAspect"
"D:\OneDrive\VS\Projects\DocxDocument\DocumentModel.InOpenXml\Drawings\Shape properties\ShapeLocks.cs","42","Property","nameof(DXD.ShapeLocks.NoMove)","bool?","NoMove","_NoMove"
"D:\OneDrive\VS\Projects\DocxDocument\DocumentModel.InOpenXml\Drawings\Shape properties\ShapeLocks.cs","49","Property","nameof(DXD.ShapeLocks.NoResize)","bool?","NoResize","_NoResize"
"D:\OneDrive\VS\Projects\DocxDocument\DocumentModel.InOpenXml\Drawings\Shape properties\ShapeLocks.cs","56","Property","nameof(DXD.ShapeLocks.NoEditPoints)","bool?","NoEditPoints","_NoEditPoints"
"D:\OneDrive\VS\Projects\DocxDocument\DocumentModel.InOpenXml\Drawings\Shape properties\ShapeLocks.cs","63","Property","nameof(DXD.ShapeLocks.NoAdjustHandles)","bool?","NoAdjustHandles","_NoAdjustHandles"
"D:\OneDrive\VS\Projects\DocxDocument\DocumentModel.InOpenXml\Drawings\Shape properties\ShapeLocks.cs","70","Property","nameof(DXD.ShapeLocks.NoChangeArrowheads)","bool?","NoChangeArrowheads","_NoChangeArrowheads"
"D:\OneDrive\VS\Projects\DocxDocument\DocumentModel.InOpenXml\Drawings\Shape properties\ShapeLocks.cs","77","Property","nameof(DXD.ShapeLocks.NoChangeShapeType)","bool?","NoChangeShapeType","_NoChangeShapeType"
"D:\OneDrive\VS\Projects\DocxDocument\DocumentModel.InOpenXml\Drawings\Shape properties\ShapeLocks.cs","84","Property","nameof(DXD.ShapeLocks.NoTextEdit)","bool?","NoTextEdit","_NoTextEdit"
"D:\OneDrive\VS\Projects\DocxDocument\DocumentModel.InOpenXml\Drawings\Shape properties\ShapeLocks.cs","91","Property","nameof(DXD.ShapeLocks.ExtensionList)","ExtensionList?","ExtensionList","_ExtensionList"
"D:\OneDrive\VS\Projects\DocxDocument\DocumentModel.InOpenXml\Drawings\Shape properties\ShapeProperties.cs","14","Property","nameof(DXD.ShapeProperties.BlackWhiteMode)","BlackWhiteMode?","BlackWhiteMode","_BlackWhiteMode"
"D:\OneDrive\VS\Projects\DocxDocument\DocumentModel.InOpenXml\Drawings\Shape properties\ShapeProperties.cs","21","Property","nameof(DXD.ShapeProperties.Transform2D)","Transform2D?","Transform2D","_Transform2D"
"D:\OneDrive\VS\Projects\DocxDocument\DocumentModel.InOpenXml\Drawings\Shape properties\ShapePropertiesExtension.cs","50","Property","nameof(DXD.ShapePropertiesExtension.Uri)","UriString?","Uri","_Uri"
"D:\OneDrive\VS\Projects\DocxDocument\DocumentModel.InOpenXml\Drawings\Shape properties\ShapeStyle.cs","14","Property","nameof(DXD.ShapeStyle.LineReference)","LineReference?","LineReference","_LineReference"
"D:\OneDrive\VS\Projects\DocxDocument\DocumentModel.InOpenXml\Drawings\Shape properties\ShapeStyle.cs","21","Property","nameof(DXD.ShapeStyle.FillReference)","FillReference?","FillReference","_FillReference"
"D:\OneDrive\VS\Projects\DocxDocument\DocumentModel.InOpenXml\Drawings\Shape properties\ShapeStyle.cs","28","Property","nameof(DXD.ShapeStyle.EffectReference)","EffectReference?","EffectReference","_EffectReference"
"D:\OneDrive\VS\Projects\DocxDocument\DocumentModel.InOpenXml\Drawings\Shape properties\ShapeStyle.cs","35","Property","nameof(DXD.ShapeStyle.FontReference)","FontReference?","FontReference","_FontReference"
"D:\OneDrive\VS\Projects\DocxDocument\DocumentModel.InOpenXml\Drawings\Shape properties\Transform2D.cs","13","Property","nameof(DXD.Transform2D.Rotation)","Int32?","Rotation","_Rotation"
"D:\OneDrive\VS\Projects\DocxDocument\DocumentModel.InOpenXml\Drawings\Shape properties\Transform2D.cs","20","Property","nameof(DXD.Transform2D.HorizontalFlip)","bool?","HorizontalFlip","_HorizontalFlip"
"D:\OneDrive\VS\Projects\DocxDocument\DocumentModel.InOpenXml\Drawings\Shape properties\Transform2D.cs","27","Property","nameof(DXD.Transform2D.VerticalFlip)","bool?","VerticalFlip","_VerticalFlip"
"D:\OneDrive\VS\Projects\DocxDocument\DocumentModel.InOpenXml\Drawings\Shape properties\Transform2D.cs","34","Property","nameof(DXD.Transform2D.Offset)","Point2DType?","Offset","_Offset"
"D:\OneDrive\VS\Projects\DocxDocument\DocumentModel.InOpenXml\Drawings\Shape properties\Transform2D.cs","41","Property","nameof(DXD.Transform2D.Extents)","PositiveSize2DType?","Extents","_Extents"
"D:\OneDrive\VS\Projects\DocxDocument\DocumentModel.InOpenXml\Drawings\Shape properties\TransformGroup.cs","14","Property","nameof(DXD.TransformGroup.Rotation)","Int32?","Rotation","_Rotation"
"D:\OneDrive\VS\Projects\DocxDocument\DocumentModel.InOpenXml\Drawings\Shape properties\TransformGroup.cs","21","Property","nameof(DXD.TransformGroup.HorizontalFlip)","bool?","HorizontalFlip","_HorizontalFlip"
"D:\OneDrive\VS\Projects\DocxDocument\DocumentModel.InOpenXml\Drawings\Shape properties\TransformGroup.cs","28","Property","nameof(DXD.TransformGroup.VerticalFlip)","bool?","VerticalFlip","_VerticalFlip"
"D:\OneDrive\VS\Projects\DocxDocument\DocumentModel.InOpenXml\Drawings\Shape properties\TransformGroup.cs","35","Property","nameof(DXD.TransformGroup.Offset)","Point2DType?","Offset","_Offset"
"D:\OneDrive\VS\Projects\DocxDocument\DocumentModel.InOpenXml\Drawings\Shape properties\TransformGroup.cs","42","Property","nameof(DXD.TransformGroup.Extents)","PositiveSize2DType?","Extents","_Extents"
"D:\OneDrive\VS\Projects\DocxDocument\DocumentModel.InOpenXml\Drawings\Shape properties\TransformGroup.cs","49","Property","nameof(DXD.TransformGroup.ChildOffset)","Point2DType?","ChildOffset","_ChildOffset"
"D:\OneDrive\VS\Projects\DocxDocument\DocumentModel.InOpenXml\Drawings\Shape properties\TransformGroup.cs","56","Property","nameof(DXD.TransformGroup.ChildExtents)","PositiveSize2DType?","ChildExtents","_ChildExtents"
"D:\OneDrive\VS\Projects\DocxDocument\DocumentModel.InOpenXml\Drawings\Text elements and properties\DefaultRunProperties.cs","14","Property","nameof(DXD.DefaultRunProperties.Outline)","LineProperties?","Outline","_Outline"
"D:\OneDrive\VS\Projects\DocxDocument\DocumentModel.InOpenXml\Drawings\Text elements and properties\DefaultRunProperties.cs","51","Property","nameof(DXD.DefaultRunProperties.Underline)","LineProperties?","Underline","_Underline"
"D:\OneDrive\VS\Projects\DocxDocument\DocumentModel.InOpenXml\Drawings\Text elements and properties\EndParagraphRunProperties.cs","16","Property","nameof(DXD.EndParagraphRunProperties.Outline)","LineProperties?","Outline","_Outline"
"D:\OneDrive\VS\Projects\DocxDocument\DocumentModel.InOpenXml\Drawings\Text elements and properties\EndParagraphRunProperties.cs","53","Property","nameof(DXD.EndParagraphRunProperties.Underline)","LineProperties?","Underline","_Underline"
"D:\OneDrive\VS\Projects\DocxDocument\DocumentModel.InOpenXml\Drawings\Text elements and properties\Field.cs","18","Property","nameof(DXD.Field.Id)","string?","Id","_Id"
"D:\OneDrive\VS\Projects\DocxDocument\DocumentModel.InOpenXml\Drawings\Text elements and properties\Field.cs","25","Property","nameof(DXD.Field.Type)","string?","Type","_Type"
"D:\OneDrive\VS\Projects\DocxDocument\DocumentModel.InOpenXml\Drawings\Text elements and properties\Field.cs","32","Property","nameof(DXD.Field.RunProperties)","RunProperties?","RunProperties","_RunProperties"
"D:\OneDrive\VS\Projects\DocxDocument\DocumentModel.InOpenXml\Drawings\Text elements and properties\Field.cs","39","Property","nameof(DXD.Field.ParagraphProperties)","ParagraphProperties?","ParagraphProperties","_ParagraphProperties"
"D:\OneDrive\VS\Projects\DocxDocument\DocumentModel.InOpenXml\Drawings\Text elements and properties\Field.cs","46","Property","nameof(DXD.Field.Text)","string?","Text","_Text"
"D:\OneDrive\VS\Projects\DocxDocument\DocumentModel.InOpenXml\Drawings\Text elements and properties\FontCollectionType.cs","13","Property","nameof(DXD.FontCollectionType.LatinFont)","TextFontType?","LatinFont","_LatinFont"
"D:\OneDrive\VS\Projects\DocxDocument\DocumentModel.InOpenXml\Drawings\Text elements and properties\FontCollectionType.cs","20","Property","nameof(DXD.FontCollectionType.EastAsianFont)","TextFontType?","EastAsianFont","_EastAsianFont"
"D:\OneDrive\VS\Projects\DocxDocument\DocumentModel.InOpenXml\Drawings\Text elements and properties\FontCollectionType.cs","27","Property","nameof(DXD.FontCollectionType.ComplexScriptFont)","TextFontType?","ComplexScriptFont","_ComplexScriptFont"
"D:\OneDrive\VS\Projects\DocxDocument\DocumentModel.InOpenXml\Drawings\Text elements and properties\FontReference.cs","14","Property","nameof(DXD.FontReference.Index)","FontCollectionIndex?","Index","_Index"
"D:\OneDrive\VS\Projects\DocxDocument\DocumentModel.InOpenXml\Drawings\Text elements and properties\FontReference.cs","21","Property","nameof(DXD.FontReference.RgbColorModelPercentage)","ColorType?","Color","_Color"
"D:\OneDrive\VS\Projects\DocxDocument\DocumentModel.InOpenXml\Drawings\Text elements and properties\FontScheme.cs","23","Property","nameof(DXD.FontScheme.MajorFont)","MajorFont?","MajorFont","_MajorFont"
"D:\OneDrive\VS\Projects\DocxDocument\DocumentModel.InOpenXml\Drawings\Text elements and properties\FontScheme.cs","30","Property","nameof(DXD.FontScheme.MinorFont)","MinorFont?","MinorFont","_MinorFont"
"D:\OneDrive\VS\Projects\DocxDocument\DocumentModel.InOpenXml\Drawings\Text elements and properties\FontScheme.cs","37","Property","nameof(DXD.FontScheme.ExtensionList)","ExtensionList?","ExtensionList","_ExtensionList"
"D:\OneDrive\VS\Projects\DocxDocument\DocumentModel.InOpenXml\Drawings\Text elements and properties\NormalAutoFit.cs","14","Property","nameof(DXD.NormalAutoFit.FontScale)","Int32?","FontScale","_FontScale"
"D:\OneDrive\VS\Projects\DocxDocument\DocumentModel.InOpenXml\Drawings\Text elements and properties\NormalAutoFit.cs","21","Property","nameof(DXD.NormalAutoFit.LineSpaceReduction)","Int32?","LineSpaceReduction","_LineSpaceReduction"
"D:\OneDrive\VS\Projects\DocxDocument\DocumentModel.InOpenXml\Drawings\Text elements and properties\Paragraph.cs","14","Property","nameof(DXD.Paragraph.ParagraphProperties)","ParagraphProperties?","ParagraphProperties","_ParagraphProperties"
"D:\OneDrive\VS\Projects\DocxDocument\DocumentModel.InOpenXml\Drawings\Text elements and properties\ParagraphProperties.cs","14","Property","nameof(DXD.ParagraphProperties.LeftMargin)","Int32?","LeftMargin","_LeftMargin"
"D:\OneDrive\VS\Projects\DocxDocument\DocumentModel.InOpenXml\Drawings\Text elements and properties\ParagraphProperties.cs","21","Property","nameof(DXD.ParagraphProperties.RightMargin)","Int32?","RightMargin","_RightMargin"
"D:\OneDrive\VS\Projects\DocxDocument\DocumentModel.InOpenXml\Drawings\Text elements and properties\ParagraphProperties.cs","28","Property","nameof(DXD.ParagraphProperties.Level)","Int32?","Level","_Level"
"D:\OneDrive\VS\Projects\DocxDocument\DocumentModel.InOpenXml\Drawings\Text elements and properties\ParagraphProperties.cs","35","Property","nameof(DXD.ParagraphProperties.Indent)","Int32?","Indent","_Indent"
"D:\OneDrive\VS\Projects\DocxDocument\DocumentModel.InOpenXml\Drawings\Text elements and properties\ParagraphProperties.cs","42","Property","nameof(DXD.ParagraphProperties.Alignment)","TextAlignment?","Alignment","_Alignment"
"D:\OneDrive\VS\Projects\DocxDocument\DocumentModel.InOpenXml\Drawings\Text elements and properties\ParagraphProperties.cs","49","Property","nameof(DXD.ParagraphProperties.DefaultTabSize)","Int32?","DefaultTabSize","_DefaultTabSize"
"D:\OneDrive\VS\Projects\DocxDocument\DocumentModel.InOpenXml\Drawings\Text elements and properties\ParagraphProperties.cs","56","Property","nameof(DXD.ParagraphProperties.RightToLeft)","bool?","RightToLeft","_RightToLeft"
"D:\OneDrive\VS\Projects\DocxDocument\DocumentModel.InOpenXml\Drawings\Text elements and properties\ParagraphProperties.cs","63","Property","nameof(DXD.ParagraphProperties.EastAsianLineBreak)","bool?","EastAsianLineBreak","_EastAsianLineBreak"
"D:\OneDrive\VS\Projects\DocxDocument\DocumentModel.InOpenXml\Drawings\Text elements and properties\ParagraphProperties.cs","70","Property","nameof(DXD.ParagraphProperties.FontAlignment)","TextFontAlignment?","FontAlignment","_FontAlignment"
"D:\OneDrive\VS\Projects\DocxDocument\DocumentModel.InOpenXml\Drawings\Text elements and properties\ParagraphProperties.cs","77","Property","nameof(DXD.ParagraphProperties.LatinLineBreak)","bool?","LatinLineBreak","_LatinLineBreak"
"D:\OneDrive\VS\Projects\DocxDocument\DocumentModel.InOpenXml\Drawings\Text elements and properties\ParagraphProperties.cs","84","Property","nameof(DXD.ParagraphProperties.Height)","bool?","Height","_Height"
"D:\OneDrive\VS\Projects\DocxDocument\DocumentModel.InOpenXml\Drawings\Text elements and properties\ParagraphProperties.cs","91","Property","nameof(DXD.ParagraphProperties.LineSpacing)","LineSpacing?","LineSpacing","_LineSpacing"
"D:\OneDrive\VS\Projects\DocxDocument\DocumentModel.InOpenXml\Drawings\Text elements and properties\ParagraphProperties.cs","98","Property","nameof(DXD.ParagraphProperties.SpaceBefore)","SpaceBefore?","SpaceBefore","_SpaceBefore"
"D:\OneDrive\VS\Projects\DocxDocument\DocumentModel.InOpenXml\Drawings\Text elements and properties\ParagraphProperties.cs","105","Property","nameof(DXD.ParagraphProperties.SpaceAfter)","SpaceAfter?","SpaceAfter","_SpaceAfter"
"D:\OneDrive\VS\Projects\DocxDocument\DocumentModel.InOpenXml\Drawings\Text elements and properties\ParagraphProperties.cs","112","Element","typeof(DXD.AutoNumberedBullet)","Boolean?","AutoNumberedBullet","_AutoNumberedBullet"
"D:\OneDrive\VS\Projects\DocxDocument\DocumentModel.InOpenXml\Drawings\Text elements and properties\ParagraphProperties.cs","119","Element","typeof(DXD.BulletColor)","ColorType?","BulletColor","_BulletColor"
"D:\OneDrive\VS\Projects\DocxDocument\DocumentModel.InOpenXml\Drawings\Text elements and properties\ParagraphProperties.cs","126","Element","typeof(DXD.BulletColorText)","Boolean?","BulletColorText","_BulletColorText"
"D:\OneDrive\VS\Projects\DocxDocument\DocumentModel.InOpenXml\Drawings\Text elements and properties\ParagraphProperties.cs","133","Element","typeof(DXD.BulletFont)","string?","BulletFont","_BulletFont"
"D:\OneDrive\VS\Projects\DocxDocument\DocumentModel.InOpenXml\Drawings\Text elements and properties\ParagraphProperties.cs","140","Element","typeof(DXD.BulletFontText)","Boolean?","BulletFontText","_BulletFontText"
"D:\OneDrive\VS\Projects\DocxDocument\DocumentModel.InOpenXml\Drawings\Text elements and properties\ParagraphProperties.cs","147","Element","typeof(DXD.BulletSizePercentage)","Percentage?","BulletSizePercentage","_BulletSizePercentage"
"D:\OneDrive\VS\Projects\DocxDocument\DocumentModel.InOpenXml\Drawings\Text elements and properties\ParagraphProperties.cs","154","Element","typeof(DXD.BulletSizePoints)","CPS?","BulletSizePoints","_BulletSizePoints"
"D:\OneDrive\VS\Projects\DocxDocument\DocumentModel.InOpenXml\Drawings\Text elements and properties\Run.cs","14","Property","nameof(DXD.Run.RunProperties)","RunProperties?","RunProperties","_RunProperties"
"D:\OneDrive\VS\Projects\DocxDocument\DocumentModel.InOpenXml\Drawings\Text elements and properties\Run.cs","21","Property","nameof(DXD.Run.Text)","string?","Text","_Text"
"D:\OneDrive\VS\Projects\DocxDocument\DocumentModel.InOpenXml\Drawings\Text elements and properties\RunProperties.cs","14","Property","nameof(DXD.RunProperties.Outline)","LineProperties?","Outline","_Outline"
"D:\OneDrive\VS\Projects\DocxDocument\DocumentModel.InOpenXml\Drawings\Text elements and properties\RunProperties.cs","51","Property","nameof(DXD.RunProperties.Underline)","LineProperties?","Underline","_Underline"
"D:\OneDrive\VS\Projects\DocxDocument\DocumentModel.InOpenXml\Drawings\Text elements and properties\TabStop.cs","14","Property","nameof(DXD.TabStop.Position)","EMU?","Position","_Position"
"D:\OneDrive\VS\Projects\DocxDocument\DocumentModel.InOpenXml\Drawings\Text elements and properties\TabStop.cs","21","Property","nameof(DXD.TabStop.Alignment)","TextTabAlignment?","Alignment","_Alignment"
"D:\OneDrive\VS\Projects\DocxDocument\DocumentModel.InOpenXml\Drawings\Text elements and properties\TextCharacterPropertiesType.cs","26","Property","nameof(DXD.TextCharacterPropertiesType.Kumimoji)","bool?","Kumimoji","_Kumimoji"
"D:\OneDrive\VS\Projects\DocxDocument\DocumentModel.InOpenXml\Drawings\Text elements and properties\TextCharacterPropertiesType.cs","33","Property","nameof(DXD.TextCharacterPropertiesType.Language)","string?","Language","_Language"
"D:\OneDrive\VS\Projects\DocxDocument\DocumentModel.InOpenXml\Drawings\Text elements and properties\TextCharacterPropertiesType.cs","40","Property","nameof(DXD.TextCharacterPropertiesType.AlternativeLanguage)","string?","AlternativeLanguage","_AlternativeLanguage"
"D:\OneDrive\VS\Projects\DocxDocument\DocumentModel.InOpenXml\Drawings\Text elements and properties\TextCharacterPropertiesType.cs","47","Property","nameof(DXD.TextCharacterPropertiesType.FontSize)","Int32?","FontSize","_FontSize"
"D:\OneDrive\VS\Projects\DocxDocument\DocumentModel.InOpenXml\Drawings\Text elements and properties\TextCharacterPropertiesType.cs","54","Property","nameof(DXD.TextCharacterPropertiesType.Bold)","bool?","Bold","_Bold"
"D:\OneDrive\VS\Projects\DocxDocument\DocumentModel.InOpenXml\Drawings\Text elements and properties\TextCharacterPropertiesType.cs","61","Property","nameof(DXD.TextCharacterPropertiesType.Italic)","bool?","Italic","_Italic"
"D:\OneDrive\VS\Projects\DocxDocument\DocumentModel.InOpenXml\Drawings\Text elements and properties\TextCharacterPropertiesType.cs","68","Property","nameof(DXD.TextCharacterPropertiesType.Underline)","TextUnderline?","Underline","_Underline"
"D:\OneDrive\VS\Projects\DocxDocument\DocumentModel.InOpenXml\Drawings\Text elements and properties\TextCharacterPropertiesType.cs","75","Property","nameof(DXD.TextCharacterPropertiesType.Strike)","TextStrike?","Strike","_Strike"
"D:\OneDrive\VS\Projects\DocxDocument\DocumentModel.InOpenXml\Drawings\Text elements and properties\TextCharacterPropertiesType.cs","82","Property","nameof(DXD.TextCharacterPropertiesType.Kerning)","Int32?","Kerning","_Kerning"
"D:\OneDrive\VS\Projects\DocxDocument\DocumentModel.InOpenXml\Drawings\Text elements and properties\TextCharacterPropertiesType.cs","89","Property","nameof(DXD.TextCharacterPropertiesType.Capital)","TextCaps?","Capital","_Capital"
"D:\OneDrive\VS\Projects\DocxDocument\DocumentModel.InOpenXml\Drawings\Text elements and properties\TextCharacterPropertiesType.cs","96","Property","nameof(DXD.TextCharacterPropertiesType.Spacing)","Int32?","Spacing","_Spacing"
"D:\OneDrive\VS\Projects\DocxDocument\DocumentModel.InOpenXml\Drawings\Text elements and properties\TextCharacterPropertiesType.cs","103","Property","nameof(DXD.TextCharacterPropertiesType.NormalizeHeight)","bool?","NormalizeHeight","_NormalizeHeight"
"D:\OneDrive\VS\Projects\DocxDocument\DocumentModel.InOpenXml\Drawings\Text elements and properties\TextCharacterPropertiesType.cs","110","Property","nameof(DXD.TextCharacterPropertiesType.Baseline)","Int32?","Baseline","_Baseline"
"D:\OneDrive\VS\Projects\DocxDocument\DocumentModel.InOpenXml\Drawings\Text elements and properties\TextCharacterPropertiesType.cs","117","Property","nameof(DXD.TextCharacterPropertiesType.NoProof)","bool?","NoProof","_NoProof"
"D:\OneDrive\VS\Projects\DocxDocument\DocumentModel.InOpenXml\Drawings\Text elements and properties\TextCharacterPropertiesType.cs","124","Property","nameof(DXD.TextCharacterPropertiesType.Dirty)","bool?","Dirty","_Dirty"
"D:\OneDrive\VS\Projects\DocxDocument\DocumentModel.InOpenXml\Drawings\Text elements and properties\TextCharacterPropertiesType.cs","131","Property","nameof(DXD.TextCharacterPropertiesType.SpellingError)","bool?","SpellingError","_SpellingError"
"D:\OneDrive\VS\Projects\DocxDocument\DocumentModel.InOpenXml\Drawings\Text elements and properties\TextCharacterPropertiesType.cs","138","Property","nameof(DXD.TextCharacterPropertiesType.SmartTagClean)","bool?","SmartTagClean","_SmartTagClean"
"D:\OneDrive\VS\Projects\DocxDocument\DocumentModel.InOpenXml\Drawings\Text elements and properties\TextCharacterPropertiesType.cs","145","Property","nameof(DXD.TextCharacterPropertiesType.SmartTagId)","UInt32?","SmartTagId","_SmartTagId"
"D:\OneDrive\VS\Projects\DocxDocument\DocumentModel.InOpenXml\Drawings\Text elements and properties\TextCharacterPropertiesType.cs","152","Property","nameof(DXD.TextCharacterPropertiesType.Bookmark)","string?","Bookmark","_Bookmark"
"D:\OneDrive\VS\Projects\DocxDocument\DocumentModel.InOpenXml\Drawings\Text elements and properties\TextCharacterPropertiesType.cs","159","Property","nameof(DXD.TextCharacterPropertiesType.Outline)","LineProperties?","Outline","_Outline"
"D:\OneDrive\VS\Projects\DocxDocument\DocumentModel.InOpenXml\Drawings\Text elements and properties\TextDefault.cs","14","Property","nameof(DXD.TextDefault.ShapeProperties)","ShapeProperties?","ShapeProperties","_ShapeProperties"
"D:\OneDrive\VS\Projects\DocxDocument\DocumentModel.InOpenXml\Drawings\Text elements and properties\TextDefault.cs","21","Property","nameof(DXD.TextDefault.BodyProperties)","BodyProperties?","BodyProperties","_BodyProperties"
"D:\OneDrive\VS\Projects\DocxDocument\DocumentModel.InOpenXml\Drawings\Text elements and properties\TextDefault.cs","28","Property","nameof(DXD.TextDefault.ListStyle)","ListStyle?","ListStyle","_ListStyle"
"D:\OneDrive\VS\Projects\DocxDocument\DocumentModel.InOpenXml\Drawings\Text elements and properties\TextDefault.cs","35","Property","nameof(DXD.TextDefault.ShapeStyle)","ShapeStyle?","ShapeStyle","_ShapeStyle"
"D:\OneDrive\VS\Projects\DocxDocument\DocumentModel.InOpenXml\Drawings\Text elements and properties\TextDefault.cs","42","Property","nameof(DXD.TextDefault.ExtensionList)","ExtensionList?","ExtensionList","_ExtensionList"
"D:\OneDrive\VS\Projects\DocxDocument\DocumentModel.InOpenXml\Drawings\Text elements and properties\TextFontType.cs","22","Property","nameof(DXD.TextFontType.Panose)","HexBinary?","Panose","_Panose"
"D:\OneDrive\VS\Projects\DocxDocument\DocumentModel.InOpenXml\Drawings\Text elements and properties\TextFontType.cs","29","Property","nameof(DXD.TextFontType.PitchFamily)","HexByte?","Pitch","_pitch"
"D:\OneDrive\VS\Projects\DocxDocument\DocumentModel.InOpenXml\Drawings\Text elements and properties\TextFontType.cs","36","Property","nameof(DXD.TextFontType.CharacterSet)","HexByte?","Charset","_charset"
"D:\OneDrive\VS\Projects\DocxDocument\DocumentModel.InOpenXml\Drawings\Themes\ColorScheme.cs","220","Property","nameof(DXD.ColorScheme.ExtensionList)","OfficeArtExtensionList?","OfficeArtExtensionList","_OfficeArtExtensionList"
"D:\OneDrive\VS\Projects\DocxDocument\DocumentModel.InOpenXml\Drawings\Themes\ExtraColorScheme.cs","14","Property","nameof(DXD.ExtraColorScheme.ColorScheme)","ColorScheme?","ColorScheme","_ColorScheme"
"D:\OneDrive\VS\Projects\DocxDocument\DocumentModel.InOpenXml\Drawings\Themes\ExtraColorScheme.cs","21","Property","nameof(DXD.ExtraColorScheme.ColorMap)","ColorMap?","ColorMap","_ColorMap"
"D:\OneDrive\VS\Projects\DocxDocument\DocumentModel.InOpenXml\Drawings\Themes\FormatScheme.cs","14","Property","nameof(DXD.FormatScheme.Name)","string?","Name","_Name"
"D:\OneDrive\VS\Projects\DocxDocument\DocumentModel.InOpenXml\Drawings\Themes\FormatScheme.cs","21","Property","nameof(DXD.FormatScheme.FillStyleList)","FillStyleList?","FillStyleList","_FillStyleList"
"D:\OneDrive\VS\Projects\DocxDocument\DocumentModel.InOpenXml\Drawings\Themes\FormatScheme.cs","28","Property","nameof(DXD.FormatScheme.LineStyleList)","LineStyleList?","LineStyleList","_LineStyleList"
"D:\OneDrive\VS\Projects\DocxDocument\DocumentModel.InOpenXml\Drawings\Themes\FormatScheme.cs","35","Property","nameof(DXD.FormatScheme.EffectStyleList)","EffectStyleList?","EffectStyleList","_EffectStyleList"
"D:\OneDrive\VS\Projects\DocxDocument\DocumentModel.InOpenXml\Drawings\Themes\FormatScheme.cs","42","Property","nameof(DXD.FormatScheme.BackgroundFillStyleList)","FillStyleList?","BackgroundFillStyleList","_BackgroundFillStyleList"
"D:\OneDrive\VS\Projects\DocxDocument\DocumentModel.InOpenXml\Drawings\Themes\ObjectDefaults.cs","14","Property","nameof(DXD.ObjectDefaults.ShapeDefault)","ShapeDefault?","ShapeDefault","_ShapeDefault"
"D:\OneDrive\VS\Projects\DocxDocument\DocumentModel.InOpenXml\Drawings\Themes\ObjectDefaults.cs","21","Property","nameof(DXD.ObjectDefaults.LineDefault)","LineDefault?","LineDefault","_LineDefault"
"D:\OneDrive\VS\Projects\DocxDocument\DocumentModel.InOpenXml\Drawings\Themes\ObjectDefaults.cs","28","Property","nameof(DXD.ObjectDefaults.TextDefault)","TextDefault?","TextDefault","_TextDefault"
"D:\OneDrive\VS\Projects\DocxDocument\DocumentModel.InOpenXml\Drawings\Themes\ObjectDefaults.cs","35","Property","nameof(DXD.ObjectDefaults.ExtensionList)","ExtensionList?","ExtensionList","_ExtensionList"
"D:\OneDrive\VS\Projects\DocxDocument\DocumentModel.InOpenXml\Drawings\Themes\OfficeStyleSheetExtension.cs","21","Property","nameof(DXD.OfficeStyleSheetExtension.Uri)","UriString?","Uri","_Uri"
"D:\OneDrive\VS\Projects\DocxDocument\DocumentModel.InOpenXml\Drawings\Themes\Theme.cs","70","Property","nameof(DXD.Theme.ThemeElements)","ThemeElements?","ThemeElements","_ThemeElements"
"D:\OneDrive\VS\Projects\DocxDocument\DocumentModel.InOpenXml\Drawings\Themes\Theme.cs","81","Property","nameof(DXD.Theme.ObjectDefaults)","ObjectDefaults?","ObjectDefaults","_ObjectDefaults"
"D:\OneDrive\VS\Projects\DocxDocument\DocumentModel.InOpenXml\Drawings\Themes\Theme.cs","92","Property","nameof(DXD.Theme.ExtraColorSchemeList)","ExtraColorSchemeList?","ExtraColorSchemeList","_ExtraColorSchemeList"
"D:\OneDrive\VS\Projects\DocxDocument\DocumentModel.InOpenXml\Drawings\Themes\Theme.cs","103","Property","nameof(DXD.Theme.CustomColorList)","CustomColorList?","CustomColorList","_CustomColorList"
"D:\OneDrive\VS\Projects\DocxDocument\DocumentModel.InOpenXml\Drawings\Themes\Theme.cs","114","Property","nameof(DXD.Theme.OfficeStyleSheetExtensionList)","OfficeStyleSheetExtensionList?","OfficeStyleSheetExtensionList","_OfficeStyleSheetExtensionList"
"D:\OneDrive\VS\Projects\DocxDocument\DocumentModel.InOpenXml\Drawings\Themes\ThemeElements.cs","25","Property","nameof(DXD.ThemeElements.ColorScheme)","ColorScheme?","ColorScheme","_ColorScheme"
"D:\OneDrive\VS\Projects\DocxDocument\DocumentModel.InOpenXml\Drawings\Themes\ThemeElements.cs","32","Property","nameof(DXD.ThemeElements.FontScheme)","FontScheme?","FontScheme","_FontScheme"
"D:\OneDrive\VS\Projects\DocxDocument\DocumentModel.InOpenXml\Drawings\Themes\ThemeElements.cs","39","Property","nameof(DXD.ThemeElements.FormatScheme)","FormatScheme?","FormatScheme","_FormatScheme"
"D:\OneDrive\VS\Projects\DocxDocument\DocumentModel.InOpenXml\Drawings\Themes\ThemeElements.cs","46","Property","nameof(DXD.ThemeElements.ExtensionList)","ExtensionList?","ExtensionList","_ExtensionList"
"D:\OneDrive\VS\Projects\DocxDocument\DocumentModel.InOpenXml\Drawings\Themes\ThemeFamily.cs","23","Property","nameof(DXO13T.ThemeFamily.Name)","string?","Name","_Name"
"D:\OneDrive\VS\Projects\DocxDocument\DocumentModel.InOpenXml\Drawings\Themes\ThemeFamily.cs","30","Property","nameof(DXO13T.ThemeFamily.Id)","string?","Id","_Id"
"D:\OneDrive\VS\Projects\DocxDocument\DocumentModel.InOpenXml\Drawings\Themes\ThemeFamily.cs","37","Property","nameof(DXO13T.ThemeFamily.Vid)","string?","Vid","_Vid"
"D:\OneDrive\VS\Projects\DocxDocument\DocumentModel.InOpenXml\Drawings\Themes\ThemeFamily.cs","44","Property","nameof(DXO13T.ThemeFamily.OfficeArtExtensionList)","OfficeArtExtensionList?","OfficeArtExtensionList","_OfficeArtExtensionList"
"D:\OneDrive\VS\Projects\DocxDocument\DocumentModel.InOpenXml\Drawings\Themes\ThemeOverride.cs","14","Property","nameof(DXD.ThemeOverride.ColorScheme)","ColorScheme?","ColorScheme","_ColorScheme"
"D:\OneDrive\VS\Projects\DocxDocument\DocumentModel.InOpenXml\Drawings\Themes\ThemeOverride.cs","21","Property","nameof(DXD.ThemeOverride.FontScheme)","FontScheme?","FontScheme","_FontScheme"
"D:\OneDrive\VS\Projects\DocxDocument\DocumentModel.InOpenXml\Drawings\Themes\ThemeOverride.cs","28","Property","nameof(DXD.ThemeOverride.FormatScheme)","FormatScheme?","FormatScheme","_FormatScheme"
"D:\OneDrive\VS\Projects\DocxDocument\DocumentModel.InOpenXml\Drawings\Wordprocessing\FillToRectangle.cs","15","Property","nameof(DXD.FillToRectangle.Left)","Int32?","Left","_Left"
"D:\OneDrive\VS\Projects\DocxDocument\DocumentModel.InOpenXml\Drawings\Wordprocessing\FillToRectangle.cs","22","Property","nameof(DXD.FillToRectangle.Top)","Int32?","Top","_Top"
"D:\OneDrive\VS\Projects\DocxDocument\DocumentModel.InOpenXml\Drawings\Wordprocessing\FillToRectangle.cs","29","Property","nameof(DXD.FillToRectangle.Right)","Int32?","Right","_Right"
"D:\OneDrive\VS\Projects\DocxDocument\DocumentModel.InOpenXml\Drawings\Wordprocessing\FillToRectangle.cs","36","Property","nameof(DXD.FillToRectangle.Bottom)","Int32?","Bottom","_Bottom"
"D:\OneDrive\VS\Projects\DocxDocument\DocumentModel.InOpenXml\Drawings\Wordprocessing\GradientFillProperties.cs","15","Property","nameof(DXO10W.GradientFillProperties.GradientStopList)","GradientStopList?","GradientStopList","_GradientStopList"
"D:\OneDrive\VS\Projects\DocxDocument\DocumentModel.InOpenXml\Drawings\Wordprocessing\PathShadeProperties.cs","15","Property","nameof(DXO10W.PathShadeProperties.Path)","PathShade?","Path","_Path"
"D:\OneDrive\VS\Projects\DocxDocument\DocumentModel.InOpenXml\Drawings\Wordprocessing\PathShadeProperties.cs","22","Property","nameof(DXO10W.PathShadeProperties.FillToRectangle)","FillToRectangle?","FillToRectangle","_FillToRectangle"
"D:\OneDrive\VS\Projects\DocxDocument\DocumentModel.InOpenXml\Drawings.ChartDrawing\Anchoring\AbsoluteAnchorSize.cs","14","Element","typeof(DXDCD.FromAnchor)","FromAnchor?","FromAnchor","_FromAnchor"
"D:\OneDrive\VS\Projects\DocxDocument\DocumentModel.InOpenXml\Drawings.ChartDrawing\Anchoring\AbsoluteAnchorSize.cs","21","Element","typeof(DXDCD.Extent)","Extent?","Extent","_Extent"
"D:\OneDrive\VS\Projects\DocxDocument\DocumentModel.InOpenXml\Drawings.ChartDrawing\Anchoring\AbsoluteAnchorSize.cs","28","Element","typeof(DXDCD.Shape)","Shape?","Shape","_Shape"
"D:\OneDrive\VS\Projects\DocxDocument\DocumentModel.InOpenXml\Drawings.ChartDrawing\Anchoring\AbsoluteAnchorSize.cs","35","Element","typeof(DXDCD.GroupShape)","GroupShape?","GroupShape","_GroupShape"
"D:\OneDrive\VS\Projects\DocxDocument\DocumentModel.InOpenXml\Drawings.ChartDrawing\Anchoring\AbsoluteAnchorSize.cs","42","Element","typeof(DXDCD.GraphicFrame)","GraphicFrame?","GraphicFrame","_GraphicFrame"
"D:\OneDrive\VS\Projects\DocxDocument\DocumentModel.InOpenXml\Drawings.ChartDrawing\Anchoring\AbsoluteAnchorSize.cs","49","Element","typeof(DXDCD.ConnectionShape)","ConnectionShape?","ConnectionShape","_ConnectionShape"
"D:\OneDrive\VS\Projects\DocxDocument\DocumentModel.InOpenXml\Drawings.ChartDrawing\Anchoring\AbsoluteAnchorSize.cs","56","Element","typeof(DXDCD.Picture)","Picture?","Picture","_Picture"
"D:\OneDrive\VS\Projects\DocxDocument\DocumentModel.InOpenXml\Drawings.ChartDrawing\Anchoring\MarkerType.cs","14","Element","typeof(DXDCD.XPosition)","string?","XPosition","_XPosition"
"D:\OneDrive\VS\Projects\DocxDocument\DocumentModel.InOpenXml\Drawings.ChartDrawing\Anchoring\MarkerType.cs","21","Element","typeof(DXDCD.YPosition)","string?","YPosition","_YPosition"
"D:\OneDrive\VS\Projects\DocxDocument\DocumentModel.InOpenXml\Drawings.ChartDrawing\Anchoring\RelativeAnchorSize.cs","14","Element","typeof(DXDCD.FromAnchor)","FromAnchor?","FromAnchor","_FromAnchor"
"D:\OneDrive\VS\Projects\DocxDocument\DocumentModel.InOpenXml\Drawings.ChartDrawing\Anchoring\RelativeAnchorSize.cs","21","Element","typeof(DXDCD.ToAnchor)","ToAnchor?","ToAnchor","_ToAnchor"
"D:\OneDrive\VS\Projects\DocxDocument\DocumentModel.InOpenXml\Drawings.ChartDrawing\Anchoring\RelativeAnchorSize.cs","28","Element","typeof(DXDCD.Shape)","Shape?","Shape","_Shape"
"D:\OneDrive\VS\Projects\DocxDocument\DocumentModel.InOpenXml\Drawings.ChartDrawing\Anchoring\RelativeAnchorSize.cs","35","Element","typeof(DXDCD.GroupShape)","GroupShape?","GroupShape","_GroupShape"
"D:\OneDrive\VS\Projects\DocxDocument\DocumentModel.InOpenXml\Drawings.ChartDrawing\Anchoring\RelativeAnchorSize.cs","42","Element","typeof(DXDCD.GraphicFrame)","GraphicFrame?","GraphicFrame","_GraphicFrame"
"D:\OneDrive\VS\Projects\DocxDocument\DocumentModel.InOpenXml\Drawings.ChartDrawing\Anchoring\RelativeAnchorSize.cs","49","Element","typeof(DXDCD.ConnectionShape)","ConnectionShape?","ConnectionShape","_ConnectionShape"
"D:\OneDrive\VS\Projects\DocxDocument\DocumentModel.InOpenXml\Drawings.ChartDrawing\Anchoring\RelativeAnchorSize.cs","56","Element","typeof(DXDCD.Picture)","Picture?","Picture","_Picture"
"D:\OneDrive\VS\Projects\DocxDocument\DocumentModel.InOpenXml\Drawings.ChartDrawing\Graphical elements\ConnectionShape.cs","22","Property","nameof(DXDCD.ConnectionShape.Macro)","string?","Macro","_Macro"
"D:\OneDrive\VS\Projects\DocxDocument\DocumentModel.InOpenXml\Drawings.ChartDrawing\Graphical elements\ConnectionShape.cs","29","Property","nameof(DXDCD.ConnectionShape.Published)","bool?","Published","_Published"
"D:\OneDrive\VS\Projects\DocxDocument\DocumentModel.InOpenXml\Drawings.ChartDrawing\Graphical elements\ConnectionShape.cs","36","Element","typeof(DXDCD.NonVisualConnectorShapeDrawingProperties)","NonVisualConnectorShapeDrawingProperties?","NonVisualConnectorShapeDrawingProperties","_NonVisualConnectorShapeDrawingProperties"
"D:\OneDrive\VS\Projects\DocxDocument\DocumentModel.InOpenXml\Drawings.ChartDrawing\Graphical elements\ConnectionShape.cs","43","Element","typeof(DXDCD.ShapeProperties)","ShapeProperties?","ShapeProperties","_ShapeProperties"
"D:\OneDrive\VS\Projects\DocxDocument\DocumentModel.InOpenXml\Drawings.ChartDrawing\Graphical elements\ConnectionShape.cs","50","Element","typeof(DXDCD.Style)","Style?","Style","_Style"
"D:\OneDrive\VS\Projects\DocxDocument\DocumentModel.InOpenXml\Drawings.ChartDrawing\Graphical elements\GraphicFrame.cs","22","Property","nameof(DXDCD.GraphicFrame.Macro)","string?","Macro","_Macro"
"D:\OneDrive\VS\Projects\DocxDocument\DocumentModel.InOpenXml\Drawings.ChartDrawing\Graphical elements\GraphicFrame.cs","29","Property","nameof(DXDCD.GraphicFrame.Published)","bool?","Published","_Published"
"D:\OneDrive\VS\Projects\DocxDocument\DocumentModel.InOpenXml\Drawings.ChartDrawing\Graphical elements\GraphicFrame.cs","36","Element","typeof(DXDCD.NonVisualGraphicFrameProperties)","NonVisualGraphicFrameProperties?","NonVisualGraphicFrameProperties","_NonVisualGraphicFrameProperties"
"D:\OneDrive\VS\Projects\DocxDocument\DocumentModel.InOpenXml\Drawings.ChartDrawing\Graphical elements\GraphicFrame.cs","43","Element","typeof(DXDCD.Transform)","Transform?","Transform","_Transform"
"D:\OneDrive\VS\Projects\DocxDocument\DocumentModel.InOpenXml\Drawings.ChartDrawing\Graphical elements\GraphicFrame.cs","50","Element","typeof(DXD.Graphic)","Graphic?","Graphic","_Graphic"
"D:\OneDrive\VS\Projects\DocxDocument\DocumentModel.InOpenXml\Drawings.ChartDrawing\Graphical elements\GroupShape.cs","27","Element","typeof(DXDCD.NonVisualGroupShapeProperties)","NonVisualGroupShapeProperties?","NonVisualGroupShapeProperties","_NonVisualGroupShapeProperties"
"D:\OneDrive\VS\Projects\DocxDocument\DocumentModel.InOpenXml\Drawings.ChartDrawing\Graphical elements\GroupShape.cs","34","Element","typeof(DXDCD.GroupShapeProperties)","GroupShapeProperties?","GroupShapeProperties","_GroupShapeProperties"
"D:\OneDrive\VS\Projects\DocxDocument\DocumentModel.InOpenXml\Drawings.ChartDrawing\Graphical elements\GroupShape.cs","41","Element","typeof(DXDCD.Shape)","Shape?","Shape","_Shape"
"D:\OneDrive\VS\Projects\DocxDocument\DocumentModel.InOpenXml\Drawings.ChartDrawing\Graphical elements\GroupShape.cs","48","Element","typeof(DXDCD.GroupShape)","GroupShape?","ChildGroupShape","_ChildGroupShape"
"D:\OneDrive\VS\Projects\DocxDocument\DocumentModel.InOpenXml\Drawings.ChartDrawing\Graphical elements\GroupShape.cs","55","Element","typeof(DXDCD.GraphicFrame)","GraphicFrame?","GraphicFrame","_GraphicFrame"
"D:\OneDrive\VS\Projects\DocxDocument\DocumentModel.InOpenXml\Drawings.ChartDrawing\Graphical elements\GroupShape.cs","62","Element","typeof(DXDCD.ConnectionShape)","ConnectionShape?","ConnectionShape","_ConnectionShape"
"D:\OneDrive\VS\Projects\DocxDocument\DocumentModel.InOpenXml\Drawings.ChartDrawing\Graphical elements\GroupShape.cs","69","Element","typeof(DXDCD.Picture)","Picture?","Picture","_Picture"
"D:\OneDrive\VS\Projects\DocxDocument\DocumentModel.InOpenXml\Drawings.ChartDrawing\Graphical elements\GroupShapeProperties.cs","30","Property","nameof(DXDCD.GroupShapeProperties.BlackWhiteMode)","BlackWhiteMode?","BlackWhiteMode","_BlackWhiteMode"
"D:\OneDrive\VS\Projects\DocxDocument\DocumentModel.InOpenXml\Drawings.ChartDrawing\Graphical elements\GroupShapeProperties.cs","37","Property","nameof(DXDCD.GroupShapeProperties.TransformGroup)","TransformGroup?","TransformGroup","_TransformGroup"
"D:\OneDrive\VS\Projects\DocxDocument\DocumentModel.InOpenXml\Drawings.ChartDrawing\Graphical elements\GroupShapeProperties.cs","44","Element","typeof(DXD.Fill)","Fill?","Fill","_Fill"
"D:\OneDrive\VS\Projects\DocxDocument\DocumentModel.InOpenXml\Drawings.ChartDrawing\Graphical elements\GroupShapeProperties.cs","51","Element","typeof(DXD.EffectList)","EffectList?","EffectList","_EffectList"
"D:\OneDrive\VS\Projects\DocxDocument\DocumentModel.InOpenXml\Drawings.ChartDrawing\Graphical elements\GroupShapeProperties.cs","58","Element","typeof(DXD.EffectDag)","EffectDag?","EffectDag","_EffectDag"
"D:\OneDrive\VS\Projects\DocxDocument\DocumentModel.InOpenXml\Drawings.ChartDrawing\Graphical elements\GroupShapeProperties.cs","65","Element","typeof(DXD.Scene3DType)","Scene3DType?","Scene3DType","_Scene3DType"
"D:\OneDrive\VS\Projects\DocxDocument\DocumentModel.InOpenXml\Drawings.ChartDrawing\Graphical elements\GroupShapeProperties.cs","72","Element","typeof(DXD.ExtensionList)","IExtensionList?","ExtensionList","_ExtensionList"
"D:\OneDrive\VS\Projects\DocxDocument\DocumentModel.InOpenXml\Drawings.ChartDrawing\Graphical elements\Picture.cs","23","Property","nameof(DXDCD.Picture.Macro)","string?","Macro","_Macro"
"D:\OneDrive\VS\Projects\DocxDocument\DocumentModel.InOpenXml\Drawings.ChartDrawing\Graphical elements\Picture.cs","30","Property","nameof(DXDCD.Picture.Published)","bool?","Published","_Published"
"D:\OneDrive\VS\Projects\DocxDocument\DocumentModel.InOpenXml\Drawings.ChartDrawing\Graphical elements\Picture.cs","37","Element","typeof(DXDCD.Style)","Style?","Style","_Style"
"D:\OneDrive\VS\Projects\DocxDocument\DocumentModel.InOpenXml\Drawings.ChartDrawing\Graphical elements\Picture.cs","44","Element","typeof(DXDCD.NonVisualPictureProperties)","NonVisualPictureProperties?","NonVisualPictureProperties","_NonVisualPictureProperties"
"D:\OneDrive\VS\Projects\DocxDocument\DocumentModel.InOpenXml\Drawings.ChartDrawing\Graphical elements\Picture.cs","51","Element","typeof(DXDCD.BlipFill)","BlipFill?","BlipFill","_BlipFill"
"D:\OneDrive\VS\Projects\DocxDocument\DocumentModel.InOpenXml\Drawings.ChartDrawing\Graphical elements\Picture.cs","58","Element","typeof(DXDCD.ShapeProperties)","ShapeProperties?","ShapeProperties","_ShapeProperties"
"D:\OneDrive\VS\Projects\DocxDocument\DocumentModel.InOpenXml\Drawings.ChartDrawing\Graphical elements\Shape.cs","23","Property","nameof(DXDCD.Shape.Macro)","string?","Macro","_Macro"
"D:\OneDrive\VS\Projects\DocxDocument\DocumentModel.InOpenXml\Drawings.ChartDrawing\Graphical elements\Shape.cs","30","Property","nameof(DXDCD.Shape.TextLink)","string?","TextLink","_TextLink"
"D:\OneDrive\VS\Projects\DocxDocument\DocumentModel.InOpenXml\Drawings.ChartDrawing\Graphical elements\Shape.cs","37","Property","nameof(DXDCD.Shape.LockText)","bool?","LockText","_LockText"
"D:\OneDrive\VS\Projects\DocxDocument\DocumentModel.InOpenXml\Drawings.ChartDrawing\Graphical elements\Shape.cs","44","Property","nameof(DXDCD.Shape.Published)","bool?","Published","_Published"
"D:\OneDrive\VS\Projects\DocxDocument\DocumentModel.InOpenXml\Drawings.ChartDrawing\Graphical elements\Shape.cs","51","Element","typeof(DXDCD.NonVisualShapeProperties)","NonVisualShapeProperties?","NonVisualShapeProperties","_NonVisualShapeProperties"
"D:\OneDrive\VS\Projects\DocxDocument\DocumentModel.InOpenXml\Drawings.ChartDrawing\Graphical elements\Shape.cs","58","Element","typeof(DXDCD.ShapeProperties)","ShapeProperties?","ShapeProperties","_ShapeProperties"
"D:\OneDrive\VS\Projects\DocxDocument\DocumentModel.InOpenXml\Drawings.ChartDrawing\Graphical elements\Shape.cs","65","Element","typeof(DXDCD.Style)","Style?","Style","_Style"
"D:\OneDrive\VS\Projects\DocxDocument\DocumentModel.InOpenXml\Drawings.ChartDrawing\Graphical elements\Shape.cs","72","Element","typeof(DXDCD.TextBody)","TextBody?","TextBody","_TextBody"
"D:\OneDrive\VS\Projects\DocxDocument\DocumentModel.InOpenXml\Drawings.ChartDrawing\Graphical elements\TextBody.cs","22","Element","typeof(DXD.BodyProperties)","BodyProperties?","BodyProperties","_BodyProperties"
"D:\OneDrive\VS\Projects\DocxDocument\DocumentModel.InOpenXml\Drawings.ChartDrawing\Graphical elements\TextBody.cs","29","Element","typeof(DXD.ListStyle)","ListStyle?","ListStyle","_ListStyle"
"D:\OneDrive\VS\Projects\DocxDocument\DocumentModel.InOpenXml\Drawings.ChartDrawing\Graphical elements\TextBody.cs","36","Element","typeof(DXD.Paragraph)","Paragraph?","Paragraph","_Paragraph"
"D:\OneDrive\VS\Projects\DocxDocument\DocumentModel.InOpenXml\Drawings.ChartDrawing\Non-visual properties\NonVisualConnectionShapeProperties.cs","14","Property","nameof(DXDCD.NonVisualConnectionShapeProperties.ConnectionShapeLocks)","ConnectionShapeLocks?","ConnectionShapeLocks","_ConnectionShapeLocks"
"D:\OneDrive\VS\Projects\DocxDocument\DocumentModel.InOpenXml\Drawings.ChartDrawing\Non-visual properties\NonVisualConnectionShapeProperties.cs","21","Property","nameof(DXDCD.NonVisualConnectionShapeProperties.StartConnection)","ConnectionType?","StartConnection","_StartConnection"
"D:\OneDrive\VS\Projects\DocxDocument\DocumentModel.InOpenXml\Drawings.ChartDrawing\Non-visual properties\NonVisualConnectionShapeProperties.cs","28","Property","nameof(DXDCD.NonVisualConnectionShapeProperties.EndConnection)","ConnectionType?","EndConnection","_EndConnection"
"D:\OneDrive\VS\Projects\DocxDocument\DocumentModel.InOpenXml\Drawings.ChartDrawing\Non-visual properties\NonVisualConnectorShapeDrawingProperties.cs","14","Property","nameof(DXDCD.NonVisualConnectorShapeDrawingProperties.NonVisualDrawingProperties)","NonVisualDrawingProperties?","NonVisualDrawingProperties","_NonVisualDrawingProperties"
"D:\OneDrive\VS\Projects\DocxDocument\DocumentModel.InOpenXml\Drawings.ChartDrawing\Non-visual properties\NonVisualConnectorShapeDrawingProperties.cs","21","Property","nameof(DXDCD.NonVisualConnectorShapeDrawingProperties.NonVisualConnectionShapeProperties)","NonVisualConnectionShapeProperties?","NonVisualConnectionShapeProperties","_NonVisualConnectionShapeProperties"
"D:\OneDrive\VS\Projects\DocxDocument\DocumentModel.InOpenXml\Drawings.ChartDrawing\Non-visual properties\NonVisualDrawingProperties.cs","14","Property","nameof(DXDCD.NonVisualDrawingProperties.Id)","UInt32?","Id","_Id"
"D:\OneDrive\VS\Projects\DocxDocument\DocumentModel.InOpenXml\Drawings.ChartDrawing\Non-visual properties\NonVisualDrawingProperties.cs","21","Property","nameof(DXDCD.NonVisualDrawingProperties.Name)","string?","Name","_Name"
"D:\OneDrive\VS\Projects\DocxDocument\DocumentModel.InOpenXml\Drawings.ChartDrawing\Non-visual properties\NonVisualDrawingProperties.cs","28","Property","nameof(DXDCD.NonVisualDrawingProperties.Description)","string?","Description","_Description"
"D:\OneDrive\VS\Projects\DocxDocument\DocumentModel.InOpenXml\Drawings.ChartDrawing\Non-visual properties\NonVisualDrawingProperties.cs","35","Property","nameof(DXDCD.NonVisualDrawingProperties.Hidden)","bool?","Hidden","_Hidden"
"D:\OneDrive\VS\Projects\DocxDocument\DocumentModel.InOpenXml\Drawings.ChartDrawing\Non-visual properties\NonVisualDrawingProperties.cs","42","Property","nameof(DXDCD.NonVisualDrawingProperties.Title)","string?","Title","_Title"
"D:\OneDrive\VS\Projects\DocxDocument\DocumentModel.InOpenXml\Drawings.ChartDrawing\Non-visual properties\NonVisualDrawingProperties.cs","49","Property","nameof(DXDCD.NonVisualDrawingProperties.HyperlinkOnClick)","HyperlinkOnClick?","HyperlinkOnClick","_HyperlinkOnClick"
"D:\OneDrive\VS\Projects\DocxDocument\DocumentModel.InOpenXml\Drawings.ChartDrawing\Non-visual properties\NonVisualDrawingProperties.cs","56","Property","nameof(DXDCD.NonVisualDrawingProperties.HyperlinkOnHover)","HyperlinkOnHover?","HyperlinkOnHover","_HyperlinkOnHover"
"D:\OneDrive\VS\Projects\DocxDocument\DocumentModel.InOpenXml\Drawings.ChartDrawing\Non-visual properties\NonVisualDrawingProperties.cs","63","Property","nameof(DXDCD.NonVisualDrawingProperties.NonVisualDrawingPropertiesExtensionList)","NonVisualDrawingPropertiesExtensionList?","NonVisualDrawingPropertiesExtensionList","_NonVisualDrawingPropertiesExtensionList"
"D:\OneDrive\VS\Projects\DocxDocument\DocumentModel.InOpenXml\Drawings.ChartDrawing\Non-visual properties\NonVisualGraphicFrameDrawingProperties.cs","14","Property","nameof(DXDCD.NonVisualGraphicFrameDrawingProperties.GraphicFrameLocks)","GraphicFrameLocks?","GraphicFrameLocks","_GraphicFrameLocks"
"D:\OneDrive\VS\Projects\DocxDocument\DocumentModel.InOpenXml\Drawings.ChartDrawing\Non-visual properties\NonVisualGraphicFrameProperties.cs","14","Property","nameof(DXDCD.NonVisualGraphicFrameProperties.NonVisualDrawingProperties)","NonVisualDrawingProperties?","NonVisualDrawingProperties","_NonVisualDrawingProperties"
"D:\OneDrive\VS\Projects\DocxDocument\DocumentModel.InOpenXml\Drawings.ChartDrawing\Non-visual properties\NonVisualGraphicFrameProperties.cs","21","Property","nameof(DXDCD.NonVisualGraphicFrameProperties.NonVisualGraphicFrameDrawingProperties)","NonVisualGraphicFrameDrawingProperties?","NonVisualGraphicFrameDrawingProperties","_NonVisualGraphicFrameDrawingProperties"
"D:\OneDrive\VS\Projects\DocxDocument\DocumentModel.InOpenXml\Drawings.ChartDrawing\Non-visual properties\NonVisualGroupShapeDrawingProperties.cs","14","Property","nameof(DXD.NonVisualGroupShapeDrawingProperties.GroupShapeLocks)","GroupShapeLocks?","GroupShapeLocks","_GroupShapeLocks"
"D:\OneDrive\VS\Projects\DocxDocument\DocumentModel.InOpenXml\Drawings.ChartDrawing\Non-visual properties\NonVisualGroupShapeDrawingProperties.cs","21","Property","nameof(DXD.NonVisualGroupShapeDrawingProperties.NonVisualGroupDrawingShapePropsExtensionList)","NonVisualGroupDrawingShapePropsExtensionList?","NonVisualGroupDrawingShapePropsExtensionList","_NonVisualGroupDrawingShapePropsExtensionList"
"D:\OneDrive\VS\Projects\DocxDocument\DocumentModel.InOpenXml\Drawings.ChartDrawing\Non-visual properties\NonVisualGroupShapeProperties.cs","14","Property","nameof(DXDCD.NonVisualGroupShapeProperties.NonVisualDrawingProperties)","NonVisualDrawingProperties?","NonVisualDrawingProperties","_NonVisualDrawingProperties"
"D:\OneDrive\VS\Projects\DocxDocument\DocumentModel.InOpenXml\Drawings.ChartDrawing\Non-visual properties\NonVisualGroupShapeProperties.cs","21","Property","nameof(DXDCD.NonVisualGroupShapeProperties.NonVisualGroupShapeDrawingProperties)","NonVisualGroupShapeDrawingProperties?","NonVisualGroupShapeDrawingProperties","_NonVisualGroupShapeDrawingProperties"
"D:\OneDrive\VS\Projects\DocxDocument\DocumentModel.InOpenXml\Drawings.ChartDrawing\Non-visual properties\NonVisualPictureDrawingProperties.cs","14","Property","nameof(DXDCD.NonVisualPictureDrawingProperties.PreferRelativeResize)","bool?","PreferRelativeResize","_PreferRelativeResize"
"D:\OneDrive\VS\Projects\DocxDocument\DocumentModel.InOpenXml\Drawings.ChartDrawing\Non-visual properties\NonVisualPictureDrawingProperties.cs","21","Property","nameof(DXDCD.NonVisualPictureDrawingProperties.PictureLocks)","PictureLocks?","PictureLocks","_PictureLocks"
"D:\OneDrive\VS\Projects\DocxDocument\DocumentModel.InOpenXml\Drawings.ChartDrawing\Non-visual properties\NonVisualPictureDrawingProperties.cs","28","Property","nameof(DXDCD.NonVisualPictureDrawingProperties.NonVisualPicturePropertiesExtensionList)","NonVisualPicturePropertiesExtensionList?","NonVisualPicturePropertiesExtensionList","_NonVisualPicturePropertiesExtensionList"
"D:\OneDrive\VS\Projects\DocxDocument\DocumentModel.InOpenXml\Drawings.ChartDrawing\Non-visual properties\NonVisualPictureProperties.cs","14","Property","nameof(DXDCD.NonVisualPictureProperties.NonVisualDrawingProperties)","NonVisualDrawingProperties?","NonVisualDrawingProperties","_NonVisualDrawingProperties"
"D:\OneDrive\VS\Projects\DocxDocument\DocumentModel.InOpenXml\Drawings.ChartDrawing\Non-visual properties\NonVisualPictureProperties.cs","21","Property","nameof(DXDCD.NonVisualPictureProperties.NonVisualPictureDrawingProperties)","NonVisualPictureDrawingProperties?","NonVisualPictureDrawingProperties","_NonVisualPictureDrawingProperties"
"D:\OneDrive\VS\Projects\DocxDocument\DocumentModel.InOpenXml\Drawings.ChartDrawing\Non-visual properties\NonVisualShapeDrawingProperties.cs","14","Property","nameof(DXDCD.NonVisualShapeDrawingProperties.TextBox)","bool?","TextBox","_TextBox"
"D:\OneDrive\VS\Projects\DocxDocument\DocumentModel.InOpenXml\Drawings.ChartDrawing\Non-visual properties\NonVisualShapeDrawingProperties.cs","21","Property","nameof(DXDCD.NonVisualShapeDrawingProperties.ShapeLocks)","ShapeLocks?","ShapeLocks","_ShapeLocks"
"D:\OneDrive\VS\Projects\DocxDocument\DocumentModel.InOpenXml\Drawings.ChartDrawing\Non-visual properties\NonVisualShapeProperties.cs","14","Property","nameof(DXDCD.NonVisualShapeProperties.NonVisualDrawingProperties)","NonVisualDrawingProperties?","NonVisualDrawingProperties","_NonVisualDrawingProperties"
"D:\OneDrive\VS\Projects\DocxDocument\DocumentModel.InOpenXml\Drawings.ChartDrawing\Non-visual properties\NonVisualShapeProperties.cs","21","Property","nameof(DXDCD.NonVisualShapeProperties.NonVisualShapeDrawingProperties)","NonVisualShapeDrawingProperties?","NonVisualShapeDrawingProperties","_NonVisualShapeDrawingProperties"
"D:\OneDrive\VS\Projects\DocxDocument\DocumentModel.InOpenXml\Drawings.ChartDrawing\Visual properties and styling\Style.cs","14","Property","nameof(DXDCD.Style.LineReference)","LineReference?","LineReference","_LineReference"
"D:\OneDrive\VS\Projects\DocxDocument\DocumentModel.InOpenXml\Drawings.ChartDrawing\Visual properties and styling\Style.cs","21","Property","nameof(DXDCD.Style.FillReference)","FillReference?","FillReference","_FillReference"
"D:\OneDrive\VS\Projects\DocxDocument\DocumentModel.InOpenXml\Drawings.ChartDrawing\Visual properties and styling\Style.cs","28","Property","nameof(DXDCD.Style.EffectReference)","EffectReference?","EffectReference","_EffectReference"
"D:\OneDrive\VS\Projects\DocxDocument\DocumentModel.InOpenXml\Drawings.ChartDrawing\Visual properties and styling\Style.cs","35","Property","nameof(DXDCD.Style.FontReference)","FontReference?","FontReference","_FontReference"
"D:\OneDrive\VS\Projects\DocxDocument\DocumentModel.InOpenXml\Drawings.ChartDrawing\Visual properties and styling\Transform.cs","14","Property","nameof(DXDCD.Transform.Rotation)","Int32?","Rotation","_Rotation"
"D:\OneDrive\VS\Projects\DocxDocument\DocumentModel.InOpenXml\Drawings.ChartDrawing\Visual properties and styling\Transform.cs","21","Property","nameof(DXDCD.Transform.HorizontalFlip)","bool?","HorizontalFlip","_HorizontalFlip"
"D:\OneDrive\VS\Projects\DocxDocument\DocumentModel.InOpenXml\Drawings.ChartDrawing\Visual properties and styling\Transform.cs","28","Property","nameof(DXDCD.Transform.VerticalFlip)","bool?","VerticalFlip","_VerticalFlip"
"D:\OneDrive\VS\Projects\DocxDocument\DocumentModel.InOpenXml\Drawings.ChartDrawing\Visual properties and styling\Transform.cs","35","Property","nameof(DXDCD.Transform.Offset)","Point2DType?","Offset","_Offset"
"D:\OneDrive\VS\Projects\DocxDocument\DocumentModel.InOpenXml\Drawings.ChartDrawing\Visual properties and styling\Transform.cs","42","Property","nameof(DXDCD.Transform.Extents)","PositiveSize2DType?","Extents","_Extents"
"D:\OneDrive\VS\Projects\DocxDocument\DocumentModel.InOpenXml\Drawings.ChartDrawings\Address.cs","23","Property","nameof(DXO16DCD.Address.Address1)","string?","Address1","_Address1"
"D:\OneDrive\VS\Projects\DocxDocument\DocumentModel.InOpenXml\Drawings.ChartDrawings\Address.cs","30","Property","nameof(DXO16DCD.Address.CountryRegion)","string?","CountryRegion","_CountryRegion"
"D:\OneDrive\VS\Projects\DocxDocument\DocumentModel.InOpenXml\Drawings.ChartDrawings\Address.cs","37","Property","nameof(DXO16DCD.Address.AdminDistrict1)","string?","AdminDistrict1","_AdminDistrict1"
"D:\OneDrive\VS\Projects\DocxDocument\DocumentModel.InOpenXml\Drawings.ChartDrawings\Address.cs","44","Property","nameof(DXO16DCD.Address.AdminDistrict2)","string?","AdminDistrict2","_AdminDistrict2"
"D:\OneDrive\VS\Projects\DocxDocument\DocumentModel.InOpenXml\Drawings.ChartDrawings\Address.cs","51","Property","nameof(DXO16DCD.Address.PostalCode)","string?","PostalCode","_PostalCode"
"D:\OneDrive\VS\Projects\DocxDocument\DocumentModel.InOpenXml\Drawings.ChartDrawings\Address.cs","58","Property","nameof(DXO16DCD.Address.Locality)","string?","Locality","_Locality"
"D:\OneDrive\VS\Projects\DocxDocument\DocumentModel.InOpenXml\Drawings.ChartDrawings\Address.cs","65","Property","nameof(DXO16DCD.Address.IsoCountryCode)","string?","IsoCountryCode","_IsoCountryCode"
"D:\OneDrive\VS\Projects\DocxDocument\DocumentModel.InOpenXml\Drawings.ChartDrawings\ApplicationNonVisualDrawingProperties.cs","22","Property","nameof(DXO10DCD.ApplicationNonVisualDrawingProperties.Macro)","string?","Macro","_Macro"
"D:\OneDrive\VS\Projects\DocxDocument\DocumentModel.InOpenXml\Drawings.ChartDrawings\ApplicationNonVisualDrawingProperties.cs","29","Property","nameof(DXO10DCD.ApplicationNonVisualDrawingProperties.Published)","bool?","Published","_Published"
"D:\OneDrive\VS\Projects\DocxDocument\DocumentModel.InOpenXml\Drawings.ChartDrawings\Axis.cs","22","Property","nameof(DXO16DCD.Axis.Id)","UInt32?","Id","_Id"
"D:\OneDrive\VS\Projects\DocxDocument\DocumentModel.InOpenXml\Drawings.ChartDrawings\Axis.cs","29","Property","nameof(DXO16DCD.Axis.Hidden)","bool?","Hidden","_Hidden"
"D:\OneDrive\VS\Projects\DocxDocument\DocumentModel.InOpenXml\Drawings.ChartDrawings\AxisTitle.cs","23","Property","nameof(DXO16DCD.AxisTitle.Text)","Text?","Text","_Text"
"D:\OneDrive\VS\Projects\DocxDocument\DocumentModel.InOpenXml\Drawings.ChartDrawings\AxisTitle.cs","30","Property","nameof(DXO16DCD.AxisTitle.ShapeProperties)","ShapeProperties?","ShapeProperties","_ShapeProperties"
"D:\OneDrive\VS\Projects\DocxDocument\DocumentModel.InOpenXml\Drawings.ChartDrawings\AxisTitle.cs","37","Property","nameof(DXO16DCD.AxisTitle.TxPrTextBody)","TxPrTextBody?","TxPrTextBody","_TxPrTextBody"
"D:\OneDrive\VS\Projects\DocxDocument\DocumentModel.InOpenXml\Drawings.ChartDrawings\AxisTitle.cs","44","Property","nameof(DXO16DCD.AxisTitle.ExtensionList)","IExtensionList?","ExtensionList","_ExtensionList"
"D:\OneDrive\VS\Projects\DocxDocument\DocumentModel.InOpenXml\Drawings.ChartDrawings\AxisUnits.cs","25","Property","nameof(DXO16DCD.AxisUnits.Unit)","AxisUnit?","Unit","_Unit"
"D:\OneDrive\VS\Projects\DocxDocument\DocumentModel.InOpenXml\Drawings.ChartDrawings\AxisUnits.cs","32","Property","nameof(DXO16DCD.AxisUnits.AxisUnitsLabel)","AxisUnitsLabel?","AxisUnitsLabel","_AxisUnitsLabel"
"D:\OneDrive\VS\Projects\DocxDocument\DocumentModel.InOpenXml\Drawings.ChartDrawings\AxisUnits.cs","39","Property","nameof(DXO16DCD.AxisUnits.ExtensionList)","IExtensionList?","ExtensionList","_ExtensionList"
"D:\OneDrive\VS\Projects\DocxDocument\DocumentModel.InOpenXml\Drawings.ChartDrawings\AxisUnitsLabel.cs","24","Property","nameof(DXO16DCD.AxisUnitsLabel.Text)","Text?","Text","_Text"
"D:\OneDrive\VS\Projects\DocxDocument\DocumentModel.InOpenXml\Drawings.ChartDrawings\AxisUnitsLabel.cs","31","Property","nameof(DXO16DCD.AxisUnitsLabel.ShapeProperties)","ShapeProperties?","ShapeProperties","_ShapeProperties"
"D:\OneDrive\VS\Projects\DocxDocument\DocumentModel.InOpenXml\Drawings.ChartDrawings\AxisUnitsLabel.cs","38","Property","nameof(DXO16DCD.AxisUnitsLabel.TxPrTextBody)","TxPrTextBody?","TxPrTextBody","_TxPrTextBody"
"D:\OneDrive\VS\Projects\DocxDocument\DocumentModel.InOpenXml\Drawings.ChartDrawings\AxisUnitsLabel.cs","45","Property","nameof(DXO16DCD.AxisUnitsLabel.ExtensionList)","IExtensionList?","ExtensionList","_ExtensionList"
"D:\OneDrive\VS\Projects\DocxDocument\DocumentModel.InOpenXml\Drawings.ChartDrawings\Binning.cs","25","Property","nameof(DXO16DCD.Binning.IntervalClosed)","IntervalClosedSide?","IntervalClosed","_IntervalClosed"
"D:\OneDrive\VS\Projects\DocxDocument\DocumentModel.InOpenXml\Drawings.ChartDrawings\Binning.cs","32","Property","nameof(DXO16DCD.Binning.Underflow)","string?","Underflow","_Underflow"
"D:\OneDrive\VS\Projects\DocxDocument\DocumentModel.InOpenXml\Drawings.ChartDrawings\Binning.cs","39","Property","nameof(DXO16DCD.Binning.Overflow)","string?","Overflow","_Overflow"
"D:\OneDrive\VS\Projects\DocxDocument\DocumentModel.InOpenXml\Drawings.ChartDrawings\Binning.cs","46","Property","nameof(DXO16DCD.Binning.Xsddouble)","string?","Xsddouble","_Xsddouble"
"D:\OneDrive\VS\Projects\DocxDocument\DocumentModel.InOpenXml\Drawings.ChartDrawings\Binning.cs","53","Property","nameof(DXO16DCD.Binning.BinCountXsdunsignedInt)","string?","BinCountXsdunsignedInt","_BinCountXsdunsignedInt"
"D:\OneDrive\VS\Projects\DocxDocument\DocumentModel.InOpenXml\Drawings.ChartDrawings\CategoryAxisScaling.cs","25","Property","nameof(DXO16DCD.CategoryAxisScaling.GapWidth)","string?","GapWidth","_GapWidth"
"D:\OneDrive\VS\Projects\DocxDocument\DocumentModel.InOpenXml\Drawings.ChartDrawings\Chart.cs","25","Property","nameof(DXO16DCD.Chart.ChartTitle)","ChartTitle?","ChartTitle","_ChartTitle"
"D:\OneDrive\VS\Projects\DocxDocument\DocumentModel.InOpenXml\Drawings.ChartDrawings\Chart.cs","32","Property","nameof(DXO16DCD.Chart.PlotArea)","PlotArea?","PlotArea","_PlotArea"
"D:\OneDrive\VS\Projects\DocxDocument\DocumentModel.InOpenXml\Drawings.ChartDrawings\Chart.cs","39","Property","nameof(DXO16DCD.Chart.Legend)","Legend?","Legend","_Legend"
"D:\OneDrive\VS\Projects\DocxDocument\DocumentModel.InOpenXml\Drawings.ChartDrawings\Chart.cs","46","Property","nameof(DXO16DCD.Chart.ExtensionList)","IExtensionList?","ExtensionList","_ExtensionList"
"D:\OneDrive\VS\Projects\DocxDocument\DocumentModel.InOpenXml\Drawings.ChartDrawings\ChartData.cs","25","Property","nameof(DXO16DCD.ChartData.ExternalData)","ExternalData?","ExternalData","_ExternalData"
"D:\OneDrive\VS\Projects\DocxDocument\DocumentModel.InOpenXml\Drawings.ChartDrawings\ChartSpace.cs","25","Property","nameof(DXO16DCD.ChartSpace.ChartData)","ChartData?","ChartData","_ChartData"
"D:\OneDrive\VS\Projects\DocxDocument\DocumentModel.InOpenXml\Drawings.ChartDrawings\ChartSpace.cs","32","Property","nameof(DXO16DCD.ChartSpace.Chart)","Chart?","Chart","_Chart"
"D:\OneDrive\VS\Projects\DocxDocument\DocumentModel.InOpenXml\Drawings.ChartDrawings\ChartSpace.cs","39","Property","nameof(DXO16DCD.ChartSpace.ShapeProperties)","ShapeProperties?","ShapeProperties","_ShapeProperties"
"D:\OneDrive\VS\Projects\DocxDocument\DocumentModel.InOpenXml\Drawings.ChartDrawings\ChartSpace.cs","46","Property","nameof(DXO16DCD.ChartSpace.TxPrTextBody)","TxPrTextBody?","TxPrTextBody","_TxPrTextBody"
"D:\OneDrive\VS\Projects\DocxDocument\DocumentModel.InOpenXml\Drawings.ChartDrawings\ChartSpace.cs","53","Property","nameof(DXO16DCD.ChartSpace.ColorMappingType)","ColorMappingType?","ColorMappingType","_ColorMappingType"
"D:\OneDrive\VS\Projects\DocxDocument\DocumentModel.InOpenXml\Drawings.ChartDrawings\ChartSpace.cs","60","Property","nameof(DXO16DCD.ChartSpace.FormatOverrides)","FormatOverrides?","FormatOverrides","_FormatOverrides"
"D:\OneDrive\VS\Projects\DocxDocument\DocumentModel.InOpenXml\Drawings.ChartDrawings\ChartSpace.cs","67","Property","nameof(DXO16DCD.ChartSpace.PrintSettings)","PrintSettings?","PrintSettings","_PrintSettings"
"D:\OneDrive\VS\Projects\DocxDocument\DocumentModel.InOpenXml\Drawings.ChartDrawings\ChartSpace.cs","74","Property","nameof(DXO16DCD.ChartSpace.ExtensionList)","IExtensionList?","ExtensionList","_ExtensionList"
"D:\OneDrive\VS\Projects\DocxDocument\DocumentModel.InOpenXml\Drawings.ChartDrawings\ChartStringValue.cs","25","Property","nameof(DXO16DCD.ChartStringValue.Index)","UInt32?","Index","_Index"
"D:\OneDrive\VS\Projects\DocxDocument\DocumentModel.InOpenXml\Drawings.ChartDrawings\ChartTitle.cs","26","Property","nameof(DXO16DCD.ChartTitle.Pos)","SidePos?","Pos","_Pos"
"D:\OneDrive\VS\Projects\DocxDocument\DocumentModel.InOpenXml\Drawings.ChartDrawings\ChartTitle.cs","33","Property","nameof(DXO16DCD.ChartTitle.Align)","PosAlign?","Align","_Align"
"D:\OneDrive\VS\Projects\DocxDocument\DocumentModel.InOpenXml\Drawings.ChartDrawings\ChartTitle.cs","40","Property","nameof(DXO16DCD.ChartTitle.Overlay)","bool?","Overlay","_Overlay"
"D:\OneDrive\VS\Projects\DocxDocument\DocumentModel.InOpenXml\Drawings.ChartDrawings\ChartTitle.cs","47","Property","nameof(DXO16DCD.ChartTitle.Text)","Text?","Text","_Text"
"D:\OneDrive\VS\Projects\DocxDocument\DocumentModel.InOpenXml\Drawings.ChartDrawings\ChartTitle.cs","54","Property","nameof(DXO16DCD.ChartTitle.ShapeProperties)","ShapeProperties?","ShapeProperties","_ShapeProperties"
"D:\OneDrive\VS\Projects\DocxDocument\DocumentModel.InOpenXml\Drawings.ChartDrawings\ChartTitle.cs","61","Property","nameof(DXO16DCD.ChartTitle.TxPrTextBody)","TxPrTextBody?","TxPrTextBody","_TxPrTextBody"
"D:\OneDrive\VS\Projects\DocxDocument\DocumentModel.InOpenXml\Drawings.ChartDrawings\ChartTitle.cs","68","Property","nameof(DXO16DCD.ChartTitle.ExtensionList)","IExtensionList?","ExtensionList","_ExtensionList"
"D:\OneDrive\VS\Projects\DocxDocument\DocumentModel.InOpenXml\Drawings.ChartDrawings\Clear.cs","26","Property","nameof(DXO16DCD.Clear.GeoLocationQueryResults)","GeoLocationQueryResults?","GeoLocationQueryResults","_GeoLocationQueryResults"
"D:\OneDrive\VS\Projects\DocxDocument\DocumentModel.InOpenXml\Drawings.ChartDrawings\Clear.cs","33","Property","nameof(DXO16DCD.Clear.GeoDataEntityQueryResults)","GeoDataEntityQueryResults?","GeoDataEntityQueryResults","_GeoDataEntityQueryResults"
"D:\OneDrive\VS\Projects\DocxDocument\DocumentModel.InOpenXml\Drawings.ChartDrawings\Clear.cs","40","Property","nameof(DXO16DCD.Clear.GeoDataPointToEntityQueryResults)","GeoDataPointToEntityQueryResults?","GeoDataPointToEntityQueryResults","_GeoDataPointToEntityQueryResults"
"D:\OneDrive\VS\Projects\DocxDocument\DocumentModel.InOpenXml\Drawings.ChartDrawings\Clear.cs","47","Property","nameof(DXO16DCD.Clear.GeoChildEntitiesQueryResults)","GeoChildEntitiesQueryResults?","GeoChildEntitiesQueryResults","_GeoChildEntitiesQueryResults"
"D:\OneDrive\VS\Projects\DocxDocument\DocumentModel.InOpenXml\Drawings.ChartDrawings\Clear.cs","54","Property","nameof(DXO16DCD.Clear.GeoParentEntitiesQueryResults)","GeoParentEntitiesQueryResults?","GeoParentEntitiesQueryResults","_GeoParentEntitiesQueryResults"
"D:\OneDrive\VS\Projects\DocxDocument\DocumentModel.InOpenXml\Drawings.ChartDrawings\ColorMappingType.cs","27","Property","nameof(DXO16DCD.ColorMappingType.Background1)","ColorSchemeIndex?","Background1","_Background1"
"D:\OneDrive\VS\Projects\DocxDocument\DocumentModel.InOpenXml\Drawings.ChartDrawings\ColorMappingType.cs","34","Property","nameof(DXO16DCD.ColorMappingType.Text1)","ColorSchemeIndex?","Text1","_Text1"
"D:\OneDrive\VS\Projects\DocxDocument\DocumentModel.InOpenXml\Drawings.ChartDrawings\ColorMappingType.cs","41","Property","nameof(DXO16DCD.ColorMappingType.Background2)","ColorSchemeIndex?","Background2","_Background2"
"D:\OneDrive\VS\Projects\DocxDocument\DocumentModel.InOpenXml\Drawings.ChartDrawings\ColorMappingType.cs","48","Property","nameof(DXO16DCD.ColorMappingType.Text2)","ColorSchemeIndex?","Text2","_Text2"
"D:\OneDrive\VS\Projects\DocxDocument\DocumentModel.InOpenXml\Drawings.ChartDrawings\ColorMappingType.cs","55","Property","nameof(DXO16DCD.ColorMappingType.Accent1)","ColorSchemeIndex?","Accent1","_Accent1"
"D:\OneDrive\VS\Projects\DocxDocument\DocumentModel.InOpenXml\Drawings.ChartDrawings\ColorMappingType.cs","62","Property","nameof(DXO16DCD.ColorMappingType.Accent2)","ColorSchemeIndex?","Accent2","_Accent2"
"D:\OneDrive\VS\Projects\DocxDocument\DocumentModel.InOpenXml\Drawings.ChartDrawings\ColorMappingType.cs","69","Property","nameof(DXO16DCD.ColorMappingType.Accent3)","ColorSchemeIndex?","Accent3","_Accent3"
"D:\OneDrive\VS\Projects\DocxDocument\DocumentModel.InOpenXml\Drawings.ChartDrawings\ColorMappingType.cs","76","Property","nameof(DXO16DCD.ColorMappingType.Accent4)","ColorSchemeIndex?","Accent4","_Accent4"
"D:\OneDrive\VS\Projects\DocxDocument\DocumentModel.InOpenXml\Drawings.ChartDrawings\ColorMappingType.cs","83","Property","nameof(DXO16DCD.ColorMappingType.Accent5)","ColorSchemeIndex?","Accent5","_Accent5"
"D:\OneDrive\VS\Projects\DocxDocument\DocumentModel.InOpenXml\Drawings.ChartDrawings\ColorMappingType.cs","90","Property","nameof(DXO16DCD.ColorMappingType.Accent6)","ColorSchemeIndex?","Accent6","_Accent6"
"D:\OneDrive\VS\Projects\DocxDocument\DocumentModel.InOpenXml\Drawings.ChartDrawings\ColorMappingType.cs","97","Property","nameof(DXO16DCD.ColorMappingType.Hyperlink)","ColorSchemeIndex?","Hyperlink","_Hyperlink"
"D:\OneDrive\VS\Projects\DocxDocument\DocumentModel.InOpenXml\Drawings.ChartDrawings\ColorMappingType.cs","104","Property","nameof(DXO16DCD.ColorMappingType.FollowedHyperlink)","ColorSchemeIndex?","FollowedHyperlink","_FollowedHyperlink"
"D:\OneDrive\VS\Projects\DocxDocument\DocumentModel.InOpenXml\Drawings.ChartDrawings\ColorMappingType.cs","111","Property","nameof(DXO16DCD.ColorMappingType.ExtensionList)","IExtensionList?","ExtensionList","_ExtensionList"
"D:\OneDrive\VS\Projects\DocxDocument\DocumentModel.InOpenXml\Drawings.ChartDrawings\ContentPart.cs","25","Property","nameof(DXO10DCD.ContentPart.RelationshipId)","string?","RelationshipId","_RelationshipId"
"D:\OneDrive\VS\Projects\DocxDocument\DocumentModel.InOpenXml\Drawings.ChartDrawings\ContentPart.cs","32","Property","nameof(DXO10DCD.ContentPart.BlackWhiteMode)","BlackWhiteMode?","BlackWhiteMode","_BlackWhiteMode"
"D:\OneDrive\VS\Projects\DocxDocument\DocumentModel.InOpenXml\Drawings.ChartDrawings\ContentPart.cs","39","Property","nameof(DXO10DCD.ContentPart.NonVisualContentPartProperties)","NonVisualContentPartProperties?","NonVisualContentPartProperties","_NonVisualContentPartProperties"
"D:\OneDrive\VS\Projects\DocxDocument\DocumentModel.InOpenXml\Drawings.ChartDrawings\ContentPart.cs","46","Property","nameof(DXO10DCD.ContentPart.ApplicationNonVisualDrawingProperties)","ApplicationNonVisualDrawingProperties?","ApplicationNonVisualDrawingProperties","_ApplicationNonVisualDrawingProperties"
"D:\OneDrive\VS\Projects\DocxDocument\DocumentModel.InOpenXml\Drawings.ChartDrawings\ContentPart.cs","53","Property","nameof(DXO10DCD.ContentPart.Transform2D)","Transform2D?","Transform2D","_Transform2D"
"D:\OneDrive\VS\Projects\DocxDocument\DocumentModel.InOpenXml\Drawings.ChartDrawings\Data.cs","27","Property","nameof(DXO16DCD.Data.Id)","UInt32?","Id","_Id"
"D:\OneDrive\VS\Projects\DocxDocument\DocumentModel.InOpenXml\Drawings.ChartDrawings\DataLabel.cs","29","Property","nameof(DXO16DCD.DataLabel.Idx)","UInt32?","Idx","_Idx"
"D:\OneDrive\VS\Projects\DocxDocument\DocumentModel.InOpenXml\Drawings.ChartDrawings\DataLabel.cs","36","Property","nameof(DXO16DCD.DataLabel.Pos)","DataLabelPos?","Pos","_Pos"
"D:\OneDrive\VS\Projects\DocxDocument\DocumentModel.InOpenXml\Drawings.ChartDrawings\DataLabel.cs","43","Property","nameof(DXO16DCD.DataLabel.NumberFormat)","NumberFormat?","NumberFormat","_NumberFormat"
"D:\OneDrive\VS\Projects\DocxDocument\DocumentModel.InOpenXml\Drawings.ChartDrawings\DataLabel.cs","50","Property","nameof(DXO16DCD.DataLabel.ShapeProperties)","ShapeProperties?","ShapeProperties","_ShapeProperties"
"D:\OneDrive\VS\Projects\DocxDocument\DocumentModel.InOpenXml\Drawings.ChartDrawings\DataLabel.cs","57","Property","nameof(DXO16DCD.DataLabel.TxPrTextBody)","TxPrTextBody?","TxPrTextBody","_TxPrTextBody"
"D:\OneDrive\VS\Projects\DocxDocument\DocumentModel.InOpenXml\Drawings.ChartDrawings\DataLabel.cs","64","Property","nameof(DXO16DCD.DataLabel.DataLabelVisibilities)","DataLabelVisibilities?","DataLabelVisibilities","_DataLabelVisibilities"
"D:\OneDrive\VS\Projects\DocxDocument\DocumentModel.InOpenXml\Drawings.ChartDrawings\DataLabel.cs","71","Property","nameof(DXO16DCD.DataLabel.SeparatorXsdstring)","string?","SeparatorXsdString","_SeparatorXsdString"
"D:\OneDrive\VS\Projects\DocxDocument\DocumentModel.InOpenXml\Drawings.ChartDrawings\DataLabel.cs","78","Property","nameof(DXO16DCD.DataLabel.ExtensionList)","IExtensionList?","ExtensionList","_ExtensionList"
"D:\OneDrive\VS\Projects\DocxDocument\DocumentModel.InOpenXml\Drawings.ChartDrawings\DataLabelHidden.cs","26","Property","nameof(DXO16DCD.DataLabelHidden.Idx)","UInt32?","Idx","_Idx"
"D:\OneDrive\VS\Projects\DocxDocument\DocumentModel.InOpenXml\Drawings.ChartDrawings\DataLabelVisibilities.cs","29","Property","nameof(DXO16DCD.DataLabelVisibilities.SeriesName)","bool?","SeriesName","_SeriesName"
"D:\OneDrive\VS\Projects\DocxDocument\DocumentModel.InOpenXml\Drawings.ChartDrawings\DataLabelVisibilities.cs","36","Property","nameof(DXO16DCD.DataLabelVisibilities.CategoryName)","bool?","CategoryName","_CategoryName"
"D:\OneDrive\VS\Projects\DocxDocument\DocumentModel.InOpenXml\Drawings.ChartDrawings\DataLabelVisibilities.cs","43","Property","nameof(DXO16DCD.DataLabelVisibilities.Value)","bool?","Value","_Value"
"D:\OneDrive\VS\Projects\DocxDocument\DocumentModel.InOpenXml\Drawings.ChartDrawings\DataPoint.cs","30","Property","nameof(DXO16DCD.DataPoint.Idx)","UInt32?","Idx","_Idx"
"D:\OneDrive\VS\Projects\DocxDocument\DocumentModel.InOpenXml\Drawings.ChartDrawings\DataPoint.cs","37","Property","nameof(DXO16DCD.DataPoint.ShapeProperties)","ShapeProperties?","ShapeProperties","_ShapeProperties"
"D:\OneDrive\VS\Projects\DocxDocument\DocumentModel.InOpenXml\Drawings.ChartDrawings\DataPoint.cs","44","Property","nameof(DXO16DCD.DataPoint.ExtensionList)","IExtensionList?","ExtensionList","_ExtensionList"
"D:\OneDrive\VS\Projects\DocxDocument\DocumentModel.InOpenXml\Drawings.ChartDrawings\ExternalData.cs","33","Property","nameof(DXO16DCD.ExternalData.Id)","string?","Id","_Id"
"D:\OneDrive\VS\Projects\DocxDocument\DocumentModel.InOpenXml\Drawings.ChartDrawings\ExternalData.cs","40","Property","nameof(DXO16DCD.ExternalData.AutoUpdate)","bool?","AutoUpdate","_AutoUpdate"
"D:\OneDrive\VS\Projects\DocxDocument\DocumentModel.InOpenXml\Drawings.ChartDrawings\FormatOverride.cs","32","Property","nameof(DXO16DCD.FormatOverride.Idx)","UInt32?","Idx","_Idx"
"D:\OneDrive\VS\Projects\DocxDocument\DocumentModel.InOpenXml\Drawings.ChartDrawings\FormatOverride.cs","39","Property","nameof(DXO16DCD.FormatOverride.ShapeProperties)","ShapeProperties?","ShapeProperties","_ShapeProperties"
"D:\OneDrive\VS\Projects\DocxDocument\DocumentModel.InOpenXml\Drawings.ChartDrawings\FormatOverride.cs","46","Property","nameof(DXO16DCD.FormatOverride.ExtensionList)","IExtensionList?","ExtensionList","_ExtensionList"
"D:\OneDrive\VS\Projects\DocxDocument\DocumentModel.InOpenXml\Drawings.ChartDrawings\GeoCache.cs","32","Property","nameof(DXO16DCD.GeoCache.Provider)","string?","Provider","_Provider"
"D:\OneDrive\VS\Projects\DocxDocument\DocumentModel.InOpenXml\Drawings.ChartDrawings\GeoChildEntitiesQuery.cs","32","Property","nameof(DXO16DCD.GeoChildEntitiesQuery.EntityId)","string?","EntityId","_EntityId"
"D:\OneDrive\VS\Projects\DocxDocument\DocumentModel.InOpenXml\Drawings.ChartDrawings\GeoChildEntitiesQuery.cs","39","Property","nameof(DXO16DCD.GeoChildEntitiesQuery.GeoChildTypes)","List<string>?","GeoChildTypes","_GeoChildTypes"
"D:\OneDrive\VS\Projects\DocxDocument\DocumentModel.InOpenXml\Drawings.ChartDrawings\GeoChildEntitiesQueryResult.cs","33","Property","nameof(DXO16DCD.GeoChildEntitiesQueryResult.GeoChildEntitiesQuery)","GeoChildEntitiesQuery?","GeoChildEntitiesQuery","_GeoChildEntitiesQuery"
"D:\OneDrive\VS\Projects\DocxDocument\DocumentModel.InOpenXml\Drawings.ChartDrawings\GeoChildEntitiesQueryResult.cs","40","Property","nameof(DXO16DCD.GeoChildEntitiesQueryResult.GeoChildEntities)","GeoChildEntities?","GeoChildEntities","_GeoChildEntities"
"D:\OneDrive\VS\Projects\DocxDocument\DocumentModel.InOpenXml\Drawings.ChartDrawings\GeoData.cs","34","Property","nameof(DXO16DCD.GeoData.EntityName)","string?","EntityName","_EntityName"
"D:\OneDrive\VS\Projects\DocxDocument\DocumentModel.InOpenXml\Drawings.ChartDrawings\GeoData.cs","41","Property","nameof(DXO16DCD.GeoData.EntityId)","string?","EntityId","_EntityId"
"D:\OneDrive\VS\Projects\DocxDocument\DocumentModel.InOpenXml\Drawings.ChartDrawings\GeoData.cs","48","Property","nameof(DXO16DCD.GeoData.East)","Double?","East","_East"
"D:\OneDrive\VS\Projects\DocxDocument\DocumentModel.InOpenXml\Drawings.ChartDrawings\GeoData.cs","55","Property","nameof(DXO16DCD.GeoData.West)","Double?","West","_West"
"D:\OneDrive\VS\Projects\DocxDocument\DocumentModel.InOpenXml\Drawings.ChartDrawings\GeoData.cs","62","Property","nameof(DXO16DCD.GeoData.North)","Double?","North","_North"
"D:\OneDrive\VS\Projects\DocxDocument\DocumentModel.InOpenXml\Drawings.ChartDrawings\GeoData.cs","69","Property","nameof(DXO16DCD.GeoData.South)","Double?","South","_South"
"D:\OneDrive\VS\Projects\DocxDocument\DocumentModel.InOpenXml\Drawings.ChartDrawings\GeoData.cs","76","Property","nameof(DXO16DCD.GeoData.GeoPolygons)","GeoPolygons?","GeoPolygons","_GeoPolygons"
"D:\OneDrive\VS\Projects\DocxDocument\DocumentModel.InOpenXml\Drawings.ChartDrawings\GeoData.cs","83","Property","nameof(DXO16DCD.GeoData.Copyrights)","Copyrights?","Copyrights","_Copyrights"
"D:\OneDrive\VS\Projects\DocxDocument\DocumentModel.InOpenXml\Drawings.ChartDrawings\GeoDataEntityQuery.cs","35","Property","nameof(DXO16DCD.GeoDataEntityQuery.EntityType)","EntityTypeEnum?","EntityType","_EntityType"
"D:\OneDrive\VS\Projects\DocxDocument\DocumentModel.InOpenXml\Drawings.ChartDrawings\GeoDataEntityQuery.cs","42","Property","nameof(DXO16DCD.GeoDataEntityQuery.EntityId)","string?","EntityId","_EntityId"
"D:\OneDrive\VS\Projects\DocxDocument\DocumentModel.InOpenXml\Drawings.ChartDrawings\GeoDataEntityQueryResult.cs","35","Property","nameof(DXO16DCD.GeoDataEntityQueryResult.GeoDataEntityQuery)","GeoDataEntityQuery?","GeoDataEntityQuery","_GeoDataEntityQuery"
"D:\OneDrive\VS\Projects\DocxDocument\DocumentModel.InOpenXml\Drawings.ChartDrawings\GeoDataEntityQueryResult.cs","42","Property","nameof(DXO16DCD.GeoDataEntityQueryResult.GeoData)","GeoData?","GeoData","_GeoData"
"D:\OneDrive\VS\Projects\DocxDocument\DocumentModel.InOpenXml\Drawings.ChartDrawings\GeoDataPointQuery.cs","36","Property","nameof(DXO16DCD.GeoDataPointQuery.EntityType)","EntityTypeEnum?","EntityType","_EntityType"
"D:\OneDrive\VS\Projects\DocxDocument\DocumentModel.InOpenXml\Drawings.ChartDrawings\GeoDataPointQuery.cs","43","Property","nameof(DXO16DCD.GeoDataPointQuery.Latitude)","Double?","Latitude","_Latitude"
"D:\OneDrive\VS\Projects\DocxDocument\DocumentModel.InOpenXml\Drawings.ChartDrawings\GeoDataPointQuery.cs","50","Property","nameof(DXO16DCD.GeoDataPointQuery.Longitude)","Double?","Longitude","_Longitude"
"D:\OneDrive\VS\Projects\DocxDocument\DocumentModel.InOpenXml\Drawings.ChartDrawings\GeoDataPointToEntityQuery.cs","37","Property","nameof(DXO16DCD.GeoDataPointToEntityQuery.EntityType)","EntityTypeEnum?","EntityType","_EntityType"
"D:\OneDrive\VS\Projects\DocxDocument\DocumentModel.InOpenXml\Drawings.ChartDrawings\GeoDataPointToEntityQuery.cs","44","Property","nameof(DXO16DCD.GeoDataPointToEntityQuery.EntityId)","string?","EntityId","_EntityId"
"D:\OneDrive\VS\Projects\DocxDocument\DocumentModel.InOpenXml\Drawings.ChartDrawings\GeoDataPointToEntityQueryResult.cs","34","Property","nameof(DXO16DCD.GeoDataPointToEntityQueryResult.GeoDataPointQuery)","GeoDataPointQuery?","GeoDataPointQuery","_GeoDataPointQuery"
"D:\OneDrive\VS\Projects\DocxDocument\DocumentModel.InOpenXml\Drawings.ChartDrawings\GeoDataPointToEntityQueryResult.cs","41","Property","nameof(DXO16DCD.GeoDataPointToEntityQueryResult.GeoDataPointToEntityQuery)","GeoDataPointToEntityQuery?","GeoDataPointToEntityQuery","_GeoDataPointToEntityQuery"
"D:\OneDrive\VS\Projects\DocxDocument\DocumentModel.InOpenXml\Drawings.ChartDrawings\GeoEntity.cs","35","Property","nameof(DXO16DCD.GeoEntity.EntityName)","string?","EntityName","_EntityName"
"D:\OneDrive\VS\Projects\DocxDocument\DocumentModel.InOpenXml\Drawings.ChartDrawings\GeoEntity.cs","42","Property","nameof(DXO16DCD.GeoEntity.EntityType)","EntityTypeEnum?","EntityType","_EntityType"
"D:\OneDrive\VS\Projects\DocxDocument\DocumentModel.InOpenXml\Drawings.ChartDrawings\Geography.cs","36","Property","nameof(DXO16DCD.Geography.ProjectionType)","GeoProjectionType?","ProjectionType","_ProjectionType"
"D:\OneDrive\VS\Projects\DocxDocument\DocumentModel.InOpenXml\Drawings.ChartDrawings\Geography.cs","43","Property","nameof(DXO16DCD.Geography.ViewedRegionType)","GeoMappingLevel?","ViewedRegionType","_ViewedRegionType"
"D:\OneDrive\VS\Projects\DocxDocument\DocumentModel.InOpenXml\Drawings.ChartDrawings\Geography.cs","50","Property","nameof(DXO16DCD.Geography.CultureLanguage)","string?","CultureLanguage","_CultureLanguage"
"D:\OneDrive\VS\Projects\DocxDocument\DocumentModel.InOpenXml\Drawings.ChartDrawings\Geography.cs","57","Property","nameof(DXO16DCD.Geography.CultureRegion)","string?","CultureRegion","_CultureRegion"
"D:\OneDrive\VS\Projects\DocxDocument\DocumentModel.InOpenXml\Drawings.ChartDrawings\Geography.cs","64","Property","nameof(DXO16DCD.Geography.Attribution)","string?","Attribution","_Attribution"
"D:\OneDrive\VS\Projects\DocxDocument\DocumentModel.InOpenXml\Drawings.ChartDrawings\Geography.cs","71","Property","nameof(DXO16DCD.Geography.GeoCache)","GeoCache?","GeoCache","_GeoCache"
"D:\OneDrive\VS\Projects\DocxDocument\DocumentModel.InOpenXml\Drawings.ChartDrawings\GeoHierarchyEntity.cs","37","Property","nameof(DXO16DCD.GeoHierarchyEntity.EntityName)","string?","EntityName","_EntityName"
"D:\OneDrive\VS\Projects\DocxDocument\DocumentModel.InOpenXml\Drawings.ChartDrawings\GeoHierarchyEntity.cs","44","Property","nameof(DXO16DCD.GeoHierarchyEntity.EntityId)","string?","EntityId","_EntityId"
"D:\OneDrive\VS\Projects\DocxDocument\DocumentModel.InOpenXml\Drawings.ChartDrawings\GeoHierarchyEntity.cs","51","Property","nameof(DXO16DCD.GeoHierarchyEntity.EntityType)","EntityTypeEnum?","EntityType","_EntityType"
"D:\OneDrive\VS\Projects\DocxDocument\DocumentModel.InOpenXml\Drawings.ChartDrawings\GeoLocation.cs","37","Property","nameof(DXO16DCD.GeoLocation.Latitude)","Double?","Latitude","_Latitude"
"D:\OneDrive\VS\Projects\DocxDocument\DocumentModel.InOpenXml\Drawings.ChartDrawings\GeoLocation.cs","44","Property","nameof(DXO16DCD.GeoLocation.Longitude)","Double?","Longitude","_Longitude"
"D:\OneDrive\VS\Projects\DocxDocument\DocumentModel.InOpenXml\Drawings.ChartDrawings\GeoLocation.cs","51","Property","nameof(DXO16DCD.GeoLocation.EntityName)","string?","EntityName","_EntityName"
"D:\OneDrive\VS\Projects\DocxDocument\DocumentModel.InOpenXml\Drawings.ChartDrawings\GeoLocation.cs","58","Property","nameof(DXO16DCD.GeoLocation.EntityType)","EntityTypeEnum?","EntityType","_EntityType"
"D:\OneDrive\VS\Projects\DocxDocument\DocumentModel.InOpenXml\Drawings.ChartDrawings\GeoLocation.cs","65","Property","nameof(DXO16DCD.GeoLocation.Address)","Address?","Address","_Address"
"D:\OneDrive\VS\Projects\DocxDocument\DocumentModel.InOpenXml\Drawings.ChartDrawings\GeoLocationQuery.cs","38","Property","nameof(DXO16DCD.GeoLocationQuery.CountryRegion)","string?","CountryRegion","_CountryRegion"
"D:\OneDrive\VS\Projects\DocxDocument\DocumentModel.InOpenXml\Drawings.ChartDrawings\GeoLocationQuery.cs","45","Property","nameof(DXO16DCD.GeoLocationQuery.AdminDistrict1)","string?","AdminDistrict1","_AdminDistrict1"
"D:\OneDrive\VS\Projects\DocxDocument\DocumentModel.InOpenXml\Drawings.ChartDrawings\GeoLocationQuery.cs","52","Property","nameof(DXO16DCD.GeoLocationQuery.AdminDistrict2)","string?","AdminDistrict2","_AdminDistrict2"
"D:\OneDrive\VS\Projects\DocxDocument\DocumentModel.InOpenXml\Drawings.ChartDrawings\GeoLocationQuery.cs","59","Property","nameof(DXO16DCD.GeoLocationQuery.PostalCode)","string?","PostalCode","_PostalCode"
"D:\OneDrive\VS\Projects\DocxDocument\DocumentModel.InOpenXml\Drawings.ChartDrawings\GeoLocationQuery.cs","66","Property","nameof(DXO16DCD.GeoLocationQuery.EntityType)","EntityTypeEnum?","EntityType","_EntityType"
"D:\OneDrive\VS\Projects\DocxDocument\DocumentModel.InOpenXml\Drawings.ChartDrawings\GeoLocationQueryResult.cs","35","Property","nameof(DXO16DCD.GeoLocationQueryResult.GeoLocationQuery)","GeoLocationQuery?","GeoLocationQuery","_GeoLocationQuery"
"D:\OneDrive\VS\Projects\DocxDocument\DocumentModel.InOpenXml\Drawings.ChartDrawings\GeoLocationQueryResult.cs","42","Property","nameof(DXO16DCD.GeoLocationQueryResult.GeoLocations)","GeoLocations?","GeoLocations","_GeoLocations"
"D:\OneDrive\VS\Projects\DocxDocument\DocumentModel.InOpenXml\Drawings.ChartDrawings\GeoParentEntitiesQuery.cs","34","Property","nameof(DXO16DCD.GeoParentEntitiesQuery.EntityId)","string?","EntityId","_EntityId"
"D:\OneDrive\VS\Projects\DocxDocument\DocumentModel.InOpenXml\Drawings.ChartDrawings\GeoParentEntitiesQueryResult.cs","36","Property","nameof(DXO16DCD.GeoParentEntitiesQueryResult.GeoParentEntitiesQuery)","GeoParentEntitiesQuery?","GeoParentEntitiesQuery","_GeoParentEntitiesQuery"
"D:\OneDrive\VS\Projects\DocxDocument\DocumentModel.InOpenXml\Drawings.ChartDrawings\GeoParentEntitiesQueryResult.cs","43","Property","nameof(DXO16DCD.GeoParentEntitiesQueryResult.GeoEntity)","GeoEntity?","GeoEntity","_GeoEntity"
"D:\OneDrive\VS\Projects\DocxDocument\DocumentModel.InOpenXml\Drawings.ChartDrawings\GeoParentEntitiesQueryResult.cs","50","Property","nameof(DXO16DCD.GeoParentEntitiesQueryResult.GeoParentEntity)","GeoParentEntity?","GeoParentEntity","_GeoParentEntity"
"D:\OneDrive\VS\Projects\DocxDocument\DocumentModel.InOpenXml\Drawings.ChartDrawings\GeoParentEntity.cs","36","Property","nameof(DXO16DCD.GeoParentEntity.EntityId)","string?","EntityId","_EntityId"
"D:\OneDrive\VS\Projects\DocxDocument\DocumentModel.InOpenXml\Drawings.ChartDrawings\GeoPolygon.cs","33","Property","nameof(DXO16DCD.GeoPolygon.PolygonId)","string?","PolygonId","_PolygonId"
"D:\OneDrive\VS\Projects\DocxDocument\DocumentModel.InOpenXml\Drawings.ChartDrawings\GeoPolygon.cs","40","Property","nameof(DXO16DCD.GeoPolygon.NumPoints)","Int64?","NumPoints","_NumPoints"
"D:\OneDrive\VS\Projects\DocxDocument\DocumentModel.InOpenXml\Drawings.ChartDrawings\GeoPolygon.cs","47","Property","nameof(DXO16DCD.GeoPolygon.PcaRings)","string?","PcaRings","_PcaRings"
"D:\OneDrive\VS\Projects\DocxDocument\DocumentModel.InOpenXml\Drawings.ChartDrawings\HeaderFooter.cs","31","Property","nameof(DXO16DCD.HeaderFooter.AlignWithMargins)","bool?","AlignWithMargins","_AlignWithMargins"
"D:\OneDrive\VS\Projects\DocxDocument\DocumentModel.InOpenXml\Drawings.ChartDrawings\HeaderFooter.cs","38","Property","nameof(DXO16DCD.HeaderFooter.DifferentOddEven)","bool?","DifferentOddEven","_DifferentOddEven"
"D:\OneDrive\VS\Projects\DocxDocument\DocumentModel.InOpenXml\Drawings.ChartDrawings\HeaderFooter.cs","45","Property","nameof(DXO16DCD.HeaderFooter.DifferentFirst)","bool?","DifferentFirst","_DifferentFirst"
"D:\OneDrive\VS\Projects\DocxDocument\DocumentModel.InOpenXml\Drawings.ChartDrawings\HeaderFooter.cs","52","Property","nameof(DXO16DCD.HeaderFooter.OddHeaderXsdstring)","string?","OddHeaderXsdString","_OddHeaderXsdString"
"D:\OneDrive\VS\Projects\DocxDocument\DocumentModel.InOpenXml\Drawings.ChartDrawings\HeaderFooter.cs","59","Property","nameof(DXO16DCD.HeaderFooter.OddFooterXsdstring)","string?","OddFooterXsdString","_OddFooterXsdString"
"D:\OneDrive\VS\Projects\DocxDocument\DocumentModel.InOpenXml\Drawings.ChartDrawings\HeaderFooter.cs","66","Property","nameof(DXO16DCD.HeaderFooter.EvenHeaderXsdstring)","string?","EvenHeaderXsdString","_EvenHeaderXsdString"
"D:\OneDrive\VS\Projects\DocxDocument\DocumentModel.InOpenXml\Drawings.ChartDrawings\HeaderFooter.cs","73","Property","nameof(DXO16DCD.HeaderFooter.EvenFooterXsdstring)","string?","EvenFooterXsdString","_EvenFooterXsdString"
"D:\OneDrive\VS\Projects\DocxDocument\DocumentModel.InOpenXml\Drawings.ChartDrawings\HeaderFooter.cs","80","Property","nameof(DXO16DCD.HeaderFooter.FirstHeaderXsdstring)","string?","FirstHeaderXsdString","_FirstHeaderXsdString"
"D:\OneDrive\VS\Projects\DocxDocument\DocumentModel.InOpenXml\Drawings.ChartDrawings\HeaderFooter.cs","87","Property","nameof(DXO16DCD.HeaderFooter.FirstFooterXsdstring)","string?","FirstFooterXsdString","_FirstFooterXsdString"
"D:\OneDrive\VS\Projects\DocxDocument\DocumentModel.InOpenXml\Drawings.ChartDrawings\Legend.cs","16","Property","nameof(DXO16DCD.Legend.Pos)","SidePos?","Pos","_Pos"
"D:\OneDrive\VS\Projects\DocxDocument\DocumentModel.InOpenXml\Drawings.ChartDrawings\Legend.cs","23","Property","nameof(DXO16DCD.Legend.Align)","PosAlign?","Align","_Align"
"D:\OneDrive\VS\Projects\DocxDocument\DocumentModel.InOpenXml\Drawings.ChartDrawings\Legend.cs","30","Property","nameof(DXO16DCD.Legend.Overlay)","bool?","Overlay","_Overlay"
"D:\OneDrive\VS\Projects\DocxDocument\DocumentModel.InOpenXml\Drawings.ChartDrawings\Legend.cs","37","Property","nameof(DXO16DCD.Legend.ShapeProperties)","ShapeProperties?","ShapeProperties","_ShapeProperties"
"D:\OneDrive\VS\Projects\DocxDocument\DocumentModel.InOpenXml\Drawings.ChartDrawings\Legend.cs","44","Property","nameof(DXO16DCD.Legend.TxPrTextBody)","TxPrTextBody?","TxPrTextBody","_TxPrTextBody"
"D:\OneDrive\VS\Projects\DocxDocument\DocumentModel.InOpenXml\Drawings.ChartDrawings\MajorGridlinesGridlines.cs","14","Property","nameof(DXO16DCD.MajorGridlinesGridlines.ShapeProperties)","ShapeProperties?","ShapeProperties","_ShapeProperties"
"D:\OneDrive\VS\Projects\DocxDocument\DocumentModel.InOpenXml\Drawings.ChartDrawings\MajorGridlinesGridlines.cs","21","Property","nameof(DXO16DCD.MajorGridlinesGridlines.ExtensionList)","IExtensionList?","ExtensionList","_ExtensionList"
"D:\OneDrive\VS\Projects\DocxDocument\DocumentModel.InOpenXml\Drawings.ChartDrawings\MajorTickMarksTickMarks.cs","14","Property","nameof(DXO16DCD.MajorTickMarksTickMarks.ExtensionList)","IExtensionList?","ExtensionList","_ExtensionList"
"D:\OneDrive\VS\Projects\DocxDocument\DocumentModel.InOpenXml\Drawings.ChartDrawings\MaxValueColorEndPosition.cs","14","Property","nameof(DXO16DCD.MaxValueColorEndPosition.ExtremeValueColorPosition)","bool?","ExtremeValueColorPosition","_ExtremeValueColorPosition"
"D:\OneDrive\VS\Projects\DocxDocument\DocumentModel.InOpenXml\Drawings.ChartDrawings\MaxValueColorEndPosition.cs","21","Property","nameof(DXO16DCD.MaxValueColorEndPosition.NumberColorPosition)","Double?","NumberColorPosition","_NumberColorPosition"
"D:\OneDrive\VS\Projects\DocxDocument\DocumentModel.InOpenXml\Drawings.ChartDrawings\MaxValueColorEndPosition.cs","28","Property","nameof(DXO16DCD.MaxValueColorEndPosition.PercentageColorPosition)","Double?","PercentageColorPosition","_PercentageColorPosition"
"D:\OneDrive\VS\Projects\DocxDocument\DocumentModel.InOpenXml\Drawings.ChartDrawings\MinorGridlinesGridlines.cs","14","Property","nameof(DXO16DCD.MinorGridlinesGridlines.ShapeProperties)","ShapeProperties?","ShapeProperties","_ShapeProperties"
"D:\OneDrive\VS\Projects\DocxDocument\DocumentModel.InOpenXml\Drawings.ChartDrawings\MinorGridlinesGridlines.cs","21","Property","nameof(DXO16DCD.MinorGridlinesGridlines.ExtensionList)","IExtensionList?","ExtensionList","_ExtensionList"
"D:\OneDrive\VS\Projects\DocxDocument\DocumentModel.InOpenXml\Drawings.ChartDrawings\MinorTickMarksTickMarks.cs","14","Property","nameof(DXO16DCD.MinorTickMarksTickMarks.ExtensionList)","IExtensionList?","ExtensionList","_ExtensionList"
"D:\OneDrive\VS\Projects\DocxDocument\DocumentModel.InOpenXml\Drawings.ChartDrawings\MinValueColorEndPosition.cs","14","Property","nameof(DXO16DCD.MinValueColorEndPosition.ExtremeValueColorPosition)","bool?","ExtremeValueColorPosition","_ExtremeValueColorPosition"
"D:\OneDrive\VS\Projects\DocxDocument\DocumentModel.InOpenXml\Drawings.ChartDrawings\MinValueColorEndPosition.cs","21","Property","nameof(DXO16DCD.MinValueColorEndPosition.NumberColorPosition)","Double?","NumberColorPosition","_NumberColorPosition"
"D:\OneDrive\VS\Projects\DocxDocument\DocumentModel.InOpenXml\Drawings.ChartDrawings\MinValueColorEndPosition.cs","28","Property","nameof(DXO16DCD.MinValueColorEndPosition.PercentageColorPosition)","Double?","PercentageColorPosition","_PercentageColorPosition"
"D:\OneDrive\VS\Projects\DocxDocument\DocumentModel.InOpenXml\Drawings.ChartDrawings\NonVisualContentPartProperties.cs","14","Property","nameof(DXO10DCD.NonVisualContentPartProperties.NonVisualDrawingProperties)","NonVisualDrawingProperties?","NonVisualDrawingProperties","_NonVisualDrawingProperties"
"D:\OneDrive\VS\Projects\DocxDocument\DocumentModel.InOpenXml\Drawings.ChartDrawings\NonVisualContentPartProperties.cs","21","Property","nameof(DXO10DCD.NonVisualContentPartProperties.NonVisualInkContentPartProperties)","NonVisualInkContentPartProperties?","NonVisualInkContentPartProperties","_NonVisualInkContentPartProperties"
"D:\OneDrive\VS\Projects\DocxDocument\DocumentModel.InOpenXml\Drawings.ChartDrawings\NonVisualDrawingProperties.cs","14","Property","nameof(DXO10DCD.NonVisualDrawingProperties.Id)","UInt32?","Id","_Id"
"D:\OneDrive\VS\Projects\DocxDocument\DocumentModel.InOpenXml\Drawings.ChartDrawings\NonVisualDrawingProperties.cs","21","Property","nameof(DXO10DCD.NonVisualDrawingProperties.Name)","string?","Name","_Name"
"D:\OneDrive\VS\Projects\DocxDocument\DocumentModel.InOpenXml\Drawings.ChartDrawings\NonVisualDrawingProperties.cs","28","Property","nameof(DXO10DCD.NonVisualDrawingProperties.Description)","string?","Description","_Description"
"D:\OneDrive\VS\Projects\DocxDocument\DocumentModel.InOpenXml\Drawings.ChartDrawings\NonVisualDrawingProperties.cs","35","Property","nameof(DXO10DCD.NonVisualDrawingProperties.Hidden)","bool?","Hidden","_Hidden"
"D:\OneDrive\VS\Projects\DocxDocument\DocumentModel.InOpenXml\Drawings.ChartDrawings\NonVisualDrawingProperties.cs","42","Property","nameof(DXO10DCD.NonVisualDrawingProperties.Title)","string?","Title","_Title"
"D:\OneDrive\VS\Projects\DocxDocument\DocumentModel.InOpenXml\Drawings.ChartDrawings\NonVisualDrawingProperties.cs","49","Property","nameof(DXO10DCD.NonVisualDrawingProperties.HyperlinkOnClick)","HyperlinkOnClick?","HyperlinkOnClick","_HyperlinkOnClick"
"D:\OneDrive\VS\Projects\DocxDocument\DocumentModel.InOpenXml\Drawings.ChartDrawings\NonVisualDrawingProperties.cs","56","Property","nameof(DXO10DCD.NonVisualDrawingProperties.HyperlinkOnHover)","HyperlinkOnHover?","HyperlinkOnHover","_HyperlinkOnHover"
"D:\OneDrive\VS\Projects\DocxDocument\DocumentModel.InOpenXml\Drawings.ChartDrawings\NonVisualDrawingProperties.cs","63","Property","nameof(DXO10DCD.NonVisualDrawingProperties.NonVisualDrawingPropertiesExtensionList)","NonVisualDrawingPropertiesExtensionList?","NonVisualDrawingPropertiesExtensionList","_NonVisualDrawingPropertiesExtensionList"
"D:\OneDrive\VS\Projects\DocxDocument\DocumentModel.InOpenXml\Drawings.ChartDrawings\NonVisualInkContentPartProperties.cs","14","Property","nameof(DXO10DCD.NonVisualInkContentPartProperties.IsComment)","bool?","IsComment","_IsComment"
"D:\OneDrive\VS\Projects\DocxDocument\DocumentModel.InOpenXml\Drawings.ChartDrawings\NonVisualInkContentPartProperties.cs","21","Property","nameof(DXO10DCD.NonVisualInkContentPartProperties.ContentPartLocks)","ContentPartLocks?","ContentPartLocks","_ContentPartLocks"
"D:\OneDrive\VS\Projects\DocxDocument\DocumentModel.InOpenXml\Drawings.ChartDrawings\NonVisualInkContentPartProperties.cs","28","Property","nameof(DXO10DCD.NonVisualInkContentPartProperties.OfficeArtExtensionList)","OfficeArtExtensionList?","OfficeArtExtensionList","_OfficeArtExtensionList"
"D:\OneDrive\VS\Projects\DocxDocument\DocumentModel.InOpenXml\Drawings.ChartDrawings\NumberFormat.cs","14","Property","nameof(DXO16DCD.NumberFormat.FormatCode)","string?","FormatCode","_FormatCode"
"D:\OneDrive\VS\Projects\DocxDocument\DocumentModel.InOpenXml\Drawings.ChartDrawings\NumberFormat.cs","21","Property","nameof(DXO16DCD.NumberFormat.SourceLinked)","bool?","SourceLinked","_SourceLinked"
"D:\OneDrive\VS\Projects\DocxDocument\DocumentModel.InOpenXml\Drawings.ChartDrawings\NumericLevel.cs","14","Property","nameof(DXO16DCD.NumericLevel.PtCount)","UInt32?","PtCount","_PtCount"
"D:\OneDrive\VS\Projects\DocxDocument\DocumentModel.InOpenXml\Drawings.ChartDrawings\NumericLevel.cs","21","Property","nameof(DXO16DCD.NumericLevel.FormatCode)","string?","FormatCode","_FormatCode"
"D:\OneDrive\VS\Projects\DocxDocument\DocumentModel.InOpenXml\Drawings.ChartDrawings\NumericLevel.cs","28","Property","nameof(DXO16DCD.NumericLevel.Name)","string?","Name","_Name"
"D:\OneDrive\VS\Projects\DocxDocument\DocumentModel.InOpenXml\Drawings.ChartDrawings\NumericValue.cs","14","Property","nameof(DXO16DCD.NumericValue.Idx)","UInt32?","Idx","_Idx"
"D:\OneDrive\VS\Projects\DocxDocument\DocumentModel.InOpenXml\Drawings.ChartDrawings\OpenXmlFormulaElement.cs","16","Property","nameof(DXO16DCD.OpenXmlFormulaElement.Dir)","FormulaDirection?","Dir","_Dir"
"D:\OneDrive\VS\Projects\DocxDocument\DocumentModel.InOpenXml\Drawings.ChartDrawings\OpenXmlGridlinesElement.cs","14","Property","nameof(DXO16DCD.OpenXmlGridlinesElement.ShapeProperties)","ShapeProperties?","ShapeProperties","_ShapeProperties"
"D:\OneDrive\VS\Projects\DocxDocument\DocumentModel.InOpenXml\Drawings.ChartDrawings\OpenXmlGridlinesElement.cs","21","Property","nameof(DXO16DCD.OpenXmlGridlinesElement.ExtensionList)","IExtensionList?","ExtensionList","_ExtensionList"
"D:\OneDrive\VS\Projects\DocxDocument\DocumentModel.InOpenXml\Drawings.ChartDrawings\OpenXmlTickMarksElement.cs","16","Property","nameof(DXO16DCD.OpenXmlTickMarksElement.Type)","TickMarksType?","Type","_Type"
"D:\OneDrive\VS\Projects\DocxDocument\DocumentModel.InOpenXml\Drawings.ChartDrawings\OpenXmlTickMarksElement.cs","23","Property","nameof(DXO16DCD.OpenXmlTickMarksElement.ExtensionList)","IExtensionList?","ExtensionList","_ExtensionList"
"D:\OneDrive\VS\Projects\DocxDocument\DocumentModel.InOpenXml\Drawings.ChartDrawings\OpenXmlValueColorEndPositionElement.cs","14","Property","nameof(DXO16DCD.OpenXmlValueColorEndPositionElement.ExtremeValueColorPosition)","bool?","ExtremeValueColorPosition","_ExtremeValueColorPosition"
"D:\OneDrive\VS\Projects\DocxDocument\DocumentModel.InOpenXml\Drawings.ChartDrawings\OpenXmlValueColorEndPositionElement.cs","21","Property","nameof(DXO16DCD.OpenXmlValueColorEndPositionElement.NumberColorPosition)","Double?","NumberColorPosition","_NumberColorPosition"
"D:\OneDrive\VS\Projects\DocxDocument\DocumentModel.InOpenXml\Drawings.ChartDrawings\OpenXmlValueColorEndPositionElement.cs","28","Property","nameof(DXO16DCD.OpenXmlValueColorEndPositionElement.PercentageColorPosition)","Double?","PercentageColorPosition","_PercentageColorPosition"
"D:\OneDrive\VS\Projects\DocxDocument\DocumentModel.InOpenXml\Drawings.ChartDrawings\PageMargins.cs","14","Property","nameof(DXO16DCD.PageMargins.L)","Double?","L","_L"
"D:\OneDrive\VS\Projects\DocxDocument\DocumentModel.InOpenXml\Drawings.ChartDrawings\PageMargins.cs","21","Property","nameof(DXO16DCD.PageMargins.R)","Double?","R","_R"
"D:\OneDrive\VS\Projects\DocxDocument\DocumentModel.InOpenXml\Drawings.ChartDrawings\PageMargins.cs","28","Property","nameof(DXO16DCD.PageMargins.T)","Double?","T","_T"
"D:\OneDrive\VS\Projects\DocxDocument\DocumentModel.InOpenXml\Drawings.ChartDrawings\PageMargins.cs","35","Property","nameof(DXO16DCD.PageMargins.B)","Double?","B","_B"
"D:\OneDrive\VS\Projects\DocxDocument\DocumentModel.InOpenXml\Drawings.ChartDrawings\PageMargins.cs","42","Property","nameof(DXO16DCD.PageMargins.Header)","Double?","Header","_Header"
"D:\OneDrive\VS\Projects\DocxDocument\DocumentModel.InOpenXml\Drawings.ChartDrawings\PageMargins.cs","49","Property","nameof(DXO16DCD.PageMargins.Footer)","Double?","Footer","_Footer"
"D:\OneDrive\VS\Projects\DocxDocument\DocumentModel.InOpenXml\Drawings.ChartDrawings\PageSetup.cs","16","Property","nameof(DXO16DCD.PageSetup.PaperSize)","UInt32?","PaperSize","_PaperSize"
"D:\OneDrive\VS\Projects\DocxDocument\DocumentModel.InOpenXml\Drawings.ChartDrawings\PageSetup.cs","23","Property","nameof(DXO16DCD.PageSetup.FirstPageNumber)","UInt32?","FirstPageNumber","_FirstPageNumber"
"D:\OneDrive\VS\Projects\DocxDocument\DocumentModel.InOpenXml\Drawings.ChartDrawings\PageSetup.cs","30","Property","nameof(DXO16DCD.PageSetup.Orientation)","PageOrientation?","Orientation","_Orientation"
"D:\OneDrive\VS\Projects\DocxDocument\DocumentModel.InOpenXml\Drawings.ChartDrawings\PageSetup.cs","37","Property","nameof(DXO16DCD.PageSetup.BlackAndWhite)","bool?","BlackAndWhite","_BlackAndWhite"
"D:\OneDrive\VS\Projects\DocxDocument\DocumentModel.InOpenXml\Drawings.ChartDrawings\PageSetup.cs","44","Property","nameof(DXO16DCD.PageSetup.Draft)","bool?","Draft","_Draft"
"D:\OneDrive\VS\Projects\DocxDocument\DocumentModel.InOpenXml\Drawings.ChartDrawings\PageSetup.cs","51","Property","nameof(DXO16DCD.PageSetup.UseFirstPageNumber)","bool?","UseFirstPageNumber","_UseFirstPageNumber"
"D:\OneDrive\VS\Projects\DocxDocument\DocumentModel.InOpenXml\Drawings.ChartDrawings\PageSetup.cs","58","Property","nameof(DXO16DCD.PageSetup.HorizontalDpi)","Int32?","HorizontalDpi","_HorizontalDpi"
"D:\OneDrive\VS\Projects\DocxDocument\DocumentModel.InOpenXml\Drawings.ChartDrawings\PageSetup.cs","65","Property","nameof(DXO16DCD.PageSetup.VerticalDpi)","Int32?","VerticalDpi","_VerticalDpi"
"D:\OneDrive\VS\Projects\DocxDocument\DocumentModel.InOpenXml\Drawings.ChartDrawings\PageSetup.cs","72","Property","nameof(DXO16DCD.PageSetup.Copies)","UInt32?","Copies","_Copies"
"D:\OneDrive\VS\Projects\DocxDocument\DocumentModel.InOpenXml\Drawings.ChartDrawings\ParentLabelLayout.cs","16","Property","nameof(DXO16DCD.ParentLabelLayout.ParentLabelLayoutVal)","ParentLabelLayoutVal?","ParentLabelLayoutVal","_ParentLabelLayoutVal"
"D:\OneDrive\VS\Projects\DocxDocument\DocumentModel.InOpenXml\Drawings.ChartDrawings\PlotArea.cs","14","Property","nameof(DXO16DCD.PlotArea.PlotAreaRegion)","PlotAreaRegion?","PlotAreaRegion","_PlotAreaRegion"
"D:\OneDrive\VS\Projects\DocxDocument\DocumentModel.InOpenXml\Drawings.ChartDrawings\PlotAreaRegion.cs","14","Property","nameof(DXO16DCD.PlotAreaRegion.PlotSurface)","PlotSurface?","PlotSurface","_PlotSurface"
"D:\OneDrive\VS\Projects\DocxDocument\DocumentModel.InOpenXml\Drawings.ChartDrawings\PlotSurface.cs","14","Property","nameof(DXO16DCD.PlotSurface.ShapeProperties)","ShapeProperties?","ShapeProperties","_ShapeProperties"
"D:\OneDrive\VS\Projects\DocxDocument\DocumentModel.InOpenXml\Drawings.ChartDrawings\PlotSurface.cs","21","Property","nameof(DXO16DCD.PlotSurface.ExtensionList)","IExtensionList?","ExtensionList","_ExtensionList"
"D:\OneDrive\VS\Projects\DocxDocument\DocumentModel.InOpenXml\Drawings.ChartDrawings\PrintSettings.cs","14","Property","nameof(DXO16DCD.PrintSettings.HeaderFooter)","HeaderFooter?","HeaderFooter","_HeaderFooter"
"D:\OneDrive\VS\Projects\DocxDocument\DocumentModel.InOpenXml\Drawings.ChartDrawings\PrintSettings.cs","21","Property","nameof(DXO16DCD.PrintSettings.PageMargins)","PageMargins?","PageMargins","_PageMargins"
"D:\OneDrive\VS\Projects\DocxDocument\DocumentModel.InOpenXml\Drawings.ChartDrawings\PrintSettings.cs","28","Property","nameof(DXO16DCD.PrintSettings.PageSetup)","PageSetup?","PageSetup","_PageSetup"
"D:\OneDrive\VS\Projects\DocxDocument\DocumentModel.InOpenXml\Drawings.ChartDrawings\RichTextBody.cs","14","Property","nameof(DXO16DCD.RichTextBody.BodyProperties)","BodyProperties?","BodyProperties","_BodyProperties"
"D:\OneDrive\VS\Projects\DocxDocument\DocumentModel.InOpenXml\Drawings.ChartDrawings\RichTextBody.cs","21","Property","nameof(DXO16DCD.RichTextBody.ListStyle)","ListStyle?","ListStyle","_ListStyle"
"D:\OneDrive\VS\Projects\DocxDocument\DocumentModel.InOpenXml\Drawings.ChartDrawings\Series.cs","16","Property","nameof(DXO16DCD.Series.LayoutId)","SeriesLayout?","LayoutId","_LayoutId"
"D:\OneDrive\VS\Projects\DocxDocument\DocumentModel.InOpenXml\Drawings.ChartDrawings\Series.cs","23","Property","nameof(DXO16DCD.Series.Hidden)","bool?","Hidden","_Hidden"
"D:\OneDrive\VS\Projects\DocxDocument\DocumentModel.InOpenXml\Drawings.ChartDrawings\Series.cs","30","Property","nameof(DXO16DCD.Series.OwnerIdx)","UInt32?","OwnerIdx","_OwnerIdx"
"D:\OneDrive\VS\Projects\DocxDocument\DocumentModel.InOpenXml\Drawings.ChartDrawings\Series.cs","37","Property","nameof(DXO16DCD.Series.UniqueId)","string?","UniqueId","_UniqueId"
"D:\OneDrive\VS\Projects\DocxDocument\DocumentModel.InOpenXml\Drawings.ChartDrawings\Series.cs","44","Property","nameof(DXO16DCD.Series.FormatIdx)","UInt32?","FormatIdx","_FormatIdx"
"D:\OneDrive\VS\Projects\DocxDocument\DocumentModel.InOpenXml\Drawings.ChartDrawings\Series.cs","51","Property","nameof(DXO16DCD.Series.Text)","Text?","Text","_Text"
"D:\OneDrive\VS\Projects\DocxDocument\DocumentModel.InOpenXml\Drawings.ChartDrawings\Series.cs","58","Property","nameof(DXO16DCD.Series.ShapeProperties)","ShapeProperties?","ShapeProperties","_ShapeProperties"
"D:\OneDrive\VS\Projects\DocxDocument\DocumentModel.InOpenXml\Drawings.ChartDrawings\Series.cs","65","Property","nameof(DXO16DCD.Series.ValueColors)","ValueColors?","ValueColors","_ValueColors"
"D:\OneDrive\VS\Projects\DocxDocument\DocumentModel.InOpenXml\Drawings.ChartDrawings\Series.cs","72","Property","nameof(DXO16DCD.Series.ValueColorPositions)","ValueColorPositions?","ValueColorPositions","_ValueColorPositions"
"D:\OneDrive\VS\Projects\DocxDocument\DocumentModel.InOpenXml\Drawings.ChartDrawings\SeriesElementVisibilities.cs","14","Property","nameof(DXO16DCD.SeriesElementVisibilities.ConnectorLines)","bool?","ConnectorLines","_ConnectorLines"
"D:\OneDrive\VS\Projects\DocxDocument\DocumentModel.InOpenXml\Drawings.ChartDrawings\SeriesElementVisibilities.cs","21","Property","nameof(DXO16DCD.SeriesElementVisibilities.MeanLine)","bool?","MeanLine","_MeanLine"
"D:\OneDrive\VS\Projects\DocxDocument\DocumentModel.InOpenXml\Drawings.ChartDrawings\SeriesElementVisibilities.cs","28","Property","nameof(DXO16DCD.SeriesElementVisibilities.MeanMarker)","bool?","MeanMarker","_MeanMarker"
"D:\OneDrive\VS\Projects\DocxDocument\DocumentModel.InOpenXml\Drawings.ChartDrawings\SeriesElementVisibilities.cs","35","Property","nameof(DXO16DCD.SeriesElementVisibilities.Nonoutliers)","bool?","Nonoutliers","_Nonoutliers"
"D:\OneDrive\VS\Projects\DocxDocument\DocumentModel.InOpenXml\Drawings.ChartDrawings\SeriesElementVisibilities.cs","42","Property","nameof(DXO16DCD.SeriesElementVisibilities.Outliers)","bool?","Outliers","_Outliers"
"D:\OneDrive\VS\Projects\DocxDocument\DocumentModel.InOpenXml\Drawings.ChartDrawings\SeriesLayoutProperties.cs","16","Property","nameof(DXO16DCD.SeriesLayoutProperties.ParentLabelLayout)","ParentLabelLayout?","ParentLabelLayout","_ParentLabelLayout"
"D:\OneDrive\VS\Projects\DocxDocument\DocumentModel.InOpenXml\Drawings.ChartDrawings\SeriesLayoutProperties.cs","23","Property","nameof(DXO16DCD.SeriesLayoutProperties.RegionLabelLayout)","RegionLabelLayoutEnum?","RegionLabelLayout","_RegionLabelLayout"
"D:\OneDrive\VS\Projects\DocxDocument\DocumentModel.InOpenXml\Drawings.ChartDrawings\SeriesLayoutProperties.cs","30","Property","nameof(DXO16DCD.SeriesLayoutProperties.SeriesElementVisibilities)","SeriesElementVisibilities?","SeriesElementVisibilities","_SeriesElementVisibilities"
"D:\OneDrive\VS\Projects\DocxDocument\DocumentModel.InOpenXml\Drawings.ChartDrawings\ShapeProperties.cs","14","Property","nameof(DXO16DCD.ShapeProperties.BlackWhiteMode)","BlackWhiteMode?","BlackWhiteMode","_BlackWhiteMode"
"D:\OneDrive\VS\Projects\DocxDocument\DocumentModel.InOpenXml\Drawings.ChartDrawings\ShapeProperties.cs","21","Property","nameof(DXO16DCD.ShapeProperties.Transform2D)","Drawings.Transform2D?","Transform2D","_Transform2D"
"D:\OneDrive\VS\Projects\DocxDocument\DocumentModel.InOpenXml\Drawings.ChartDrawings\Statistics.cs","16","Property","nameof(DXO16DCD.Statistics.QuartileMethod)","QuartileMethod?","QuartileMethod","_QuartileMethod"
"D:\OneDrive\VS\Projects\DocxDocument\DocumentModel.InOpenXml\Drawings.ChartDrawings\StringLevel.cs","14","Property","nameof(DXO16DCD.StringLevel.PtCount)","UInt32?","PtCount","_PtCount"
"D:\OneDrive\VS\Projects\DocxDocument\DocumentModel.InOpenXml\Drawings.ChartDrawings\StringLevel.cs","21","Property","nameof(DXO16DCD.StringLevel.Name)","string?","Name","_Name"
"D:\OneDrive\VS\Projects\DocxDocument\DocumentModel.InOpenXml\Drawings.ChartDrawings\Text.cs","14","Property","nameof(DXO16DCD.Text.TextData)","TextData?","TextData","_TextData"
"D:\OneDrive\VS\Projects\DocxDocument\DocumentModel.InOpenXml\Drawings.ChartDrawings\Text.cs","21","Property","nameof(DXO16DCD.Text.RichTextBody)","RichTextBody?","RichTextBody","_RichTextBody"
"D:\OneDrive\VS\Projects\DocxDocument\DocumentModel.InOpenXml\Drawings.ChartDrawings\TextBodyType.cs","14","Property","nameof(DXO16DCD.TextBodyType.BodyProperties)","BodyProperties?","BodyProperties","_BodyProperties"
"D:\OneDrive\VS\Projects\DocxDocument\DocumentModel.InOpenXml\Drawings.ChartDrawings\TextBodyType.cs","21","Property","nameof(DXO16DCD.TextBodyType.ListStyle)","ListStyle?","ListStyle","_ListStyle"
"D:\OneDrive\VS\Projects\DocxDocument\DocumentModel.InOpenXml\Drawings.ChartDrawings\TickLabels.cs","14","Property","nameof(DXO16DCD.TickLabels.ExtensionList)","IExtensionList?","ExtensionList","_ExtensionList"
"D:\OneDrive\VS\Projects\DocxDocument\DocumentModel.InOpenXml\Drawings.ChartDrawings\Transform2D.cs","14","Property","nameof(DXO10DCD.Transform2D.Rotation)","Int32?","Rotation","_Rotation"
"D:\OneDrive\VS\Projects\DocxDocument\DocumentModel.InOpenXml\Drawings.ChartDrawings\Transform2D.cs","21","Property","nameof(DXO10DCD.Transform2D.HorizontalFlip)","bool?","HorizontalFlip","_HorizontalFlip"
"D:\OneDrive\VS\Projects\DocxDocument\DocumentModel.InOpenXml\Drawings.ChartDrawings\Transform2D.cs","28","Property","nameof(DXO10DCD.Transform2D.VerticalFlip)","bool?","VerticalFlip","_VerticalFlip"
"D:\OneDrive\VS\Projects\DocxDocument\DocumentModel.InOpenXml\Drawings.ChartDrawings\Transform2D.cs","35","Property","nameof(DXO10DCD.Transform2D.Offset)","Point2DType?","Offset","_Offset"
"D:\OneDrive\VS\Projects\DocxDocument\DocumentModel.InOpenXml\Drawings.ChartDrawings\Transform2D.cs","42","Property","nameof(DXO10DCD.Transform2D.Extents)","PositiveSize2DType?","Extents","_Extents"
"D:\OneDrive\VS\Projects\DocxDocument\DocumentModel.InOpenXml\Drawings.ChartDrawings\TxPrTextBody.cs","14","Property","nameof(DXO16DCD.TxPrTextBody.BodyProperties)","BodyProperties?","BodyProperties","_BodyProperties"
"D:\OneDrive\VS\Projects\DocxDocument\DocumentModel.InOpenXml\Drawings.ChartDrawings\TxPrTextBody.cs","21","Property","nameof(DXO16DCD.TxPrTextBody.ListStyle)","ListStyle?","ListStyle","_ListStyle"
"D:\OneDrive\VS\Projects\DocxDocument\DocumentModel.InOpenXml\Drawings.ChartDrawings\ValueAxisScaling.cs","14","Property","nameof(DXO16DCD.ValueAxisScaling.Max)","string?","Max","_Max"
"D:\OneDrive\VS\Projects\DocxDocument\DocumentModel.InOpenXml\Drawings.ChartDrawings\ValueAxisScaling.cs","21","Property","nameof(DXO16DCD.ValueAxisScaling.Min)","string?","Min","_Min"
"D:\OneDrive\VS\Projects\DocxDocument\DocumentModel.InOpenXml\Drawings.ChartDrawings\ValueAxisScaling.cs","28","Property","nameof(DXO16DCD.ValueAxisScaling.MajorUnit)","string?","MajorUnit","_MajorUnit"
"D:\OneDrive\VS\Projects\DocxDocument\DocumentModel.InOpenXml\Drawings.ChartDrawings\ValueAxisScaling.cs","35","Property","nameof(DXO16DCD.ValueAxisScaling.MinorUnit)","string?","MinorUnit","_MinorUnit"
"D:\OneDrive\VS\Projects\DocxDocument\DocumentModel.InOpenXml\Drawings.ChartDrawings\ValueColorMiddlePosition.cs","14","Property","nameof(DXO16DCD.ValueColorMiddlePosition.NumberColorPosition)","Double?","NumberColorPosition","_NumberColorPosition"
"D:\OneDrive\VS\Projects\DocxDocument\DocumentModel.InOpenXml\Drawings.ChartDrawings\ValueColorMiddlePosition.cs","21","Property","nameof(DXO16DCD.ValueColorMiddlePosition.PercentageColorPosition)","Double?","PercentageColorPosition","_PercentageColorPosition"
"D:\OneDrive\VS\Projects\DocxDocument\DocumentModel.InOpenXml\Drawings.ChartDrawings\ValueColorPositions.cs","14","Property","nameof(DXO16DCD.ValueColorPositions.Count)","Int32?","Count","_Count"
"D:\OneDrive\VS\Projects\DocxDocument\DocumentModel.InOpenXml\Drawings.ChartDrawings\ValueColorPositions.cs","21","Property","nameof(DXO16DCD.ValueColorPositions.MinValueColorEndPosition)","MinValueColorEndPosition?","MinValueColorEndPosition","_MinValueColorEndPosition"
"D:\OneDrive\VS\Projects\DocxDocument\DocumentModel.InOpenXml\Drawings.ChartDrawings\ValueColorPositions.cs","28","Property","nameof(DXO16DCD.ValueColorPositions.ValueColorMiddlePosition)","ValueColorMiddlePosition?","ValueColorMiddlePosition","_ValueColorMiddlePosition"
"D:\OneDrive\VS\Projects\DocxDocument\DocumentModel.InOpenXml\Drawings.ChartDrawings\ValueColorPositions.cs","35","Property","nameof(DXO16DCD.ValueColorPositions.MaxValueColorEndPosition)","MaxValueColorEndPosition?","MaxValueColorEndPosition","_MaxValueColorEndPosition"
"D:\OneDrive\VS\Projects\DocxDocument\DocumentModel.InOpenXml\Drawings.ChartDrawings\ValueColors.cs","14","Property","nameof(DXO16DCD.ValueColors.MinColorSolidColorFillProperties)","SolidColorFillProperties?","MinColorSolidColorFillProperties","_MinColorSolidColorFillProperties"
"D:\OneDrive\VS\Projects\DocxDocument\DocumentModel.InOpenXml\Drawings.ChartDrawings\ValueColors.cs","21","Property","nameof(DXO16DCD.ValueColors.MidColorSolidColorFillProperties)","SolidColorFillProperties?","MidColorSolidColorFillProperties","_MidColorSolidColorFillProperties"
"D:\OneDrive\VS\Projects\DocxDocument\DocumentModel.InOpenXml\Drawings.ChartDrawings\ValueColors.cs","28","Property","nameof(DXO16DCD.ValueColors.MaxColorSolidColorFillProperties)","SolidColorFillProperties?","MaxColorSolidColorFillProperties","_MaxColorSolidColorFillProperties"
"D:\OneDrive\VS\Projects\DocxDocument\DocumentModel.InOpenXml\Drawings.Charts\Base\Chart.cs","14","Property","nameof(DXDC.Chart.Title)","Title?","Title","_Title"
"D:\OneDrive\VS\Projects\DocxDocument\DocumentModel.InOpenXml\Drawings.Charts\Base\Chart.cs","21","Property","nameof(DXDC.Chart.AutoTitleDeleted)","bool?","AutoTitleDeleted","_AutoTitleDeleted"
"D:\OneDrive\VS\Projects\DocxDocument\DocumentModel.InOpenXml\Drawings.Charts\Base\Chart.cs","28","Property","nameof(DXDC.Chart.PivotFormats)","PivotFormats?","PivotFormats","_PivotFormats"
"D:\OneDrive\VS\Projects\DocxDocument\DocumentModel.InOpenXml\Drawings.Charts\Base\Chart.cs","35","Property","nameof(DXDC.Chart.View3D)","View3D?","View3D","_View3D"
"D:\OneDrive\VS\Projects\DocxDocument\DocumentModel.InOpenXml\Drawings.Charts\Base\Chart.cs","42","Property","nameof(DXDC.Chart.Floor)","Floor?","Floor","_Floor"
"D:\OneDrive\VS\Projects\DocxDocument\DocumentModel.InOpenXml\Drawings.Charts\Base\Chart.cs","49","Property","nameof(DXDC.Chart.SideWall)","SideWall?","SideWall","_SideWall"
"D:\OneDrive\VS\Projects\DocxDocument\DocumentModel.InOpenXml\Drawings.Charts\Base\Chart.cs","56","Property","nameof(DXDC.Chart.BackWall)","BackWall?","BackWall","_BackWall"
"D:\OneDrive\VS\Projects\DocxDocument\DocumentModel.InOpenXml\Drawings.Charts\Base\Chart.cs","63","Property","nameof(DXDC.Chart.PlotArea)","PlotArea?","PlotArea","_PlotArea"
"D:\OneDrive\VS\Projects\DocxDocument\DocumentModel.InOpenXml\Drawings.Charts\Base\Chart.cs","70","Property","nameof(DXDC.Chart.Legend)","Legend?","Legend","_Legend"
"D:\OneDrive\VS\Projects\DocxDocument\DocumentModel.InOpenXml\Drawings.Charts\Base\Chart.cs","77","Property","nameof(DXDC.Chart.PlotVisibleOnly)","bool?","PlotVisibleOnly","_PlotVisibleOnly"
"D:\OneDrive\VS\Projects\DocxDocument\DocumentModel.InOpenXml\Drawings.Charts\Base\Chart.cs","84","Property","nameof(DXDC.Chart.DisplayBlanksAs)","DisplayBlanksAs?","DisplayBlanksAs","_DisplayBlanksAs"
"D:\OneDrive\VS\Projects\DocxDocument\DocumentModel.InOpenXml\Drawings.Charts\Base\Chart.cs","91","Property","nameof(DXDC.Chart.ShowDataLabelsOverMaximum)","bool?","ShowDataLabelsOverMaximum","_ShowDataLabelsOverMaximum"
"D:\OneDrive\VS\Projects\DocxDocument\DocumentModel.InOpenXml\Drawings.Charts\Base\ChartSpace.cs","14","Property","nameof(DXDC.ChartSpace.Date1904)","bool?","Date1904","_Date1904"
"D:\OneDrive\VS\Projects\DocxDocument\DocumentModel.InOpenXml\Drawings.Charts\Base\ChartSpace.cs","21","Property","nameof(DXDC.ChartSpace.EditingLanguage)","string?","EditingLanguage","_EditingLanguage"
"D:\OneDrive\VS\Projects\DocxDocument\DocumentModel.InOpenXml\Drawings.Charts\Base\ChartSpace.cs","28","Property","nameof(DXDC.ChartSpace.RoundedCorners)","bool?","RoundedCorners","_RoundedCorners"
"D:\OneDrive\VS\Projects\DocxDocument\DocumentModel.InOpenXml\Drawings.Charts\Base\ChartSpace.cs","35","Element","typeof(DXDC.Style)","Byte?","Style","_Style"
"D:\OneDrive\VS\Projects\DocxDocument\DocumentModel.InOpenXml\Drawings.Charts\Base\ChartSpace.cs","42","Element","typeof(DXDC.ColorMapOverride)","ColorMapOverride?","ColorMapOverride","_ColorMapOverride"
"D:\OneDrive\VS\Projects\DocxDocument\DocumentModel.InOpenXml\Drawings.Charts\Base\ChartSpace.cs","49","Element","typeof(DXDC.PivotSource)","PivotSource?","PivotSource","_PivotSource"
"D:\OneDrive\VS\Projects\DocxDocument\DocumentModel.InOpenXml\Drawings.Charts\Base\ChartSpace.cs","56","Element","typeof(DXDC.Protection)","Protection?","Protection","_Protection"
"D:\OneDrive\VS\Projects\DocxDocument\DocumentModel.InOpenXml\Drawings.Charts\Base\ChartSpace.cs","63","Element","typeof(DXDC.Chart)","Chart?","Chart","_Chart"
"D:\OneDrive\VS\Projects\DocxDocument\DocumentModel.InOpenXml\Drawings.Charts\Base\ChartSpace.cs","70","Element","typeof(DXDC.ShapeProperties)","ShapeProperties?","ShapeProperties","_ShapeProperties"
"D:\OneDrive\VS\Projects\DocxDocument\DocumentModel.InOpenXml\Drawings.Charts\Base\ChartSpace.cs","77","Element","typeof(DXDC.TextProperties)","TextProperties?","TextProperties","_TextProperties"
"D:\OneDrive\VS\Projects\DocxDocument\DocumentModel.InOpenXml\Drawings.Charts\Base\ChartSpace.cs","84","Element","typeof(DXDC.ExternalData)","ExternalData?","ExternalData","_ExternalData"
"D:\OneDrive\VS\Projects\DocxDocument\DocumentModel.InOpenXml\Drawings.Charts\Base\ChartSpace.cs","91","Element","typeof(DXDC.PrintSettings)","PrintSettings?","PrintSettings","_PrintSettings"
"D:\OneDrive\VS\Projects\DocxDocument\DocumentModel.InOpenXml\Drawings.Charts\Base\ChartSpace.cs","98","Element","typeof(DXDC.UserShapesReference)","RelationshipIdType?","UserShapesReference","_UserShapesReference"
"D:\OneDrive\VS\Projects\DocxDocument\DocumentModel.InOpenXml\Drawings.Charts\Base\ChartSpace.cs","105","Element","typeof(DXDC.ChartSpaceExtensionList)","ChartSpaceExtensionList?","ChartSpaceExtensionList","_ChartSpaceExtensionList"
"D:\OneDrive\VS\Projects\DocxDocument\DocumentModel.InOpenXml\Drawings.Charts\Base\ChartSpaceExtension.cs","14","Element","typeof(DXO10DC.PivotOptions)","PivotOptions?","PivotOptions","_PivotOptions"
"D:\OneDrive\VS\Projects\DocxDocument\DocumentModel.InOpenXml\Drawings.Charts\Base\ChartSpaceExtension.cs","21","Element","typeof(DXO10DC.SketchOptions)","SketchOptions?","SketchOptions","_SketchOptions"
"D:\OneDrive\VS\Projects\DocxDocument\DocumentModel.InOpenXml\Drawings.Charts\Base\ChartSpaceExtension.cs","28","Element","typeof(DXO13DC.PivotSource)","PivotSource?","PivotSource","_PivotSource"
"D:\OneDrive\VS\Projects\DocxDocument\DocumentModel.InOpenXml\Drawings.Charts\Base\PlotArea.cs","43","Element","typeof(DXDC.Layout)","Layout?","Layout","_Layout"
"D:\OneDrive\VS\Projects\DocxDocument\DocumentModel.InOpenXml\Drawings.Charts\Base\PlotArea.cs","50","Element","typeof(DXDC.BarChart)","Charts?","Charts","_Charts"
"D:\OneDrive\VS\Projects\DocxDocument\DocumentModel.InOpenXml\Drawings.Charts\Base\PlotArea.cs","57","Element","typeof(DXDC.DateAxis)","AxisList?","Axes","_Axes"
"D:\OneDrive\VS\Projects\DocxDocument\DocumentModel.InOpenXml\Drawings.Charts\Base\PlotArea.cs","64","Element","typeof(DXDC.DataTable)","DataTable?","DataTable","_DataTable"
"D:\OneDrive\VS\Projects\DocxDocument\DocumentModel.InOpenXml\Drawings.Charts\Base\PlotArea.cs","71","Element","typeof(DXDC.ShapeProperties)","ShapeProperties?","ShapeProperties","_ShapeProperties"
"D:\OneDrive\VS\Projects\DocxDocument\DocumentModel.InOpenXml\Drawings.Charts\Base\PlotArea.cs","78","Element","typeof(DXDC.ExtensionList)","IExtensionList?","ExtensionList","_ExtensionList"
"D:\OneDrive\VS\Projects\DocxDocument\DocumentModel.InOpenXml\Drawings.Charts\Base\UserShapes.cs","24","Element","typeof(DXDCD.RelativeAnchorSize)","RelativeAnchorSize?","RelativeAnchorSize","_RelativeAnchorSize"
"D:\OneDrive\VS\Projects\DocxDocument\DocumentModel.InOpenXml\Drawings.Charts\Base\UserShapes.cs","31","Element","typeof(DXDCD.AbsoluteAnchorSize)","AbsoluteAnchorSize?","AbsoluteAnchorSize","_AbsoluteAnchorSize"
"D:\OneDrive\VS\Projects\DocxDocument\DocumentModel.InOpenXml\Drawings.Charts\Common\PivotOptions.cs","14","Property","nameof(DXO10DC.PivotOptions.DropZoneFilter)","bool?","DropZoneFilter","_DropZoneFilter"
"D:\OneDrive\VS\Projects\DocxDocument\DocumentModel.InOpenXml\Drawings.Charts\Common\PivotOptions.cs","21","Property","nameof(DXO10DC.PivotOptions.DropZoneCategories)","bool?","DropZoneCategories","_DropZoneCategories"
"D:\OneDrive\VS\Projects\DocxDocument\DocumentModel.InOpenXml\Drawings.Charts\Common\PivotOptions.cs","28","Property","nameof(DXO10DC.PivotOptions.DropZoneData)","bool?","DropZoneData","_DropZoneData"
"D:\OneDrive\VS\Projects\DocxDocument\DocumentModel.InOpenXml\Drawings.Charts\Common\PivotOptions.cs","35","Property","nameof(DXO10DC.PivotOptions.DropZoneSeries)","bool?","DropZoneSeries","_DropZoneSeries"
"D:\OneDrive\VS\Projects\DocxDocument\DocumentModel.InOpenXml\Drawings.Charts\Common\PivotOptions.cs","42","Property","nameof(DXO10DC.PivotOptions.DropZonesVisible)","bool?","DropZonesVisible","_DropZonesVisible"
"D:\OneDrive\VS\Projects\DocxDocument\DocumentModel.InOpenXml\Drawings.Charts\Common\PivotSource.cs","14","Property","nameof(DXDC.PivotSource.PivotTableName)","string?","PivotTableName","_PivotTableName"
"D:\OneDrive\VS\Projects\DocxDocument\DocumentModel.InOpenXml\Drawings.Charts\Common\PivotSource.cs","21","Property","nameof(DXDC.PivotSource.FormatId)","UInt32?","FormatId","_FormatId"
"D:\OneDrive\VS\Projects\DocxDocument\DocumentModel.InOpenXml\Drawings.Charts\Common\PivotSource.cs","28","Property","nameof(DXDC.PivotSource.ExtensionList)","IExtensionList?","ExtensionList","_ExtensionList"
"D:\OneDrive\VS\Projects\DocxDocument\DocumentModel.InOpenXml\Drawings.Charts\Common\Protection.cs","14","Property","nameof(DXDC.Protection.ChartObject)","bool?","ChartObject","_ChartObject"
"D:\OneDrive\VS\Projects\DocxDocument\DocumentModel.InOpenXml\Drawings.Charts\Common\Protection.cs","21","Property","nameof(DXDC.Protection.Data)","bool?","Data","_Data"
"D:\OneDrive\VS\Projects\DocxDocument\DocumentModel.InOpenXml\Drawings.Charts\Common\Protection.cs","28","Property","nameof(DXDC.Protection.Formatting)","bool?","Formatting","_Formatting"
"D:\OneDrive\VS\Projects\DocxDocument\DocumentModel.InOpenXml\Drawings.Charts\Common\Protection.cs","35","Property","nameof(DXDC.Protection.Selection)","bool?","Selection","_Selection"
"D:\OneDrive\VS\Projects\DocxDocument\DocumentModel.InOpenXml\Drawings.Charts\Common\RelationshipIdType.cs","14","Property","nameof(DXDC.RelationshipIdType.Id)","string?","Id","_Id"
"D:\OneDrive\VS\Projects\DocxDocument\DocumentModel.InOpenXml\Drawings.Charts\Common\Analysis\Trendline.cs","16","Element","typeof(DXDC.TrendlineName)","string?","TrendlineName","_TrendlineName"
"D:\OneDrive\VS\Projects\DocxDocument\DocumentModel.InOpenXml\Drawings.Charts\Common\Analysis\Trendline.cs","23","Element","typeof(DXDC.ChartShapeProperties)","ChartShapeProperties?","ChartShapeProperties","_ChartShapeProperties"
"D:\OneDrive\VS\Projects\DocxDocument\DocumentModel.InOpenXml\Drawings.Charts\Common\Analysis\Trendline.cs","30","Element","typeof(DXDC.TrendlineType)","TrendlineType?","TrendlineType","_TrendlineType"
"D:\OneDrive\VS\Projects\DocxDocument\DocumentModel.InOpenXml\Drawings.Charts\Common\Analysis\Trendline.cs","37","Element","typeof(DXDC.PolynomialOrder)","Byte?","PolynomialOrder","_PolynomialOrder"
"D:\OneDrive\VS\Projects\DocxDocument\DocumentModel.InOpenXml\Drawings.Charts\Common\Analysis\Trendline.cs","44","Element","typeof(DXDC.Period)","UInt32?","Period","_Period"
"D:\OneDrive\VS\Projects\DocxDocument\DocumentModel.InOpenXml\Drawings.Charts\Common\Analysis\Trendline.cs","51","Element","typeof(DXDC.Forward)","Double?","Forward","_Forward"
"D:\OneDrive\VS\Projects\DocxDocument\DocumentModel.InOpenXml\Drawings.Charts\Common\Analysis\Trendline.cs","58","Element","typeof(DXDC.Backward)","Double?","Backward","_Backward"
"D:\OneDrive\VS\Projects\DocxDocument\DocumentModel.InOpenXml\Drawings.Charts\Common\Analysis\Trendline.cs","65","Element","typeof(DXDC.Intercept)","Double?","Intercept","_Intercept"
"D:\OneDrive\VS\Projects\DocxDocument\DocumentModel.InOpenXml\Drawings.Charts\Common\Analysis\Trendline.cs","72","Element","typeof(DXDC.DisplayRSquaredValue)","bool?","DisplayRSquaredValue","_DisplayRSquaredValue"
"D:\OneDrive\VS\Projects\DocxDocument\DocumentModel.InOpenXml\Drawings.Charts\Common\Analysis\Trendline.cs","79","Element","typeof(DXDC.DisplayEquation)","bool?","DisplayEquation","_DisplayEquation"
"D:\OneDrive\VS\Projects\DocxDocument\DocumentModel.InOpenXml\Drawings.Charts\Common\Analysis\Trendline.cs","86","Element","typeof(DXDC.TrendlineLabel)","TrendlineLabel?","TrendlineLabel","_TrendlineLabel"
"D:\OneDrive\VS\Projects\DocxDocument\DocumentModel.InOpenXml\Drawings.Charts\Common\Analysis\Trendline.cs","93","Element","typeof(DXDC.ExtensionList)","IExtensionList?","ExtensionList","_ExtensionList"
"D:\OneDrive\VS\Projects\DocxDocument\DocumentModel.InOpenXml\Drawings.Charts\Common\Analysis\TrendlineLabel.cs","15","Element","typeof(DXDC.Layout)","Layout?","Layout","_Layout"
"D:\OneDrive\VS\Projects\DocxDocument\DocumentModel.InOpenXml\Drawings.Charts\Common\Analysis\TrendlineLabel.cs","22","Element","typeof(DXDC.ChartText)","ChartText?","ChartText","_ChartText"
"D:\OneDrive\VS\Projects\DocxDocument\DocumentModel.InOpenXml\Drawings.Charts\Common\Analysis\TrendlineLabel.cs","29","Element","typeof(DXDC.NumberingFormat)","NumberingFormat?","NumberingFormat","_NumberingFormat"
"D:\OneDrive\VS\Projects\DocxDocument\DocumentModel.InOpenXml\Drawings.Charts\Common\Analysis\TrendlineLabel.cs","36","Element","typeof(DXDC.ChartShapeProperties)","ChartShapeProperties?","ChartShapeProperties","_ChartShapeProperties"
"D:\OneDrive\VS\Projects\DocxDocument\DocumentModel.InOpenXml\Drawings.Charts\Common\Analysis\TrendlineLabel.cs","43","Element","typeof(DXDC.TextProperties)","TextProperties?","TextProperties","_TextProperties"
"D:\OneDrive\VS\Projects\DocxDocument\DocumentModel.InOpenXml\Drawings.Charts\Common\Analysis\TrendlineLabel.cs","50","Element","typeof(DXDC.ExtensionList)","IExtensionList?","ExtensionList","_ExtensionList"
"D:\OneDrive\VS\Projects\DocxDocument\DocumentModel.InOpenXml\Drawings.Charts\Common\Axis\AxisDataSourceType.cs","15","Element","typeof(DXDC.MultiLevelStringReference)","MultiLevelStringReference?","MultiLevelStringReference","_MultiLevelStringReference"
"D:\OneDrive\VS\Projects\DocxDocument\DocumentModel.InOpenXml\Drawings.Charts\Common\Axis\AxisDataSourceType.cs","22","Element","typeof(DXDC.NumberReference)","NumberReference?","NumberReference","_NumberReference"
"D:\OneDrive\VS\Projects\DocxDocument\DocumentModel.InOpenXml\Drawings.Charts\Common\Axis\AxisDataSourceType.cs","29","Element","typeof(DXDC.NumberLiteral)","NumberLiteral?","NumberLiteral","_NumberLiteral"
"D:\OneDrive\VS\Projects\DocxDocument\DocumentModel.InOpenXml\Drawings.Charts\Common\Axis\AxisDataSourceType.cs","36","Element","typeof(DXDC.StringReference)","StringReference?","StringReference","_StringReference"
"D:\OneDrive\VS\Projects\DocxDocument\DocumentModel.InOpenXml\Drawings.Charts\Common\Axis\AxisDataSourceType.cs","43","Element","typeof(DXDC.StringLiteral)","StringLiteral?","StringLiteral","_StringLiteral"
"D:\OneDrive\VS\Projects\DocxDocument\DocumentModel.InOpenXml\Drawings.Charts\Common\Axis\MajorGridlines.cs","14","Element","typeof(DXDC.ChartShapeProperties)","ChartShapeProperties?","ChartShapeProperties","_ChartShapeProperties"
"D:\OneDrive\VS\Projects\DocxDocument\DocumentModel.InOpenXml\Drawings.Charts\Common\Axis\MinorGridlines.cs","14","Element","typeof(DXDC.ChartShapeProperties)","ChartShapeProperties?","ChartShapeProperties","_ChartShapeProperties"
"D:\OneDrive\VS\Projects\DocxDocument\DocumentModel.InOpenXml\Drawings.Charts\Common\Axis\Scaling.cs","14","Element","typeof(DXDC.LogBase)","Double?","LogBase","_LogBase"
"D:\OneDrive\VS\Projects\DocxDocument\DocumentModel.InOpenXml\Drawings.Charts\Common\Axis\Scaling.cs","21","Element","typeof(DXDC.Orientation)","Orientation?","Orientation","_Orientation"
"D:\OneDrive\VS\Projects\DocxDocument\DocumentModel.InOpenXml\Drawings.Charts\Common\Axis\Scaling.cs","28","Element","typeof(DXDC.MaxAxisValue)","Double?","MaxAxisValue","_MaxAxisValue"
"D:\OneDrive\VS\Projects\DocxDocument\DocumentModel.InOpenXml\Drawings.Charts\Common\Axis\Scaling.cs","35","Element","typeof(DXDC.MinAxisValue)","Double?","MinAxisValue","_MinAxisValue"
"D:\OneDrive\VS\Projects\DocxDocument\DocumentModel.InOpenXml\Drawings.Charts\Common\Axis\Scaling.cs","42","Element","typeof(DXDC.ExtensionList)","IExtensionList?","ExtensionList","_ExtensionList"
"D:\OneDrive\VS\Projects\DocxDocument\DocumentModel.InOpenXml\Drawings.Charts\Common\ChartComponents\ChartLinesType.cs","14","Property","nameof(DXDC.ChartLinesType.ChartShapeProperties)","ChartShapeProperties?","ChartShapeProperties","_ChartShapeProperties"
"D:\OneDrive\VS\Projects\DocxDocument\DocumentModel.InOpenXml\Drawings.Charts\Common\ChartComponents\DownBars.cs","14","Property","nameof(DXDC.DownBars.ChartShapeProperties)","ChartShapeProperties?","ChartShapeProperties","_ChartShapeProperties"
"D:\OneDrive\VS\Projects\DocxDocument\DocumentModel.InOpenXml\Drawings.Charts\Common\ChartComponents\DropLines.cs","14","Property","nameof(DXDC.DropLines.ChartShapeProperties)","ChartShapeProperties?","ChartShapeProperties","_ChartShapeProperties"
"D:\OneDrive\VS\Projects\DocxDocument\DocumentModel.InOpenXml\Drawings.Charts\Common\ChartComponents\HighLowLines.cs","14","Property","nameof(DXDC.HighLowLines.ChartShapeProperties)","ChartShapeProperties?","ChartShapeProperties","_ChartShapeProperties"
"D:\OneDrive\VS\Projects\DocxDocument\DocumentModel.InOpenXml\Drawings.Charts\Common\ChartComponents\LeaderLines.cs","14","Property","nameof(DXDC.LeaderLines.ChartShapeProperties)","ChartShapeProperties?","ChartShapeProperties","_ChartShapeProperties"
"D:\OneDrive\VS\Projects\DocxDocument\DocumentModel.InOpenXml\Drawings.Charts\Common\ChartComponents\UpBars.cs","14","Property","nameof(DXDC.UpBars.ChartShapeProperties)","ChartShapeProperties?","ChartShapeProperties","_ChartShapeProperties"
"D:\OneDrive\VS\Projects\DocxDocument\DocumentModel.InOpenXml\Drawings.Charts\Common\ChartComponents\UpDownBars.cs","14","Property","nameof(DXDC.UpDownBars.GapWidth)","UInt16?","GapWidth","_GapWidth"
"D:\OneDrive\VS\Projects\DocxDocument\DocumentModel.InOpenXml\Drawings.Charts\Common\ChartComponents\UpDownBars.cs","21","Property","nameof(DXDC.UpDownBars.UpBars)","UpBars?","UpBars","_UpBars"
"D:\OneDrive\VS\Projects\DocxDocument\DocumentModel.InOpenXml\Drawings.Charts\Common\ChartComponents\UpDownBars.cs","28","Property","nameof(DXDC.UpDownBars.DownBars)","DownBars?","DownBars","_DownBars"
"D:\OneDrive\VS\Projects\DocxDocument\DocumentModel.InOpenXml\Drawings.Charts\Common\ChartComponents\UpDownBars.cs","35","Property","nameof(DXDC.UpDownBars.ExtensionList)","IExtensionList?","ExtensionList","_ExtensionList"
"D:\OneDrive\VS\Projects\DocxDocument\DocumentModel.InOpenXml\Drawings.Charts\Common\ChartComponents\UpDownBarType.cs","14","Property","nameof(DXDC.UpDownBarType.ChartShapeProperties)","ChartShapeProperties?","ChartShapeProperties","_ChartShapeProperties"
"D:\OneDrive\VS\Projects\DocxDocument\DocumentModel.InOpenXml\Drawings.Charts\Common\Exceptions\CategoryFilterException.cs","14","Property","nameof(DXO13DC.CategoryFilterException.SequenceOfReferences)","string?","SequenceOfReferences","_SequenceOfReferences"
"D:\OneDrive\VS\Projects\DocxDocument\DocumentModel.InOpenXml\Drawings.Charts\Common\Exceptions\CategoryFilterException.cs","29","Property","nameof(DXO13DC.CategoryFilterException.Explosion)","UInt32?","Explosion","_Explosion"
"D:\OneDrive\VS\Projects\DocxDocument\DocumentModel.InOpenXml\Drawings.Charts\Common\Exceptions\CategoryFilterException.cs","36","Property","nameof(DXO13DC.CategoryFilterException.InvertIfNegativeBoolean)","bool?","InvertIfNegativeBoolean","_InvertIfNegativeBoolean"
"D:\OneDrive\VS\Projects\DocxDocument\DocumentModel.InOpenXml\Drawings.Charts\Common\Exceptions\CategoryFilterException.cs","43","Property","nameof(DXO13DC.CategoryFilterException.Bubble3D)","bool?","Bubble3D","_Bubble3D"
"D:\OneDrive\VS\Projects\DocxDocument\DocumentModel.InOpenXml\Drawings.Charts\Common\Exceptions\CategoryFilterException.cs","50","Property","nameof(DXO13DC.CategoryFilterException.Marker)","Marker?","Marker","_Marker"
"D:\OneDrive\VS\Projects\DocxDocument\DocumentModel.InOpenXml\Drawings.Charts\Common\Exceptions\CategoryFilterException.cs","57","Property","nameof(DXO13DC.CategoryFilterException.DataLabel)","DataLabel?","DataLabel","_DataLabel"
"D:\OneDrive\VS\Projects\DocxDocument\DocumentModel.InOpenXml\Drawings.Charts\Common\Layout\BackWall.cs","17","Property","nameof(DXDC.BackWall.Thickness)","Byte?","Thickness","_Thickness"
"D:\OneDrive\VS\Projects\DocxDocument\DocumentModel.InOpenXml\Drawings.Charts\Common\Layout\BackWall.cs","24","Property","nameof(DXDC.BackWall.ShapeProperties)","ShapeProperties?","ShapeProperties","_ShapeProperties"
"D:\OneDrive\VS\Projects\DocxDocument\DocumentModel.InOpenXml\Drawings.Charts\Common\Layout\BackWall.cs","31","Property","nameof(DXDC.BackWall.PictureOptions)","PictureOptions?","PictureOptions","_PictureOptions"
"D:\OneDrive\VS\Projects\DocxDocument\DocumentModel.InOpenXml\Drawings.Charts\Common\Layout\BackWall.cs","38","Property","nameof(DXDC.BackWall.ExtensionList)","IExtensionList?","ExtensionList","_ExtensionList"
"D:\OneDrive\VS\Projects\DocxDocument\DocumentModel.InOpenXml\Drawings.Charts\Common\Layout\Floor.cs","17","Property","nameof(DXDC.Floor.Thickness)","Byte?","Thickness","_Thickness"
"D:\OneDrive\VS\Projects\DocxDocument\DocumentModel.InOpenXml\Drawings.Charts\Common\Layout\Floor.cs","24","Property","nameof(DXDC.Floor.ShapeProperties)","ShapeProperties?","ShapeProperties","_ShapeProperties"
"D:\OneDrive\VS\Projects\DocxDocument\DocumentModel.InOpenXml\Drawings.Charts\Common\Layout\Floor.cs","31","Property","nameof(DXDC.Floor.PictureOptions)","PictureOptions?","PictureOptions","_PictureOptions"
"D:\OneDrive\VS\Projects\DocxDocument\DocumentModel.InOpenXml\Drawings.Charts\Common\Layout\Floor.cs","38","Property","nameof(DXDC.Floor.ExtensionList)","IExtensionList?","ExtensionList","_ExtensionList"
"D:\OneDrive\VS\Projects\DocxDocument\DocumentModel.InOpenXml\Drawings.Charts\Common\Layout\HeaderFooter.cs","14","Property","nameof(DXDC.HeaderFooter.AlignWithMargins)","bool?","AlignWithMargins","_AlignWithMargins"
"D:\OneDrive\VS\Projects\DocxDocument\DocumentModel.InOpenXml\Drawings.Charts\Common\Layout\HeaderFooter.cs","21","Property","nameof(DXDC.HeaderFooter.DifferentOddEven)","bool?","DifferentOddEven","_DifferentOddEven"
"D:\OneDrive\VS\Projects\DocxDocument\DocumentModel.InOpenXml\Drawings.Charts\Common\Layout\HeaderFooter.cs","28","Property","nameof(DXDC.HeaderFooter.DifferentFirst)","bool?","DifferentFirst","_DifferentFirst"
"D:\OneDrive\VS\Projects\DocxDocument\DocumentModel.InOpenXml\Drawings.Charts\Common\Layout\HeaderFooter.cs","35","Property","nameof(DXDC.HeaderFooter.OddHeader)","string?","OddHeader","_OddHeader"
"D:\OneDrive\VS\Projects\DocxDocument\DocumentModel.InOpenXml\Drawings.Charts\Common\Layout\HeaderFooter.cs","42","Property","nameof(DXDC.HeaderFooter.OddFooter)","string?","OddFooter","_OddFooter"
"D:\OneDrive\VS\Projects\DocxDocument\DocumentModel.InOpenXml\Drawings.Charts\Common\Layout\HeaderFooter.cs","49","Property","nameof(DXDC.HeaderFooter.EvenHeader)","string?","EvenHeader","_EvenHeader"
"D:\OneDrive\VS\Projects\DocxDocument\DocumentModel.InOpenXml\Drawings.Charts\Common\Layout\HeaderFooter.cs","56","Property","nameof(DXDC.HeaderFooter.EvenFooter)","string?","EvenFooter","_EvenFooter"
"D:\OneDrive\VS\Projects\DocxDocument\DocumentModel.InOpenXml\Drawings.Charts\Common\Layout\HeaderFooter.cs","63","Property","nameof(DXDC.HeaderFooter.FirstHeader)","string?","FirstHeader","_FirstHeader"
"D:\OneDrive\VS\Projects\DocxDocument\DocumentModel.InOpenXml\Drawings.Charts\Common\Layout\HeaderFooter.cs","70","Property","nameof(DXDC.HeaderFooter.FirstFooter)","string?","FirstFooter","_FirstFooter"
"D:\OneDrive\VS\Projects\DocxDocument\DocumentModel.InOpenXml\Drawings.Charts\Common\Layout\Layout.cs","16","Property","nameof(DXDC.Layout.ManualLayout)","ManualLayout?","ManualLayout","_ManualLayout"
"D:\OneDrive\VS\Projects\DocxDocument\DocumentModel.InOpenXml\Drawings.Charts\Common\Layout\Layout.cs","23","Property","nameof(DXDC.Layout.ExtensionList)","IExtensionList?","ExtensionList","_ExtensionList"
"D:\OneDrive\VS\Projects\DocxDocument\DocumentModel.InOpenXml\Drawings.Charts\Common\Layout\Legend.cs","14","Property","nameof(DXDC.Legend.LegendPosition)","LegendPosition?","LegendPosition","_LegendPosition"
"D:\OneDrive\VS\Projects\DocxDocument\DocumentModel.InOpenXml\Drawings.Charts\Common\Layout\Legend.cs","21","Element","typeof(DXDC.LegendEntry)","LegendEntries?","LegendEntries","_LegendEntries"
"D:\OneDrive\VS\Projects\DocxDocument\DocumentModel.InOpenXml\Drawings.Charts\Common\Layout\Legend.cs","28","Element","typeof(DXDC.Layout)","Layout?","Layout","_Layout"
"D:\OneDrive\VS\Projects\DocxDocument\DocumentModel.InOpenXml\Drawings.Charts\Common\Layout\Legend.cs","35","Element","typeof(DXDC.Overlay)","bool?","Overlay","_Overlay"
"D:\OneDrive\VS\Projects\DocxDocument\DocumentModel.InOpenXml\Drawings.Charts\Common\Layout\Legend.cs","42","Element","typeof(DXDC.ChartShapeProperties)","ChartShapeProperties?","ChartShapeProperties","_ChartShapeProperties"
"D:\OneDrive\VS\Projects\DocxDocument\DocumentModel.InOpenXml\Drawings.Charts\Common\Layout\Legend.cs","49","Element","typeof(DXDC.TextProperties)","TextProperties?","TextProperties","_TextProperties"
"D:\OneDrive\VS\Projects\DocxDocument\DocumentModel.InOpenXml\Drawings.Charts\Common\Layout\LegendEntry.cs","14","Property","nameof(DXDC.LegendEntry.Index)","UInt32?","Index","_Index"
"D:\OneDrive\VS\Projects\DocxDocument\DocumentModel.InOpenXml\Drawings.Charts\Common\Layout\LegendEntry.cs","21","Element","typeof(DXDC.Delete)","bool?","Delete","_Delete"
"D:\OneDrive\VS\Projects\DocxDocument\DocumentModel.InOpenXml\Drawings.Charts\Common\Layout\LegendEntry.cs","28","Element","typeof(DXDC.TextProperties)","TextProperties?","TextProperties","_TextProperties"
"D:\OneDrive\VS\Projects\DocxDocument\DocumentModel.InOpenXml\Drawings.Charts\Common\Layout\LegendEntry.cs","35","Element","typeof(DXDC.ExtensionList)","IExtensionList?","ExtensionList","_ExtensionList"
"D:\OneDrive\VS\Projects\DocxDocument\DocumentModel.InOpenXml\Drawings.Charts\Common\Layout\ManualLayout.cs","14","Property","nameof(DXDC.ManualLayout.LayoutTarget)","LayoutTarget?","LayoutTarget","_LayoutTarget"
"D:\OneDrive\VS\Projects\DocxDocument\DocumentModel.InOpenXml\Drawings.Charts\Common\Layout\ManualLayout.cs","21","Property","nameof(DXDC.ManualLayout.LeftMode)","LayoutMode?","LeftMode","_LeftMode"
"D:\OneDrive\VS\Projects\DocxDocument\DocumentModel.InOpenXml\Drawings.Charts\Common\Layout\ManualLayout.cs","28","Property","nameof(DXDC.ManualLayout.TopMode)","LayoutMode?","TopMode","_TopMode"
"D:\OneDrive\VS\Projects\DocxDocument\DocumentModel.InOpenXml\Drawings.Charts\Common\Layout\ManualLayout.cs","35","Property","nameof(DXDC.ManualLayout.WidthMode)","LayoutMode?","WidthMode","_WidthMode"
"D:\OneDrive\VS\Projects\DocxDocument\DocumentModel.InOpenXml\Drawings.Charts\Common\Layout\ManualLayout.cs","42","Property","nameof(DXDC.ManualLayout.HeightMode)","LayoutMode?","HeightMode","_HeightMode"
"D:\OneDrive\VS\Projects\DocxDocument\DocumentModel.InOpenXml\Drawings.Charts\Common\Layout\ManualLayout.cs","49","Property","nameof(DXDC.ManualLayout.Left)","Double?","Left","_Left"
"D:\OneDrive\VS\Projects\DocxDocument\DocumentModel.InOpenXml\Drawings.Charts\Common\Layout\ManualLayout.cs","56","Property","nameof(DXDC.ManualLayout.Top)","Double?","Top","_Top"
"D:\OneDrive\VS\Projects\DocxDocument\DocumentModel.InOpenXml\Drawings.Charts\Common\Layout\ManualLayout.cs","63","Property","nameof(DXDC.ManualLayout.Width)","Double?","Width","_Width"
"D:\OneDrive\VS\Projects\DocxDocument\DocumentModel.InOpenXml\Drawings.Charts\Common\Layout\ManualLayout.cs","70","Property","nameof(DXDC.ManualLayout.Height)","Double?","Height","_Height"
"D:\OneDrive\VS\Projects\DocxDocument\DocumentModel.InOpenXml\Drawings.Charts\Common\Layout\ManualLayout.cs","77","Property","nameof(DXDC.ManualLayout.ExtensionList)","IExtensionList?","ExtensionList","_ExtensionList"
"D:\OneDrive\VS\Projects\DocxDocument\DocumentModel.InOpenXml\Drawings.Charts\Common\Layout\PageMargins.cs","14","Property","nameof(DXDC.PageMargins.Left)","Double?","Left","_Left"
"D:\OneDrive\VS\Projects\DocxDocument\DocumentModel.InOpenXml\Drawings.Charts\Common\Layout\PageMargins.cs","21","Property","nameof(DXDC.PageMargins.Right)","Double?","Right","_Right"
"D:\OneDrive\VS\Projects\DocxDocument\DocumentModel.InOpenXml\Drawings.Charts\Common\Layout\PageMargins.cs","28","Property","nameof(DXDC.PageMargins.Top)","Double?","Top","_Top"
"D:\OneDrive\VS\Projects\DocxDocument\DocumentModel.InOpenXml\Drawings.Charts\Common\Layout\PageMargins.cs","35","Property","nameof(DXDC.PageMargins.Bottom)","Double?","Bottom","_Bottom"
"D:\OneDrive\VS\Projects\DocxDocument\DocumentModel.InOpenXml\Drawings.Charts\Common\Layout\PageMargins.cs","42","Property","nameof(DXDC.PageMargins.Header)","Double?","Header","_Header"
"D:\OneDrive\VS\Projects\DocxDocument\DocumentModel.InOpenXml\Drawings.Charts\Common\Layout\PageMargins.cs","49","Property","nameof(DXDC.PageMargins.Footer)","Double?","Footer","_Footer"
"D:\OneDrive\VS\Projects\DocxDocument\DocumentModel.InOpenXml\Drawings.Charts\Common\Layout\PageSetup.cs","14","Property","nameof(DXDC.PageSetup.PaperSize)","UInt32?","PaperSize","_PaperSize"
"D:\OneDrive\VS\Projects\DocxDocument\DocumentModel.InOpenXml\Drawings.Charts\Common\Layout\PageSetup.cs","21","Property","nameof(DXDC.PageSetup.FirstPageNumber)","Int32?","FirstPageNumber","_FirstPageNumber"
"D:\OneDrive\VS\Projects\DocxDocument\DocumentModel.InOpenXml\Drawings.Charts\Common\Layout\PageSetup.cs","28","Property","nameof(DXDC.PageSetup.Orientation)","PageSetupOrientation?","Orientation","_Orientation"
"D:\OneDrive\VS\Projects\DocxDocument\DocumentModel.InOpenXml\Drawings.Charts\Common\Layout\PageSetup.cs","35","Property","nameof(DXDC.PageSetup.BlackAndWhite)","bool?","BlackAndWhite","_BlackAndWhite"
"D:\OneDrive\VS\Projects\DocxDocument\DocumentModel.InOpenXml\Drawings.Charts\Common\Layout\PageSetup.cs","42","Property","nameof(DXDC.PageSetup.Draft)","bool?","Draft","_Draft"
"D:\OneDrive\VS\Projects\DocxDocument\DocumentModel.InOpenXml\Drawings.Charts\Common\Layout\PageSetup.cs","49","Property","nameof(DXDC.PageSetup.UseFirstPageNumber)","bool?","UseFirstPageNumber","_UseFirstPageNumber"
"D:\OneDrive\VS\Projects\DocxDocument\DocumentModel.InOpenXml\Drawings.Charts\Common\Layout\PageSetup.cs","56","Property","nameof(DXDC.PageSetup.HorizontalDpi)","Int32?","HorizontalDpi","_HorizontalDpi"
"D:\OneDrive\VS\Projects\DocxDocument\DocumentModel.InOpenXml\Drawings.Charts\Common\Layout\PageSetup.cs","63","Property","nameof(DXDC.PageSetup.VerticalDpi)","Int32?","VerticalDpi","_VerticalDpi"
"D:\OneDrive\VS\Projects\DocxDocument\DocumentModel.InOpenXml\Drawings.Charts\Common\Layout\PageSetup.cs","70","Property","nameof(DXDC.PageSetup.Copies)","UInt32?","Copies","_Copies"
"D:\OneDrive\VS\Projects\DocxDocument\DocumentModel.InOpenXml\Drawings.Charts\Common\Layout\PrintSettings.cs","14","Property","nameof(DXDC.PrintSettings.HeaderFooter)","HeaderFooter?","HeaderFooter","_HeaderFooter"
"D:\OneDrive\VS\Projects\DocxDocument\DocumentModel.InOpenXml\Drawings.Charts\Common\Layout\PrintSettings.cs","21","Property","nameof(DXDC.PrintSettings.PageMargins)","PageMargins?","PageMargins","_PageMargins"
"D:\OneDrive\VS\Projects\DocxDocument\DocumentModel.InOpenXml\Drawings.Charts\Common\Layout\PrintSettings.cs","28","Property","nameof(DXDC.PrintSettings.PageSetup)","PageSetup?","PageSetup","_PageSetup"
"D:\OneDrive\VS\Projects\DocxDocument\DocumentModel.InOpenXml\Drawings.Charts\Common\Layout\PrintSettings.cs","35","Property","nameof(DXDC.PrintSettings.LegacyDrawingHeaderFooter)","RelationshipIdType?","LegacyDrawingHeaderFooter","_LegacyDrawingHeaderFooter"
"D:\OneDrive\VS\Projects\DocxDocument\DocumentModel.InOpenXml\Drawings.Charts\Common\Layout\SideWall.cs","17","Property","nameof(DXDC.SideWall.Thickness)","Byte?","Thickness","_Thickness"
"D:\OneDrive\VS\Projects\DocxDocument\DocumentModel.InOpenXml\Drawings.Charts\Common\Layout\SideWall.cs","24","Property","nameof(DXDC.SideWall.ShapeProperties)","ShapeProperties?","ShapeProperties","_ShapeProperties"
"D:\OneDrive\VS\Projects\DocxDocument\DocumentModel.InOpenXml\Drawings.Charts\Common\Layout\SideWall.cs","31","Property","nameof(DXDC.SideWall.PictureOptions)","PictureOptions?","PictureOptions","_PictureOptions"
"D:\OneDrive\VS\Projects\DocxDocument\DocumentModel.InOpenXml\Drawings.Charts\Common\Layout\SideWall.cs","38","Property","nameof(DXDC.SideWall.ExtensionList)","IExtensionList?","ExtensionList","_ExtensionList"
"D:\OneDrive\VS\Projects\DocxDocument\DocumentModel.InOpenXml\Drawings.Charts\Common\Layout\Title.cs","14","Property","nameof(DXDC.Title.ChartText)","ChartText?","ChartText","_ChartText"
"D:\OneDrive\VS\Projects\DocxDocument\DocumentModel.InOpenXml\Drawings.Charts\Common\Layout\Title.cs","21","Property","nameof(DXDC.Title.Layout)","Layout?","Layout","_Layout"
"D:\OneDrive\VS\Projects\DocxDocument\DocumentModel.InOpenXml\Drawings.Charts\Common\Layout\Title.cs","28","Property","nameof(DXDC.Title.Overlay)","bool?","Overlay","_Overlay"
"D:\OneDrive\VS\Projects\DocxDocument\DocumentModel.InOpenXml\Drawings.Charts\Common\Layout\Title.cs","35","Property","nameof(DXDC.Title.ChartShapeProperties)","ChartShapeProperties?","ChartShapeProperties","_ChartShapeProperties"
"D:\OneDrive\VS\Projects\DocxDocument\DocumentModel.InOpenXml\Drawings.Charts\Common\Layout\Title.cs","42","Property","nameof(DXDC.Title.TextProperties)","TextProperties?","TextProperties","_TextProperties"
"D:\OneDrive\VS\Projects\DocxDocument\DocumentModel.InOpenXml\Drawings.Charts\Common\Layout\Title.cs","49","Property","nameof(DXDC.Title.ExtensionList)","IExtensionList?","ExtensionList","_ExtensionList"
"D:\OneDrive\VS\Projects\DocxDocument\DocumentModel.InOpenXml\Drawings.Charts\Common\Layout\View3D.cs","14","Property","nameof(DXDC.View3D.RotateX)","SByte?","RotateX","_RotateX"
"D:\OneDrive\VS\Projects\DocxDocument\DocumentModel.InOpenXml\Drawings.Charts\Common\Layout\View3D.cs","21","Property","nameof(DXDC.View3D.HeightPercent)","UInt16?","HeightPercent","_HeightPercent"
"D:\OneDrive\VS\Projects\DocxDocument\DocumentModel.InOpenXml\Drawings.Charts\Common\Layout\View3D.cs","28","Property","nameof(DXDC.View3D.RotateY)","UInt16?","RotateY","_RotateY"
"D:\OneDrive\VS\Projects\DocxDocument\DocumentModel.InOpenXml\Drawings.Charts\Common\Layout\View3D.cs","35","Property","nameof(DXDC.View3D.DepthPercent)","UInt16?","DepthPercent","_DepthPercent"
"D:\OneDrive\VS\Projects\DocxDocument\DocumentModel.InOpenXml\Drawings.Charts\Common\Layout\View3D.cs","42","Property","nameof(DXDC.View3D.RightAngleAxes)","bool?","RightAngleAxes","_RightAngleAxes"
"D:\OneDrive\VS\Projects\DocxDocument\DocumentModel.InOpenXml\Drawings.Charts\Common\Layout\View3D.cs","49","Property","nameof(DXDC.View3D.Perspective)","Byte?","Perspective","_Perspective"
"D:\OneDrive\VS\Projects\DocxDocument\DocumentModel.InOpenXml\Drawings.Charts\Common\Layout\View3D.cs","56","Property","nameof(DXDC.View3D.ExtensionList)","IExtensionList?","ExtensionList","_ExtensionList"
"D:\OneDrive\VS\Projects\DocxDocument\DocumentModel.InOpenXml\Drawings.Charts\Data\ChartText.cs","16","Property","nameof(DXDC.ChartText.StringReference)","StringReference?","StringReference","_StringReference"
"D:\OneDrive\VS\Projects\DocxDocument\DocumentModel.InOpenXml\Drawings.Charts\Data\ChartText.cs","23","Property","nameof(DXDC.ChartText.RichText)","RichText?","RichText","_RichText"
"D:\OneDrive\VS\Projects\DocxDocument\DocumentModel.InOpenXml\Drawings.Charts\Data\ChartText.cs","30","Property","nameof(DXDC.ChartText.StringLiteral)","StringLiteral?","StringLiteral","_StringLiteral"
"D:\OneDrive\VS\Projects\DocxDocument\DocumentModel.InOpenXml\Drawings.Charts\Data\DataLabel.cs","16","Property","nameof(DXDC.DataLabel.Index)","UInt32?","Index","_Index"
"D:\OneDrive\VS\Projects\DocxDocument\DocumentModel.InOpenXml\Drawings.Charts\Data\DataLabel.cs","23","Element","typeof(DXDC.Delete)","bool?","Delete","_Delete"
"D:\OneDrive\VS\Projects\DocxDocument\DocumentModel.InOpenXml\Drawings.Charts\Data\DataLabel.cs","30","Element","typeof(DXDC.Layout)","Layout?","Layout","_Layout"
"D:\OneDrive\VS\Projects\DocxDocument\DocumentModel.InOpenXml\Drawings.Charts\Data\DataLabel.cs","37","Element","typeof(DXDC.ChartText)","ChartText?","ChartText","_ChartText"
"D:\OneDrive\VS\Projects\DocxDocument\DocumentModel.InOpenXml\Drawings.Charts\Data\DataLabel.cs","44","Element","typeof(DXDC.NumberingFormat)","NumberingFormat?","NumberingFormat","_NumberingFormat"
"D:\OneDrive\VS\Projects\DocxDocument\DocumentModel.InOpenXml\Drawings.Charts\Data\DataLabel.cs","51","Element","typeof(DXDC.ChartShapeProperties)","ChartShapeProperties?","ChartShapeProperties","_ChartShapeProperties"
"D:\OneDrive\VS\Projects\DocxDocument\DocumentModel.InOpenXml\Drawings.Charts\Data\DataLabel.cs","58","Element","typeof(DXDC.TextProperties)","TextProperties?","TextProperties","_TextProperties"
"D:\OneDrive\VS\Projects\DocxDocument\DocumentModel.InOpenXml\Drawings.Charts\Data\DataLabel.cs","65","Element","typeof(DXDC.DataLabelPosition)","XlDataLabelPosition?","DataLabelPosition","_DataLabelPosition"
"D:\OneDrive\VS\Projects\DocxDocument\DocumentModel.InOpenXml\Drawings.Charts\Data\DataLabel.cs","72","Element","typeof(DXDC.ShowLegendKey)","bool?","ShowLegendKey","_ShowLegendKey"
"D:\OneDrive\VS\Projects\DocxDocument\DocumentModel.InOpenXml\Drawings.Charts\Data\DataLabel.cs","79","Element","typeof(DXDC.ShowValue)","bool?","ShowValue","_ShowValue"
"D:\OneDrive\VS\Projects\DocxDocument\DocumentModel.InOpenXml\Drawings.Charts\Data\DataLabel.cs","86","Element","typeof(DXDC.ShowCategoryName)","bool?","ShowCategoryName","_ShowCategoryName"
"D:\OneDrive\VS\Projects\DocxDocument\DocumentModel.InOpenXml\Drawings.Charts\Data\DataLabel.cs","93","Element","typeof(DXDC.ShowSeriesName)","bool?","ShowSeriesName","_ShowSeriesName"
"D:\OneDrive\VS\Projects\DocxDocument\DocumentModel.InOpenXml\Drawings.Charts\Data\DataLabel.cs","100","Element","typeof(DXDC.ShowPercent)","bool?","ShowPercent","_ShowPercent"
"D:\OneDrive\VS\Projects\DocxDocument\DocumentModel.InOpenXml\Drawings.Charts\Data\DataLabel.cs","107","Element","typeof(DXDC.ShowBubbleSize)","bool?","ShowBubbleSize","_ShowBubbleSize"
"D:\OneDrive\VS\Projects\DocxDocument\DocumentModel.InOpenXml\Drawings.Charts\Data\DataLabel.cs","114","Element","typeof(DXDC.Separator)","string?","Separator","_Separator"
"D:\OneDrive\VS\Projects\DocxDocument\DocumentModel.InOpenXml\Drawings.Charts\Data\DataLabel.cs","121","Element","typeof(DXDC.DLblExtensionList)","DLblExtensionList?","DLblExtensionList","_DLblExtensionList"
"D:\OneDrive\VS\Projects\DocxDocument\DocumentModel.InOpenXml\Drawings.Charts\Data\DataLabelFieldTableCache.cs","16","Property","nameof(DXO13DC.DataLabelFieldTableCache.PointCount)","UInt32?","PointCount","_PointCount"
"D:\OneDrive\VS\Projects\DocxDocument\DocumentModel.InOpenXml\Drawings.Charts\Data\DataLabelFieldTableCache.cs","23","Element","typeof(DXDC.StringPoint)","StringPoints?","StringPoints","_StringPoints"
"D:\OneDrive\VS\Projects\DocxDocument\DocumentModel.InOpenXml\Drawings.Charts\Data\DataLabelFieldTableCache.cs","30","Element","typeof(DXDC.StrDataExtensionList)","StrDataExtension?","StrDataExtension","_StrDataExtension"
"D:\OneDrive\VS\Projects\DocxDocument\DocumentModel.InOpenXml\Drawings.Charts\Data\DataLabelFieldTableEntry.cs","15","Property","nameof(DXO13DC.DataLabelFieldTableEntry.TextFieldGuid)","string?","TextFieldGuid","_TextFieldGuid"
"D:\OneDrive\VS\Projects\DocxDocument\DocumentModel.InOpenXml\Drawings.Charts\Data\DataLabelFieldTableEntry.cs","22","Property","nameof(DXO13DC.DataLabelFieldTableEntry.Formula)","string?","Formula","_Formula"
"D:\OneDrive\VS\Projects\DocxDocument\DocumentModel.InOpenXml\Drawings.Charts\Data\DataLabelFieldTableEntry.cs","29","Property","nameof(DXO13DC.DataLabelFieldTableEntry.DataLabelFieldTableCache)","DataLabelFieldTableCache?","DataLabelFieldTableCache","_DataLabelFieldTableCache"
"D:\OneDrive\VS\Projects\DocxDocument\DocumentModel.InOpenXml\Drawings.Charts\Data\DataLabels.cs","16","Element","typeof(DXDC.Delete)","bool?","Delete","_Delete"
"D:\OneDrive\VS\Projects\DocxDocument\DocumentModel.InOpenXml\Drawings.Charts\Data\DataLabels.cs","23","Element","typeof(DXDC.NumberingFormat)","NumberingFormat?","NumberingFormat","_NumberingFormat"
"D:\OneDrive\VS\Projects\DocxDocument\DocumentModel.InOpenXml\Drawings.Charts\Data\DataLabels.cs","30","Element","typeof(DXDC.ChartShapeProperties)","ChartShapeProperties?","ChartShapeProperties","_ChartShapeProperties"
"D:\OneDrive\VS\Projects\DocxDocument\DocumentModel.InOpenXml\Drawings.Charts\Data\DataLabels.cs","37","Element","typeof(DXDC.TextProperties)","TextProperties?","TextProperties","_TextProperties"
"D:\OneDrive\VS\Projects\DocxDocument\DocumentModel.InOpenXml\Drawings.Charts\Data\DataLabels.cs","44","Element","typeof(DXDC.DataLabelPosition)","XlDataLabelPosition?","DataLabelPosition","_DataLabelPosition"
"D:\OneDrive\VS\Projects\DocxDocument\DocumentModel.InOpenXml\Drawings.Charts\Data\DataLabels.cs","51","Element","typeof(DXDC.ShowLegendKey)","bool?","ShowLegendKey","_ShowLegendKey"
"D:\OneDrive\VS\Projects\DocxDocument\DocumentModel.InOpenXml\Drawings.Charts\Data\DataLabels.cs","58","Element","typeof(DXDC.ShowValue)","bool?","ShowValue","_ShowValue"
"D:\OneDrive\VS\Projects\DocxDocument\DocumentModel.InOpenXml\Drawings.Charts\Data\DataLabels.cs","65","Element","typeof(DXDC.ShowCategoryName)","bool?","ShowCategoryName","_ShowCategoryName"
"D:\OneDrive\VS\Projects\DocxDocument\DocumentModel.InOpenXml\Drawings.Charts\Data\DataLabels.cs","72","Element","typeof(DXDC.ShowSeriesName)","bool?","ShowSeriesName","_ShowSeriesName"
"D:\OneDrive\VS\Projects\DocxDocument\DocumentModel.InOpenXml\Drawings.Charts\Data\DataLabels.cs","79","Element","typeof(DXDC.ShowPercent)","bool?","ShowPercent","_ShowPercent"
"D:\OneDrive\VS\Projects\DocxDocument\DocumentModel.InOpenXml\Drawings.Charts\Data\DataLabels.cs","86","Element","typeof(DXDC.ShowBubbleSize)","bool?","ShowBubbleSize","_ShowBubbleSize"
"D:\OneDrive\VS\Projects\DocxDocument\DocumentModel.InOpenXml\Drawings.Charts\Data\DataLabels.cs","93","Element","typeof(DXDC.Separator)","string?","Separator","_Separator"
"D:\OneDrive\VS\Projects\DocxDocument\DocumentModel.InOpenXml\Drawings.Charts\Data\DataLabels.cs","100","Element","typeof(DXDC.ShowLeaderLines)","bool?","ShowLeaderLines","_ShowLeaderLines"
"D:\OneDrive\VS\Projects\DocxDocument\DocumentModel.InOpenXml\Drawings.Charts\Data\DataLabels.cs","107","Element","typeof(DXDC.LeaderLines)","LeaderLines?","LeaderLines","_LeaderLines"
"D:\OneDrive\VS\Projects\DocxDocument\DocumentModel.InOpenXml\Drawings.Charts\Data\DataLabels.cs","114","Element","typeof(DXDC.DLblsExtensionList)","DLblsExtensionList?","DLblsExtensionList","_DLblsExtensionList"
"D:\OneDrive\VS\Projects\DocxDocument\DocumentModel.InOpenXml\Drawings.Charts\Data\DataLabelsRange.cs","15","Property","nameof(DXO13DC.DataLabelsRange.Formula)","string?","Formula","_Formula"
"D:\OneDrive\VS\Projects\DocxDocument\DocumentModel.InOpenXml\Drawings.Charts\Data\DataLabelsRange.cs","22","Element","typeof(DXO13DC.DataLabelsRangeChache)","DataLabelsRangeCache?","DataLabelsRangeCache","_DataLabelsRangeCache"
"D:\OneDrive\VS\Projects\DocxDocument\DocumentModel.InOpenXml\Drawings.Charts\Data\DataLabelsRangeCache.cs","16","Property","nameof(DXO13DC.DataLabelsRangeChache.PointCount)","UInt32?","PointCount","_PointCount"
"D:\OneDrive\VS\Projects\DocxDocument\DocumentModel.InOpenXml\Drawings.Charts\Data\DataLabelsRangeCache.cs","23","Element","typeof(DXDC.StringPoint)","StringPoints?","StringPoints","_StringPoints"
"D:\OneDrive\VS\Projects\DocxDocument\DocumentModel.InOpenXml\Drawings.Charts\Data\DataLabelsRangeCache.cs","30","Element","typeof(DXDC.StrDataExtensionList)","StrDataExtension?","StrDataExtension","_StrDataExtension"
"D:\OneDrive\VS\Projects\DocxDocument\DocumentModel.InOpenXml\Drawings.Charts\Data\DataPoint.cs","16","Property","nameof(DXDC.DataPoint.Index)","UInt32?","Index","_Index"
"D:\OneDrive\VS\Projects\DocxDocument\DocumentModel.InOpenXml\Drawings.Charts\Data\DataPoint.cs","23","Property","nameof(DXDC.DataPoint.InvertIfNegative)","bool?","InvertIfNegative","_InvertIfNegative"
"D:\OneDrive\VS\Projects\DocxDocument\DocumentModel.InOpenXml\Drawings.Charts\Data\DataPoint.cs","30","Property","nameof(DXDC.DataPoint.Marker)","Marker?","Marker","_Marker"
"D:\OneDrive\VS\Projects\DocxDocument\DocumentModel.InOpenXml\Drawings.Charts\Data\DataPoint.cs","37","Property","nameof(DXDC.DataPoint.Bubble3D)","bool?","Bubble3D","_Bubble3D"
"D:\OneDrive\VS\Projects\DocxDocument\DocumentModel.InOpenXml\Drawings.Charts\Data\DataPoint.cs","44","Property","nameof(DXDC.DataPoint.Explosion)","UInt32?","Explosion","_Explosion"
"D:\OneDrive\VS\Projects\DocxDocument\DocumentModel.InOpenXml\Drawings.Charts\Data\DataPoint.cs","51","Property","nameof(DXDC.DataPoint.ChartShapeProperties)","ChartShapeProperties?","ChartShapeProperties","_ChartShapeProperties"
"D:\OneDrive\VS\Projects\DocxDocument\DocumentModel.InOpenXml\Drawings.Charts\Data\DataPoint.cs","58","Property","nameof(DXDC.DataPoint.PictureOptions)","PictureOptions?","PictureOptions","_PictureOptions"
"D:\OneDrive\VS\Projects\DocxDocument\DocumentModel.InOpenXml\Drawings.Charts\Data\DataPoint.cs","65","Property","nameof(DXDC.DataPoint.ExtensionList)","IExtensionList?","ExtensionList","_ExtensionList"
"D:\OneDrive\VS\Projects\DocxDocument\DocumentModel.InOpenXml\Drawings.Charts\Data\DataTable.cs","16","Property","nameof(DXDC.DataTable.ShowHorizontalBorder)","bool?","ShowHorizontalBorder","_ShowHorizontalBorder"
"D:\OneDrive\VS\Projects\DocxDocument\DocumentModel.InOpenXml\Drawings.Charts\Data\DataTable.cs","23","Property","nameof(DXDC.DataTable.ShowVerticalBorder)","bool?","ShowVerticalBorder","_ShowVerticalBorder"
"D:\OneDrive\VS\Projects\DocxDocument\DocumentModel.InOpenXml\Drawings.Charts\Data\DataTable.cs","30","Property","nameof(DXDC.DataTable.ShowOutlineBorder)","bool?","ShowOutlineBorder","_ShowOutlineBorder"
"D:\OneDrive\VS\Projects\DocxDocument\DocumentModel.InOpenXml\Drawings.Charts\Data\DataTable.cs","37","Property","nameof(DXDC.DataTable.ShowKeys)","bool?","ShowKeys","_ShowKeys"
"D:\OneDrive\VS\Projects\DocxDocument\DocumentModel.InOpenXml\Drawings.Charts\Data\DataTable.cs","44","Property","nameof(DXDC.DataTable.ChartShapeProperties)","ChartShapeProperties?","ChartShapeProperties","_ChartShapeProperties"
"D:\OneDrive\VS\Projects\DocxDocument\DocumentModel.InOpenXml\Drawings.Charts\Data\DataTable.cs","51","Property","nameof(DXDC.DataTable.TextProperties)","TextProperties?","TextProperties","_TextProperties"
"D:\OneDrive\VS\Projects\DocxDocument\DocumentModel.InOpenXml\Drawings.Charts\Data\DataTable.cs","58","Property","nameof(DXDC.DataTable.ExtensionList)","IExtensionList?","ExtensionList","_ExtensionList"
"D:\OneDrive\VS\Projects\DocxDocument\DocumentModel.InOpenXml\Drawings.Charts\Data\ExternalData.cs","15","Property","nameof(DXDC.ExternalData.Id)","string?","Id","_Id"
"D:\OneDrive\VS\Projects\DocxDocument\DocumentModel.InOpenXml\Drawings.Charts\Data\ExternalData.cs","22","Property","nameof(DXDC.ExternalData.AutoUpdate)","bool?","AutoUpdate","_AutoUpdate"
"D:\OneDrive\VS\Projects\DocxDocument\DocumentModel.InOpenXml\Drawings.Charts\Data\FormulaReference.cs","14","Property","nameof(DXO13DC.FormulaReference.SequenceOfReferences)","string?","SequenceOfReferences","_SequenceOfReferences"
"D:\OneDrive\VS\Projects\DocxDocument\DocumentModel.InOpenXml\Drawings.Charts\Data\FullReference.cs","14","Property","nameof(DXO13DC.FullReference.SequenceOfReferences)","string?","SequenceOfReferences","_SequenceOfReferences"
"D:\OneDrive\VS\Projects\DocxDocument\DocumentModel.InOpenXml\Drawings.Charts\Data\LevelReference.cs","14","Property","nameof(DXO13DC.LevelReference.SequenceOfReferences)","string?","SequenceOfReferences","_SequenceOfReferences"
"D:\OneDrive\VS\Projects\DocxDocument\DocumentModel.InOpenXml\Drawings.Charts\Data\MultiLevelStringCache.cs","14","Property","nameof(DXDC.MultiLevelStringCache.PointCount)","UInt32?","PointCount","_PointCount"
"D:\OneDrive\VS\Projects\DocxDocument\DocumentModel.InOpenXml\Drawings.Charts\Data\MultiLevelStringCache.cs","21","Element","typeof(DXDC.Level)","Levels?","Levels","_Levels"
"D:\OneDrive\VS\Projects\DocxDocument\DocumentModel.InOpenXml\Drawings.Charts\Data\MultiLevelStringCache.cs","28","Element","typeof(DXDC.ExtensionList)","IExtensionList?","ExtensionList","_ExtensionList"
"D:\OneDrive\VS\Projects\DocxDocument\DocumentModel.InOpenXml\Drawings.Charts\Data\MultiLevelStringReference.cs","14","Property","nameof(DXDC.MultiLevelStringReference.Formula)","string?","Formula","_Formula"
"D:\OneDrive\VS\Projects\DocxDocument\DocumentModel.InOpenXml\Drawings.Charts\Data\MultiLevelStringReference.cs","21","Property","nameof(DXDC.MultiLevelStringReference.MultiLevelStringCache)","MultiLevelStringCache?","MultiLevelStringCache","_MultiLevelStringCache"
"D:\OneDrive\VS\Projects\DocxDocument\DocumentModel.InOpenXml\Drawings.Charts\Data\MultiLevelStringReference.cs","28","Property","nameof(DXDC.MultiLevelStringReference.MultiLvlStrRefExtensionList)","MultiLvlStrRefExtensionList?","MultiLvlStrRefExtensionList","_MultiLvlStrRefExtensionList"
"D:\OneDrive\VS\Projects\DocxDocument\DocumentModel.InOpenXml\Drawings.Charts\Data\NumberDataSourceType.cs","15","Property","nameof(DXDC.NumberDataSourceType.NumberReference)","NumberReference?","NumberReference","_NumberReference"
"D:\OneDrive\VS\Projects\DocxDocument\DocumentModel.InOpenXml\Drawings.Charts\Data\NumberDataSourceType.cs","22","Property","nameof(DXDC.NumberDataSourceType.NumberLiteral)","NumberLiteral?","NumberLiteral","_NumberLiteral"
"D:\OneDrive\VS\Projects\DocxDocument\DocumentModel.InOpenXml\Drawings.Charts\Data\NumberDataType.cs","14","Property","nameof(DXDC.NumberDataType.FormatCode)","string?","FormatCode","_FormatCode"
"D:\OneDrive\VS\Projects\DocxDocument\DocumentModel.InOpenXml\Drawings.Charts\Data\NumberDataType.cs","21","Property","nameof(DXDC.NumberDataType.PointCount)","UInt32?","PointCount","_PointCount"
"D:\OneDrive\VS\Projects\DocxDocument\DocumentModel.InOpenXml\Drawings.Charts\Data\NumberingCache.cs","14","Property","nameof(DXDC.NumberingCache.FormatCode)","string?","FormatCode","_FormatCode"
"D:\OneDrive\VS\Projects\DocxDocument\DocumentModel.InOpenXml\Drawings.Charts\Data\NumberingCache.cs","21","Property","nameof(DXDC.NumberingCache.PointCount)","UInt32?","PointCount","_PointCount"
"D:\OneDrive\VS\Projects\DocxDocument\DocumentModel.InOpenXml\Drawings.Charts\Data\NumberingCache.cs","28","Element","typeof(DXDC.NumericPoint)","NumericPoints?","NumericPoints","_NumericPoints"
"D:\OneDrive\VS\Projects\DocxDocument\DocumentModel.InOpenXml\Drawings.Charts\Data\NumberingCache.cs","35","Element","typeof(DXDC.ExtensionList)","IExtensionList?","ExtensionList","_ExtensionList"
"D:\OneDrive\VS\Projects\DocxDocument\DocumentModel.InOpenXml\Drawings.Charts\Data\NumberLiteral.cs","14","Property","nameof(DXDC.NumberLiteral.FormatCode)","string?","FormatCode","_FormatCode"
"D:\OneDrive\VS\Projects\DocxDocument\DocumentModel.InOpenXml\Drawings.Charts\Data\NumberLiteral.cs","21","Property","nameof(DXDC.NumberLiteral.PointCount)","UInt32?","PointCount","_PointCount"
"D:\OneDrive\VS\Projects\DocxDocument\DocumentModel.InOpenXml\Drawings.Charts\Data\NumberLiteral.cs","28","Element","typeof(DXDC.NumericPoint)","NumericPoints?","NumericPoints","_NumericPoints"
"D:\OneDrive\VS\Projects\DocxDocument\DocumentModel.InOpenXml\Drawings.Charts\Data\NumberLiteral.cs","35","Element","typeof(DXDC.ExtensionList)","IExtensionList?","ExtensionList","_ExtensionList"
"D:\OneDrive\VS\Projects\DocxDocument\DocumentModel.InOpenXml\Drawings.Charts\Data\NumberReference.cs","14","Property","nameof(DXDC.NumberReference.Formula)","string?","Formula","_Formula"
"D:\OneDrive\VS\Projects\DocxDocument\DocumentModel.InOpenXml\Drawings.Charts\Data\NumberReference.cs","21","Property","nameof(DXDC.NumberReference.NumberingCache)","NumberingCache?","NumberingCache","_NumberingCache"
"D:\OneDrive\VS\Projects\DocxDocument\DocumentModel.InOpenXml\Drawings.Charts\Data\NumberReference.cs","28","Element","typeof(DXDC.NumRefExtensionList)","NumRefExtension?","NumRefExtension","_NumRefExtension"
"D:\OneDrive\VS\Projects\DocxDocument\DocumentModel.InOpenXml\Drawings.Charts\Data\NumericPoints.cs","14","Property","nameof(DXDC.NumericPoint.Index)","UInt32?","Index","_Index"
"D:\OneDrive\VS\Projects\DocxDocument\DocumentModel.InOpenXml\Drawings.Charts\Data\NumericPoints.cs","21","Property","nameof(DXDC.NumericPoint.FormatCode)","string?","FormatCode","_FormatCode"
"D:\OneDrive\VS\Projects\DocxDocument\DocumentModel.InOpenXml\Drawings.Charts\Data\NumericPoints.cs","28","Property","nameof(DXDC.NumericPoint.NumericValue)","string?","NumericValue","_NumericValue"
"D:\OneDrive\VS\Projects\DocxDocument\DocumentModel.InOpenXml\Drawings.Charts\Data\RichText.cs","15","Property","nameof(DXDC.RichText.BodyProperties)","BodyProperties?","BodyProperties","_BodyProperties"
"D:\OneDrive\VS\Projects\DocxDocument\DocumentModel.InOpenXml\Drawings.Charts\Data\RichText.cs","22","Property","nameof(DXDC.RichText.ListStyle)","ListStyle?","ListStyle","_ListStyle"
"D:\OneDrive\VS\Projects\DocxDocument\DocumentModel.InOpenXml\Drawings.Charts\Data\RichText.cs","29","Element","typeof(DXD.Paragraph)","Paragraph?","Paragraph","_Paragraph"
"D:\OneDrive\VS\Projects\DocxDocument\DocumentModel.InOpenXml\Drawings.Charts\Data\SeriesText.cs","15","Property","nameof(DXDC.SeriesText.StringReference)","StringReference?","StringReference","_StringReference"
"D:\OneDrive\VS\Projects\DocxDocument\DocumentModel.InOpenXml\Drawings.Charts\Data\SeriesText.cs","22","Property","nameof(DXDC.SeriesText.NumericValue)","string?","NumericValue","_NumericValue"
"D:\OneDrive\VS\Projects\DocxDocument\DocumentModel.InOpenXml\Drawings.Charts\Data\StringCache.cs","15","Property","nameof(DXDC.StringCache.PointCount)","UInt32?","PointCount","_PointCount"
"D:\OneDrive\VS\Projects\DocxDocument\DocumentModel.InOpenXml\Drawings.Charts\Data\StringCache.cs","22","Element","typeof(DXDC.StringPoint)","StringPoints?","StringPoints","_StringPoints"
"D:\OneDrive\VS\Projects\DocxDocument\DocumentModel.InOpenXml\Drawings.Charts\Data\StringCache.cs","29","Element","typeof(DXDC.StrDataExtensionList)","StrDataExtension?","StrDataExtension","_StrDataExtension"
"D:\OneDrive\VS\Projects\DocxDocument\DocumentModel.InOpenXml\Drawings.Charts\Data\StringDataType.cs","14","Property","nameof(DXDC.StringDataType.PointCount)","UInt32?","PointCount","_PointCount"
"D:\OneDrive\VS\Projects\DocxDocument\DocumentModel.InOpenXml\Drawings.Charts\Data\StringLiteral.cs","15","Property","nameof(DXDC.StringLiteral.PointCount)","UInt32?","PointCount","_PointCount"
"D:\OneDrive\VS\Projects\DocxDocument\DocumentModel.InOpenXml\Drawings.Charts\Data\StringLiteral.cs","22","Element","typeof(DXDC.StringPoint)","StringPoints?","StringPoints","_StringPoints"
"D:\OneDrive\VS\Projects\DocxDocument\DocumentModel.InOpenXml\Drawings.Charts\Data\StringLiteral.cs","29","Element","typeof(DXDC.StrDataExtensionList)","StrDataExtension?","StrDataExtension","_StrDataExtension"
"D:\OneDrive\VS\Projects\DocxDocument\DocumentModel.InOpenXml\Drawings.Charts\Data\StringPoint.cs","14","Property","nameof(DXDC.StringPoint.Index)","UInt32?","Index","_Index"
"D:\OneDrive\VS\Projects\DocxDocument\DocumentModel.InOpenXml\Drawings.Charts\Data\StringPoint.cs","21","Property","nameof(DXDC.StringPoint.NumericValue)","string?","NumericValue","_NumericValue"
"D:\OneDrive\VS\Projects\DocxDocument\DocumentModel.InOpenXml\Drawings.Charts\Data\StringReference.cs","15","Property","nameof(DXDC.StringReference.Formula)","string?","Formula","_Formula"
"D:\OneDrive\VS\Projects\DocxDocument\DocumentModel.InOpenXml\Drawings.Charts\Data\StringReference.cs","22","Property","nameof(DXDC.StringReference.StringCache)","StringCache?","StringCache","_StringCache"
"D:\OneDrive\VS\Projects\DocxDocument\DocumentModel.InOpenXml\Drawings.Charts\Data\StringReference.cs","29","Element","typeof(DXDC.StrRefExtensionList)","StrRefExtension?","StrRefExtension","_StrRefExtension"
"D:\OneDrive\VS\Projects\DocxDocument\DocumentModel.InOpenXml\Drawings.Charts\Data\Values.cs","15","Property","nameof(DXDC.Values.NumberReference)","NumberReference?","NumberReference","_NumberReference"
"D:\OneDrive\VS\Projects\DocxDocument\DocumentModel.InOpenXml\Drawings.Charts\Data\Values.cs","22","Property","nameof(DXDC.Values.NumberLiteral)","NumberLiteral?","NumberLiteral","_NumberLiteral"
"D:\OneDrive\VS\Projects\DocxDocument\DocumentModel.InOpenXml\Drawings.Charts\Data\XValues.cs","14","Property","nameof(DXDC.XValues.MultiLevelStringReference)","MultiLevelStringReference?","MultiLevelStringReference","_MultiLevelStringReference"
"D:\OneDrive\VS\Projects\DocxDocument\DocumentModel.InOpenXml\Drawings.Charts\Data\XValues.cs","21","Property","nameof(DXDC.XValues.NumberReference)","NumberReference?","NumberReference","_NumberReference"
"D:\OneDrive\VS\Projects\DocxDocument\DocumentModel.InOpenXml\Drawings.Charts\Data\XValues.cs","28","Property","nameof(DXDC.XValues.NumberLiteral)","NumberLiteral?","NumberLiteral","_NumberLiteral"
"D:\OneDrive\VS\Projects\DocxDocument\DocumentModel.InOpenXml\Drawings.Charts\Data\XValues.cs","35","Property","nameof(DXDC.XValues.StringReference)","StringReference?","StringReference","_StringReference"
"D:\OneDrive\VS\Projects\DocxDocument\DocumentModel.InOpenXml\Drawings.Charts\Data\XValues.cs","42","Property","nameof(DXDC.XValues.StringLiteral)","StringLiteral?","StringLiteral","_StringLiteral"
"D:\OneDrive\VS\Projects\DocxDocument\DocumentModel.InOpenXml\Drawings.Charts\Data\YValues.cs","14","Property","nameof(DXDC.YValues.NumberReference)","NumberReference?","NumberReference","_NumberReference"
"D:\OneDrive\VS\Projects\DocxDocument\DocumentModel.InOpenXml\Drawings.Charts\Data\YValues.cs","21","Property","nameof(DXDC.YValues.NumberLiteral)","NumberLiteral?","NumberLiteral","_NumberLiteral"
"D:\OneDrive\VS\Projects\DocxDocument\DocumentModel.InOpenXml\Drawings.Charts\Extensions\DataLabelExtension.cs","15","Element","typeof(DXO13DC.DataLabelFieldTable)","DataLabelFieldTable?","DataLabelFieldTable","_DataLabelFieldTable"
"D:\OneDrive\VS\Projects\DocxDocument\DocumentModel.InOpenXml\Drawings.Charts\Extensions\DataLabelExtension.cs","22","Element","typeof(DXO13DC.ExceptionForSave)","bool?","ExceptionForSave","_ExceptionForSave"
"D:\OneDrive\VS\Projects\DocxDocument\DocumentModel.InOpenXml\Drawings.Charts\Extensions\DataLabelExtension.cs","29","Element","typeof(DXO13DC.ShowDataLabelsRange)","bool?","ShowDataLabelsRange","_ShowDataLabelsRange"
"D:\OneDrive\VS\Projects\DocxDocument\DocumentModel.InOpenXml\Drawings.Charts\Extensions\DataLabelExtension.cs","36","Element","typeof(DXO13DC.ShapeProperties)","ShapeProperties?","ShapeProperties","_ShapeProperties"
"D:\OneDrive\VS\Projects\DocxDocument\DocumentModel.InOpenXml\Drawings.Charts\Extensions\DataLabelsExtension.cs","15","Element","typeof(DXO13DC.Layout)","ChartText?","ChartText","_ChartText"
"D:\OneDrive\VS\Projects\DocxDocument\DocumentModel.InOpenXml\Drawings.Charts\Extensions\DataLabelsExtension.cs","22","Element","typeof(DXO13DC.DataLabelFieldTable)","DataLabelFieldTable?","DataLabelFieldTable","_DataLabelFieldTable"
"D:\OneDrive\VS\Projects\DocxDocument\DocumentModel.InOpenXml\Drawings.Charts\Extensions\DataLabelsExtension.cs","29","Element","typeof(DXO13DC.ShowDataLabelsRange)","bool?","ShowDataLabelsRange","_ShowDataLabelsRange"
"D:\OneDrive\VS\Projects\DocxDocument\DocumentModel.InOpenXml\Drawings.Charts\Extensions\DataLabelsExtension.cs","51","Element","typeof(DXO13DC.ShapeProperties)","bool?","ShowLeaderLines","_ShowLeaderLines"
"D:\OneDrive\VS\Projects\DocxDocument\DocumentModel.InOpenXml\Drawings.Charts\Extensions\MultiLevelStrRefExtension.cs","15","Element","typeof(DXO13DC.FullReference)","FullReference?","FullReference","_FullReference"
"D:\OneDrive\VS\Projects\DocxDocument\DocumentModel.InOpenXml\Drawings.Charts\Extensions\MultiLevelStrRefExtension.cs","22","Element","typeof(DXO13DC.LevelReference)","LevelReference?","LevelReference","_LevelReference"
"D:\OneDrive\VS\Projects\DocxDocument\DocumentModel.InOpenXml\Drawings.Charts\Extensions\MultiLevelStrRefExtension.cs","29","Element","typeof(DXO13DC.FormulaReference)","FormulaReference?","FormulaReference","_FormulaReference"
"D:\OneDrive\VS\Projects\DocxDocument\DocumentModel.InOpenXml\Drawings.Charts\Extensions\StrDataExtension.cs","15","Element","typeof(DXO13DC.AutoGeneneratedCategories)","bool?","AutoGeneratedCategories","_AutoGeneratedCategories"
"D:\OneDrive\VS\Projects\DocxDocument\DocumentModel.InOpenXml\Drawings.Charts\Extensions\StrRefExtension.cs","15","Element","typeof(DXO13DC.FullReference)","FullReference?","FullReference","_FullReference"
"D:\OneDrive\VS\Projects\DocxDocument\DocumentModel.InOpenXml\Drawings.Charts\Extensions\StrRefExtension.cs","22","Element","typeof(DXO13DC.LevelReference)","LevelReference?","LevelReference","_LevelReference"
"D:\OneDrive\VS\Projects\DocxDocument\DocumentModel.InOpenXml\Drawings.Charts\Extensions\StrRefExtension.cs","29","Element","typeof(DXO13DC.FormulaReference)","FormulaReference?","FormulaReference","_FormulaReference"
"D:\OneDrive\VS\Projects\DocxDocument\DocumentModel.InOpenXml\Drawings.Charts\Formatting\BandFormat.cs","15","Property","nameof(DXDC.BandFormat.Index)","UInt32?","Index","_Index"
"D:\OneDrive\VS\Projects\DocxDocument\DocumentModel.InOpenXml\Drawings.Charts\Formatting\BandFormat.cs","22","Property","nameof(DXDC.BandFormat.ChartShapeProperties)","ChartShapeProperties?","ChartShapeProperties","_ChartShapeProperties"
"D:\OneDrive\VS\Projects\DocxDocument\DocumentModel.InOpenXml\Drawings.Charts\Formatting\ChartShapeProperties.cs","34","Property","nameof(DXDC.ChartShapeProperties.BlackWhiteMode)","BlackWhiteMode?","BlackWhiteMode","_BlackWhiteMode"
"D:\OneDrive\VS\Projects\DocxDocument\DocumentModel.InOpenXml\Drawings.Charts\Formatting\ChartShapeProperties.cs","41","Property","nameof(DXDC.ChartShapeProperties.Transform2D)","Transform2D?","Transform2D","_Transform2D"
"D:\OneDrive\VS\Projects\DocxDocument\DocumentModel.InOpenXml\Drawings.Charts\Formatting\ChartShapeProperties.cs","48","Element","typeof(DXD.CustomGeometry)","CustomGeometry?","CustomGeometry","_CustomGeometry"
"D:\OneDrive\VS\Projects\DocxDocument\DocumentModel.InOpenXml\Drawings.Charts\Formatting\ChartShapeProperties.cs","55","Element","typeof(DXD.PresetGeometry)","PresetGeometry?","PresetGeometry","_PresetGeometry"
"D:\OneDrive\VS\Projects\DocxDocument\DocumentModel.InOpenXml\Drawings.Charts\Formatting\ChartShapeProperties.cs","62","Element","typeof(DXD.Fill)","Fill?","Fill","_Fill"
"D:\OneDrive\VS\Projects\DocxDocument\DocumentModel.InOpenXml\Drawings.Charts\Formatting\ChartShapeProperties.cs","69","Element","typeof(DXD.Outline)","LineProperties?","Outline","_Outline"
"D:\OneDrive\VS\Projects\DocxDocument\DocumentModel.InOpenXml\Drawings.Charts\Formatting\ChartShapeProperties.cs","76","Element","typeof(DXD.EffectList)","EffectList?","EffectList","_EffectList"
"D:\OneDrive\VS\Projects\DocxDocument\DocumentModel.InOpenXml\Drawings.Charts\Formatting\ChartShapeProperties.cs","83","Element","typeof(DXD.EffectDag)","EffectDag?","EffectDag","_EffectDag"
"D:\OneDrive\VS\Projects\DocxDocument\DocumentModel.InOpenXml\Drawings.Charts\Formatting\ChartShapeProperties.cs","90","Element","typeof(DXD.Scene3DType)","Scene3DType?","Scene3DType","_Scene3DType"
"D:\OneDrive\VS\Projects\DocxDocument\DocumentModel.InOpenXml\Drawings.Charts\Formatting\ChartShapeProperties.cs","97","Element","typeof(DXD.Shape3DType)","Shape3DType?","Shape3DType","_Shape3DType"
"D:\OneDrive\VS\Projects\DocxDocument\DocumentModel.InOpenXml\Drawings.Charts\Formatting\ChartShapeProperties.cs","104","Element","typeof(DXD.ExtensionList)","IExtensionList?","ExtensionList","_ExtensionList"
"D:\OneDrive\VS\Projects\DocxDocument\DocumentModel.InOpenXml\Drawings.Charts\Formatting\OverrideColorMapping.cs","15","Property","nameof(DXD.OverrideColorMapping.Background1)","ColorType?","Background1","_Background1"
"D:\OneDrive\VS\Projects\DocxDocument\DocumentModel.InOpenXml\Drawings.Charts\Formatting\OverrideColorMapping.cs","22","Property","nameof(DXD.OverrideColorMapping.Text1)","ColorType?","Text1","_Text1"
"D:\OneDrive\VS\Projects\DocxDocument\DocumentModel.InOpenXml\Drawings.Charts\Formatting\OverrideColorMapping.cs","29","Property","nameof(DXD.OverrideColorMapping.Background2)","ColorType?","Background2","_Background2"
"D:\OneDrive\VS\Projects\DocxDocument\DocumentModel.InOpenXml\Drawings.Charts\Formatting\OverrideColorMapping.cs","36","Property","nameof(DXD.OverrideColorMapping.Text2)","ColorType?","Text2","_Text2"
"D:\OneDrive\VS\Projects\DocxDocument\DocumentModel.InOpenXml\Drawings.Charts\Formatting\OverrideColorMapping.cs","43","Property","nameof(DXD.OverrideColorMapping.Accent1)","ColorType?","Accent1","_Accent1"
"D:\OneDrive\VS\Projects\DocxDocument\DocumentModel.InOpenXml\Drawings.Charts\Formatting\OverrideColorMapping.cs","50","Property","nameof(DXD.OverrideColorMapping.Accent2)","ColorType?","Accent2","_Accent2"
"D:\OneDrive\VS\Projects\DocxDocument\DocumentModel.InOpenXml\Drawings.Charts\Formatting\OverrideColorMapping.cs","57","Property","nameof(DXD.OverrideColorMapping.Accent3)","ColorType?","Accent3","_Accent3"
"D:\OneDrive\VS\Projects\DocxDocument\DocumentModel.InOpenXml\Drawings.Charts\Formatting\OverrideColorMapping.cs","64","Property","nameof(DXD.OverrideColorMapping.Accent4)","ColorType?","Accent4","_Accent4"
"D:\OneDrive\VS\Projects\DocxDocument\DocumentModel.InOpenXml\Drawings.Charts\Formatting\OverrideColorMapping.cs","71","Property","nameof(DXD.OverrideColorMapping.Accent5)","ColorType?","Accent5","_Accent5"
"D:\OneDrive\VS\Projects\DocxDocument\DocumentModel.InOpenXml\Drawings.Charts\Formatting\OverrideColorMapping.cs","78","Property","nameof(DXD.OverrideColorMapping.Accent6)","ColorType?","Accent6","_Accent6"
"D:\OneDrive\VS\Projects\DocxDocument\DocumentModel.InOpenXml\Drawings.Charts\Formatting\OverrideColorMapping.cs","85","Property","nameof(DXD.OverrideColorMapping.Hyperlink)","ColorType?","Hyperlink","_Hyperlink"
"D:\OneDrive\VS\Projects\DocxDocument\DocumentModel.InOpenXml\Drawings.Charts\Formatting\OverrideColorMapping.cs","92","Property","nameof(DXD.OverrideColorMapping.FollowedHyperlink)","ColorType?","FollowedHyperlink","_FollowedHyperlink"
"D:\OneDrive\VS\Projects\DocxDocument\DocumentModel.InOpenXml\Drawings.Charts\Formatting\PictureOptions.cs","15","Property","nameof(DXDC.PictureOptions.ApplyToFront)","bool?","ApplyToFront","_ApplyToFront"
"D:\OneDrive\VS\Projects\DocxDocument\DocumentModel.InOpenXml\Drawings.Charts\Formatting\PictureOptions.cs","22","Property","nameof(DXDC.PictureOptions.ApplyToSides)","bool?","ApplyToSides","_ApplyToSides"
"D:\OneDrive\VS\Projects\DocxDocument\DocumentModel.InOpenXml\Drawings.Charts\Formatting\PictureOptions.cs","29","Property","nameof(DXDC.PictureOptions.ApplyToEnd)","bool?","ApplyToEnd","_ApplyToEnd"
"D:\OneDrive\VS\Projects\DocxDocument\DocumentModel.InOpenXml\Drawings.Charts\Formatting\PictureOptions.cs","36","Property","nameof(DXDC.PictureOptions.PictureFormat)","PictureFormat?","PictureFormat","_PictureFormat"
"D:\OneDrive\VS\Projects\DocxDocument\DocumentModel.InOpenXml\Drawings.Charts\Formatting\PictureOptions.cs","43","Property","nameof(DXDC.PictureOptions.PictureStackUnit)","Double?","PictureStackUnit","_PictureStackUnit"
"D:\OneDrive\VS\Projects\DocxDocument\DocumentModel.InOpenXml\Drawings.Charts\Formatting\PivotFormat.cs","14","Property","nameof(DXDC.PivotFormat.Index)","UInt32?","Index","_Index"
"D:\OneDrive\VS\Projects\DocxDocument\DocumentModel.InOpenXml\Drawings.Charts\Formatting\PivotFormat.cs","21","Property","nameof(DXDC.PivotFormat.ShapeProperties)","ShapeProperties?","ShapeProperties","_ShapeProperties"
"D:\OneDrive\VS\Projects\DocxDocument\DocumentModel.InOpenXml\Drawings.Charts\Formatting\PivotFormat.cs","28","Property","nameof(DXDC.PivotFormat.Marker)","Marker?","Marker","_Marker"
"D:\OneDrive\VS\Projects\DocxDocument\DocumentModel.InOpenXml\Drawings.Charts\Formatting\PivotFormat.cs","35","Property","nameof(DXDC.PivotFormat.DataLabel)","DataLabel?","DataLabel","_DataLabel"
"D:\OneDrive\VS\Projects\DocxDocument\DocumentModel.InOpenXml\Drawings.Charts\Formatting\PivotFormat.cs","42","Property","nameof(DXDC.PivotFormat.ExtensionList)","IExtensionList?","ExtensionList","_ExtensionList"
"D:\OneDrive\VS\Projects\DocxDocument\DocumentModel.InOpenXml\Drawings.Charts\Formatting\ShapeProperties.cs","26","Element","typeof(DXD.CustomGeometry)","CustomGeometry?","CustomGeometry","_CustomGeometry"
"D:\OneDrive\VS\Projects\DocxDocument\DocumentModel.InOpenXml\Drawings.Charts\Formatting\ShapeProperties.cs","33","Element","typeof(DXD.PresetGeometry)","PresetGeometry?","PresetGeometry","_PresetGeometry"
"D:\OneDrive\VS\Projects\DocxDocument\DocumentModel.InOpenXml\Drawings.Charts\Formatting\ShapeProperties.cs","40","Element","typeof(DXD.NoFill)","Fill?","Fill","_Fill"
"D:\OneDrive\VS\Projects\DocxDocument\DocumentModel.InOpenXml\Drawings.Charts\Formatting\ShapeProperties.cs","47","Element","typeof(DXD.Outline)","LineProperties?","Outline","_Outline"
"D:\OneDrive\VS\Projects\DocxDocument\DocumentModel.InOpenXml\Drawings.Charts\Formatting\ShapeProperties.cs","54","Element","typeof(DXD.EffectList)","EffectList?","EffectList","_EffectList"
"D:\OneDrive\VS\Projects\DocxDocument\DocumentModel.InOpenXml\Drawings.Charts\Formatting\ShapeProperties.cs","61","Element","typeof(DXD.EffectDag)","EffectDag?","EffectDag","_EffectDag"
"D:\OneDrive\VS\Projects\DocxDocument\DocumentModel.InOpenXml\Drawings.Charts\Formatting\ShapeProperties.cs","68","Element","typeof(DXD.Scene3DType)","Scene3DType?","Scene3DType","_Scene3DType"
"D:\OneDrive\VS\Projects\DocxDocument\DocumentModel.InOpenXml\Drawings.Charts\Formatting\ShapeProperties.cs","75","Element","typeof(DXD.Shape3DType)","Shape3DType?","Shape3DType","_Shape3DType"
"D:\OneDrive\VS\Projects\DocxDocument\DocumentModel.InOpenXml\Drawings.Charts\Formatting\ShapeProperties.cs","82","Element","typeof(DXD.ShapePropertiesExtensionList)","ShapePropertiesExtensionList?","ShapePropertiesExtensionList","_ShapePropertiesExtensionList"
"D:\OneDrive\VS\Projects\DocxDocument\DocumentModel.InOpenXml\Drawings.Charts\Formatting\SketchOptions.cs","14","Property","nameof(DXO10DC.SketchOptions.InSketchMode)","bool?","InSketchMode","_InSketchMode"
"D:\OneDrive\VS\Projects\DocxDocument\DocumentModel.InOpenXml\Drawings.Charts\Formatting\SketchOptions.cs","21","Property","nameof(DXO10DC.SketchOptions.ShowSketchButton)","bool?","ShowSketchButton","_ShowSketchButton"
"D:\OneDrive\VS\Projects\DocxDocument\DocumentModel.InOpenXml\Drawings.Charts\Formatting\TextBodyType.cs","14","Property","nameof(DXDC.TextBodyType.BodyProperties)","BodyProperties?","BodyProperties","_BodyProperties"
"D:\OneDrive\VS\Projects\DocxDocument\DocumentModel.InOpenXml\Drawings.Charts\Formatting\TextBodyType.cs","21","Property","nameof(DXDC.TextBodyType.ListStyle)","ListStyle?","ListStyle","_ListStyle"
"D:\OneDrive\VS\Projects\DocxDocument\DocumentModel.InOpenXml\Drawings.Charts\Formatting\TextProperties.cs","15","Property","nameof(DXDC.TextProperties.BodyProperties)","BodyProperties?","BodyProperties","_BodyProperties"
"D:\OneDrive\VS\Projects\DocxDocument\DocumentModel.InOpenXml\Drawings.Charts\Formatting\TextProperties.cs","22","Property","nameof(DXDC.TextProperties.ListStyle)","ListStyle?","ListStyle","_ListStyle"
"D:\OneDrive\VS\Projects\DocxDocument\DocumentModel.InOpenXml\Drawings.Charts\Formatting\TextProperties.cs","29","Element","typeof(DXD.Paragraph)","Paragraph?","Paragraph","_Paragraph"
"D:\OneDrive\VS\Projects\DocxDocument\DocumentModel.InOpenXml\Drawings.Charts\Specific axis types\Category axis\CategoryAxisData.cs","14","Element","typeof(DXDC.MultiLevelStringReference)","MultiLevelStringReference?","MultiLevelStringReference","_MultiLevelStringReference"
"D:\OneDrive\VS\Projects\DocxDocument\DocumentModel.InOpenXml\Drawings.Charts\Specific axis types\Category axis\CategoryAxisData.cs","21","Element","typeof(DXDC.NumberReference)","NumberReference?","NumberReference","_NumberReference"
"D:\OneDrive\VS\Projects\DocxDocument\DocumentModel.InOpenXml\Drawings.Charts\Specific axis types\Category axis\CategoryAxisData.cs","28","Element","typeof(DXDC.NumberLiteral)","NumberLiteral?","NumberLiteral","_NumberLiteral"
"D:\OneDrive\VS\Projects\DocxDocument\DocumentModel.InOpenXml\Drawings.Charts\Specific axis types\Category axis\CategoryAxisData.cs","35","Element","typeof(DXDC.StringReference)","StringReference?","StringReference","_StringReference"
"D:\OneDrive\VS\Projects\DocxDocument\DocumentModel.InOpenXml\Drawings.Charts\Specific axis types\Category axis\CategoryAxisData.cs","42","Element","typeof(DXDC.StringLiteral)","StringLiteral?","StringLiteral","_StringLiteral"
"D:\OneDrive\VS\Projects\DocxDocument\DocumentModel.InOpenXml\Drawings.Charts\Specific axis types\Date axis\DateAxis.cs","14","Element","typeof(DXDC.AutoLabeled)","bool?","AutoLabeled","_AutoLabeled"
"D:\OneDrive\VS\Projects\DocxDocument\DocumentModel.InOpenXml\Drawings.Charts\Specific axis types\Date axis\DateAxis.cs","21","Element","typeof(DXDC.LabelOffset)","UInt16?","LabelOffset","_LabelOffset"
"D:\OneDrive\VS\Projects\DocxDocument\DocumentModel.InOpenXml\Drawings.Charts\Specific axis types\Date axis\DateAxis.cs","28","Element","typeof(DXDC.BaseTimeUnit)","TimeUnit?","BaseTimeUnit","_BaseTimeUnit"
"D:\OneDrive\VS\Projects\DocxDocument\DocumentModel.InOpenXml\Drawings.Charts\Specific axis types\Date axis\DateAxis.cs","35","Element","typeof(DXDC.MajorUnit)","Double?","MajorUnit","_MajorUnit"
"D:\OneDrive\VS\Projects\DocxDocument\DocumentModel.InOpenXml\Drawings.Charts\Specific axis types\Date axis\DateAxis.cs","42","Element","typeof(DXDC.MajorTimeUnit)","TimeUnit?","MajorTimeUnit","_MajorTimeUnit"
"D:\OneDrive\VS\Projects\DocxDocument\DocumentModel.InOpenXml\Drawings.Charts\Specific axis types\Date axis\DateAxis.cs","49","Element","typeof(DXDC.MinorUnit)","Double?","MinorUnit","_MinorUnit"
"D:\OneDrive\VS\Projects\DocxDocument\DocumentModel.InOpenXml\Drawings.Charts\Specific axis types\Date axis\DateAxis.cs","56","Element","typeof(DXDC.MinorTimeUnit)","TimeUnit?","MinorTimeUnit","_MinorTimeUnit"
"D:\OneDrive\VS\Projects\DocxDocument\DocumentModel.InOpenXml\Drawings.Charts\Specific axis types\Date axis\DateAxis.cs","63","Element","typeof(DXDC.DateAxExtensionList)","DateAxExtensionList?","DateAxExtensionList","_DateAxExtensionList"
"D:\OneDrive\VS\Projects\DocxDocument\DocumentModel.InOpenXml\Drawings.Charts\Specific axis types\Series axis\SeriesAxis.cs","14","Element","typeof(DXDC.TickLabelSkip)","Int32?","TickLabelSkip","_TickLabelSkip"
"D:\OneDrive\VS\Projects\DocxDocument\DocumentModel.InOpenXml\Drawings.Charts\Specific axis types\Series axis\SeriesAxis.cs","21","Element","typeof(DXDC.TickMarkSkip)","Int32?","TickMarkSkip","_TickMarkSkip"
"D:\OneDrive\VS\Projects\DocxDocument\DocumentModel.InOpenXml\Drawings.Charts\Specific axis types\Series axis\SeriesAxis.cs","28","Element","typeof(DXDC.SerAxExtensionList)","SerAxExtensionList?","SerAxExtensionList","_SerAxExtensionList"
"D:\OneDrive\VS\Projects\DocxDocument\DocumentModel.InOpenXml\Drawings.Charts\Specific axis types\Value axis\ValueAxis.cs","14","Element","typeof(DXDC.CrossBetween)","CrossBetween?","CrossBetween","_CrossBetween"
"D:\OneDrive\VS\Projects\DocxDocument\DocumentModel.InOpenXml\Drawings.Charts\Specific axis types\Value axis\ValueAxis.cs","21","Element","typeof(DXDC.MajorUnit)","Double?","MajorUnit","_MajorUnit"
"D:\OneDrive\VS\Projects\DocxDocument\DocumentModel.InOpenXml\Drawings.Charts\Specific axis types\Value axis\ValueAxis.cs","28","Element","typeof(DXDC.MinorUnit)","Double?","MinorUnit","_MinorUnit"
"D:\OneDrive\VS\Projects\DocxDocument\DocumentModel.InOpenXml\Drawings.Charts\Specific axis types\Value axis\ValueAxis.cs","35","Element","typeof(DXDC.DisplayUnits)","DisplayUnits?","DisplayUnits","_DisplayUnits"
"D:\OneDrive\VS\Projects\DocxDocument\DocumentModel.InOpenXml\Drawings.Charts\Specific axis types\Value axis\ValueAxis.cs","42","Element","typeof(DXDC.ValAxExtensionList)","ValAxExtensionList?","ValAxExtensionList","_ValAxExtensionList"
"D:\OneDrive\VS\Projects\DocxDocument\DocumentModel.InOpenXml\Drawings.Charts\Specific chart types\Area charts\Area3DChart.cs","14","Property","nameof(DXDC.Area3DChart.Grouping)","Grouping?","Grouping","_Grouping"
"D:\OneDrive\VS\Projects\DocxDocument\DocumentModel.InOpenXml\Drawings.Charts\Specific chart types\Area charts\Area3DChart.cs","21","Property","nameof(DXDC.Area3DChart.VaryColors)","bool?","VaryColors","_VaryColors"
"D:\OneDrive\VS\Projects\DocxDocument\DocumentModel.InOpenXml\Drawings.Charts\Specific chart types\Area charts\Area3DChart.cs","28","Element","typeof(DXDC.AreaChartSeries)","AreaChartSeriesList?","AreaChartSeries","_AreaChartSeries"
"D:\OneDrive\VS\Projects\DocxDocument\DocumentModel.InOpenXml\Drawings.Charts\Specific chart types\Area charts\Area3DChart.cs","35","Element","typeof(DXDC.DataLabels)","DataLabels?","DataLabels","_DataLabels"
"D:\OneDrive\VS\Projects\DocxDocument\DocumentModel.InOpenXml\Drawings.Charts\Specific chart types\Area charts\Area3DChart.cs","42","Element","typeof(DXDC.DropLines)","DropLines?","DropLines","_DropLines"
"D:\OneDrive\VS\Projects\DocxDocument\DocumentModel.InOpenXml\Drawings.Charts\Specific chart types\Area charts\Area3DChart.cs","49","Element","typeof(DXDC.GapDepth)","UInt16?","GapDepth","_GapDepth"
"D:\OneDrive\VS\Projects\DocxDocument\DocumentModel.InOpenXml\Drawings.Charts\Specific chart types\Area charts\Area3DChart.cs","56","Element","typeof(DXDC.AxisId)","AxisIds?","AxisIds","_AxisIds"
"D:\OneDrive\VS\Projects\DocxDocument\DocumentModel.InOpenXml\Drawings.Charts\Specific chart types\Area charts\Area3DChart.cs","63","Element","typeof(DXDC.Area3DChartExtensionList)","Area3DChartExtension?","Area3DChartExtension","_Area3DChartExtension"
"D:\OneDrive\VS\Projects\DocxDocument\DocumentModel.InOpenXml\Drawings.Charts\Specific chart types\Area charts\Area3DChartExtension.cs","14","Element","typeof(DXO13DC.FilteredAreaSeries)","FilteredAreaSeries?","FilteredAreaSeries","_FilteredAreaSeries"
"D:\OneDrive\VS\Projects\DocxDocument\DocumentModel.InOpenXml\Drawings.Charts\Specific chart types\Area charts\AreaChart.cs","14","Property","nameof(DXDC.AreaChart.Grouping)","Grouping?","Grouping","_Grouping"
"D:\OneDrive\VS\Projects\DocxDocument\DocumentModel.InOpenXml\Drawings.Charts\Specific chart types\Area charts\AreaChart.cs","21","Property","nameof(DXDC.AreaChart.VaryColors)","bool?","VaryColors","_VaryColors"
"D:\OneDrive\VS\Projects\DocxDocument\DocumentModel.InOpenXml\Drawings.Charts\Specific chart types\Area charts\AreaChart.cs","28","Element","typeof(DXDC.AreaChartSeries)","AreaChartSeriesList?","AreaChartSeries","_AreaChartSeries"
"D:\OneDrive\VS\Projects\DocxDocument\DocumentModel.InOpenXml\Drawings.Charts\Specific chart types\Area charts\AreaChart.cs","35","Element","typeof(DXDC.DataLabels)","DataLabels?","DataLabels","_DataLabels"
"D:\OneDrive\VS\Projects\DocxDocument\DocumentModel.InOpenXml\Drawings.Charts\Specific chart types\Area charts\AreaChart.cs","42","Element","typeof(DXDC.DropLines)","DropLines?","DropLines","_DropLines"
"D:\OneDrive\VS\Projects\DocxDocument\DocumentModel.InOpenXml\Drawings.Charts\Specific chart types\Area charts\AreaChart.cs","49","Element","typeof(DXDC.AxisId)","AxisIds?","AxisIds","_AxisIds"
"D:\OneDrive\VS\Projects\DocxDocument\DocumentModel.InOpenXml\Drawings.Charts\Specific chart types\Area charts\AreaChart.cs","56","Element","typeof(DXDC.AreaChartExtensionList)","AreaChartExtension?","AreaChartExtension","_AreaChartExtension"
"D:\OneDrive\VS\Projects\DocxDocument\DocumentModel.InOpenXml\Drawings.Charts\Specific chart types\Area charts\AreaChartExtension.cs","14","Element","typeof(DXO13DC.FilteredAreaSeries)","FilteredAreaSeries?","FilteredAreaSeries","_FilteredAreaSeries"
"D:\OneDrive\VS\Projects\DocxDocument\DocumentModel.InOpenXml\Drawings.Charts\Specific chart types\Area charts\AreaChartSeries.cs","31","Property","nameof(DXDC.AreaChartSeries.Index)","uint?","Index","_Index"
"D:\OneDrive\VS\Projects\DocxDocument\DocumentModel.InOpenXml\Drawings.Charts\Specific chart types\Area charts\AreaChartSeries.cs","38","Property","nameof(DXDC.AreaChartSeries.Order)","uint?","Order","_Order"
"D:\OneDrive\VS\Projects\DocxDocument\DocumentModel.InOpenXml\Drawings.Charts\Specific chart types\Area charts\AreaChartSeries.cs","45","Property","nameof(DXDC.AreaChartSeries.SeriesText)","SeriesText?","SeriesText","_SeriesText"
"D:\OneDrive\VS\Projects\DocxDocument\DocumentModel.InOpenXml\Drawings.Charts\Specific chart types\Area charts\AreaChartSeries.cs","52","Element","typeof(DXDC.DataPoint)","Collection<DataPoint>?","DataPoints","_DataPoints"
"D:\OneDrive\VS\Projects\DocxDocument\DocumentModel.InOpenXml\Drawings.Charts\Specific chart types\Area charts\AreaChartSeries.cs","59","Element","typeof(DXDC.DataLabels)","DataLabels?","DataLabels","_DataLabels"
"D:\OneDrive\VS\Projects\DocxDocument\DocumentModel.InOpenXml\Drawings.Charts\Specific chart types\Area charts\AreaChartSeries.cs","66","Element","typeof(DXDC.ChartShapeProperties)","ShapeProperties?","ShapeProperties","_ShapeProperties"
"D:\OneDrive\VS\Projects\DocxDocument\DocumentModel.InOpenXml\Drawings.Charts\Specific chart types\Area charts\AreaChartSeries.cs","73","Element","typeof(DXDC.AreaSerExtensionList)","AreaSerExtensionList?","AreaSerExtensionList","_AreaSerExtensionList"
"D:\OneDrive\VS\Projects\DocxDocument\DocumentModel.InOpenXml\Drawings.Charts\Specific chart types\Area charts\AreaSerExtension.cs","14","Element","typeof(DXO13DC.FilteredSeriesTitle)","FilteredSeriesTitle?","FilteredSeriesTitle","_FilteredSeriesTitle"
"D:\OneDrive\VS\Projects\DocxDocument\DocumentModel.InOpenXml\Drawings.Charts\Specific chart types\Area charts\AreaSerExtension.cs","21","Element","typeof(DXO13DC.FilteredCategoryTitle)","FilteredCategoryTitle?","FilteredCategoryTitle","_FilteredCategoryTitle"
"D:\OneDrive\VS\Projects\DocxDocument\DocumentModel.InOpenXml\Drawings.Charts\Specific chart types\Area charts\AreaSerExtension.cs","28","Element","typeof(DXO13DC.DataLabelsRange)","DataLabelsRange?","DataLabelsRange","_DataLabelsRange"
"D:\OneDrive\VS\Projects\DocxDocument\DocumentModel.InOpenXml\Drawings.Charts\Specific chart types\Area charts\AreaSerExtension.cs","35","Element","typeof(DXO13DC.CategoryFilterExceptions)","CategoryFilterExceptions?","CategoryFilterExceptions","_CategoryFilterExceptions"
"D:\OneDrive\VS\Projects\DocxDocument\DocumentModel.InOpenXml\Drawings.Charts\Specific chart types\Bar charts\Bar3DChart.cs","14","Property","nameof(DXDC.Bar3DChart.BarDirection)","BarDirection?","BarDirection","_BarDirection"
"D:\OneDrive\VS\Projects\DocxDocument\DocumentModel.InOpenXml\Drawings.Charts\Specific chart types\Bar charts\Bar3DChart.cs","21","Property","nameof(DXDC.Bar3DChart.BarGrouping)","BarGrouping?","BarGrouping","_BarGrouping"
"D:\OneDrive\VS\Projects\DocxDocument\DocumentModel.InOpenXml\Drawings.Charts\Specific chart types\Bar charts\Bar3DChart.cs","28","Property","nameof(DXDC.Bar3DChart.VaryColors)","bool?","VaryColors","_VaryColors"
"D:\OneDrive\VS\Projects\DocxDocument\DocumentModel.InOpenXml\Drawings.Charts\Specific chart types\Bar charts\Bar3DChart.cs","35","Element","typeof(DXDC.BarChartSeries)","BarChartSeriesList?","BarChartSeries","_BarChartSeries"
"D:\OneDrive\VS\Projects\DocxDocument\DocumentModel.InOpenXml\Drawings.Charts\Specific chart types\Bar charts\Bar3DChart.cs","42","Element","typeof(DXDC.DataLabels)","DataLabels?","DataLabels","_DataLabels"
"D:\OneDrive\VS\Projects\DocxDocument\DocumentModel.InOpenXml\Drawings.Charts\Specific chart types\Bar charts\Bar3DChart.cs","49","Element","typeof(DXDC.GapWidth)","UInt16?","GapWidth","_GapWidth"
"D:\OneDrive\VS\Projects\DocxDocument\DocumentModel.InOpenXml\Drawings.Charts\Specific chart types\Bar charts\Bar3DChart.cs","56","Element","typeof(DXDC.GapDepth)","UInt16?","GapDepth","_GapDepth"
"D:\OneDrive\VS\Projects\DocxDocument\DocumentModel.InOpenXml\Drawings.Charts\Specific chart types\Bar charts\Bar3DChart.cs","63","Element","typeof(DXDC.Shape)","Shape?","Shape","_Shape"
"D:\OneDrive\VS\Projects\DocxDocument\DocumentModel.InOpenXml\Drawings.Charts\Specific chart types\Bar charts\Bar3DChart.cs","70","Element","typeof(DXDC.AxisId)","AxisIds?","AxisIds","_AxisIds"
"D:\OneDrive\VS\Projects\DocxDocument\DocumentModel.InOpenXml\Drawings.Charts\Specific chart types\Bar charts\Bar3DChart.cs","77","Element","typeof(DXDC.Bar3DChartExtensionList)","Bar3DChartExtensionList?","Bar3DChartExtensionList","_Bar3DChartExtensionList"
"D:\OneDrive\VS\Projects\DocxDocument\DocumentModel.InOpenXml\Drawings.Charts\Specific chart types\Bar charts\BarChart.cs","14","Property","nameof(DXDC.BarChart.BarDirection)","BarDirection?","BarDirection","_BarDirection"
"D:\OneDrive\VS\Projects\DocxDocument\DocumentModel.InOpenXml\Drawings.Charts\Specific chart types\Bar charts\BarChart.cs","21","Property","nameof(DXDC.BarChart.BarGrouping)","BarGrouping?","BarGrouping","_BarGrouping"
"D:\OneDrive\VS\Projects\DocxDocument\DocumentModel.InOpenXml\Drawings.Charts\Specific chart types\Bar charts\BarChart.cs","28","Property","nameof(DXDC.BarChart.VaryColors)","bool?","VaryColors","_VaryColors"
"D:\OneDrive\VS\Projects\DocxDocument\DocumentModel.InOpenXml\Drawings.Charts\Specific chart types\Bar charts\BarChart.cs","35","Element","typeof(DXDC.BarChartSeries)","BarChartSeriesList?","BarChartSeries","_BarChartSeries"
"D:\OneDrive\VS\Projects\DocxDocument\DocumentModel.InOpenXml\Drawings.Charts\Specific chart types\Bar charts\BarChart.cs","42","Element","typeof(DXDC.DataLabels)","DataLabels?","DataLabels","_DataLabels"
"D:\OneDrive\VS\Projects\DocxDocument\DocumentModel.InOpenXml\Drawings.Charts\Specific chart types\Bar charts\BarChart.cs","49","Element","typeof(DXDC.GapWidth)","UInt16?","GapWidth","_GapWidth"
"D:\OneDrive\VS\Projects\DocxDocument\DocumentModel.InOpenXml\Drawings.Charts\Specific chart types\Bar charts\BarChart.cs","56","Element","typeof(DXDC.Overlap)","SByte?","Overlap","_Overlap"
"D:\OneDrive\VS\Projects\DocxDocument\DocumentModel.InOpenXml\Drawings.Charts\Specific chart types\Bar charts\BarChart.cs","63","Element","typeof(DXDC.SeriesLines)","SeriesLinesList?","SeriesLines","_SeriesLines"
"D:\OneDrive\VS\Projects\DocxDocument\DocumentModel.InOpenXml\Drawings.Charts\Specific chart types\Bar charts\BarChart.cs","70","Element","typeof(DXDC.AxisId)","AxisIds?","AxisIds","_AxisIds"
"D:\OneDrive\VS\Projects\DocxDocument\DocumentModel.InOpenXml\Drawings.Charts\Specific chart types\Bar charts\BarChart.cs","77","Element","typeof(DXDC.BarChartExtensionList)","BarChartExtensionList?","BarChartExtensionList","_BarChartExtensionList"
"D:\OneDrive\VS\Projects\DocxDocument\DocumentModel.InOpenXml\Drawings.Charts\Specific chart types\Bar charts\BarChartExtension.cs","14","Element","typeof(DXO13DC.FilteredBarSeries)","FilteredBarSeries?","FilteredBarSeries","_FilteredBarSeries"
"D:\OneDrive\VS\Projects\DocxDocument\DocumentModel.InOpenXml\Drawings.Charts\Specific chart types\Bar charts\BarChartSeries.cs","14","Property","nameof(DXDC.BarChartSeries.Index)","UInt32?","Index","_Index"
"D:\OneDrive\VS\Projects\DocxDocument\DocumentModel.InOpenXml\Drawings.Charts\Specific chart types\Bar charts\BarChartSeries.cs","21","Property","nameof(DXDC.BarChartSeries.Order)","UInt32?","Order","_Order"
"D:\OneDrive\VS\Projects\DocxDocument\DocumentModel.InOpenXml\Drawings.Charts\Specific chart types\Bar charts\BarChartSeries.cs","28","Property","nameof(DXDC.BarChartSeries.SeriesText)","SeriesText?","SeriesText","_SeriesText"
"D:\OneDrive\VS\Projects\DocxDocument\DocumentModel.InOpenXml\Drawings.Charts\Specific chart types\Bar charts\BarChartSeries.cs","35","Property","nameof(DXDC.BarChartSeries.ChartShapeProperties)","ChartShapeProperties?","ChartShapeProperties","_ChartShapeProperties"
"D:\OneDrive\VS\Projects\DocxDocument\DocumentModel.InOpenXml\Drawings.Charts\Specific chart types\Bar charts\BarChartSeries.cs","42","Property","nameof(DXDC.BarChartSeries.InvertIfNegative)","bool?","InvertIfNegative","_InvertIfNegative"
"D:\OneDrive\VS\Projects\DocxDocument\DocumentModel.InOpenXml\Drawings.Charts\Specific chart types\Bar charts\BarChartSeries.cs","49","Property","nameof(DXDC.BarChartSeries.PictureOptions)","PictureOptions?","PictureOptions","_PictureOptions"
"D:\OneDrive\VS\Projects\DocxDocument\DocumentModel.InOpenXml\Drawings.Charts\Specific chart types\Bar charts\BarChartSeries.cs","56","Element","typeof(DXDC.DataPoint)","DataPoints?","DataPoints","_DataPoints"
"D:\OneDrive\VS\Projects\DocxDocument\DocumentModel.InOpenXml\Drawings.Charts\Specific chart types\Bar charts\BarChartSeries.cs","63","Element","typeof(DXDC.DataLabels)","DataLabels?","DataLabels","_DataLabels"
"D:\OneDrive\VS\Projects\DocxDocument\DocumentModel.InOpenXml\Drawings.Charts\Specific chart types\Bar charts\BarChartSeries.cs","70","Element","typeof(DXDC.Trendline)","Trendline?","Trendline","_Trendline"
"D:\OneDrive\VS\Projects\DocxDocument\DocumentModel.InOpenXml\Drawings.Charts\Specific chart types\Bar charts\BarChartSeries.cs","77","Element","typeof(DXDC.ErrorBars)","ErrorBars?","ErrorBars","_ErrorBars"
"D:\OneDrive\VS\Projects\DocxDocument\DocumentModel.InOpenXml\Drawings.Charts\Specific chart types\Bar charts\BarChartSeries.cs","84","Element","typeof(DXDC.CategoryAxisData)","CategoryAxisData?","CategoryAxisData","_CategoryAxisData"
"D:\OneDrive\VS\Projects\DocxDocument\DocumentModel.InOpenXml\Drawings.Charts\Specific chart types\Bar charts\BarChartSeries.cs","91","Element","typeof(DXDC.Values)","Values?","Values","_Values"
"D:\OneDrive\VS\Projects\DocxDocument\DocumentModel.InOpenXml\Drawings.Charts\Specific chart types\Bar charts\BarChartSeries.cs","98","Element","typeof(DXDC.Shape)","Shape?","Shape","_Shape"
"D:\OneDrive\VS\Projects\DocxDocument\DocumentModel.InOpenXml\Drawings.Charts\Specific chart types\Bar charts\BarChartSeries.cs","105","Element","typeof(DXDC.BarSerExtensionList)","BarSerExtensionList?","BarSerExtensionList","_BarSerExtensionList"
"D:\OneDrive\VS\Projects\DocxDocument\DocumentModel.InOpenXml\Drawings.Charts\Specific chart types\Bar charts\BarSerExtension.cs","14","Element","typeof(DXO10DC.InvertSolidFillFormat)","InvertSolidFillFormat?","InvertSolidFillFormat","_InvertSolidFillFormat"
"D:\OneDrive\VS\Projects\DocxDocument\DocumentModel.InOpenXml\Drawings.Charts\Specific chart types\Bar charts\BarSerExtension.cs","21","Element","typeof(DXO13DC.FilteredSeriesTitle)","FilteredSeriesTitle?","FilteredSeriesTitle","_FilteredSeriesTitle"
"D:\OneDrive\VS\Projects\DocxDocument\DocumentModel.InOpenXml\Drawings.Charts\Specific chart types\Bar charts\BarSerExtension.cs","28","Element","typeof(DXO13DC.FilteredCategoryTitle)","FilteredCategoryTitle?","FilteredCategoryTitle","_FilteredCategoryTitle"
"D:\OneDrive\VS\Projects\DocxDocument\DocumentModel.InOpenXml\Drawings.Charts\Specific chart types\Bar charts\BarSerExtension.cs","35","Element","typeof(DXO13DC.DataLabelsRange)","DataLabelsRange?","DataLabelsRange","_DataLabelsRange"
"D:\OneDrive\VS\Projects\DocxDocument\DocumentModel.InOpenXml\Drawings.Charts\Specific chart types\Bar charts\BarSerExtension.cs","42","Element","typeof(DXO13DC.CategoryFilterExceptions)","CategoryFilterExceptions?","CategoryFilterExceptions","_CategoryFilterExceptions"
"D:\OneDrive\VS\Projects\DocxDocument\DocumentModel.InOpenXml\Drawings.Charts\Specific chart types\Bar charts\FilteredBarSeries.cs","14","Property","nameof(DXO13DC.FilteredBarSeries.BarChartSeries)","BarChartSeries?","BarChartSeries","_BarChartSeries"
"D:\OneDrive\VS\Projects\DocxDocument\DocumentModel.InOpenXml\Drawings.Charts\Specific chart types\Bubble charts\BubbleChartSeries.cs","14","Property","nameof(DXDC.BubbleChartSeries.Index)","UInt32?","Index","_Index"
"D:\OneDrive\VS\Projects\DocxDocument\DocumentModel.InOpenXml\Drawings.Charts\Specific chart types\Bubble charts\BubbleChartSeries.cs","21","Property","nameof(DXDC.BubbleChartSeries.Order)","UInt32?","Order","_Order"
"D:\OneDrive\VS\Projects\DocxDocument\DocumentModel.InOpenXml\Drawings.Charts\Specific chart types\Bubble charts\BubbleChartSeries.cs","28","Property","nameof(DXDC.BubbleChartSeries.SeriesText)","SeriesText?","SeriesText","_SeriesText"
"D:\OneDrive\VS\Projects\DocxDocument\DocumentModel.InOpenXml\Drawings.Charts\Specific chart types\Bubble charts\BubbleChartSeries.cs","35","Property","nameof(DXDC.BubbleChartSeries.ChartShapeProperties)","ChartShapeProperties?","ChartShapeProperties","_ChartShapeProperties"
"D:\OneDrive\VS\Projects\DocxDocument\DocumentModel.InOpenXml\Drawings.Charts\Specific chart types\Bubble charts\BubbleChartSeries.cs","42","Property","nameof(DXDC.BubbleChartSeries.PictureOptions)","PictureOptions?","PictureOptions","_PictureOptions"
"D:\OneDrive\VS\Projects\DocxDocument\DocumentModel.InOpenXml\Drawings.Charts\Specific chart types\Bubble charts\BubbleChartSeries.cs","49","Property","nameof(DXDC.BubbleChartSeries.InvertIfNegative)","bool?","InvertIfNegative","_InvertIfNegative"
"D:\OneDrive\VS\Projects\DocxDocument\DocumentModel.InOpenXml\Drawings.Charts\Specific chart types\Bubble charts\BubbleChartSeries.cs","56","Element","typeof(DXDC.DataPoint)","DataPoints?","DataPoints","_DataPoints"
"D:\OneDrive\VS\Projects\DocxDocument\DocumentModel.InOpenXml\Drawings.Charts\Specific chart types\Bubble charts\BubbleChartSeries.cs","63","Element","typeof(DXDC.DataLabels)","DataLabels?","DataLabels","_DataLabels"
"D:\OneDrive\VS\Projects\DocxDocument\DocumentModel.InOpenXml\Drawings.Charts\Specific chart types\Bubble charts\BubbleChartSeries.cs","70","Element","typeof(DXDC.Trendline)","Trendline?","Trendline","_Trendline"
"D:\OneDrive\VS\Projects\DocxDocument\DocumentModel.InOpenXml\Drawings.Charts\Specific chart types\Bubble charts\BubbleChartSeries.cs","77","Element","typeof(DXDC.ErrorBars)","ErrorBars?","ErrorBars","_ErrorBars"
"D:\OneDrive\VS\Projects\DocxDocument\DocumentModel.InOpenXml\Drawings.Charts\Specific chart types\Bubble charts\BubbleChartSeries.cs","84","Element","typeof(DXDC.XValues)","XValues?","XValues","_XValues"
"D:\OneDrive\VS\Projects\DocxDocument\DocumentModel.InOpenXml\Drawings.Charts\Specific chart types\Bubble charts\BubbleChartSeries.cs","91","Element","typeof(DXDC.YValues)","YValues?","YValues","_YValues"
"D:\OneDrive\VS\Projects\DocxDocument\DocumentModel.InOpenXml\Drawings.Charts\Specific chart types\Bubble charts\BubbleChartSeries.cs","98","Element","typeof(DXDC.BubbleSize)","BubbleSize?","BubbleSize","_BubbleSize"
"D:\OneDrive\VS\Projects\DocxDocument\DocumentModel.InOpenXml\Drawings.Charts\Specific chart types\Bubble charts\BubbleChartSeries.cs","105","Element","typeof(DXDC.Bubble3D)","bool?","Bubble3D","_Bubble3D"
"D:\OneDrive\VS\Projects\DocxDocument\DocumentModel.InOpenXml\Drawings.Charts\Specific chart types\Bubble charts\BubbleChartSeries.cs","112","Element","typeof(DXDC.BubbleSerExtensionList)","BubbleSerExtensionList?","BubbleSerExtensionList","_BubbleSerExtensionList"
"D:\OneDrive\VS\Projects\DocxDocument\DocumentModel.InOpenXml\Drawings.Charts\Specific chart types\Bubble charts\BubbleSerExtension.cs","14","Element","typeof(DXO10DC.InvertSolidFillFormat)","InvertSolidFillFormat?","InvertSolidFillFormat","_InvertSolidFillFormat"
"D:\OneDrive\VS\Projects\DocxDocument\DocumentModel.InOpenXml\Drawings.Charts\Specific chart types\Bubble charts\BubbleSerExtension.cs","21","Element","typeof(DXO13DC.FilteredCategoryTitle)","FilteredCategoryTitle?","FilteredCategoryTitle","_FilteredCategoryTitle"
"D:\OneDrive\VS\Projects\DocxDocument\DocumentModel.InOpenXml\Drawings.Charts\Specific chart types\Bubble charts\BubbleSerExtension.cs","28","Element","typeof(DXO13DC.DataLabelsRange)","DataLabelsRange?","DataLabelsRange","_DataLabelsRange"
"D:\OneDrive\VS\Projects\DocxDocument\DocumentModel.InOpenXml\Drawings.Charts\Specific chart types\Bubble charts\BubbleSerExtension.cs","35","Element","typeof(DXO13DC.CategoryFilterExceptions)","CategoryFilterExceptions?","CategoryFilterExceptions","_CategoryFilterExceptions"
"D:\OneDrive\VS\Projects\DocxDocument\DocumentModel.InOpenXml\Drawings.Charts\Specific chart types\Line charts\Line3DChartExtension.cs","14","Element","typeof(DXO13DC.FilteredLineSeriesExtension)","FilteredLineSeriesExtension?","FilteredLineSeriesExtension","_FilteredLineSeriesExtension"
"D:\OneDrive\VS\Projects\DocxDocument\DocumentModel.InOpenXml\Drawings.Charts\Specific chart types\Line charts\LineChart.cs","14","Property","nameof(DXDC.LineChart.Grouping)","Grouping?","Grouping","_Grouping"
"D:\OneDrive\VS\Projects\DocxDocument\DocumentModel.InOpenXml\Drawings.Charts\Specific chart types\Line charts\LineChart.cs","21","Property","nameof(DXDC.LineChart.VaryColors)","bool?","VaryColors","_VaryColors"
"D:\OneDrive\VS\Projects\DocxDocument\DocumentModel.InOpenXml\Drawings.Charts\Specific chart types\Line charts\LineChart.cs","28","Element","typeof(DXDC.LineChartSeries)","LineChartSeriesList?","LineChartSeries","_LineChartSeries"
"D:\OneDrive\VS\Projects\DocxDocument\DocumentModel.InOpenXml\Drawings.Charts\Specific chart types\Line charts\LineChart.cs","35","Element","typeof(DXDC.DataLabels)","DataLabels?","DataLabels","_DataLabels"
"D:\OneDrive\VS\Projects\DocxDocument\DocumentModel.InOpenXml\Drawings.Charts\Specific chart types\Line charts\LineChart.cs","42","Element","typeof(DXDC.DropLines)","DropLines?","DropLines","_DropLines"
"D:\OneDrive\VS\Projects\DocxDocument\DocumentModel.InOpenXml\Drawings.Charts\Specific chart types\Line charts\LineChart.cs","49","Element","typeof(DXDC.HighLowLines)","HighLowLines?","HighLowLines","_HighLowLines"
"D:\OneDrive\VS\Projects\DocxDocument\DocumentModel.InOpenXml\Drawings.Charts\Specific chart types\Line charts\LineChart.cs","56","Element","typeof(DXDC.UpDownBars)","UpDownBars?","UpDownBars","_UpDownBars"
"D:\OneDrive\VS\Projects\DocxDocument\DocumentModel.InOpenXml\Drawings.Charts\Specific chart types\Line charts\LineChart.cs","63","Element","typeof(DXDC.ShowMarker)","bool?","ShowMarker","_ShowMarker"
"D:\OneDrive\VS\Projects\DocxDocument\DocumentModel.InOpenXml\Drawings.Charts\Specific chart types\Line charts\LineChart.cs","70","Element","typeof(DXDC.Smooth)","bool?","Smooth","_Smooth"
"D:\OneDrive\VS\Projects\DocxDocument\DocumentModel.InOpenXml\Drawings.Charts\Specific chart types\Line charts\LineChart.cs","77","Element","typeof(DXDC.AxisId)","AxisIds?","AxisIds","_AxisIds"
"D:\OneDrive\VS\Projects\DocxDocument\DocumentModel.InOpenXml\Drawings.Charts\Specific chart types\Line charts\LineChart.cs","84","Element","typeof(DXDC.LineChartExtensionList)","LineChartExtensionList?","LineChartExtensionList","_LineChartExtensionList"
"D:\OneDrive\VS\Projects\DocxDocument\DocumentModel.InOpenXml\Drawings.Charts\Specific chart types\Line charts\LineChartExtension.cs","14","Element","typeof(DXO13DC.FilteredLineSeriesExtension)","FilteredLineSeriesExtension?","FilteredLineSeriesExtension","_FilteredLineSeriesExtension"
"D:\OneDrive\VS\Projects\DocxDocument\DocumentModel.InOpenXml\Drawings.Charts\Specific chart types\Line charts\LineChartSeries.cs","14","Property","nameof(DXDC.LineChartSeries.Index)","UInt32?","Index","_Index"
"D:\OneDrive\VS\Projects\DocxDocument\DocumentModel.InOpenXml\Drawings.Charts\Specific chart types\Line charts\LineChartSeries.cs","21","Property","nameof(DXDC.LineChartSeries.Order)","UInt32?","Order","_Order"
"D:\OneDrive\VS\Projects\DocxDocument\DocumentModel.InOpenXml\Drawings.Charts\Specific chart types\Line charts\LineChartSeries.cs","28","Property","nameof(DXDC.LineChartSeries.SeriesText)","SeriesText?","SeriesText","_SeriesText"
"D:\OneDrive\VS\Projects\DocxDocument\DocumentModel.InOpenXml\Drawings.Charts\Specific chart types\Line charts\LineChartSeries.cs","35","Property","nameof(DXDC.LineChartSeries.ChartShapeProperties)","ChartShapeProperties?","ChartShapeProperties","_ChartShapeProperties"
"D:\OneDrive\VS\Projects\DocxDocument\DocumentModel.InOpenXml\Drawings.Charts\Specific chart types\Line charts\LineChartSeries.cs","42","Property","nameof(DXDC.LineChartSeries.Marker)","Marker?","Marker","_Marker"
"D:\OneDrive\VS\Projects\DocxDocument\DocumentModel.InOpenXml\Drawings.Charts\Specific chart types\Line charts\LineChartSeries.cs","49","Property","nameof(DXDC.LineChartSeries.PictureOptions)","PictureOptions?","PictureOptions","_PictureOptions"
"D:\OneDrive\VS\Projects\DocxDocument\DocumentModel.InOpenXml\Drawings.Charts\Specific chart types\Line charts\LineChartSeries.cs","56","Element","typeof(DXDC.DataPoint)","DataPoints?","DataPoints","_DataPoints"
"D:\OneDrive\VS\Projects\DocxDocument\DocumentModel.InOpenXml\Drawings.Charts\Specific chart types\Line charts\LineChartSeries.cs","63","Element","typeof(DXDC.DataLabels)","DataLabels?","DataLabels","_DataLabels"
"D:\OneDrive\VS\Projects\DocxDocument\DocumentModel.InOpenXml\Drawings.Charts\Specific chart types\Line charts\LineChartSeries.cs","70","Element","typeof(DXDC.Trendline)","Trendline?","Trendline","_Trendline"
"D:\OneDrive\VS\Projects\DocxDocument\DocumentModel.InOpenXml\Drawings.Charts\Specific chart types\Line charts\LineChartSeries.cs","77","Element","typeof(DXDC.ErrorBars)","ErrorBars?","ErrorBars","_ErrorBars"
"D:\OneDrive\VS\Projects\DocxDocument\DocumentModel.InOpenXml\Drawings.Charts\Specific chart types\Line charts\LineChartSeries.cs","84","Element","typeof(DXDC.CategoryAxisData)","CategoryAxisData?","CategoryAxisData","_CategoryAxisData"
"D:\OneDrive\VS\Projects\DocxDocument\DocumentModel.InOpenXml\Drawings.Charts\Specific chart types\Line charts\LineChartSeries.cs","91","Element","typeof(DXDC.Values)","Values?","Values","_Values"
"D:\OneDrive\VS\Projects\DocxDocument\DocumentModel.InOpenXml\Drawings.Charts\Specific chart types\Line charts\LineChartSeries.cs","98","Element","typeof(DXDC.Smooth)","bool?","Smooth","_Smooth"
"D:\OneDrive\VS\Projects\DocxDocument\DocumentModel.InOpenXml\Drawings.Charts\Specific chart types\Line charts\LineChartSeries.cs","105","Element","typeof(DXDC.LineSerExtensionList)","LineSerExtensionList?","LineSerExtensionList","_LineSerExtensionList"
"D:\OneDrive\VS\Projects\DocxDocument\DocumentModel.InOpenXml\Drawings.Charts\Specific chart types\Line charts\LineSerExtension.cs","14","Element","typeof(DXO13DC.FilteredSeriesTitle)","FilteredSeriesTitle?","FilteredSeriesTitle","_FilteredSeriesTitle"
"D:\OneDrive\VS\Projects\DocxDocument\DocumentModel.InOpenXml\Drawings.Charts\Specific chart types\Line charts\LineSerExtension.cs","21","Element","typeof(DXO13DC.FilteredCategoryTitle)","FilteredCategoryTitle?","FilteredCategoryTitle","_FilteredCategoryTitle"
"D:\OneDrive\VS\Projects\DocxDocument\DocumentModel.InOpenXml\Drawings.Charts\Specific chart types\Line charts\LineSerExtension.cs","28","Element","typeof(DXO13DC.DataLabelsRange)","DataLabelsRange?","DataLabelsRange","_DataLabelsRange"
"D:\OneDrive\VS\Projects\DocxDocument\DocumentModel.InOpenXml\Drawings.Charts\Specific chart types\Line charts\LineSerExtension.cs","35","Element","typeof(DXO13DC.CategoryFilterExceptions)","CategoryFilterExceptions?","CategoryFilterExceptions","_CategoryFilterExceptions"
"D:\OneDrive\VS\Projects\DocxDocument\DocumentModel.InOpenXml\Drawings.Charts\Specific chart types\Line charts\StockChart.cs","14","Element","typeof(DXDC.LineChartSeries)","LineChartSeriesList?","LineChartSeries","_LineChartSeries"
"D:\OneDrive\VS\Projects\DocxDocument\DocumentModel.InOpenXml\Drawings.Charts\Specific chart types\Line charts\StockChart.cs","21","Element","typeof(DXDC.DataLabels)","DataLabels?","DataLabels","_DataLabels"
"D:\OneDrive\VS\Projects\DocxDocument\DocumentModel.InOpenXml\Drawings.Charts\Specific chart types\Line charts\StockChart.cs","28","Element","typeof(DXDC.DropLines)","DropLines?","DropLines","_DropLines"
"D:\OneDrive\VS\Projects\DocxDocument\DocumentModel.InOpenXml\Drawings.Charts\Specific chart types\Line charts\StockChart.cs","35","Element","typeof(DXDC.HighLowLines)","HighLowLines?","HighLowLines","_HighLowLines"
"D:\OneDrive\VS\Projects\DocxDocument\DocumentModel.InOpenXml\Drawings.Charts\Specific chart types\Line charts\StockChart.cs","42","Element","typeof(DXDC.UpDownBars)","UpDownBars?","UpDownBars","_UpDownBars"
"D:\OneDrive\VS\Projects\DocxDocument\DocumentModel.InOpenXml\Drawings.Charts\Specific chart types\Line charts\StockChart.cs","49","Element","typeof(DXDC.AxisId)","AxisIds?","AxisIds","_AxisIds"
"D:\OneDrive\VS\Projects\DocxDocument\DocumentModel.InOpenXml\Drawings.Charts\Specific chart types\Line charts\StockChart.cs","56","Element","typeof(DXDC.StockChartExtensionList)","StockChartExtensionList?","StockChartExtensionList","_StockChartExtensionList"
"D:\OneDrive\VS\Projects\DocxDocument\DocumentModel.InOpenXml\Drawings.Charts\Specific chart types\Line charts\StockChartExtension.cs","14","Element","typeof(DXO13DC.FilteredLineSeriesExtension)","FilteredLineSeriesExtension?","FilteredLineSeriesExtension","_FilteredLineSeriesExtension"
"D:\OneDrive\VS\Projects\DocxDocument\DocumentModel.InOpenXml\Drawings.Charts\Specific chart types\Pie charts\DoughnutChart.cs","14","Property","nameof(DXDC.DoughnutChart.VaryColors)","bool?","VaryColors","_VaryColors"
"D:\OneDrive\VS\Projects\DocxDocument\DocumentModel.InOpenXml\Drawings.Charts\Specific chart types\Pie charts\DoughnutChart.cs","21","Element","typeof(DXDC.PieChartSeries)","PieChartSeriesList?","PieChartSeries","_PieChartSeries"
"D:\OneDrive\VS\Projects\DocxDocument\DocumentModel.InOpenXml\Drawings.Charts\Specific chart types\Pie charts\DoughnutChart.cs","28","Element","typeof(DXDC.DataLabels)","DataLabels?","DataLabels","_DataLabels"
"D:\OneDrive\VS\Projects\DocxDocument\DocumentModel.InOpenXml\Drawings.Charts\Specific chart types\Pie charts\DoughnutChart.cs","35","Element","typeof(DXDC.FirstSliceAngle)","UInt16?","FirstSliceAngle","_FirstSliceAngle"
"D:\OneDrive\VS\Projects\DocxDocument\DocumentModel.InOpenXml\Drawings.Charts\Specific chart types\Pie charts\DoughnutChart.cs","42","Element","typeof(DXDC.HoleSize)","Byte?","HoleSize","_HoleSize"
"D:\OneDrive\VS\Projects\DocxDocument\DocumentModel.InOpenXml\Drawings.Charts\Specific chart types\Pie charts\DoughnutChart.cs","49","Element","typeof(DXDC.ExtensionList)","IExtensionList?","ExtensionList","_ExtensionList"
"D:\OneDrive\VS\Projects\DocxDocument\DocumentModel.InOpenXml\Drawings.Charts\Specific chart types\Pie charts\OfPieChart.cs","14","Property","nameof(DXDC.OfPieChart.OfPieType)","OfPie?","OfPieType","_OfPieType"
"D:\OneDrive\VS\Projects\DocxDocument\DocumentModel.InOpenXml\Drawings.Charts\Specific chart types\Pie charts\OfPieChart.cs","21","Property","nameof(DXDC.OfPieChart.VaryColors)","bool?","VaryColors","_VaryColors"
"D:\OneDrive\VS\Projects\DocxDocument\DocumentModel.InOpenXml\Drawings.Charts\Specific chart types\Pie charts\OfPieChart.cs","28","Element","typeof(DXDC.PieChartSeries)","PieChartSeriesList?","PieChartSeries","_PieChartSeries"
"D:\OneDrive\VS\Projects\DocxDocument\DocumentModel.InOpenXml\Drawings.Charts\Specific chart types\Pie charts\OfPieChart.cs","35","Element","typeof(DXDC.DataLabels)","DataLabels?","DataLabels","_DataLabels"
"D:\OneDrive\VS\Projects\DocxDocument\DocumentModel.InOpenXml\Drawings.Charts\Specific chart types\Pie charts\OfPieChart.cs","42","Element","typeof(DXDC.GapWidth)","UInt16?","GapWidth","_GapWidth"
"D:\OneDrive\VS\Projects\DocxDocument\DocumentModel.InOpenXml\Drawings.Charts\Specific chart types\Pie charts\OfPieChart.cs","49","Element","typeof(DXDC.SplitType)","Split?","SplitType","_SplitType"
"D:\OneDrive\VS\Projects\DocxDocument\DocumentModel.InOpenXml\Drawings.Charts\Specific chart types\Pie charts\OfPieChart.cs","56","Element","typeof(DXDC.SplitPosition)","Double?","SplitPosition","_SplitPosition"
"D:\OneDrive\VS\Projects\DocxDocument\DocumentModel.InOpenXml\Drawings.Charts\Specific chart types\Pie charts\OfPieChart.cs","63","Element","typeof(DXDC.CustomSplit)","CustomSplit?","CustomSplit","_CustomSplit"
"D:\OneDrive\VS\Projects\DocxDocument\DocumentModel.InOpenXml\Drawings.Charts\Specific chart types\Pie charts\OfPieChart.cs","70","Element","typeof(DXDC.SecondPieSize)","UInt16?","SecondPieSize","_SecondPieSize"
"D:\OneDrive\VS\Projects\DocxDocument\DocumentModel.InOpenXml\Drawings.Charts\Specific chart types\Pie charts\OfPieChart.cs","77","Element","typeof(DXDC.SeriesLines)","SeriesLinesList?","SeriesLines","_SeriesLines"
"D:\OneDrive\VS\Projects\DocxDocument\DocumentModel.InOpenXml\Drawings.Charts\Specific chart types\Pie charts\OfPieChart.cs","84","Element","typeof(DXDC.ExtensionList)","IExtensionList?","ExtensionList","_ExtensionList"
"D:\OneDrive\VS\Projects\DocxDocument\DocumentModel.InOpenXml\Drawings.Charts\Specific chart types\Pie charts\Pie3DChart.cs","14","Property","nameof(DXDC.Pie3DChart.VaryColors)","bool?","VaryColors","_VaryColors"
"D:\OneDrive\VS\Projects\DocxDocument\DocumentModel.InOpenXml\Drawings.Charts\Specific chart types\Pie charts\Pie3DChart.cs","21","Element","typeof(DXDC.PieChartSeries)","PieChartSeriesList?","PieChartSeries","_PieChartSeries"
"D:\OneDrive\VS\Projects\DocxDocument\DocumentModel.InOpenXml\Drawings.Charts\Specific chart types\Pie charts\Pie3DChart.cs","28","Element","typeof(DXDC.DataLabels)","DataLabels?","DataLabels","_DataLabels"
"D:\OneDrive\VS\Projects\DocxDocument\DocumentModel.InOpenXml\Drawings.Charts\Specific chart types\Pie charts\Pie3DChart.cs","35","Element","typeof(DXDC.Pie3DChartExtensionList)","Pie3DChartExtensionList?","Pie3DChartExtensionList","_Pie3DChartExtensionList"
"D:\OneDrive\VS\Projects\DocxDocument\DocumentModel.InOpenXml\Drawings.Charts\Specific chart types\Pie charts\Pie3DChartExtension.cs","14","Element","typeof(DXO13DC.FilteredPieSeries)","FilteredPieSeries?","FilteredPieSeries","_FilteredPieSeries"
"D:\OneDrive\VS\Projects\DocxDocument\DocumentModel.InOpenXml\Drawings.Charts\Specific chart types\Pie charts\PieChart.cs","14","Property","nameof(DXDC.PieChart.VaryColors)","bool?","VaryColors","_VaryColors"
"D:\OneDrive\VS\Projects\DocxDocument\DocumentModel.InOpenXml\Drawings.Charts\Specific chart types\Pie charts\PieChart.cs","21","Element","typeof(DXDC.PieChartSeries)","PieChartSeriesList?","PieChartSeries","_PieChartSeries"
"D:\OneDrive\VS\Projects\DocxDocument\DocumentModel.InOpenXml\Drawings.Charts\Specific chart types\Pie charts\PieChart.cs","28","Element","typeof(DXDC.DataLabels)","DataLabels?","DataLabels","_DataLabels"
"D:\OneDrive\VS\Projects\DocxDocument\DocumentModel.InOpenXml\Drawings.Charts\Specific chart types\Pie charts\PieChart.cs","35","Element","typeof(DXDC.FirstSliceAngle)","UInt16?","FirstSliceAngle","_FirstSliceAngle"
"D:\OneDrive\VS\Projects\DocxDocument\DocumentModel.InOpenXml\Drawings.Charts\Specific chart types\Pie charts\PieChart.cs","42","Element","typeof(DXDC.PieChartExtensionList)","PieChartExtensionList?","PieChartExtensionList","_PieChartExtensionList"
"D:\OneDrive\VS\Projects\DocxDocument\DocumentModel.InOpenXml\Drawings.Charts\Specific chart types\Pie charts\PieChartExtension.cs","14","Element","typeof(DXO13DC.FilteredPieSeries)","FilteredPieSeries?","FilteredPieSeries","_FilteredPieSeries"
"D:\OneDrive\VS\Projects\DocxDocument\DocumentModel.InOpenXml\Drawings.Charts\Specific chart types\Pie charts\PieChartSeries.cs","14","Property","nameof(DXDC.PieChartSeries.Index)","UInt32?","Index","_Index"
"D:\OneDrive\VS\Projects\DocxDocument\DocumentModel.InOpenXml\Drawings.Charts\Specific chart types\Pie charts\PieChartSeries.cs","21","Property","nameof(DXDC.PieChartSeries.Order)","UInt32?","Order","_Order"
"D:\OneDrive\VS\Projects\DocxDocument\DocumentModel.InOpenXml\Drawings.Charts\Specific chart types\Pie charts\PieChartSeries.cs","28","Property","nameof(DXDC.PieChartSeries.SeriesText)","SeriesText?","SeriesText","_SeriesText"
"D:\OneDrive\VS\Projects\DocxDocument\DocumentModel.InOpenXml\Drawings.Charts\Specific chart types\Pie charts\PieChartSeries.cs","35","Property","nameof(DXDC.PieChartSeries.ChartShapeProperties)","ChartShapeProperties?","ChartShapeProperties","_ChartShapeProperties"
"D:\OneDrive\VS\Projects\DocxDocument\DocumentModel.InOpenXml\Drawings.Charts\Specific chart types\Pie charts\PieChartSeries.cs","42","Property","nameof(DXDC.PieChartSeries.PictureOptions)","PictureOptions?","PictureOptions","_PictureOptions"
"D:\OneDrive\VS\Projects\DocxDocument\DocumentModel.InOpenXml\Drawings.Charts\Specific chart types\Pie charts\PieChartSeries.cs","49","Property","nameof(DXDC.PieChartSeries.Explosion)","UInt32?","Explosion","_Explosion"
"D:\OneDrive\VS\Projects\DocxDocument\DocumentModel.InOpenXml\Drawings.Charts\Specific chart types\Pie charts\PieChartSeries.cs","56","Element","typeof(DXDC.DataPoint)","DataPoints?","DataPoints","_DataPoints"
"D:\OneDrive\VS\Projects\DocxDocument\DocumentModel.InOpenXml\Drawings.Charts\Specific chart types\Pie charts\PieChartSeries.cs","63","Element","typeof(DXDC.DataLabels)","DataLabels?","DataLabels","_DataLabels"
"D:\OneDrive\VS\Projects\DocxDocument\DocumentModel.InOpenXml\Drawings.Charts\Specific chart types\Pie charts\PieChartSeries.cs","70","Element","typeof(DXDC.CategoryAxisData)","CategoryAxisData?","CategoryAxisData","_CategoryAxisData"
"D:\OneDrive\VS\Projects\DocxDocument\DocumentModel.InOpenXml\Drawings.Charts\Specific chart types\Pie charts\PieChartSeries.cs","77","Element","typeof(DXDC.Values)","Values?","Values","_Values"
"D:\OneDrive\VS\Projects\DocxDocument\DocumentModel.InOpenXml\Drawings.Charts\Specific chart types\Pie charts\PieChartSeries.cs","84","Element","typeof(DXDC.PieSerExtensionList)","PieSerExtensionList?","PieSerExtensionList","_PieSerExtensionList"
"D:\OneDrive\VS\Projects\DocxDocument\DocumentModel.InOpenXml\Drawings.Charts\Specific chart types\Pie charts\PieSerExtension.cs","14","Element","typeof(DXO13DC.FilteredSeriesTitle)","FilteredSeriesTitle?","FilteredSeriesTitle","_FilteredSeriesTitle"
"D:\OneDrive\VS\Projects\DocxDocument\DocumentModel.InOpenXml\Drawings.Charts\Specific chart types\Pie charts\PieSerExtension.cs","21","Element","typeof(DXO13DC.FilteredCategoryTitle)","FilteredCategoryTitle?","FilteredCategoryTitle","_FilteredCategoryTitle"
"D:\OneDrive\VS\Projects\DocxDocument\DocumentModel.InOpenXml\Drawings.Charts\Specific chart types\Pie charts\PieSerExtension.cs","28","Element","typeof(DXO13DC.DataLabelsRange)","DataLabelsRange?","DataLabelsRange","_DataLabelsRange"
"D:\OneDrive\VS\Projects\DocxDocument\DocumentModel.InOpenXml\Drawings.Charts\Specific chart types\Pie charts\PieSerExtension.cs","35","Element","typeof(DXO13DC.CategoryFilterExceptions)","CategoryFilterExceptions?","CategoryFilterExceptions","_CategoryFilterExceptions"
"D:\OneDrive\VS\Projects\DocxDocument\DocumentModel.InOpenXml\Drawings.Charts\Specific chart types\Radar charts\RadarChart.cs","14","Property","nameof(DXDC.RadarChart.RadarStyle)","RadarStyle?","RadarStyle","_RadarStyle"
"D:\OneDrive\VS\Projects\DocxDocument\DocumentModel.InOpenXml\Drawings.Charts\Specific chart types\Radar charts\RadarChart.cs","21","Property","nameof(DXDC.RadarChart.VaryColors)","bool?","VaryColors","_VaryColors"
"D:\OneDrive\VS\Projects\DocxDocument\DocumentModel.InOpenXml\Drawings.Charts\Specific chart types\Radar charts\RadarChart.cs","28","Element","typeof(DXDC.RadarChartSeries)","RadarChartSeriesList?","RadarChartSeries","_RadarChartSeries"
"D:\OneDrive\VS\Projects\DocxDocument\DocumentModel.InOpenXml\Drawings.Charts\Specific chart types\Radar charts\RadarChart.cs","35","Element","typeof(DXDC.DataLabels)","DataLabels?","DataLabels","_DataLabels"
"D:\OneDrive\VS\Projects\DocxDocument\DocumentModel.InOpenXml\Drawings.Charts\Specific chart types\Radar charts\RadarChart.cs","42","Element","typeof(DXDC.AxisId)","AxisIds?","AxisIds","_AxisIds"
"D:\OneDrive\VS\Projects\DocxDocument\DocumentModel.InOpenXml\Drawings.Charts\Specific chart types\Radar charts\RadarChart.cs","49","Element","typeof(DXDC.RadarChartExtensionList)","RadarChartExtensionList?","RadarChartExtensionList","_RadarChartExtensionList"
"D:\OneDrive\VS\Projects\DocxDocument\DocumentModel.InOpenXml\Drawings.Charts\Specific chart types\Radar charts\RadarChartExtension.cs","14","Element","typeof(DXO13DC.FilteredRadarSeries)","FilteredRadarSeries?","FilteredRadarSeries","_FilteredRadarSeries"
"D:\OneDrive\VS\Projects\DocxDocument\DocumentModel.InOpenXml\Drawings.Charts\Specific chart types\Radar charts\RadarChartSeries.cs","14","Property","nameof(DXDC.RadarChartSeries.Index)","UInt32?","Index","_Index"
"D:\OneDrive\VS\Projects\DocxDocument\DocumentModel.InOpenXml\Drawings.Charts\Specific chart types\Radar charts\RadarChartSeries.cs","21","Property","nameof(DXDC.RadarChartSeries.Order)","UInt32?","Order","_Order"
"D:\OneDrive\VS\Projects\DocxDocument\DocumentModel.InOpenXml\Drawings.Charts\Specific chart types\Radar charts\RadarChartSeries.cs","28","Property","nameof(DXDC.RadarChartSeries.SeriesText)","SeriesText?","SeriesText","_SeriesText"
"D:\OneDrive\VS\Projects\DocxDocument\DocumentModel.InOpenXml\Drawings.Charts\Specific chart types\Radar charts\RadarChartSeries.cs","35","Property","nameof(DXDC.RadarChartSeries.ChartShapeProperties)","ChartShapeProperties?","ChartShapeProperties","_ChartShapeProperties"
"D:\OneDrive\VS\Projects\DocxDocument\DocumentModel.InOpenXml\Drawings.Charts\Specific chart types\Radar charts\RadarChartSeries.cs","42","Property","nameof(DXDC.RadarChartSeries.PictureOptions)","PictureOptions?","PictureOptions","_PictureOptions"
"D:\OneDrive\VS\Projects\DocxDocument\DocumentModel.InOpenXml\Drawings.Charts\Specific chart types\Radar charts\RadarChartSeries.cs","49","Property","nameof(DXDC.RadarChartSeries.Marker)","Marker?","Marker","_Marker"
"D:\OneDrive\VS\Projects\DocxDocument\DocumentModel.InOpenXml\Drawings.Charts\Specific chart types\Radar charts\RadarChartSeries.cs","56","Element","typeof(DXDC.DataPoint)","DataPoints?","DataPoints","_DataPoints"
"D:\OneDrive\VS\Projects\DocxDocument\DocumentModel.InOpenXml\Drawings.Charts\Specific chart types\Radar charts\RadarChartSeries.cs","63","Element","typeof(DXDC.DataLabels)","DataLabels?","DataLabels","_DataLabels"
"D:\OneDrive\VS\Projects\DocxDocument\DocumentModel.InOpenXml\Drawings.Charts\Specific chart types\Radar charts\RadarChartSeries.cs","70","Element","typeof(DXDC.CategoryAxisData)","CategoryAxisData?","CategoryAxisData","_CategoryAxisData"
"D:\OneDrive\VS\Projects\DocxDocument\DocumentModel.InOpenXml\Drawings.Charts\Specific chart types\Radar charts\RadarChartSeries.cs","77","Element","typeof(DXDC.Values)","Values?","Values","_Values"
"D:\OneDrive\VS\Projects\DocxDocument\DocumentModel.InOpenXml\Drawings.Charts\Specific chart types\Radar charts\RadarChartSeries.cs","84","Element","typeof(DXDC.RadarSerExtensionList)","RadarSerExtensionList?","RadarSerExtensionList","_RadarSerExtensionList"
"D:\OneDrive\VS\Projects\DocxDocument\DocumentModel.InOpenXml\Drawings.Charts\Specific chart types\Radar charts\RadarSerExtension.cs","14","Element","typeof(DXO13DC.FilteredSeriesTitle)","FilteredSeriesTitle?","FilteredSeriesTitle","_FilteredSeriesTitle"
"D:\OneDrive\VS\Projects\DocxDocument\DocumentModel.InOpenXml\Drawings.Charts\Specific chart types\Radar charts\RadarSerExtension.cs","21","Element","typeof(DXO13DC.FilteredCategoryTitle)","FilteredCategoryTitle?","FilteredCategoryTitle","_FilteredCategoryTitle"
"D:\OneDrive\VS\Projects\DocxDocument\DocumentModel.InOpenXml\Drawings.Charts\Specific chart types\Radar charts\RadarSerExtension.cs","28","Element","typeof(DXO13DC.DataLabelsRange)","DataLabelsRange?","DataLabelsRange","_DataLabelsRange"
"D:\OneDrive\VS\Projects\DocxDocument\DocumentModel.InOpenXml\Drawings.Charts\Specific chart types\Radar charts\RadarSerExtension.cs","35","Element","typeof(DXO13DC.CategoryFilterExceptions)","CategoryFilterExceptions?","CategoryFilterExceptions","_CategoryFilterExceptions"
"D:\OneDrive\VS\Projects\DocxDocument\DocumentModel.InOpenXml\Drawings.Charts\Specific chart types\Scatter charts\ScatterChart.cs","14","Property","nameof(DXDC.ScatterChart.ScatterStyle)","ScatterStyle?","ScatterStyle","_ScatterStyle"
"D:\OneDrive\VS\Projects\DocxDocument\DocumentModel.InOpenXml\Drawings.Charts\Specific chart types\Scatter charts\ScatterChart.cs","21","Property","nameof(DXDC.ScatterChart.VaryColors)","bool?","VaryColors","_VaryColors"
"D:\OneDrive\VS\Projects\DocxDocument\DocumentModel.InOpenXml\Drawings.Charts\Specific chart types\Scatter charts\ScatterChart.cs","28","Element","typeof(DXDC.ScatterChartSeries)","ScatterChartSeriesList?","ScatterChartSeries","_ScatterChartSeries"
"D:\OneDrive\VS\Projects\DocxDocument\DocumentModel.InOpenXml\Drawings.Charts\Specific chart types\Scatter charts\ScatterChart.cs","35","Element","typeof(DXDC.DataLabels)","DataLabels?","DataLabels","_DataLabels"
"D:\OneDrive\VS\Projects\DocxDocument\DocumentModel.InOpenXml\Drawings.Charts\Specific chart types\Scatter charts\ScatterChart.cs","42","Element","typeof(DXDC.AxisId)","AxisIds?","AxisIds","_AxisIds"
"D:\OneDrive\VS\Projects\DocxDocument\DocumentModel.InOpenXml\Drawings.Charts\Specific chart types\Scatter charts\ScatterChart.cs","49","Element","typeof(DXDC.ScatterChartExtensionList)","ScatterChartExtensionList?","ScatterChartExtensionList","_ScatterChartExtensionList"
"D:\OneDrive\VS\Projects\DocxDocument\DocumentModel.InOpenXml\Drawings.Charts\Specific chart types\Scatter charts\ScatterChartExtension.cs","14","Element","typeof(DXO13DC.FilteredScatterSeries)","FilteredScatterSeries?","FilteredScatterSeries","_FilteredScatterSeries"
"D:\OneDrive\VS\Projects\DocxDocument\DocumentModel.InOpenXml\Drawings.Charts\Specific chart types\Scatter charts\ScatterChartSeries.cs","14","Property","nameof(DXDC.ScatterChartSeries.Index)","UInt32?","Index","_Index"
"D:\OneDrive\VS\Projects\DocxDocument\DocumentModel.InOpenXml\Drawings.Charts\Specific chart types\Scatter charts\ScatterChartSeries.cs","21","Property","nameof(DXDC.ScatterChartSeries.Order)","UInt32?","Order","_Order"
"D:\OneDrive\VS\Projects\DocxDocument\DocumentModel.InOpenXml\Drawings.Charts\Specific chart types\Scatter charts\ScatterChartSeries.cs","28","Property","nameof(DXDC.ScatterChartSeries.SeriesText)","SeriesText?","SeriesText","_SeriesText"
"D:\OneDrive\VS\Projects\DocxDocument\DocumentModel.InOpenXml\Drawings.Charts\Specific chart types\Scatter charts\ScatterChartSeries.cs","35","Property","nameof(DXDC.ScatterChartSeries.ChartShapeProperties)","ChartShapeProperties?","ChartShapeProperties","_ChartShapeProperties"
"D:\OneDrive\VS\Projects\DocxDocument\DocumentModel.InOpenXml\Drawings.Charts\Specific chart types\Scatter charts\ScatterChartSeries.cs","42","Property","nameof(DXDC.ScatterChartSeries.Marker)","Marker?","Marker","_Marker"
"D:\OneDrive\VS\Projects\DocxDocument\DocumentModel.InOpenXml\Drawings.Charts\Specific chart types\Scatter charts\ScatterChartSeries.cs","49","Element","typeof(DXDC.DataPoint)","DataPoints?","DataPoints","_DataPoints"
"D:\OneDrive\VS\Projects\DocxDocument\DocumentModel.InOpenXml\Drawings.Charts\Specific chart types\Scatter charts\ScatterChartSeries.cs","56","Element","typeof(DXDC.DataLabels)","DataLabels?","DataLabels","_DataLabels"
"D:\OneDrive\VS\Projects\DocxDocument\DocumentModel.InOpenXml\Drawings.Charts\Specific chart types\Scatter charts\ScatterChartSeries.cs","63","Element","typeof(DXDC.Trendline)","Trendline?","Trendline","_Trendline"
"D:\OneDrive\VS\Projects\DocxDocument\DocumentModel.InOpenXml\Drawings.Charts\Specific chart types\Scatter charts\ScatterChartSeries.cs","70","Element","typeof(DXDC.ErrorBars)","ErrorBars?","ErrorBars","_ErrorBars"
"D:\OneDrive\VS\Projects\DocxDocument\DocumentModel.InOpenXml\Drawings.Charts\Specific chart types\Scatter charts\ScatterChartSeries.cs","77","Element","typeof(DXDC.XValues)","XValues?","XValues","_XValues"
"D:\OneDrive\VS\Projects\DocxDocument\DocumentModel.InOpenXml\Drawings.Charts\Specific chart types\Scatter charts\ScatterChartSeries.cs","84","Element","typeof(DXDC.YValues)","YValues?","YValues","_YValues"
"D:\OneDrive\VS\Projects\DocxDocument\DocumentModel.InOpenXml\Drawings.Charts\Specific chart types\Scatter charts\ScatterChartSeries.cs","91","Element","typeof(DXDC.Smooth)","bool?","Smooth","_Smooth"
"D:\OneDrive\VS\Projects\DocxDocument\DocumentModel.InOpenXml\Drawings.Charts\Specific chart types\Scatter charts\ScatterChartSeries.cs","98","Element","typeof(DXDC.ScatterSerExtensionList)","ScatterSerExtensionList?","ScatterSerExtensionList","_ScatterSerExtensionList"
"D:\OneDrive\VS\Projects\DocxDocument\DocumentModel.InOpenXml\Drawings.Charts\Specific chart types\Scatter charts\ScatterSerExtension.cs","14","Element","typeof(DXO13DC.FilteredSeriesTitle)","FilteredSeriesTitle?","FilteredSeriesTitle","_FilteredSeriesTitle"
"D:\OneDrive\VS\Projects\DocxDocument\DocumentModel.InOpenXml\Drawings.Charts\Specific chart types\Scatter charts\ScatterSerExtension.cs","21","Element","typeof(DXO13DC.FilteredCategoryTitle)","FilteredCategoryTitle?","FilteredCategoryTitle","_FilteredCategoryTitle"
"D:\OneDrive\VS\Projects\DocxDocument\DocumentModel.InOpenXml\Drawings.Charts\Specific chart types\Scatter charts\ScatterSerExtension.cs","28","Element","typeof(DXO13DC.DataLabelsRange)","DataLabelsRange?","DataLabelsRange","_DataLabelsRange"
"D:\OneDrive\VS\Projects\DocxDocument\DocumentModel.InOpenXml\Drawings.Charts\Specific chart types\Scatter charts\ScatterSerExtension.cs","35","Element","typeof(DXO13DC.CategoryFilterExceptions)","CategoryFilterExceptions?","CategoryFilterExceptions","_CategoryFilterExceptions"
"D:\OneDrive\VS\Projects\DocxDocument\DocumentModel.InOpenXml\Drawings.Charts\Specific chart types\Surface charts\Surface3DChart.cs","14","Property","nameof(DXDC.Surface3DChart.Wireframe)","bool?","Wireframe","_Wireframe"
"D:\OneDrive\VS\Projects\DocxDocument\DocumentModel.InOpenXml\Drawings.Charts\Specific chart types\Surface charts\Surface3DChart.cs","21","Property","nameof(DXDC.Surface3DChart.VaryColors)","bool?","VaryColors","_VaryColors"
"D:\OneDrive\VS\Projects\DocxDocument\DocumentModel.InOpenXml\Drawings.Charts\Specific chart types\Surface charts\Surface3DChart.cs","28","Element","typeof(DXDC.SurfaceChartSeries)","SurfaceChartSeriesList?","SurfaceChartSeries","_SurfaceChartSeries"
"D:\OneDrive\VS\Projects\DocxDocument\DocumentModel.InOpenXml\Drawings.Charts\Specific chart types\Surface charts\Surface3DChart.cs","35","Element","typeof(DXDC.BandFormats)","BandFormats?","BandFormats","_BandFormats"
"D:\OneDrive\VS\Projects\DocxDocument\DocumentModel.InOpenXml\Drawings.Charts\Specific chart types\Surface charts\Surface3DChart.cs","42","Element","typeof(DXDC.AxisId)","AxisIds?","AxisIds","_AxisIds"
"D:\OneDrive\VS\Projects\DocxDocument\DocumentModel.InOpenXml\Drawings.Charts\Specific chart types\Surface charts\Surface3DChart.cs","49","Element","typeof(DXDC.Surface3DChartExtensionList)","Surface3DChartExtensionList?","Surface3DChartExtensionList","_Surface3DChartExtensionList"
"D:\OneDrive\VS\Projects\DocxDocument\DocumentModel.InOpenXml\Drawings.Charts\Specific chart types\Surface charts\Surface3DChartExtension.cs","14","Element","typeof(DXO13DC.FilteredSurfaceSeries)","FilteredSurfaceSeries?","FilteredSurfaceSeries","_FilteredSurfaceSeries"
"D:\OneDrive\VS\Projects\DocxDocument\DocumentModel.InOpenXml\Drawings.Charts\Specific chart types\Surface charts\Surface3DChartExtensionList.cs","14","Element","typeof(DXDC.Surface3DChartExtension)","Surface3DChartExtensions?","Surface3DChartExtensions","_Surface3DChartExtensions"
"D:\OneDrive\VS\Projects\DocxDocument\DocumentModel.InOpenXml\Drawings.Charts\Specific chart types\Surface charts\SurfaceChart.cs","14","Property","nameof(DXDC.SurfaceChart.Wireframe)","bool?","Wireframe","_Wireframe"
"D:\OneDrive\VS\Projects\DocxDocument\DocumentModel.InOpenXml\Drawings.Charts\Specific chart types\Surface charts\SurfaceChart.cs","21","Element","typeof(DXDC.SurfaceChartSeries)","SurfaceChartSeriesList?","SurfaceChartSeries","_SurfaceChartSeries"
"D:\OneDrive\VS\Projects\DocxDocument\DocumentModel.InOpenXml\Drawings.Charts\Specific chart types\Surface charts\SurfaceChart.cs","28","Element","typeof(DXDC.BandFormats)","BandFormats?","BandFormats","_BandFormats"
"D:\OneDrive\VS\Projects\DocxDocument\DocumentModel.InOpenXml\Drawings.Charts\Specific chart types\Surface charts\SurfaceChart.cs","35","Element","typeof(DXDC.AxisId)","AxisIds?","AxisIds","_AxisIds"
"D:\OneDrive\VS\Projects\DocxDocument\DocumentModel.InOpenXml\Drawings.Charts\Specific chart types\Surface charts\SurfaceChart.cs","42","Element","typeof(DXDC.SurfaceChartExtensionList)","SurfaceChartExtensionList?","SurfaceChartExtensionList","_SurfaceChartExtensionList"
"D:\OneDrive\VS\Projects\DocxDocument\DocumentModel.InOpenXml\Drawings.Charts\Specific chart types\Surface charts\SurfaceChartExtension.cs","14","Element","typeof(DXO13DC.FilteredSurfaceSeries)","FilteredSurfaceSeries?","FilteredSurfaceSeries","_FilteredSurfaceSeries"
"D:\OneDrive\VS\Projects\DocxDocument\DocumentModel.InOpenXml\Drawings.Charts\Specific chart types\Surface charts\SurfaceChartSeries.cs","14","Property","nameof(DXDC.SurfaceChartSeries.Index)","UInt32?","Index","_Index"
"D:\OneDrive\VS\Projects\DocxDocument\DocumentModel.InOpenXml\Drawings.Charts\Specific chart types\Surface charts\SurfaceChartSeries.cs","21","Property","nameof(DXDC.SurfaceChartSeries.Order)","UInt32?","Order","_Order"
"D:\OneDrive\VS\Projects\DocxDocument\DocumentModel.InOpenXml\Drawings.Charts\Specific chart types\Surface charts\SurfaceChartSeries.cs","28","Property","nameof(DXDC.SurfaceChartSeries.SeriesText)","SeriesText?","SeriesText","_SeriesText"
"D:\OneDrive\VS\Projects\DocxDocument\DocumentModel.InOpenXml\Drawings.Charts\Specific chart types\Surface charts\SurfaceChartSeries.cs","35","Property","nameof(DXDC.SurfaceChartSeries.ChartShapeProperties)","ChartShapeProperties?","ChartShapeProperties","_ChartShapeProperties"
"D:\OneDrive\VS\Projects\DocxDocument\DocumentModel.InOpenXml\Drawings.Charts\Specific chart types\Surface charts\SurfaceChartSeries.cs","42","Property","nameof(DXDC.SurfaceChartSeries.PictureOptions)","PictureOptions?","PictureOptions","_PictureOptions"
"D:\OneDrive\VS\Projects\DocxDocument\DocumentModel.InOpenXml\Drawings.Charts\Specific chart types\Surface charts\SurfaceChartSeries.cs","49","Property","nameof(DXDC.SurfaceChartSeries.CategoryAxisData)","CategoryAxisData?","CategoryAxisData","_CategoryAxisData"
"D:\OneDrive\VS\Projects\DocxDocument\DocumentModel.InOpenXml\Drawings.Charts\Specific chart types\Surface charts\SurfaceChartSeries.cs","56","Property","nameof(DXDC.SurfaceChartSeries.Values)","Values?","Values","_Values"
"D:\OneDrive\VS\Projects\DocxDocument\DocumentModel.InOpenXml\Drawings.Charts\Specific chart types\Surface charts\SurfaceChartSeries.cs","63","Property","nameof(DXDC.SurfaceChartSeries.Bubble3D)","bool?","Bubble3D","_Bubble3D"
"D:\OneDrive\VS\Projects\DocxDocument\DocumentModel.InOpenXml\Drawings.Charts\Specific chart types\Surface charts\SurfaceChartSeries.cs","70","Property","nameof(DXDC.SurfaceChartSeries.SurfaceSerExtensionList)","SurfaceSerExtensionList?","SurfaceSerExtensionList","_SurfaceSerExtensionList"
"D:\OneDrive\VS\Projects\DocxDocument\DocumentModel.InOpenXml\Drawings.Charts\Specific chart types\Surface charts\SurfaceSerExtension.cs","14","Element","typeof(DXO13DC.FilteredSeriesTitle)","FilteredSeriesTitle?","FilteredSeriesTitle","_FilteredSeriesTitle"
"D:\OneDrive\VS\Projects\DocxDocument\DocumentModel.InOpenXml\Drawings.Charts\Specific chart types\Surface charts\SurfaceSerExtension.cs","21","Element","typeof(DXO13DC.FilteredCategoryTitle)","FilteredCategoryTitle?","FilteredCategoryTitle","_FilteredCategoryTitle"
"D:\OneDrive\VS\Projects\DocxDocument\DocumentModel.InOpenXml\Drawings.Charts\Specific chart types\Surface charts\SurfaceSerExtension.cs","28","Element","typeof(DXO13DC.CategoryFilterExceptions)","CategoryFilterExceptions?","CategoryFilterExceptions","_CategoryFilterExceptions"
"D:\OneDrive\VS\Projects\DocxDocument\DocumentModel.InOpenXml\Drawings.Charts\Specific chart types\Surface charts\SurfaceType.cs","14","Element","typeof(DXDC.Thickness)","Byte?","Thickness","_Thickness"
"D:\OneDrive\VS\Projects\DocxDocument\DocumentModel.InOpenXml\Drawings.Charts\Specific chart types\Surface charts\SurfaceType.cs","21","Element","typeof(DXDC.ShapeProperties)","ShapeProperties?","ShapeProperties","_ShapeProperties"
"D:\OneDrive\VS\Projects\DocxDocument\DocumentModel.InOpenXml\Drawings.Charts\Specific chart types\Surface charts\SurfaceType.cs","28","Element","typeof(DXDC.PictureOptions)","PictureOptions?","PictureOptions","_PictureOptions"
"D:\OneDrive\VS\Projects\DocxDocument\DocumentModel.InOpenXml\Drawings.Charts\Specific chart types\Surface charts\SurfaceType.cs","35","Element","typeof(DXDC.ExtensionList)","IExtensionList?","ExtensionList","_ExtensionList"
"D:\OneDrive\VS\Projects\DocxDocument\DocumentModel.InOpenXml\Drawings.ChartsStyle\Common\EffectReference.cs","14","Element","typeof(DXO13DCS.StyleColor)","StyleColor?","StyleColor","_StyleColor"
"D:\OneDrive\VS\Projects\DocxDocument\DocumentModel.InOpenXml\Drawings.ChartsStyle\Common\FillReference.cs","14","Element","typeof(DXO13DCS.StyleColor)","StyleColor?","StyleColor","_StyleColor"
"D:\OneDrive\VS\Projects\DocxDocument\DocumentModel.InOpenXml\Drawings.ChartsStyle\Common\FontReference.cs","14","Element","typeof(DXO13DCS.StyleColor)","StyleColor?","StyleColor","_StyleColor"
"D:\OneDrive\VS\Projects\DocxDocument\DocumentModel.InOpenXml\Drawings.ChartsStyle\Common\LineReference.cs","14","Element","typeof(DXO13DCS.StyleColor)","StyleColor?","StyleColor","_StyleColor"
"D:\OneDrive\VS\Projects\DocxDocument\DocumentModel.InOpenXml\Drawings.ChartsStyle\Common\StyleColor.cs","14","Property","nameof(DXO13DCS.StyleColor.Val)","string?","Val","_Val"
"D:\OneDrive\VS\Projects\DocxDocument\DocumentModel.InOpenXml\Drawings.ChartsStyle\Common\StyleColor.cs","21","Element","typeof(DXD.Tint)","Int32?","Tint","_Tint"
"D:\OneDrive\VS\Projects\DocxDocument\DocumentModel.InOpenXml\Drawings.ChartsStyle\Common\StyleColor.cs","28","Element","typeof(DXD.Shade)","Int32?","Shade","_Shade"
"D:\OneDrive\VS\Projects\DocxDocument\DocumentModel.InOpenXml\Drawings.ChartsStyle\Common\StyleColor.cs","35","Element","typeof(DXD.Complement)","Boolean?","Complement","_Complement"
"D:\OneDrive\VS\Projects\DocxDocument\DocumentModel.InOpenXml\Drawings.ChartsStyle\Common\StyleColor.cs","42","Element","typeof(DXD.Inverse)","Boolean?","Inverse","_Inverse"
"D:\OneDrive\VS\Projects\DocxDocument\DocumentModel.InOpenXml\Drawings.ChartsStyle\Common\StyleColor.cs","49","Element","typeof(DXD.Gray)","Boolean?","Gray","_Gray"
"D:\OneDrive\VS\Projects\DocxDocument\DocumentModel.InOpenXml\Drawings.ChartsStyle\Common\StyleColor.cs","56","Element","typeof(DXD.Alpha)","Int32?","Alpha","_Alpha"
"D:\OneDrive\VS\Projects\DocxDocument\DocumentModel.InOpenXml\Drawings.ChartsStyle\Common\StyleColor.cs","63","Element","typeof(DXD.AlphaOffset)","Int32?","AlphaOffset","_AlphaOffset"
"D:\OneDrive\VS\Projects\DocxDocument\DocumentModel.InOpenXml\Drawings.ChartsStyle\Common\StyleColor.cs","70","Element","typeof(DXD.AlphaModulation)","Int32?","AlphaModulation","_AlphaModulation"
"D:\OneDrive\VS\Projects\DocxDocument\DocumentModel.InOpenXml\Drawings.ChartsStyle\Common\StyleColor.cs","77","Element","typeof(DXD.Hue)","Int32?","Hue","_Hue"
"D:\OneDrive\VS\Projects\DocxDocument\DocumentModel.InOpenXml\Drawings.ChartsStyle\Common\StyleColor.cs","84","Element","typeof(DXD.HueOffset)","Int32?","HueOffset","_HueOffset"
"D:\OneDrive\VS\Projects\DocxDocument\DocumentModel.InOpenXml\Drawings.ChartsStyle\Common\StyleColor.cs","91","Element","typeof(DXD.HueModulation)","Int32?","HueModulation","_HueModulation"
"D:\OneDrive\VS\Projects\DocxDocument\DocumentModel.InOpenXml\Drawings.ChartsStyle\Common\StyleColor.cs","98","Element","typeof(DXD.Saturation)","Int32?","Saturation","_Saturation"
"D:\OneDrive\VS\Projects\DocxDocument\DocumentModel.InOpenXml\Drawings.ChartsStyle\Common\StyleColor.cs","105","Element","typeof(DXD.SaturationOffset)","Int32?","SaturationOffset","_SaturationOffset"
"D:\OneDrive\VS\Projects\DocxDocument\DocumentModel.InOpenXml\Drawings.ChartsStyle\Common\StyleColor.cs","112","Element","typeof(DXD.SaturationModulation)","Int32?","SaturationModulation","_SaturationModulation"
"D:\OneDrive\VS\Projects\DocxDocument\DocumentModel.InOpenXml\Drawings.ChartsStyle\Common\StyleColor.cs","119","Element","typeof(DXD.Luminance)","Int32?","Luminance","_Luminance"
"D:\OneDrive\VS\Projects\DocxDocument\DocumentModel.InOpenXml\Drawings.ChartsStyle\Common\StyleColor.cs","126","Element","typeof(DXD.LuminanceOffset)","Int32?","LuminanceOffset","_LuminanceOffset"
"D:\OneDrive\VS\Projects\DocxDocument\DocumentModel.InOpenXml\Drawings.ChartsStyle\Common\StyleColor.cs","133","Element","typeof(DXD.LuminanceModulation)","Int32?","LuminanceModulation","_LuminanceModulation"
"D:\OneDrive\VS\Projects\DocxDocument\DocumentModel.InOpenXml\Drawings.ChartsStyle\Common\StyleColor.cs","140","Element","typeof(DXD.Red)","Int32?","Red","_Red"
"D:\OneDrive\VS\Projects\DocxDocument\DocumentModel.InOpenXml\Drawings.ChartsStyle\Common\StyleColor.cs","147","Element","typeof(DXD.RedOffset)","Int32?","RedOffset","_RedOffset"
"D:\OneDrive\VS\Projects\DocxDocument\DocumentModel.InOpenXml\Drawings.ChartsStyle\Common\StyleColor.cs","154","Element","typeof(DXD.RedModulation)","Int32?","RedModulation","_RedModulation"
"D:\OneDrive\VS\Projects\DocxDocument\DocumentModel.InOpenXml\Drawings.ChartsStyle\Common\StyleColor.cs","161","Element","typeof(DXD.Green)","Int32?","Green","_Green"
"D:\OneDrive\VS\Projects\DocxDocument\DocumentModel.InOpenXml\Drawings.ChartsStyle\Common\StyleColor.cs","168","Element","typeof(DXD.GreenOffset)","Int32?","GreenOffset","_GreenOffset"
"D:\OneDrive\VS\Projects\DocxDocument\DocumentModel.InOpenXml\Drawings.ChartsStyle\Common\StyleColor.cs","175","Element","typeof(DXD.GreenModulation)","Int32?","GreenModulation","_GreenModulation"
"D:\OneDrive\VS\Projects\DocxDocument\DocumentModel.InOpenXml\Drawings.ChartsStyle\Common\StyleColor.cs","182","Element","typeof(DXD.Blue)","Int32?","Blue","_Blue"
"D:\OneDrive\VS\Projects\DocxDocument\DocumentModel.InOpenXml\Drawings.ChartsStyle\Common\StyleColor.cs","189","Element","typeof(DXD.BlueOffset)","Int32?","BlueOffset","_BlueOffset"
"D:\OneDrive\VS\Projects\DocxDocument\DocumentModel.InOpenXml\Drawings.ChartsStyle\Common\StyleColor.cs","196","Element","typeof(DXD.BlueModulation)","Int32?","BlueModulation","_BlueModulation"
"D:\OneDrive\VS\Projects\DocxDocument\DocumentModel.InOpenXml\Drawings.ChartsStyle\Common\StyleColor.cs","203","Element","typeof(DXD.Gamma)","Boolean","Gamma","_Gamma"
"D:\OneDrive\VS\Projects\DocxDocument\DocumentModel.InOpenXml\Drawings.ChartsStyle\Common\StyleColor.cs","210","Element","typeof(DXD.InverseGamma)","Boolean","InverseGamma","_InverseGamma"
"D:\OneDrive\VS\Projects\DocxDocument\DocumentModel.InOpenXml\Drawings.ChartsStyle\Common\TextBodyProperties.cs","14","Property","nameof(DXO13DCS.TextBodyProperties.Rotation)","Int32?","Rotation","_Rotation"
"D:\OneDrive\VS\Projects\DocxDocument\DocumentModel.InOpenXml\Drawings.ChartsStyle\Common\TextBodyProperties.cs","21","Property","nameof(DXO13DCS.TextBodyProperties.UseParagraphSpacing)","bool?","UseParagraphSpacing","_UseParagraphSpacing"
"D:\OneDrive\VS\Projects\DocxDocument\DocumentModel.InOpenXml\Drawings.ChartsStyle\Common\TextBodyProperties.cs","28","Property","nameof(DXO13DCS.TextBodyProperties.VerticalOverflow)","TextVerticalOverflow?","VerticalOverflow","_VerticalOverflow"
"D:\OneDrive\VS\Projects\DocxDocument\DocumentModel.InOpenXml\Drawings.ChartsStyle\Common\TextBodyProperties.cs","35","Property","nameof(DXO13DCS.TextBodyProperties.HorizontalOverflow)","TextHorizontalOverflow?","HorizontalOverflow","_HorizontalOverflow"
"D:\OneDrive\VS\Projects\DocxDocument\DocumentModel.InOpenXml\Drawings.ChartsStyle\Common\TextBodyProperties.cs","42","Property","nameof(DXO13DCS.TextBodyProperties.Vertical)","TextVertical?","Vertical","_Vertical"
"D:\OneDrive\VS\Projects\DocxDocument\DocumentModel.InOpenXml\Drawings.ChartsStyle\Common\TextBodyProperties.cs","49","Property","nameof(DXO13DCS.TextBodyProperties.Wrap)","DMW.TextWrapping?","Wrap","_Wrap"
"D:\OneDrive\VS\Projects\DocxDocument\DocumentModel.InOpenXml\Drawings.ChartsStyle\Common\TextBodyProperties.cs","56","Property","nameof(DXO13DCS.TextBodyProperties.LeftInset)","Int32?","LeftInset","_LeftInset"
"D:\OneDrive\VS\Projects\DocxDocument\DocumentModel.InOpenXml\Drawings.ChartsStyle\Common\TextBodyProperties.cs","63","Property","nameof(DXO13DCS.TextBodyProperties.TopInset)","Int32?","TopInset","_TopInset"
"D:\OneDrive\VS\Projects\DocxDocument\DocumentModel.InOpenXml\Drawings.ChartsStyle\Common\TextBodyProperties.cs","70","Property","nameof(DXO13DCS.TextBodyProperties.RightInset)","Int32?","RightInset","_RightInset"
"D:\OneDrive\VS\Projects\DocxDocument\DocumentModel.InOpenXml\Drawings.ChartsStyle\Common\TextBodyProperties.cs","77","Property","nameof(DXO13DCS.TextBodyProperties.BottomInset)","Int32?","BottomInset","_BottomInset"
"D:\OneDrive\VS\Projects\DocxDocument\DocumentModel.InOpenXml\Drawings.ChartsStyle\Common\TextBodyProperties.cs","84","Property","nameof(DXO13DCS.TextBodyProperties.ColumnCount)","Int32?","ColumnCount","_ColumnCount"
"D:\OneDrive\VS\Projects\DocxDocument\DocumentModel.InOpenXml\Drawings.ChartsStyle\Common\TextBodyProperties.cs","91","Property","nameof(DXO13DCS.TextBodyProperties.ColumnSpacing)","Int32?","ColumnSpacing","_ColumnSpacing"
"D:\OneDrive\VS\Projects\DocxDocument\DocumentModel.InOpenXml\Drawings.ChartsStyle\Common\TextBodyProperties.cs","98","Property","nameof(DXO13DCS.TextBodyProperties.RightToLeftColumns)","bool?","RightToLeftColumns","_RightToLeftColumns"
"D:\OneDrive\VS\Projects\DocxDocument\DocumentModel.InOpenXml\Drawings.ChartsStyle\Common\TextBodyProperties.cs","105","Property","nameof(DXO13DCS.TextBodyProperties.FromWordArt)","bool?","FromWordArt","_FromWordArt"
"D:\OneDrive\VS\Projects\DocxDocument\DocumentModel.InOpenXml\Drawings.ChartsStyle\Common\TextBodyProperties.cs","112","Property","nameof(DXO13DCS.TextBodyProperties.Anchor)","TextAnchoring?","Anchor","_Anchor"
"D:\OneDrive\VS\Projects\DocxDocument\DocumentModel.InOpenXml\Drawings.ChartsStyle\Common\TextBodyProperties.cs","119","Property","nameof(DXO13DCS.TextBodyProperties.AnchorCenter)","bool?","AnchorCenter","_AnchorCenter"
"D:\OneDrive\VS\Projects\DocxDocument\DocumentModel.InOpenXml\Drawings.ChartsStyle\Common\TextBodyProperties.cs","126","Property","nameof(DXO13DCS.TextBodyProperties.ForceAntiAlias)","bool?","ForceAntiAlias","_ForceAntiAlias"
"D:\OneDrive\VS\Projects\DocxDocument\DocumentModel.InOpenXml\Drawings.ChartsStyle\Common\TextBodyProperties.cs","133","Property","nameof(DXO13DCS.TextBodyProperties.UpRight)","bool?","UpRight","_UpRight"
"D:\OneDrive\VS\Projects\DocxDocument\DocumentModel.InOpenXml\Drawings.ChartsStyle\Common\TextBodyProperties.cs","140","Property","nameof(DXO13DCS.TextBodyProperties.CompatibleLineSpacing)","bool?","CompatibleLineSpacing","_CompatibleLineSpacing"
"D:\OneDrive\VS\Projects\DocxDocument\DocumentModel.InOpenXml\Drawings.ChartsStyle\Common\TextBodyProperties.cs","147","Element","typeof(DXD.PresetTextWarp)","PresetTextWrap?","PresetTextWrap","_PresetTextWrap"
"D:\OneDrive\VS\Projects\DocxDocument\DocumentModel.InOpenXml\Drawings.ChartsStyle\Common\TextBodyProperties.cs","154","Element","typeof(DXD.NoAutoFit)","bool?","NoAutoFit","_NoAutoFit"
"D:\OneDrive\VS\Projects\DocxDocument\DocumentModel.InOpenXml\Drawings.ChartsStyle\Common\TextBodyProperties.cs","161","Element","typeof(DXD.NormalAutoFit)","NormalAutoFit?","NormalAutoFit","_NormalAutoFit"
"D:\OneDrive\VS\Projects\DocxDocument\DocumentModel.InOpenXml\Drawings.ChartsStyle\Common\TextBodyProperties.cs","168","Element","typeof(DXD.ShapeAutoFit)","bool?","ShapeAutoFit","_ShapeAutoFit"
"D:\OneDrive\VS\Projects\DocxDocument\DocumentModel.InOpenXml\Drawings.ChartsStyle\Common\TextBodyProperties.cs","175","Element","typeof(DXD.Scene3DType)","Scene3DType?","Scene3DType","_Scene3DType"
"D:\OneDrive\VS\Projects\DocxDocument\DocumentModel.InOpenXml\Drawings.ChartsStyle\Common\TextBodyProperties.cs","182","Element","typeof(DXD.Shape3DType)","Shape3DType?","Shape3DType","_Shape3DType"
"D:\OneDrive\VS\Projects\DocxDocument\DocumentModel.InOpenXml\Drawings.ChartsStyle\Common\TextBodyProperties.cs","189","Element","typeof(DXD.FlatText)","FlatText?","FlatText","_FlatText"
"D:\OneDrive\VS\Projects\DocxDocument\DocumentModel.InOpenXml\Drawings.ChartsStyle\Common\TextBodyProperties.cs","196","Element","typeof(DXD.ExtensionList)","IExtensionList?","ExtensionList","_ExtensionList"
"D:\OneDrive\VS\Projects\DocxDocument\DocumentModel.InOpenXml\Drawings.ChartsStyle\Common\TextCharacterPropertiesType.cs","14","Element","typeof(DXD.Outline)","bool?","SmtClean","_SmtClean"
"D:\OneDrive\VS\Projects\DocxDocument\DocumentModel.InOpenXml\Drawings.ChartsStyle\Common\TextCharacterPropertiesType.cs","21","Element","typeof(DXD.NoFill)","UInt32?","SmtId","_SmtId"
"D:\OneDrive\VS\Projects\DocxDocument\DocumentModel.InOpenXml\Drawings.ChartsStyle\Common\TextCharacterPropertiesType.cs","28","Property","nameof(DXO13DCS.TextCharacterPropertiesType.Kumimoji)","bool?","Kumimoji","_Kumimoji"
"D:\OneDrive\VS\Projects\DocxDocument\DocumentModel.InOpenXml\Drawings.ChartsStyle\Common\TextCharacterPropertiesType.cs","35","Property","nameof(DXO13DCS.TextCharacterPropertiesType.Language)","string?","Language","_Language"
"D:\OneDrive\VS\Projects\DocxDocument\DocumentModel.InOpenXml\Drawings.ChartsStyle\Common\TextCharacterPropertiesType.cs","42","Property","nameof(DXO13DCS.TextCharacterPropertiesType.AlternativeLanguage)","string?","AlternativeLanguage","_AlternativeLanguage"
"D:\OneDrive\VS\Projects\DocxDocument\DocumentModel.InOpenXml\Drawings.ChartsStyle\Common\TextCharacterPropertiesType.cs","49","Property","nameof(DXO13DCS.TextCharacterPropertiesType.FontSize)","Int32?","FontSize","_FontSize"
"D:\OneDrive\VS\Projects\DocxDocument\DocumentModel.InOpenXml\Drawings.ChartsStyle\Common\TextCharacterPropertiesType.cs","56","Property","nameof(DXO13DCS.TextCharacterPropertiesType.Bold)","bool?","Bold","_Bold"
"D:\OneDrive\VS\Projects\DocxDocument\DocumentModel.InOpenXml\Drawings.ChartsStyle\Common\TextCharacterPropertiesType.cs","63","Property","nameof(DXO13DCS.TextCharacterPropertiesType.Italic)","bool?","Italic","_Italic"
"D:\OneDrive\VS\Projects\DocxDocument\DocumentModel.InOpenXml\Drawings.ChartsStyle\Common\TextCharacterPropertiesType.cs","70","Property","nameof(DXO13DCS.TextCharacterPropertiesType.Underline)","TextUnderline?","Underline","_Underline"
"D:\OneDrive\VS\Projects\DocxDocument\DocumentModel.InOpenXml\Drawings.ChartsStyle\Common\TextCharacterPropertiesType.cs","77","Property","nameof(DXO13DCS.TextCharacterPropertiesType.Strike)","TextStrike?","Strike","_Strike"
"D:\OneDrive\VS\Projects\DocxDocument\DocumentModel.InOpenXml\Drawings.ChartsStyle\Common\TextCharacterPropertiesType.cs","84","Property","nameof(DXO13DCS.TextCharacterPropertiesType.Kerning)","Int32?","Kerning","_Kerning"
"D:\OneDrive\VS\Projects\DocxDocument\DocumentModel.InOpenXml\Drawings.ChartsStyle\Common\TextCharacterPropertiesType.cs","91","Property","nameof(DXO13DCS.TextCharacterPropertiesType.Capital)","TextCaps?","Capital","_Capital"
"D:\OneDrive\VS\Projects\DocxDocument\DocumentModel.InOpenXml\Drawings.ChartsStyle\Common\TextCharacterPropertiesType.cs","98","Property","nameof(DXO13DCS.TextCharacterPropertiesType.Spacing)","Int32?","Spacing","_Spacing"
"D:\OneDrive\VS\Projects\DocxDocument\DocumentModel.InOpenXml\Drawings.ChartsStyle\Common\TextCharacterPropertiesType.cs","105","Property","nameof(DXO13DCS.TextCharacterPropertiesType.NormalizeHeight)","bool?","NormalizeHeight","_NormalizeHeight"
"D:\OneDrive\VS\Projects\DocxDocument\DocumentModel.InOpenXml\Drawings.ChartsStyle\Common\TextCharacterPropertiesType.cs","112","Property","nameof(DXO13DCS.TextCharacterPropertiesType.Baseline)","Int32?","Baseline","_Baseline"
"D:\OneDrive\VS\Projects\DocxDocument\DocumentModel.InOpenXml\Drawings.ChartsStyle\Common\TextCharacterPropertiesType.cs","119","Property","nameof(DXO13DCS.TextCharacterPropertiesType.NoProof)","bool?","NoProof","_NoProof"
"D:\OneDrive\VS\Projects\DocxDocument\DocumentModel.InOpenXml\Drawings.ChartsStyle\Common\TextCharacterPropertiesType.cs","126","Property","nameof(DXO13DCS.TextCharacterPropertiesType.Dirty)","bool?","Dirty","_Dirty"
"D:\OneDrive\VS\Projects\DocxDocument\DocumentModel.InOpenXml\Drawings.ChartsStyle\Common\TextCharacterPropertiesType.cs","133","Property","nameof(DXO13DCS.TextCharacterPropertiesType.SpellingError)","bool?","SpellingError","_SpellingError"
"D:\OneDrive\VS\Projects\DocxDocument\DocumentModel.InOpenXml\Drawings.ChartsStyle\Common\TextCharacterPropertiesType.cs","140","Property","nameof(DXO13DCS.TextCharacterPropertiesType.SmartTagClean)","bool?","SmartTagClean","_SmartTagClean"
"D:\OneDrive\VS\Projects\DocxDocument\DocumentModel.InOpenXml\Drawings.ChartsStyle\Common\TextCharacterPropertiesType.cs","147","Property","nameof(DXO13DCS.TextCharacterPropertiesType.SmartTagId)","UInt32?","SmartTagId","_SmartTagId"
"D:\OneDrive\VS\Projects\DocxDocument\DocumentModel.InOpenXml\Drawings.ChartsStyle\Common\TextCharacterPropertiesType.cs","154","Property","nameof(DXO13DCS.TextCharacterPropertiesType.Bookmark)","string?","Bookmark","_Bookmark"
"D:\OneDrive\VS\Projects\DocxDocument\DocumentModel.InOpenXml\Drawings.ChartsStyle\Common\TextCharacterPropertiesType.cs","161","Property","nameof(DXO13DCS.TextCharacterPropertiesType.Outline)","LineProperties?","Outline","_Outline"
"D:\OneDrive\VS\Projects\DocxDocument\DocumentModel.InOpenXml\Drawings.ChartsStyle\Common\TextCharacterPropertiesType.cs","168","Element","typeof(DXD.NoFill)","Fill?","Fill","_Fill"
"D:\OneDrive\VS\Projects\DocxDocument\DocumentModel.InOpenXml\Drawings.ChartsStyle\Common\TextCharacterPropertiesType.cs","175","Element","typeof(DXD.EffectList)","EffectList?","EffectList","_EffectList"
"D:\OneDrive\VS\Projects\DocxDocument\DocumentModel.InOpenXml\Drawings.ChartsStyle\Common\TextCharacterPropertiesType.cs","182","Element","typeof(DXD.EffectDag)","EffectDag?","EffectDag","_EffectDag"
"D:\OneDrive\VS\Projects\DocxDocument\DocumentModel.InOpenXml\Drawings.ChartsStyle\Common\TextCharacterPropertiesType.cs","189","Element","typeof(DXD.Highlight)","Highlight?","Highlight","_Highlight"
"D:\OneDrive\VS\Projects\DocxDocument\DocumentModel.InOpenXml\Drawings.ChartsStyle\Common\TextCharacterPropertiesType.cs","196","Element","typeof(DXD.UnderlineFollowsText)","bool?","UnderlineFollowsText","_UnderlineFollowsText"
"D:\OneDrive\VS\Projects\DocxDocument\DocumentModel.InOpenXml\Drawings.ChartsStyle\Common\TextCharacterPropertiesType.cs","203","Element","typeof(DXD.UnderlineFillText)","bool?","UnderlineFillText","_UnderlineFillText"
"D:\OneDrive\VS\Projects\DocxDocument\DocumentModel.InOpenXml\Drawings.ChartsStyle\Common\TextCharacterPropertiesType.cs","210","Element","typeof(DXD.UnderlineFill)","Fill?","UnderlineFill","_UnderlineFill"
"D:\OneDrive\VS\Projects\DocxDocument\DocumentModel.InOpenXml\Drawings.ChartsStyle\Common\TextCharacterPropertiesType.cs","217","Element","typeof(DXD.LatinFont)","TextFontType?","LatinFont","_LatinFont"
"D:\OneDrive\VS\Projects\DocxDocument\DocumentModel.InOpenXml\Drawings.ChartsStyle\Common\TextCharacterPropertiesType.cs","224","Element","typeof(DXD.EastAsianFont)","TextFontType?","EastAsianFont","_EastAsianFont"
"D:\OneDrive\VS\Projects\DocxDocument\DocumentModel.InOpenXml\Drawings.ChartsStyle\Common\TextCharacterPropertiesType.cs","231","Element","typeof(DXD.ComplexScriptFont)","TextFontType?","ComplexScriptFont","_ComplexScriptFont"
"D:\OneDrive\VS\Projects\DocxDocument\DocumentModel.InOpenXml\Drawings.ChartsStyle\Common\TextCharacterPropertiesType.cs","238","Element","typeof(DXD.SymbolFont)","TextFontType?","SymbolFont","_SymbolFont"
"D:\OneDrive\VS\Projects\DocxDocument\DocumentModel.InOpenXml\Drawings.ChartsStyle\Common\TextCharacterPropertiesType.cs","245","Element","typeof(DXD.HyperlinkOnClick)","HyperlinkOnClick?","HyperlinkOnClick","_HyperlinkOnClick"
"D:\OneDrive\VS\Projects\DocxDocument\DocumentModel.InOpenXml\Drawings.ChartsStyle\Common\TextCharacterPropertiesType.cs","252","Element","typeof(DXD.HyperlinkOnMouseOver)","HyperlinkOnMouseOver?","HyperlinkOnMouseOver","_HyperlinkOnMouseOver"
"D:\OneDrive\VS\Projects\DocxDocument\DocumentModel.InOpenXml\Drawings.ChartsStyle\Common\TextCharacterPropertiesType.cs","259","Element","typeof(DXD.RightToLeft)","bool?","RightToLeft","_RightToLeft"
"D:\OneDrive\VS\Projects\DocxDocument\DocumentModel.InOpenXml\Drawings.ChartsStyle\Common\TextCharacterPropertiesType.cs","266","Element","typeof(DXD.ExtensionList)","IExtensionList?","ExtensionList","_ExtensionList"
"D:\OneDrive\VS\Projects\DocxDocument\DocumentModel.InOpenXml\Drawings.Diagrams\Adjust.cs","14","Property","nameof(DXDD.Adjust.Index)","UInt32?","Index","_Index"
"D:\OneDrive\VS\Projects\DocxDocument\DocumentModel.InOpenXml\Drawings.Diagrams\Adjust.cs","21","Property","nameof(DXDD.Adjust.Val)","Double?","Val","_Val"
"D:\OneDrive\VS\Projects\DocxDocument\DocumentModel.InOpenXml\Drawings.Diagrams\Algorithm.cs","14","Property","nameof(DXDD.Algorithm.Type)","AlgorithmType?","Type","_Type"
"D:\OneDrive\VS\Projects\DocxDocument\DocumentModel.InOpenXml\Drawings.Diagrams\Algorithm.cs","21","Property","nameof(DXDD.Algorithm.Revision)","UInt32?","Revision","_Revision"
"D:\OneDrive\VS\Projects\DocxDocument\DocumentModel.InOpenXml\Drawings.Diagrams\Algorithm.cs","28","Element","typeof(DXDD.Parameter)","Parameters?","Parameters","_Parameters"
"D:\OneDrive\VS\Projects\DocxDocument\DocumentModel.InOpenXml\Drawings.Diagrams\Algorithm.cs","35","Element","typeof(DXDD.ExtensionList)","IExtensionList?","ExtensionList","_ExtensionList"
"D:\OneDrive\VS\Projects\DocxDocument\DocumentModel.InOpenXml\Drawings.Diagrams\Background.cs","14","Element","typeof(DXD.NoFill)","Fill?","Fill","_Fill"
"D:\OneDrive\VS\Projects\DocxDocument\DocumentModel.InOpenXml\Drawings.Diagrams\Background.cs","21","Element","typeof(DXD.EffectList)","EffectList?","EffectList","_EffectList"
"D:\OneDrive\VS\Projects\DocxDocument\DocumentModel.InOpenXml\Drawings.Diagrams\Background.cs","28","Element","typeof(DXD.EffectDag)","EffectDag?","EffectDag","_EffectDag"
"D:\OneDrive\VS\Projects\DocxDocument\DocumentModel.InOpenXml\Drawings.Diagrams\BuildDiagram.cs","14","Property","nameof(DXD.BuildDiagram.Build)","string?","Build","_Build"
"D:\OneDrive\VS\Projects\DocxDocument\DocumentModel.InOpenXml\Drawings.Diagrams\BuildDiagram.cs","21","Property","nameof(DXD.BuildDiagram.ReverseAnimation)","bool?","ReverseAnimation","_ReverseAnimation"
"D:\OneDrive\VS\Projects\DocxDocument\DocumentModel.InOpenXml\Drawings.Diagrams\Category.cs","14","Property","nameof(DXDD.Category.Type)","string?","Type","_Type"
"D:\OneDrive\VS\Projects\DocxDocument\DocumentModel.InOpenXml\Drawings.Diagrams\Category.cs","21","Property","nameof(DXDD.Category.Priority)","UInt32?","Priority","_Priority"
"D:\OneDrive\VS\Projects\DocxDocument\DocumentModel.InOpenXml\Drawings.Diagrams\Choose.cs","14","Property","nameof(DXDD.Choose.Name)","string?","Name","_Name"
"D:\OneDrive\VS\Projects\DocxDocument\DocumentModel.InOpenXml\Drawings.Diagrams\Choose.cs","21","Element","typeof(DXDD.DiagramChooseIf)","DiagramChooseIf?","DiagramChooseIf","_DiagramChooseIf"
"D:\OneDrive\VS\Projects\DocxDocument\DocumentModel.InOpenXml\Drawings.Diagrams\Choose.cs","28","Element","typeof(DXDD.DiagramChooseElse)","DiagramChooseElse?","DiagramChooseElse","_DiagramChooseElse"
"D:\OneDrive\VS\Projects\DocxDocument\DocumentModel.InOpenXml\Drawings.Diagrams\ColorDefinition.cs","14","Property","nameof(DXDD.ColorsDefinition.UniqueId)","string?","UniqueId","_UniqueId"
"D:\OneDrive\VS\Projects\DocxDocument\DocumentModel.InOpenXml\Drawings.Diagrams\ColorDefinition.cs","21","Property","nameof(DXDD.ColorsDefinition.MinVersion)","string?","MinVersion","_MinVersion"
"D:\OneDrive\VS\Projects\DocxDocument\DocumentModel.InOpenXml\Drawings.Diagrams\ColorDefinition.cs","28","Element","typeof(DXDD.ColorDefinitionTitle)","ColorDefinitionTitles?","ColorDefinitionTitles","_ColorDefinitionTitles"
"D:\OneDrive\VS\Projects\DocxDocument\DocumentModel.InOpenXml\Drawings.Diagrams\ColorDefinition.cs","35","Element","typeof(DXDD.ColorTransformDescription)","ColorTransformDescriptions?","ColorTransformDescriptions","_ColorTransformDescriptions"
"D:\OneDrive\VS\Projects\DocxDocument\DocumentModel.InOpenXml\Drawings.Diagrams\ColorDefinition.cs","42","Element","typeof(DXDD.ColorTransformCategories)","ColorTransformCategories?","ColorTransformCategories","_ColorTransformCategories"
"D:\OneDrive\VS\Projects\DocxDocument\DocumentModel.InOpenXml\Drawings.Diagrams\ColorDefinition.cs","49","Element","typeof(DXDD.ColorTransformStyleLabel)","ColorTransformStyleLabels?","ColorTransformStyleLabels","_ColorTransformStyleLabels"
"D:\OneDrive\VS\Projects\DocxDocument\DocumentModel.InOpenXml\Drawings.Diagrams\ColorDefinition.cs","56","Element","typeof(DXDD.ExtensionList)","IExtensionList?","ExtensionList","_ExtensionList"
"D:\OneDrive\VS\Projects\DocxDocument\DocumentModel.InOpenXml\Drawings.Diagrams\ColorDefinitionTitle.cs","14","Property","nameof(DXDD.ColorDefinitionTitle.Language)","string?","Language","_Language"
"D:\OneDrive\VS\Projects\DocxDocument\DocumentModel.InOpenXml\Drawings.Diagrams\ColorDefinitionTitle.cs","21","Property","nameof(DXDD.ColorDefinitionTitle.Val)","string?","Val","_Val"
"D:\OneDrive\VS\Projects\DocxDocument\DocumentModel.InOpenXml\Drawings.Diagrams\ColorTransformCategory.cs","14","Property","nameof(DXDD.ColorTransformCategory.Type)","string?","Type","_Type"
"D:\OneDrive\VS\Projects\DocxDocument\DocumentModel.InOpenXml\Drawings.Diagrams\ColorTransformCategory.cs","21","Property","nameof(DXDD.ColorTransformCategory.Priority)","UInt32?","Priority","_Priority"
"D:\OneDrive\VS\Projects\DocxDocument\DocumentModel.InOpenXml\Drawings.Diagrams\ColorTransformDescription.cs","14","Property","nameof(DXDD.ColorTransformDescription.Language)","string?","Language","_Language"
"D:\OneDrive\VS\Projects\DocxDocument\DocumentModel.InOpenXml\Drawings.Diagrams\ColorTransformDescription.cs","21","Property","nameof(DXDD.ColorTransformDescription.Val)","string?","Val","_Val"
"D:\OneDrive\VS\Projects\DocxDocument\DocumentModel.InOpenXml\Drawings.Diagrams\ColorTransformStyleLabel.cs","14","Property","nameof(DXDD.ColorTransformStyleLabel.Name)","string?","Name","_Name"
"D:\OneDrive\VS\Projects\DocxDocument\DocumentModel.InOpenXml\Drawings.Diagrams\ColorTransformStyleLabel.cs","21","Property","nameof(DXDD.ColorTransformStyleLabel.FillColorList)","FillColor?","FillColorList","_FillColorList"
"D:\OneDrive\VS\Projects\DocxDocument\DocumentModel.InOpenXml\Drawings.Diagrams\ColorTransformStyleLabel.cs","28","Property","nameof(DXDD.ColorTransformStyleLabel.LineColorList)","LineColorList?","LineColorList","_LineColorList"
"D:\OneDrive\VS\Projects\DocxDocument\DocumentModel.InOpenXml\Drawings.Diagrams\ColorTransformStyleLabel.cs","35","Property","nameof(DXDD.ColorTransformStyleLabel.EffectColorList)","EffectColorList?","EffectColorList","_EffectColorList"
"D:\OneDrive\VS\Projects\DocxDocument\DocumentModel.InOpenXml\Drawings.Diagrams\ColorTransformStyleLabel.cs","42","Property","nameof(DXDD.ColorTransformStyleLabel.TextLineColorList)","TextLineColorList?","TextLineColorList","_TextLineColorList"
"D:\OneDrive\VS\Projects\DocxDocument\DocumentModel.InOpenXml\Drawings.Diagrams\ColorTransformStyleLabel.cs","49","Property","nameof(DXDD.ColorTransformStyleLabel.TextFillColorList)","TextFillColorList?","TextFillColorList","_TextFillColorList"
"D:\OneDrive\VS\Projects\DocxDocument\DocumentModel.InOpenXml\Drawings.Diagrams\ColorTransformStyleLabel.cs","56","Property","nameof(DXDD.ColorTransformStyleLabel.TextEffectColorList)","TextEffectColorList?","TextEffectColorList","_TextEffectColorList"
"D:\OneDrive\VS\Projects\DocxDocument\DocumentModel.InOpenXml\Drawings.Diagrams\ColorTransformStyleLabel.cs","63","Property","nameof(DXDD.ColorTransformStyleLabel.ExtensionList)","IExtensionList?","ExtensionList","_ExtensionList"
"D:\OneDrive\VS\Projects\DocxDocument\DocumentModel.InOpenXml\Drawings.Diagrams\ColorType.cs","14","Property","nameof(DXDD.ColorsType.Method)","ColorApplicationMethod?","Method","_Method"
"D:\OneDrive\VS\Projects\DocxDocument\DocumentModel.InOpenXml\Drawings.Diagrams\ColorType.cs","21","Property","nameof(DXDD.ColorsType.HueDirection)","HueDirection?","HueDirection","_HueDirection"
"D:\OneDrive\VS\Projects\DocxDocument\DocumentModel.InOpenXml\Drawings.Diagrams\Connection.cs","14","Property","nameof(DXDD.Connection.ModelId)","string?","ModelId","_ModelId"
"D:\OneDrive\VS\Projects\DocxDocument\DocumentModel.InOpenXml\Drawings.Diagrams\Connection.cs","21","Property","nameof(DXDD.Connection.Type)","ConnectionType?","Type","_Type"
"D:\OneDrive\VS\Projects\DocxDocument\DocumentModel.InOpenXml\Drawings.Diagrams\Connection.cs","28","Property","nameof(DXDD.Connection.SourceId)","string?","SourceId","_SourceId"
"D:\OneDrive\VS\Projects\DocxDocument\DocumentModel.InOpenXml\Drawings.Diagrams\Connection.cs","35","Property","nameof(DXDD.Connection.DestinationId)","string?","DestinationId","_DestinationId"
"D:\OneDrive\VS\Projects\DocxDocument\DocumentModel.InOpenXml\Drawings.Diagrams\Connection.cs","42","Property","nameof(DXDD.Connection.SourcePosition)","UInt32?","SourcePosition","_SourcePosition"
"D:\OneDrive\VS\Projects\DocxDocument\DocumentModel.InOpenXml\Drawings.Diagrams\Connection.cs","49","Property","nameof(DXDD.Connection.DestinationPosition)","UInt32?","DestinationPosition","_DestinationPosition"
"D:\OneDrive\VS\Projects\DocxDocument\DocumentModel.InOpenXml\Drawings.Diagrams\Connection.cs","56","Property","nameof(DXDD.Connection.ParentTransitionId)","string?","ParentTransitionId","_ParentTransitionId"
"D:\OneDrive\VS\Projects\DocxDocument\DocumentModel.InOpenXml\Drawings.Diagrams\Connection.cs","63","Property","nameof(DXDD.Connection.SiblingTransitionId)","string?","SiblingTransitionId","_SiblingTransitionId"
"D:\OneDrive\VS\Projects\DocxDocument\DocumentModel.InOpenXml\Drawings.Diagrams\Connection.cs","70","Property","nameof(DXDD.Connection.PresentationId)","string?","PresentationId","_PresentationId"
"D:\OneDrive\VS\Projects\DocxDocument\DocumentModel.InOpenXml\Drawings.Diagrams\Connection.cs","77","Property","nameof(DXDD.Connection.ExtensionList)","IExtensionList?","ExtensionList","_ExtensionList"
"D:\OneDrive\VS\Projects\DocxDocument\DocumentModel.InOpenXml\Drawings.Diagrams\Constraint.cs","14","Property","nameof(DXDD.Constraint.Type)","ConstraintType?","Type","_Type"
"D:\OneDrive\VS\Projects\DocxDocument\DocumentModel.InOpenXml\Drawings.Diagrams\Constraint.cs","21","Property","nameof(DXDD.Constraint.For)","ConstraintRelationship?","For","_For"
"D:\OneDrive\VS\Projects\DocxDocument\DocumentModel.InOpenXml\Drawings.Diagrams\Constraint.cs","28","Property","nameof(DXDD.Constraint.ForName)","string?","ForName","_ForName"
"D:\OneDrive\VS\Projects\DocxDocument\DocumentModel.InOpenXml\Drawings.Diagrams\Constraint.cs","35","Property","nameof(DXDD.Constraint.PointType)","ElementType?","PointType","_PointType"
"D:\OneDrive\VS\Projects\DocxDocument\DocumentModel.InOpenXml\Drawings.Diagrams\Constraint.cs","42","Property","nameof(DXDD.Constraint.ReferenceType)","Constraint?","ReferenceType","_ReferenceType"
"D:\OneDrive\VS\Projects\DocxDocument\DocumentModel.InOpenXml\Drawings.Diagrams\Constraint.cs","49","Property","nameof(DXDD.Constraint.ReferenceFor)","ConstraintRelationship?","ReferenceFor","_ReferenceFor"
"D:\OneDrive\VS\Projects\DocxDocument\DocumentModel.InOpenXml\Drawings.Diagrams\Constraint.cs","56","Property","nameof(DXDD.Constraint.ReferenceForName)","string?","ReferenceForName","_ReferenceForName"
"D:\OneDrive\VS\Projects\DocxDocument\DocumentModel.InOpenXml\Drawings.Diagrams\Constraint.cs","63","Property","nameof(DXDD.Constraint.ReferencePointType)","ElementType?","ReferencePointType","_ReferencePointType"
"D:\OneDrive\VS\Projects\DocxDocument\DocumentModel.InOpenXml\Drawings.Diagrams\Constraint.cs","70","Property","nameof(DXDD.Constraint.Operator)","BoolOperator?","Operator","_Operator"
"D:\OneDrive\VS\Projects\DocxDocument\DocumentModel.InOpenXml\Drawings.Diagrams\Constraint.cs","77","Property","nameof(DXDD.Constraint.Val)","Double?","Val","_Val"
"D:\OneDrive\VS\Projects\DocxDocument\DocumentModel.InOpenXml\Drawings.Diagrams\Constraint.cs","84","Property","nameof(DXDD.Constraint.Fact)","Double?","Fact","_Fact"
"D:\OneDrive\VS\Projects\DocxDocument\DocumentModel.InOpenXml\Drawings.Diagrams\Constraint.cs","91","Property","nameof(DXDD.Constraint.ExtensionList)","IExtensionList?","ExtensionList","_ExtensionList"
"D:\OneDrive\VS\Projects\DocxDocument\DocumentModel.InOpenXml\Drawings.Diagrams\DataModel.cs","14","Property","nameof(DXDD.DataModel.PointList)","PointList?","PointList","_PointList"
"D:\OneDrive\VS\Projects\DocxDocument\DocumentModel.InOpenXml\Drawings.Diagrams\DataModel.cs","21","Property","nameof(DXDD.DataModel.ConnectionList)","ConnectionList?","ConnectionList","_ConnectionList"
"D:\OneDrive\VS\Projects\DocxDocument\DocumentModel.InOpenXml\Drawings.Diagrams\DataModel.cs","28","Property","nameof(DXDD.DataModel.Background)","Background?","Background","_Background"
"D:\OneDrive\VS\Projects\DocxDocument\DocumentModel.InOpenXml\Drawings.Diagrams\DataModel.cs","35","Property","nameof(DXDD.DataModel.Whole)","Whole?","Whole","_Whole"
"D:\OneDrive\VS\Projects\DocxDocument\DocumentModel.InOpenXml\Drawings.Diagrams\DataModel.cs","42","Property","nameof(DXDD.DataModel.DataModelExtensionList)","DataModelExtensionList?","DataModelExtensionList","_DataModelExtensionList"
"D:\OneDrive\VS\Projects\DocxDocument\DocumentModel.InOpenXml\Drawings.Diagrams\DataModelExtension.cs","16","Element","typeof(DXOD.DataModelExtensionBlock)","DataModelExtensionBlock?","DataModelExtensionBlock","_DataModelExtensionBlock"
"D:\OneDrive\VS\Projects\DocxDocument\DocumentModel.InOpenXml\Drawings.Diagrams\DataModelExtension.cs","23","Element","typeof(DocumentFormat.OpenXml.Office2010.Drawing.Diagram.RecolorImages)","bool?","RecolorImages","_RecolorImages"
"D:\OneDrive\VS\Projects\DocxDocument\DocumentModel.InOpenXml\Drawings.Diagrams\DataModelRoot.cs","14","Property","nameof(DXDD.DataModelRoot.PointList)","PointList?","PointList","_PointList"
"D:\OneDrive\VS\Projects\DocxDocument\DocumentModel.InOpenXml\Drawings.Diagrams\DataModelRoot.cs","21","Property","nameof(DXDD.DataModelRoot.ConnectionList)","ConnectionList?","ConnectionList","_ConnectionList"
"D:\OneDrive\VS\Projects\DocxDocument\DocumentModel.InOpenXml\Drawings.Diagrams\DataModelRoot.cs","28","Property","nameof(DXDD.DataModelRoot.Background)","Background?","Background","_Background"
"D:\OneDrive\VS\Projects\DocxDocument\DocumentModel.InOpenXml\Drawings.Diagrams\DataModelRoot.cs","35","Property","nameof(DXDD.DataModelRoot.Whole)","Whole?","Whole","_Whole"
"D:\OneDrive\VS\Projects\DocxDocument\DocumentModel.InOpenXml\Drawings.Diagrams\DataModelRoot.cs","42","Property","nameof(DXDD.DataModelRoot.DataModelExtensionList)","DataModelExtensionList?","DataModelExtensionList","_DataModelExtensionList"
"D:\OneDrive\VS\Projects\DocxDocument\DocumentModel.InOpenXml\Drawings.Diagrams\Description.cs","14","Property","nameof(DXDD.Description.Language)","string?","Language","_Language"
"D:\OneDrive\VS\Projects\DocxDocument\DocumentModel.InOpenXml\Drawings.Diagrams\Description.cs","21","Property","nameof(DXDD.Description.Val)","string?","Val","_Val"
"D:\OneDrive\VS\Projects\DocxDocument\DocumentModel.InOpenXml\Drawings.Diagrams\Diagram.cs","14","Property","nameof(DXD.Diagram.Id)","string?","Id","_Id"
"D:\OneDrive\VS\Projects\DocxDocument\DocumentModel.InOpenXml\Drawings.Diagrams\Diagram.cs","21","Property","nameof(DXD.Diagram.BuildStep)","DiagramBuildStep?","BuildStep","_BuildStep"
"D:\OneDrive\VS\Projects\DocxDocument\DocumentModel.InOpenXml\Drawings.Diagrams\DiagramAutoBullet.cs","14","Property","nameof(DXO19DD1.DiagramAutoBullet.AutoBulletPrefix)","string?","AutoBulletPrefix","_AutoBulletPrefix"
"D:\OneDrive\VS\Projects\DocxDocument\DocumentModel.InOpenXml\Drawings.Diagrams\DiagramAutoBullet.cs","21","Property","nameof(DXO19DD1.DiagramAutoBullet.LeadZeros)","bool?","LeadZeros","_LeadZeros"
"D:\OneDrive\VS\Projects\DocxDocument\DocumentModel.InOpenXml\Drawings.Diagrams\DiagramAutoBullet.cs","28","Property","nameof(DXO19DD1.DiagramAutoBullet.NoBullet)","bool?","NoBullet","_NoBullet"
"D:\OneDrive\VS\Projects\DocxDocument\DocumentModel.InOpenXml\Drawings.Diagrams\DiagramAutoBullet.cs","35","Property","nameof(DXO19DD1.DiagramAutoBullet.AutoNumberedBullet)","AutoNumberedBullet?","AutoNumberedBullet","_AutoNumberedBullet"
"D:\OneDrive\VS\Projects\DocxDocument\DocumentModel.InOpenXml\Drawings.Diagrams\DiagramAutoBullet.cs","42","Property","nameof(DXO19DD1.DiagramAutoBullet.CharacterBullet)","CharacterBullet?","CharacterBullet","_CharacterBullet"
"D:\OneDrive\VS\Projects\DocxDocument\DocumentModel.InOpenXml\Drawings.Diagrams\DiagramAutoBullet.cs","49","Property","nameof(DXO19DD1.DiagramAutoBullet.PictureBullet)","PictureBullet?","PictureBullet","_PictureBullet"
"D:\OneDrive\VS\Projects\DocxDocument\DocumentModel.InOpenXml\Drawings.Diagrams\DiagramChooseElse.cs","14","Property","nameof(DXDD.DiagramChooseElse.Name)","string?","Name","_Name"
"D:\OneDrive\VS\Projects\DocxDocument\DocumentModel.InOpenXml\Drawings.Diagrams\DiagramChooseElse.cs","21","Element","typeof(DXDD.Algorithm)","Algorithm?","Algorithm","_Algorithm"
"D:\OneDrive\VS\Projects\DocxDocument\DocumentModel.InOpenXml\Drawings.Diagrams\DiagramChooseElse.cs","28","Element","typeof(DXDD.Shape)","Shape?","Shape","_Shape"
"D:\OneDrive\VS\Projects\DocxDocument\DocumentModel.InOpenXml\Drawings.Diagrams\DiagramChooseElse.cs","35","Element","typeof(DXDD.PresentationOf)","PresentationOf?","PresentationOf","_PresentationOf"
"D:\OneDrive\VS\Projects\DocxDocument\DocumentModel.InOpenXml\Drawings.Diagrams\DiagramChooseElse.cs","42","Element","typeof(DXDD.Constraints)","Constraints?","Constraints","_Constraints"
"D:\OneDrive\VS\Projects\DocxDocument\DocumentModel.InOpenXml\Drawings.Diagrams\DiagramChooseElse.cs","49","Element","typeof(DXDD.RuleList)","RuleList?","RuleList","_RuleList"
"D:\OneDrive\VS\Projects\DocxDocument\DocumentModel.InOpenXml\Drawings.Diagrams\DiagramChooseElse.cs","56","Element","typeof(DXDD.ForEach)","ForEach?","ForEach","_ForEach"
"D:\OneDrive\VS\Projects\DocxDocument\DocumentModel.InOpenXml\Drawings.Diagrams\DiagramChooseElse.cs","63","Element","typeof(DXDD.LayoutNode)","LayoutNode?","LayoutNode","_LayoutNode"
"D:\OneDrive\VS\Projects\DocxDocument\DocumentModel.InOpenXml\Drawings.Diagrams\DiagramChooseElse.cs","70","Element","typeof(DXDD.Choose)","Choose?","Choose","_Choose"
"D:\OneDrive\VS\Projects\DocxDocument\DocumentModel.InOpenXml\Drawings.Diagrams\DiagramChooseElse.cs","77","Element","typeof(DXDD.ExtensionList)","IExtensionList?","ExtensionList","_ExtensionList"
"D:\OneDrive\VS\Projects\DocxDocument\DocumentModel.InOpenXml\Drawings.Diagrams\DiagramChooseIf.cs","14","Property","nameof(DXDD.DiagramChooseIf.Name)","string?","Name","_Name"
"D:\OneDrive\VS\Projects\DocxDocument\DocumentModel.InOpenXml\Drawings.Diagrams\DiagramChooseIf.cs","21","Property","nameof(DXDD.DiagramChooseIf.Axis)","List<AxisType>?","Axis","_Axis"
"D:\OneDrive\VS\Projects\DocxDocument\DocumentModel.InOpenXml\Drawings.Diagrams\DiagramChooseIf.cs","28","Property","nameof(DXDD.DiagramChooseIf.PointType)","List<ElementType>?","PointType","_PointType"
"D:\OneDrive\VS\Projects\DocxDocument\DocumentModel.InOpenXml\Drawings.Diagrams\DiagramChooseIf.cs","35","Property","nameof(DXDD.DiagramChooseIf.HideLastTrans)","List<Boolean>?","HideLastTrans","_HideLastTrans"
"D:\OneDrive\VS\Projects\DocxDocument\DocumentModel.InOpenXml\Drawings.Diagrams\DiagramChooseIf.cs","42","Property","nameof(DXDD.DiagramChooseIf.Start)","List<Int32>?","Start","_Start"
"D:\OneDrive\VS\Projects\DocxDocument\DocumentModel.InOpenXml\Drawings.Diagrams\DiagramChooseIf.cs","49","Property","nameof(DXDD.DiagramChooseIf.Count)","List<UInt32>?","Count","_Count"
"D:\OneDrive\VS\Projects\DocxDocument\DocumentModel.InOpenXml\Drawings.Diagrams\DiagramChooseIf.cs","56","Property","nameof(DXDD.DiagramChooseIf.Step)","List<Int32>?","Step","_Step"
"D:\OneDrive\VS\Projects\DocxDocument\DocumentModel.InOpenXml\Drawings.Diagrams\DiagramChooseIf.cs","63","Property","nameof(DXDD.DiagramChooseIf.Function)","Function?","Function","_Function"
"D:\OneDrive\VS\Projects\DocxDocument\DocumentModel.InOpenXml\Drawings.Diagrams\DiagramChooseIf.cs","70","Property","nameof(DXDD.DiagramChooseIf.Argument)","string?","Argument","_Argument"
"D:\OneDrive\VS\Projects\DocxDocument\DocumentModel.InOpenXml\Drawings.Diagrams\DiagramChooseIf.cs","77","Property","nameof(DXDD.DiagramChooseIf.Operator)","FunctionOperator?","Operator","_Operator"
"D:\OneDrive\VS\Projects\DocxDocument\DocumentModel.InOpenXml\Drawings.Diagrams\DiagramChooseIf.cs","84","Property","nameof(DXDD.DiagramChooseIf.Val)","string?","Val","_Val"
"D:\OneDrive\VS\Projects\DocxDocument\DocumentModel.InOpenXml\Drawings.Diagrams\DiagramChooseIf.cs","91","Element","typeof(DXDD.Algorithm)","Algorithm?","Algorithm","_Algorithm"
"D:\OneDrive\VS\Projects\DocxDocument\DocumentModel.InOpenXml\Drawings.Diagrams\DiagramChooseIf.cs","98","Element","typeof(DXDD.Shape)","Shape?","Shape","_Shape"
"D:\OneDrive\VS\Projects\DocxDocument\DocumentModel.InOpenXml\Drawings.Diagrams\DiagramChooseIf.cs","105","Element","typeof(DXDD.PresentationOf)","PresentationOf?","PresentationOf","_PresentationOf"
"D:\OneDrive\VS\Projects\DocxDocument\DocumentModel.InOpenXml\Drawings.Diagrams\DiagramChooseIf.cs","112","Element","typeof(DXDD.Constraints)","Constraints?","Constraints","_Constraints"
"D:\OneDrive\VS\Projects\DocxDocument\DocumentModel.InOpenXml\Drawings.Diagrams\DiagramChooseIf.cs","119","Element","typeof(DXDD.RuleList)","RuleList?","RuleList","_RuleList"
"D:\OneDrive\VS\Projects\DocxDocument\DocumentModel.InOpenXml\Drawings.Diagrams\DiagramChooseIf.cs","126","Element","typeof(DXDD.ForEach)","ForEach?","ForEach","_ForEach"
"D:\OneDrive\VS\Projects\DocxDocument\DocumentModel.InOpenXml\Drawings.Diagrams\DiagramChooseIf.cs","133","Element","typeof(DXDD.LayoutNode)","LayoutNode?","LayoutNode","_LayoutNode"
"D:\OneDrive\VS\Projects\DocxDocument\DocumentModel.InOpenXml\Drawings.Diagrams\DiagramChooseIf.cs","140","Element","typeof(DXDD.Choose)","Choose?","Choose","_Choose"
"D:\OneDrive\VS\Projects\DocxDocument\DocumentModel.InOpenXml\Drawings.Diagrams\DiagramChooseIf.cs","147","Element","typeof(DXDD.ExtensionList)","IExtensionList?","ExtensionList","_ExtensionList"
"D:\OneDrive\VS\Projects\DocxDocument\DocumentModel.InOpenXml\Drawings.Diagrams\DiagramDefinitionExtension.cs","16","Element","typeof(DXO19DD1.NumberDiagramInfoList)","NumberDiagramInfoList?","NumberDiagramInfoList","_NumberDiagramInfoList"
"D:\OneDrive\VS\Projects\DocxDocument\DocumentModel.InOpenXml\Drawings.Diagrams\DiagramDefinitionExtension.cs","23","Element","typeof(DocumentFormat.OpenXml.Office2019.Drawing.Diagram12.TextListStyleType)","ListStyle?","TextListStyleType","_TextListStyleType"
"D:\OneDrive\VS\Projects\DocxDocument\DocumentModel.InOpenXml\Drawings.Diagrams\ForEach.cs","14","Property","nameof(DXDD.ForEach.Name)","string?","Name","_Name"
"D:\OneDrive\VS\Projects\DocxDocument\DocumentModel.InOpenXml\Drawings.Diagrams\ForEach.cs","21","Property","nameof(DXDD.ForEach.Reference)","string?","Reference","_Reference"
"D:\OneDrive\VS\Projects\DocxDocument\DocumentModel.InOpenXml\Drawings.Diagrams\ForEach.cs","28","Property","nameof(DXDD.ForEach.Axis)","List<AxisType>?","Axis","_Axis"
"D:\OneDrive\VS\Projects\DocxDocument\DocumentModel.InOpenXml\Drawings.Diagrams\ForEach.cs","35","Property","nameof(DXDD.ForEach.PointType)","List<ElementType>?","PointType","_PointType"
"D:\OneDrive\VS\Projects\DocxDocument\DocumentModel.InOpenXml\Drawings.Diagrams\ForEach.cs","42","Property","nameof(DXDD.ForEach.HideLastTrans)","List<Boolean>?","HideLastTrans","_HideLastTrans"
"D:\OneDrive\VS\Projects\DocxDocument\DocumentModel.InOpenXml\Drawings.Diagrams\ForEach.cs","49","Property","nameof(DXDD.ForEach.Start)","List<Int32>?","Start","_Start"
"D:\OneDrive\VS\Projects\DocxDocument\DocumentModel.InOpenXml\Drawings.Diagrams\ForEach.cs","56","Property","nameof(DXDD.ForEach.Count)","List<UInt32>?","Count","_Count"
"D:\OneDrive\VS\Projects\DocxDocument\DocumentModel.InOpenXml\Drawings.Diagrams\ForEach.cs","63","Property","nameof(DXDD.ForEach.Step)","List<Int32>?","Step","_Step"
"D:\OneDrive\VS\Projects\DocxDocument\DocumentModel.InOpenXml\Drawings.Diagrams\ForEach.cs","70","Element","typeof(DXDD.Algorithm)","Algorithm?","Algorithm","_Algorithm"
"D:\OneDrive\VS\Projects\DocxDocument\DocumentModel.InOpenXml\Drawings.Diagrams\ForEach.cs","77","Element","typeof(DXDD.Shape)","Shape?","Shape","_Shape"
"D:\OneDrive\VS\Projects\DocxDocument\DocumentModel.InOpenXml\Drawings.Diagrams\ForEach.cs","84","Element","typeof(DXDD.PresentationOf)","PresentationOf?","PresentationOf","_PresentationOf"
"D:\OneDrive\VS\Projects\DocxDocument\DocumentModel.InOpenXml\Drawings.Diagrams\ForEach.cs","91","Element","typeof(DXDD.Constraints)","Constraints?","Constraints","_Constraints"
"D:\OneDrive\VS\Projects\DocxDocument\DocumentModel.InOpenXml\Drawings.Diagrams\ForEach.cs","98","Element","typeof(DXDD.RuleList)","RuleList?","RuleList","_RuleList"
"D:\OneDrive\VS\Projects\DocxDocument\DocumentModel.InOpenXml\Drawings.Diagrams\ForEach.cs","105","Element","typeof(DXDD.ForEach)","ForEach?","ChildForEach","_ChildForEach"
"D:\OneDrive\VS\Projects\DocxDocument\DocumentModel.InOpenXml\Drawings.Diagrams\ForEach.cs","112","Element","typeof(DXDD.LayoutNode)","LayoutNode?","LayoutNode","_LayoutNode"
"D:\OneDrive\VS\Projects\DocxDocument\DocumentModel.InOpenXml\Drawings.Diagrams\ForEach.cs","119","Element","typeof(DXDD.Choose)","Choose?","Choose","_Choose"
"D:\OneDrive\VS\Projects\DocxDocument\DocumentModel.InOpenXml\Drawings.Diagrams\ForEach.cs","126","Element","typeof(DXDD.ExtensionList)","IExtensionList?","ExtensionList","_ExtensionList"
"D:\OneDrive\VS\Projects\DocxDocument\DocumentModel.InOpenXml\Drawings.Diagrams\LayoutDefinition.cs","14","Property","nameof(DXDD.LayoutDefinition.UniqueId)","string?","UniqueId","_UniqueId"
"D:\OneDrive\VS\Projects\DocxDocument\DocumentModel.InOpenXml\Drawings.Diagrams\LayoutDefinition.cs","21","Property","nameof(DXDD.LayoutDefinition.MinVersion)","string?","MinVersion","_MinVersion"
"D:\OneDrive\VS\Projects\DocxDocument\DocumentModel.InOpenXml\Drawings.Diagrams\LayoutDefinition.cs","28","Property","nameof(DXDD.LayoutDefinition.DefaultStyle)","string?","DefaultStyle","_DefaultStyle"
"D:\OneDrive\VS\Projects\DocxDocument\DocumentModel.InOpenXml\Drawings.Diagrams\LayoutDefinition.cs","35","Element","typeof(DXDD.Title)","Titles?","Titles","_Titles"
"D:\OneDrive\VS\Projects\DocxDocument\DocumentModel.InOpenXml\Drawings.Diagrams\LayoutDefinition.cs","42","Element","typeof(DXDD.Description)","Descriptions?","Descriptions","_Descriptions"
"D:\OneDrive\VS\Projects\DocxDocument\DocumentModel.InOpenXml\Drawings.Diagrams\LayoutDefinition.cs","49","Element","typeof(DXDD.CategoryList)","CategoryList?","CategoryList","_CategoryList"
"D:\OneDrive\VS\Projects\DocxDocument\DocumentModel.InOpenXml\Drawings.Diagrams\LayoutDefinition.cs","56","Element","typeof(DXDD.SampleData)","SampleData?","SampleData","_SampleData"
"D:\OneDrive\VS\Projects\DocxDocument\DocumentModel.InOpenXml\Drawings.Diagrams\LayoutDefinition.cs","63","Element","typeof(DXDD.StyleData)","StyleData?","StyleData","_StyleData"
"D:\OneDrive\VS\Projects\DocxDocument\DocumentModel.InOpenXml\Drawings.Diagrams\LayoutDefinition.cs","70","Element","typeof(DXDD.ColorData)","ColorData?","ColorData","_ColorData"
"D:\OneDrive\VS\Projects\DocxDocument\DocumentModel.InOpenXml\Drawings.Diagrams\LayoutDefinition.cs","77","Element","typeof(DXDD.LayoutNode)","LayoutNode?","LayoutNode","_LayoutNode"
"D:\OneDrive\VS\Projects\DocxDocument\DocumentModel.InOpenXml\Drawings.Diagrams\LayoutDefinition.cs","84","Element","typeof(DXDD.DiagramDefinitionExtensionList)","DiagramDefinitionExtensionList?","DiagramDefinitionExtensionList","_DiagramDefinitionExtensionList"
"D:\OneDrive\VS\Projects\DocxDocument\DocumentModel.InOpenXml\Drawings.Diagrams\LayoutNode.cs","14","Property","nameof(DXDD.LayoutNode.Name)","string?","Name","_Name"
"D:\OneDrive\VS\Projects\DocxDocument\DocumentModel.InOpenXml\Drawings.Diagrams\LayoutNode.cs","21","Property","nameof(DXDD.LayoutNode.StyleLabel)","string?","StyleLabel","_StyleLabel"
"D:\OneDrive\VS\Projects\DocxDocument\DocumentModel.InOpenXml\Drawings.Diagrams\LayoutNode.cs","28","Property","nameof(DXDD.LayoutNode.ChildOrder)","ChildOrder?","ChildOrder","_ChildOrder"
"D:\OneDrive\VS\Projects\DocxDocument\DocumentModel.InOpenXml\Drawings.Diagrams\LayoutNode.cs","35","Property","nameof(DXDD.LayoutNode.MoveWith)","string?","MoveWith","_MoveWith"
"D:\OneDrive\VS\Projects\DocxDocument\DocumentModel.InOpenXml\Drawings.Diagrams\LayoutNode.cs","42","Element","typeof(DXDD.Algorithm)","Algorithm?","Algorithm","_Algorithm"
"D:\OneDrive\VS\Projects\DocxDocument\DocumentModel.InOpenXml\Drawings.Diagrams\LayoutNode.cs","49","Element","typeof(DXDD.Shape)","Shape?","Shape","_Shape"
"D:\OneDrive\VS\Projects\DocxDocument\DocumentModel.InOpenXml\Drawings.Diagrams\LayoutNode.cs","56","Element","typeof(DXDD.PresentationOf)","PresentationOf?","PresentationOf","_PresentationOf"
"D:\OneDrive\VS\Projects\DocxDocument\DocumentModel.InOpenXml\Drawings.Diagrams\LayoutNode.cs","63","Element","typeof(DXDD.Constraints)","Constraints?","Constraints","_Constraints"
"D:\OneDrive\VS\Projects\DocxDocument\DocumentModel.InOpenXml\Drawings.Diagrams\LayoutNode.cs","70","Element","typeof(DXDD.RuleList)","RuleList?","RuleList","_RuleList"
"D:\OneDrive\VS\Projects\DocxDocument\DocumentModel.InOpenXml\Drawings.Diagrams\LayoutNode.cs","77","Element","typeof(DXDD.VariableList)","VariableList?","VariableList","_VariableList"
"D:\OneDrive\VS\Projects\DocxDocument\DocumentModel.InOpenXml\Drawings.Diagrams\LayoutNode.cs","84","Element","typeof(DXDD.ForEach)","ForEach?","ForEach","_ForEach"
"D:\OneDrive\VS\Projects\DocxDocument\DocumentModel.InOpenXml\Drawings.Diagrams\LayoutNode.cs","91","Element","typeof(DXDD.LayoutNode)","LayoutNode?","ChildLayoutNode","_ChildLayoutNode"
"D:\OneDrive\VS\Projects\DocxDocument\DocumentModel.InOpenXml\Drawings.Diagrams\LayoutNode.cs","98","Element","typeof(DXDD.Choose)","Choose?","Choose","_Choose"
"D:\OneDrive\VS\Projects\DocxDocument\DocumentModel.InOpenXml\Drawings.Diagrams\LayoutNode.cs","105","Element","typeof(DXDD.ExtensionList)","IExtensionList?","ExtensionList","_ExtensionList"
"D:\OneDrive\VS\Projects\DocxDocument\DocumentModel.InOpenXml\Drawings.Diagrams\LayoutVariablePropertySetType.cs","14","Property","nameof(DXDD.LayoutVariablePropertySetType.OrganizationChart)","bool?","OrganizationChart","_OrganizationChart"
"D:\OneDrive\VS\Projects\DocxDocument\DocumentModel.InOpenXml\Drawings.Diagrams\LayoutVariablePropertySetType.cs","21","Property","nameof(DXDD.LayoutVariablePropertySetType.MaxNumberOfChildren)","Int32?","MaxNumberOfChildren","_MaxNumberOfChildren"
"D:\OneDrive\VS\Projects\DocxDocument\DocumentModel.InOpenXml\Drawings.Diagrams\LayoutVariablePropertySetType.cs","28","Property","nameof(DXDD.LayoutVariablePropertySetType.PreferredNumberOfChildren)","Int32?","PreferredNumberOfChildren","_PreferredNumberOfChildren"
"D:\OneDrive\VS\Projects\DocxDocument\DocumentModel.InOpenXml\Drawings.Diagrams\LayoutVariablePropertySetType.cs","35","Property","nameof(DXDD.LayoutVariablePropertySetType.BulletEnabled)","bool?","BulletEnabled","_BulletEnabled"
"D:\OneDrive\VS\Projects\DocxDocument\DocumentModel.InOpenXml\Drawings.Diagrams\LayoutVariablePropertySetType.cs","42","Property","nameof(DXDD.LayoutVariablePropertySetType.Direction)","Direction?","Direction","_Direction"
"D:\OneDrive\VS\Projects\DocxDocument\DocumentModel.InOpenXml\Drawings.Diagrams\LayoutVariablePropertySetType.cs","49","Property","nameof(DXDD.LayoutVariablePropertySetType.HierarchyBranch)","HierarchyBranchStyle?","HierarchyBranch","_HierarchyBranch"
"D:\OneDrive\VS\Projects\DocxDocument\DocumentModel.InOpenXml\Drawings.Diagrams\LayoutVariablePropertySetType.cs","56","Property","nameof(DXDD.LayoutVariablePropertySetType.AnimateOneByOne)","AnimateOneByOne?","AnimateOneByOne","_AnimateOneByOne"
"D:\OneDrive\VS\Projects\DocxDocument\DocumentModel.InOpenXml\Drawings.Diagrams\LayoutVariablePropertySetType.cs","63","Property","nameof(DXDD.LayoutVariablePropertySetType.AnimationLevel)","AnimationLevelString?","AnimationLevel","_AnimationLevel"
"D:\OneDrive\VS\Projects\DocxDocument\DocumentModel.InOpenXml\Drawings.Diagrams\LayoutVariablePropertySetType.cs","70","Property","nameof(DXDD.LayoutVariablePropertySetType.ResizeHandles)","ResizeHandlesString?","ResizeHandles","_ResizeHandles"
"D:\OneDrive\VS\Projects\DocxDocument\DocumentModel.InOpenXml\Drawings.Diagrams\NonVisualDrawingProperties.cs","14","Property","nameof(DocumentFormat.OpenXml.Office2010.Drawing.Diagram.NonVisualDrawingProperties.Id)","UInt32?","Id","_Id"
"D:\OneDrive\VS\Projects\DocxDocument\DocumentModel.InOpenXml\Drawings.Diagrams\NonVisualDrawingProperties.cs","21","Property","nameof(DocumentFormat.OpenXml.Office2010.Drawing.Diagram.NonVisualDrawingProperties.Name)","string?","Name","_Name"
"D:\OneDrive\VS\Projects\DocxDocument\DocumentModel.InOpenXml\Drawings.Diagrams\NonVisualDrawingProperties.cs","28","Property","nameof(DocumentFormat.OpenXml.Office2010.Drawing.Diagram.NonVisualDrawingProperties.Description)","string?","Description","_Description"
"D:\OneDrive\VS\Projects\DocxDocument\DocumentModel.InOpenXml\Drawings.Diagrams\NonVisualDrawingProperties.cs","35","Property","nameof(DocumentFormat.OpenXml.Office2010.Drawing.Diagram.NonVisualDrawingProperties.Hidden)","bool?","Hidden","_Hidden"
"D:\OneDrive\VS\Projects\DocxDocument\DocumentModel.InOpenXml\Drawings.Diagrams\NonVisualDrawingProperties.cs","42","Property","nameof(DocumentFormat.OpenXml.Office2010.Drawing.Diagram.NonVisualDrawingProperties.Title)","string?","Title","_Title"
"D:\OneDrive\VS\Projects\DocxDocument\DocumentModel.InOpenXml\Drawings.Diagrams\NonVisualDrawingProperties.cs","49","Property","nameof(DocumentFormat.OpenXml.Office2010.Drawing.Diagram.NonVisualDrawingProperties.HyperlinkOnClick)","HyperlinkOnClick?","HyperlinkOnClick","_HyperlinkOnClick"
"D:\OneDrive\VS\Projects\DocxDocument\DocumentModel.InOpenXml\Drawings.Diagrams\NonVisualDrawingProperties.cs","56","Property","nameof(DocumentFormat.OpenXml.Office2010.Drawing.Diagram.NonVisualDrawingProperties.HyperlinkOnHover)","HyperlinkOnHover?","HyperlinkOnHover","_HyperlinkOnHover"
"D:\OneDrive\VS\Projects\DocxDocument\DocumentModel.InOpenXml\Drawings.Diagrams\NonVisualDrawingProperties.cs","63","Property","nameof(DocumentFormat.OpenXml.Office2010.Drawing.Diagram.NonVisualDrawingProperties.NonVisualDrawingPropertiesExtensionList)","NonVisualDrawingPropertiesExtensionList?","NonVisualDrawingPropertiesExtensionList","_NonVisualDrawingPropertiesExtensionList"
"D:\OneDrive\VS\Projects\DocxDocument\DocumentModel.InOpenXml\Drawings.Diagrams\NumberDiagramInfo.cs","16","Property","nameof(DXO19DD1.NumberDiagramInfo.Lvl)","UInt32?","Lvl","_Lvl"
"D:\OneDrive\VS\Projects\DocxDocument\DocumentModel.InOpenXml\Drawings.Diagrams\NumberDiagramInfo.cs","23","Property","nameof(DXO19DD1.NumberDiagramInfo.PtType)","StorageType?","PtType","_PtType"
"D:\OneDrive\VS\Projects\DocxDocument\DocumentModel.InOpenXml\Drawings.Diagrams\NumberDiagramInfo.cs","30","Property","nameof(DXO19DD1.NumberDiagramInfo.DiagramAutoBullet)","DiagramAutoBullet?","DiagramAutoBullet","_DiagramAutoBullet"
"D:\OneDrive\VS\Projects\DocxDocument\DocumentModel.InOpenXml\Drawings.Diagrams\Parameter.cs","14","Property","nameof(DXDD.Parameter.Type)","ParameterId?","Type","_Type"
"D:\OneDrive\VS\Projects\DocxDocument\DocumentModel.InOpenXml\Drawings.Diagrams\Parameter.cs","21","Property","nameof(DXDD.Parameter.Val)","string?","Val","_Val"
"D:\OneDrive\VS\Projects\DocxDocument\DocumentModel.InOpenXml\Drawings.Diagrams\PictureBullet.cs","14","Property","nameof(DXD.PictureBullet.Blip)","Blip?","Blip","_Blip"
"D:\OneDrive\VS\Projects\DocxDocument\DocumentModel.InOpenXml\Drawings.Diagrams\Point.cs","14","Property","nameof(DXDD.Point.ModelId)","string?","ModelId","_ModelId"
"D:\OneDrive\VS\Projects\DocxDocument\DocumentModel.InOpenXml\Drawings.Diagrams\Point.cs","21","Property","nameof(DXDD.Point.Type)","Point?","Type","_Type"
"D:\OneDrive\VS\Projects\DocxDocument\DocumentModel.InOpenXml\Drawings.Diagrams\Point.cs","28","Property","nameof(DXDD.Point.ConnectionId)","string?","ConnectionId","_ConnectionId"
"D:\OneDrive\VS\Projects\DocxDocument\DocumentModel.InOpenXml\Drawings.Diagrams\Point.cs","35","Property","nameof(DXDD.Point.PropertySet)","PropertySet?","PropertySet","_PropertySet"
"D:\OneDrive\VS\Projects\DocxDocument\DocumentModel.InOpenXml\Drawings.Diagrams\Point.cs","42","Property","nameof(DXDD.Point.ShapeProperties)","ShapeProperties?","ShapeProperties","_ShapeProperties"
"D:\OneDrive\VS\Projects\DocxDocument\DocumentModel.InOpenXml\Drawings.Diagrams\Point.cs","49","Property","nameof(DXDD.Point.TextBody)","TextBody?","TextBody","_TextBody"
"D:\OneDrive\VS\Projects\DocxDocument\DocumentModel.InOpenXml\Drawings.Diagrams\Point.cs","56","Property","nameof(DXDD.Point.PtExtensionList)","PtExtensionList?","PtExtensionList","_PtExtensionList"
"D:\OneDrive\VS\Projects\DocxDocument\DocumentModel.InOpenXml\Drawings.Diagrams\PresentationOf.cs","14","Property","nameof(DXDD.PresentationOf.Axis)","List<AxisType>?","Axis","_Axis"
"D:\OneDrive\VS\Projects\DocxDocument\DocumentModel.InOpenXml\Drawings.Diagrams\PresentationOf.cs","21","Property","nameof(DXDD.PresentationOf.PointType)","List<ElementType>?","PointType","_PointType"
"D:\OneDrive\VS\Projects\DocxDocument\DocumentModel.InOpenXml\Drawings.Diagrams\PresentationOf.cs","28","Property","nameof(DXDD.PresentationOf.HideLastTrans)","List<Boolean>?","HideLastTrans","_HideLastTrans"
"D:\OneDrive\VS\Projects\DocxDocument\DocumentModel.InOpenXml\Drawings.Diagrams\PresentationOf.cs","35","Property","nameof(DXDD.PresentationOf.Start)","List<Int32>?","Start","_Start"
"D:\OneDrive\VS\Projects\DocxDocument\DocumentModel.InOpenXml\Drawings.Diagrams\PresentationOf.cs","42","Property","nameof(DXDD.PresentationOf.Count)","List<UInt32>?","Count","_Count"
"D:\OneDrive\VS\Projects\DocxDocument\DocumentModel.InOpenXml\Drawings.Diagrams\PresentationOf.cs","49","Property","nameof(DXDD.PresentationOf.Step)","List<Int32>?","Step","_Step"
"D:\OneDrive\VS\Projects\DocxDocument\DocumentModel.InOpenXml\Drawings.Diagrams\PresentationOf.cs","56","Property","nameof(DXDD.PresentationOf.ExtensionList)","IExtensionList?","ExtensionList","_ExtensionList"
"D:\OneDrive\VS\Projects\DocxDocument\DocumentModel.InOpenXml\Drawings.Diagrams\PropertySet.cs","14","Property","nameof(DXDD.PropertySet.PresentationElementId)","string?","PresentationElementId","_PresentationElementId"
"D:\OneDrive\VS\Projects\DocxDocument\DocumentModel.InOpenXml\Drawings.Diagrams\PropertySet.cs","21","Property","nameof(DXDD.PropertySet.PresentationName)","string?","PresentationName","_PresentationName"
"D:\OneDrive\VS\Projects\DocxDocument\DocumentModel.InOpenXml\Drawings.Diagrams\PropertySet.cs","28","Property","nameof(DXDD.PropertySet.PresentationStyleLabel)","string?","PresentationStyleLabel","_PresentationStyleLabel"
"D:\OneDrive\VS\Projects\DocxDocument\DocumentModel.InOpenXml\Drawings.Diagrams\PropertySet.cs","35","Property","nameof(DXDD.PropertySet.PresentationStyleIndex)","Int32?","PresentationStyleIndex","_PresentationStyleIndex"
"D:\OneDrive\VS\Projects\DocxDocument\DocumentModel.InOpenXml\Drawings.Diagrams\PropertySet.cs","42","Property","nameof(DXDD.PropertySet.PresentationStyleCount)","Int32?","PresentationStyleCount","_PresentationStyleCount"
"D:\OneDrive\VS\Projects\DocxDocument\DocumentModel.InOpenXml\Drawings.Diagrams\PropertySet.cs","49","Property","nameof(DXDD.PropertySet.LayoutTypeId)","string?","LayoutTypeId","_LayoutTypeId"
"D:\OneDrive\VS\Projects\DocxDocument\DocumentModel.InOpenXml\Drawings.Diagrams\PropertySet.cs","56","Property","nameof(DXDD.PropertySet.LayoutCategoryId)","string?","LayoutCategoryId","_LayoutCategoryId"
"D:\OneDrive\VS\Projects\DocxDocument\DocumentModel.InOpenXml\Drawings.Diagrams\PropertySet.cs","63","Property","nameof(DXDD.PropertySet.QuickStyleTypeId)","string?","QuickStyleTypeId","_QuickStyleTypeId"
"D:\OneDrive\VS\Projects\DocxDocument\DocumentModel.InOpenXml\Drawings.Diagrams\PropertySet.cs","70","Property","nameof(DXDD.PropertySet.QuickStyleCategoryId)","string?","QuickStyleCategoryId","_QuickStyleCategoryId"
"D:\OneDrive\VS\Projects\DocxDocument\DocumentModel.InOpenXml\Drawings.Diagrams\PropertySet.cs","77","Property","nameof(DXDD.PropertySet.ColorType)","string?","ColorType","_ColorType"
"D:\OneDrive\VS\Projects\DocxDocument\DocumentModel.InOpenXml\Drawings.Diagrams\PropertySet.cs","84","Property","nameof(DXDD.PropertySet.ColorCategoryId)","string?","ColorCategoryId","_ColorCategoryId"
"D:\OneDrive\VS\Projects\DocxDocument\DocumentModel.InOpenXml\Drawings.Diagrams\PropertySet.cs","91","Property","nameof(DXDD.PropertySet.Coherent3D)","bool?","Coherent3D","_Coherent3D"
"D:\OneDrive\VS\Projects\DocxDocument\DocumentModel.InOpenXml\Drawings.Diagrams\PropertySet.cs","98","Property","nameof(DXDD.PropertySet.PlaceholderText)","string?","PlaceholderText","_PlaceholderText"
"D:\OneDrive\VS\Projects\DocxDocument\DocumentModel.InOpenXml\Drawings.Diagrams\PropertySet.cs","105","Property","nameof(DXDD.PropertySet.Placeholder)","bool?","Placeholder","_Placeholder"
"D:\OneDrive\VS\Projects\DocxDocument\DocumentModel.InOpenXml\Drawings.Diagrams\PropertySet.cs","112","Property","nameof(DXDD.PropertySet.Rotation)","Int32?","Rotation","_Rotation"
"D:\OneDrive\VS\Projects\DocxDocument\DocumentModel.InOpenXml\Drawings.Diagrams\PropertySet.cs","119","Property","nameof(DXDD.PropertySet.VerticalFlip)","bool?","VerticalFlip","_VerticalFlip"
"D:\OneDrive\VS\Projects\DocxDocument\DocumentModel.InOpenXml\Drawings.Diagrams\PropertySet.cs","126","Property","nameof(DXDD.PropertySet.HorizontalFlip)","bool?","HorizontalFlip","_HorizontalFlip"
"D:\OneDrive\VS\Projects\DocxDocument\DocumentModel.InOpenXml\Drawings.Diagrams\PropertySet.cs","133","Property","nameof(DXDD.PropertySet.FixedWidthOverride)","Int32?","FixedWidthOverride","_FixedWidthOverride"
"D:\OneDrive\VS\Projects\DocxDocument\DocumentModel.InOpenXml\Drawings.Diagrams\PropertySet.cs","140","Property","nameof(DXDD.PropertySet.FixedHeightOverride)","Int32?","FixedHeightOverride","_FixedHeightOverride"
"D:\OneDrive\VS\Projects\DocxDocument\DocumentModel.InOpenXml\Drawings.Diagrams\PropertySet.cs","147","Property","nameof(DXDD.PropertySet.WidthScale)","Int32?","WidthScale","_WidthScale"
"D:\OneDrive\VS\Projects\DocxDocument\DocumentModel.InOpenXml\Drawings.Diagrams\PropertySet.cs","154","Element","typeof(DXDD.Style)","Int32?","HightScale","_HightScale"
"D:\OneDrive\VS\Projects\DocxDocument\DocumentModel.InOpenXml\Drawings.Diagrams\PropertySet.cs","161","Property","nameof(DXDD.PropertySet.TextChanged)","bool?","TextChanged","_TextChanged"
"D:\OneDrive\VS\Projects\DocxDocument\DocumentModel.InOpenXml\Drawings.Diagrams\PropertySet.cs","168","Property","nameof(DXDD.PropertySet.FactorWidth)","Int32?","FactorWidth","_FactorWidth"
"D:\OneDrive\VS\Projects\DocxDocument\DocumentModel.InOpenXml\Drawings.Diagrams\PropertySet.cs","175","Property","nameof(DXDD.PropertySet.FactorHeight)","Int32?","FactorHeight","_FactorHeight"
"D:\OneDrive\VS\Projects\DocxDocument\DocumentModel.InOpenXml\Drawings.Diagrams\PropertySet.cs","182","Property","nameof(DXDD.PropertySet.NeighborOffsetWidth)","Int32?","NeighborOffsetWidth","_NeighborOffsetWidth"
"D:\OneDrive\VS\Projects\DocxDocument\DocumentModel.InOpenXml\Drawings.Diagrams\PropertySet.cs","189","Property","nameof(DXDD.PropertySet.NeighborOffsetHeight)","Int32?","NeighborOffsetHeight","_NeighborOffsetHeight"
"D:\OneDrive\VS\Projects\DocxDocument\DocumentModel.InOpenXml\Drawings.Diagrams\PropertySet.cs","196","Property","nameof(DXDD.PropertySet.RadiusScale)","Int32?","RadiusScale","_RadiusScale"
"D:\OneDrive\VS\Projects\DocxDocument\DocumentModel.InOpenXml\Drawings.Diagrams\PropertySet.cs","203","Property","nameof(DXDD.PropertySet.IncludeAngleScale)","Int32?","IncludeAngleScale","_IncludeAngleScale"
"D:\OneDrive\VS\Projects\DocxDocument\DocumentModel.InOpenXml\Drawings.Diagrams\PropertySet.cs","210","Property","nameof(DXDD.PropertySet.PresentationLayoutVariables)","PresentationLayoutVariables?","PresentationLayoutVariables","_PresentationLayoutVariables"
"D:\OneDrive\VS\Projects\DocxDocument\DocumentModel.InOpenXml\Drawings.Diagrams\PropertySet.cs","217","Property","nameof(DXDD.PropertySet.Style)","Style?","Style","_Style"
"D:\OneDrive\VS\Projects\DocxDocument\DocumentModel.InOpenXml\Drawings.Diagrams\PtExtension.cs","14","Element","typeof(DocumentFormat.OpenXml.Office2010.Drawing.Diagram.NonVisualDrawingProperties)","NonVisualDrawingProperties?","NonVisualDrawingProperties","_NonVisualDrawingProperties"
"D:\OneDrive\VS\Projects\DocxDocument\DocumentModel.InOpenXml\Drawings.Diagrams\Rule.cs","14","Property","nameof(DXDD.Rule.Type)","Constraint?","Type","_Type"
"D:\OneDrive\VS\Projects\DocxDocument\DocumentModel.InOpenXml\Drawings.Diagrams\Rule.cs","21","Property","nameof(DXDD.Rule.For)","ConstraintRelationship?","For","_For"
"D:\OneDrive\VS\Projects\DocxDocument\DocumentModel.InOpenXml\Drawings.Diagrams\Rule.cs","28","Property","nameof(DXDD.Rule.ForName)","string?","ForName","_ForName"
"D:\OneDrive\VS\Projects\DocxDocument\DocumentModel.InOpenXml\Drawings.Diagrams\Rule.cs","35","Property","nameof(DXDD.Rule.PointType)","ElementType?","PointType","_PointType"
"D:\OneDrive\VS\Projects\DocxDocument\DocumentModel.InOpenXml\Drawings.Diagrams\Rule.cs","42","Property","nameof(DXDD.Rule.Val)","Double?","Val","_Val"
"D:\OneDrive\VS\Projects\DocxDocument\DocumentModel.InOpenXml\Drawings.Diagrams\Rule.cs","49","Property","nameof(DXDD.Rule.Fact)","Double?","Fact","_Fact"
"D:\OneDrive\VS\Projects\DocxDocument\DocumentModel.InOpenXml\Drawings.Diagrams\Rule.cs","56","Property","nameof(DXDD.Rule.Max)","Double?","Max","_Max"
"D:\OneDrive\VS\Projects\DocxDocument\DocumentModel.InOpenXml\Drawings.Diagrams\Rule.cs","63","Property","nameof(DXDD.Rule.ExtensionList)","IExtensionList?","ExtensionList","_ExtensionList"
"D:\OneDrive\VS\Projects\DocxDocument\DocumentModel.InOpenXml\Drawings.Diagrams\SampleDataType.cs","14","Property","nameof(DXDD.SampleDataType.UseDefault)","bool?","UseDefault","_UseDefault"
"D:\OneDrive\VS\Projects\DocxDocument\DocumentModel.InOpenXml\Drawings.Diagrams\SampleDataType.cs","21","Property","nameof(DXDD.SampleDataType.DataModel)","DataModel?","DataModel","_DataModel"
"D:\OneDrive\VS\Projects\DocxDocument\DocumentModel.InOpenXml\Drawings.Diagrams\Shape.cs","14","Property","nameof(DXDD.Shape.Rotation)","Double?","Rotation","_Rotation"
"D:\OneDrive\VS\Projects\DocxDocument\DocumentModel.InOpenXml\Drawings.Diagrams\Shape.cs","21","Property","nameof(DXDD.Shape.Type)","string?","Type","_Type"
"D:\OneDrive\VS\Projects\DocxDocument\DocumentModel.InOpenXml\Drawings.Diagrams\Shape.cs","28","Property","nameof(DXDD.Shape.Blip)","string?","Blip","_Blip"
"D:\OneDrive\VS\Projects\DocxDocument\DocumentModel.InOpenXml\Drawings.Diagrams\Shape.cs","35","Property","nameof(DXDD.Shape.ZOrderOffset)","Int32?","ZOrderOffset","_ZOrderOffset"
"D:\OneDrive\VS\Projects\DocxDocument\DocumentModel.InOpenXml\Drawings.Diagrams\Shape.cs","42","Property","nameof(DXDD.Shape.HideGeometry)","bool?","HideGeometry","_HideGeometry"
"D:\OneDrive\VS\Projects\DocxDocument\DocumentModel.InOpenXml\Drawings.Diagrams\Shape.cs","49","Property","nameof(DXDD.Shape.LockedText)","bool?","LockedText","_LockedText"
"D:\OneDrive\VS\Projects\DocxDocument\DocumentModel.InOpenXml\Drawings.Diagrams\Shape.cs","56","Property","nameof(DXDD.Shape.BlipPlaceholder)","bool?","BlipPlaceholder","_BlipPlaceholder"
"D:\OneDrive\VS\Projects\DocxDocument\DocumentModel.InOpenXml\Drawings.Diagrams\Shape.cs","63","Property","nameof(DXDD.Shape.AdjustList)","AdjustList?","AdjustList","_AdjustList"
"D:\OneDrive\VS\Projects\DocxDocument\DocumentModel.InOpenXml\Drawings.Diagrams\Shape.cs","70","Property","nameof(DXDD.Shape.ExtensionList)","IExtensionList?","ExtensionList","_ExtensionList"
"D:\OneDrive\VS\Projects\DocxDocument\DocumentModel.InOpenXml\Drawings.Diagrams\ShapeProperties.cs","14","Property","nameof(DXDD.ShapeProperties.BlackWhiteMode)","BlackWhiteMode?","BlackWhiteMode","_BlackWhiteMode"
"D:\OneDrive\VS\Projects\DocxDocument\DocumentModel.InOpenXml\Drawings.Diagrams\ShapeProperties.cs","21","Property","nameof(DXDD.ShapeProperties.Transform2D)","Transform2D?","Transform2D","_Transform2D"
"D:\OneDrive\VS\Projects\DocxDocument\DocumentModel.InOpenXml\Drawings.Diagrams\ShapeProperties.cs","28","Element","typeof(DXD.CustomGeometry)","CustomGeometry?","CustomGeometry","_CustomGeometry"
"D:\OneDrive\VS\Projects\DocxDocument\DocumentModel.InOpenXml\Drawings.Diagrams\ShapeProperties.cs","35","Element","typeof(DXD.PresetGeometry)","PresetGeometry?","PresetGeometry","_PresetGeometry"
"D:\OneDrive\VS\Projects\DocxDocument\DocumentModel.InOpenXml\Drawings.Diagrams\ShapeProperties.cs","42","Element","typeof(DXD.NoFill)","Fill?","Fill","_Fill"
"D:\OneDrive\VS\Projects\DocxDocument\DocumentModel.InOpenXml\Drawings.Diagrams\ShapeProperties.cs","49","Element","typeof(DXD.Outline)","LineProperties?","Outline","_Outline"
"D:\OneDrive\VS\Projects\DocxDocument\DocumentModel.InOpenXml\Drawings.Diagrams\ShapeProperties.cs","56","Element","typeof(DXD.EffectList)","EffectList?","EffectList","_EffectList"
"D:\OneDrive\VS\Projects\DocxDocument\DocumentModel.InOpenXml\Drawings.Diagrams\ShapeProperties.cs","63","Element","typeof(DXD.EffectDag)","EffectDag?","EffectDag","_EffectDag"
"D:\OneDrive\VS\Projects\DocxDocument\DocumentModel.InOpenXml\Drawings.Diagrams\ShapeProperties.cs","70","Element","typeof(DXD.Scene3DType)","Scene3DType?","Scene3DType","_Scene3DType"
"D:\OneDrive\VS\Projects\DocxDocument\DocumentModel.InOpenXml\Drawings.Diagrams\ShapeProperties.cs","77","Element","typeof(DXD.Shape3DType)","Shape3DType?","Shape3DType","_Shape3DType"
"D:\OneDrive\VS\Projects\DocxDocument\DocumentModel.InOpenXml\Drawings.Diagrams\ShapeProperties.cs","84","Element","typeof(DXD.ShapePropertiesExtensionList)","ShapePropertiesExtensionList?","ShapePropertiesExtensionList","_ShapePropertiesExtensionList"
"D:\OneDrive\VS\Projects\DocxDocument\DocumentModel.InOpenXml\Drawings.Diagrams\Style.cs","14","Property","nameof(DXDD.Style.LineReference)","LineReference?","LineReference","_LineReference"
"D:\OneDrive\VS\Projects\DocxDocument\DocumentModel.InOpenXml\Drawings.Diagrams\Style.cs","21","Property","nameof(DXDD.Style.FillReference)","FillReference?","FillReference","_FillReference"
"D:\OneDrive\VS\Projects\DocxDocument\DocumentModel.InOpenXml\Drawings.Diagrams\Style.cs","28","Property","nameof(DXDD.Style.EffectReference)","EffectReference?","EffectReference","_EffectReference"
"D:\OneDrive\VS\Projects\DocxDocument\DocumentModel.InOpenXml\Drawings.Diagrams\Style.cs","35","Property","nameof(DXDD.Style.FontReference)","FontReference?","FontReference","_FontReference"
"D:\OneDrive\VS\Projects\DocxDocument\DocumentModel.InOpenXml\Drawings.Diagrams\StyleDefinition.cs","14","Property","nameof(DXDD.StyleDefinition.UniqueId)","string?","UniqueId","_UniqueId"
"D:\OneDrive\VS\Projects\DocxDocument\DocumentModel.InOpenXml\Drawings.Diagrams\StyleDefinition.cs","21","Property","nameof(DXDD.StyleDefinition.MinVersion)","string?","MinVersion","_MinVersion"
"D:\OneDrive\VS\Projects\DocxDocument\DocumentModel.InOpenXml\Drawings.Diagrams\StyleDefinition.cs","28","Element","typeof(DXDD.StyleDefinitionTitle)","StyleDefinitionTitles?","StyleDefinitionTitles","_StyleDefinitionTitles"
"D:\OneDrive\VS\Projects\DocxDocument\DocumentModel.InOpenXml\Drawings.Diagrams\StyleDefinition.cs","35","Element","typeof(DXDD.StyleLabelDescription)","StyleLabelDescriptions?","StyleLabelDescriptions","_StyleLabelDescriptions"
"D:\OneDrive\VS\Projects\DocxDocument\DocumentModel.InOpenXml\Drawings.Diagrams\StyleDefinition.cs","42","Element","typeof(DXDD.StyleDisplayCategories)","StyleDisplayCategories?","StyleDisplayCategories","_StyleDisplayCategories"
"D:\OneDrive\VS\Projects\DocxDocument\DocumentModel.InOpenXml\Drawings.Diagrams\StyleDefinition.cs","49","Element","typeof(DXDD.Scene3D)","Scene3D?","Scene3D","_Scene3D"
"D:\OneDrive\VS\Projects\DocxDocument\DocumentModel.InOpenXml\Drawings.Diagrams\StyleDefinition.cs","56","Element","typeof(DXDD.StyleLabel)","StyleLabel?","StyleLabel","_StyleLabel"
"D:\OneDrive\VS\Projects\DocxDocument\DocumentModel.InOpenXml\Drawings.Diagrams\StyleDefinition.cs","63","Element","typeof(DXDD.ExtensionList)","IExtensionList?","ExtensionList","_ExtensionList"
"D:\OneDrive\VS\Projects\DocxDocument\DocumentModel.InOpenXml\Drawings.Diagrams\StyleDefinitionTitle.cs","14","Property","nameof(DXDD.StyleDefinitionTitle.Language)","string?","Language","_Language"
"D:\OneDrive\VS\Projects\DocxDocument\DocumentModel.InOpenXml\Drawings.Diagrams\StyleDefinitionTitle.cs","21","Property","nameof(DXDD.StyleDefinitionTitle.Val)","string?","Val","_Val"
"D:\OneDrive\VS\Projects\DocxDocument\DocumentModel.InOpenXml\Drawings.Diagrams\StyleDisplayCategory.cs","14","Property","nameof(DXDD.StyleDisplayCategory.Type)","string?","Type","_Type"
"D:\OneDrive\VS\Projects\DocxDocument\DocumentModel.InOpenXml\Drawings.Diagrams\StyleDisplayCategory.cs","21","Property","nameof(DXDD.StyleDisplayCategory.Priority)","UInt32?","Priority","_Priority"
"D:\OneDrive\VS\Projects\DocxDocument\DocumentModel.InOpenXml\Drawings.Diagrams\StyleLabel.cs","14","Property","nameof(DXDD.StyleLabel.Name)","string?","Name","_Name"
"D:\OneDrive\VS\Projects\DocxDocument\DocumentModel.InOpenXml\Drawings.Diagrams\StyleLabel.cs","21","Property","nameof(DXDD.StyleLabel.Scene3D)","Scene3D?","Scene3D","_Scene3D"
"D:\OneDrive\VS\Projects\DocxDocument\DocumentModel.InOpenXml\Drawings.Diagrams\StyleLabel.cs","28","Property","nameof(DXDD.StyleLabel.Shape3D)","Shape3D?","Shape3D","_Shape3D"
"D:\OneDrive\VS\Projects\DocxDocument\DocumentModel.InOpenXml\Drawings.Diagrams\StyleLabel.cs","35","Property","nameof(DXDD.StyleLabel.TextProperties)","TextProperties?","TextProperties","_TextProperties"
"D:\OneDrive\VS\Projects\DocxDocument\DocumentModel.InOpenXml\Drawings.Diagrams\StyleLabel.cs","42","Property","nameof(DXDD.StyleLabel.Style)","Style?","Style","_Style"
"D:\OneDrive\VS\Projects\DocxDocument\DocumentModel.InOpenXml\Drawings.Diagrams\StyleLabel.cs","49","Property","nameof(DXDD.StyleLabel.ExtensionList)","IExtensionList?","ExtensionList","_ExtensionList"
"D:\OneDrive\VS\Projects\DocxDocument\DocumentModel.InOpenXml\Drawings.Diagrams\StyleLabelDescription.cs","14","Property","nameof(DXDD.StyleLabelDescription.Language)","string?","Language","_Language"
"D:\OneDrive\VS\Projects\DocxDocument\DocumentModel.InOpenXml\Drawings.Diagrams\StyleLabelDescription.cs","21","Property","nameof(DXDD.StyleLabelDescription.Val)","string?","Val","_Val"
"D:\OneDrive\VS\Projects\DocxDocument\DocumentModel.InOpenXml\Drawings.Diagrams\TextBody.cs","14","Property","nameof(DXDD.TextBody.BodyProperties)","BodyProperties?","BodyProperties","_BodyProperties"
"D:\OneDrive\VS\Projects\DocxDocument\DocumentModel.InOpenXml\Drawings.Diagrams\TextBody.cs","21","Property","nameof(DXDD.TextBody.ListStyle)","ListStyle?","ListStyle","_ListStyle"
"D:\OneDrive\VS\Projects\DocxDocument\DocumentModel.InOpenXml\Drawings.Diagrams\TextBody.cs","28","Element","typeof(DXD.Paragraph)","Paragraph?","Paragraph","_Paragraph"
"D:\OneDrive\VS\Projects\DocxDocument\DocumentModel.InOpenXml\Drawings.Diagrams\TextProperties.cs","14","Property","nameof(DXDD.TextProperties.Shape3DType)","Shape3DType?","Shape3DType","_Shape3DType"
"D:\OneDrive\VS\Projects\DocxDocument\DocumentModel.InOpenXml\Drawings.Diagrams\TextProperties.cs","21","Property","nameof(DXDD.TextProperties.FlatText)","FlatText?","FlatText","_FlatText"
"D:\OneDrive\VS\Projects\DocxDocument\DocumentModel.InOpenXml\Drawings.Diagrams\Title.cs","14","Property","nameof(DXDD.Title.Language)","string?","Language","_Language"
"D:\OneDrive\VS\Projects\DocxDocument\DocumentModel.InOpenXml\Drawings.Diagrams\Title.cs","21","Property","nameof(DXDD.Title.Val)","string?","Val","_Val"
"D:\OneDrive\VS\Projects\DocxDocument\DocumentModel.InOpenXml\Drawings.Diagrams\Whole.cs","14","Property","nameof(DXDD.Whole.Outline)","LineProperties?","Outline","_Outline"
"D:\OneDrive\VS\Projects\DocxDocument\DocumentModel.InOpenXml\Drawings.Diagrams\Whole.cs","21","Element","typeof(DXD.EffectList)","EffectList?","EffectList","_EffectList"
"D:\OneDrive\VS\Projects\DocxDocument\DocumentModel.InOpenXml\Drawings.Diagrams\Whole.cs","28","Element","typeof(DXD.EffectDag)","EffectDag?","EffectDag","_EffectDag"
"D:\OneDrive\VS\Projects\DocxDocument\DocumentModel.InOpenXml\Drawings.Office\DataModelExtensionBlock.cs","14","Property","nameof(DXOD.DataModelExtensionBlock.RelId)","string?","RelId","_RelId"
"D:\OneDrive\VS\Projects\DocxDocument\DocumentModel.InOpenXml\Drawings.Office\DataModelExtensionBlock.cs","21","Property","nameof(DXOD.DataModelExtensionBlock.MinVer)","string?","MinVer","_MinVer"
"D:\OneDrive\VS\Projects\DocxDocument\DocumentModel.InOpenXml\Drawings.Office\Drawing.cs","14","Property","nameof(DXOD.Drawing.ShapeTree)","ShapeTree?","ShapeTree","_ShapeTree"
"D:\OneDrive\VS\Projects\DocxDocument\DocumentModel.InOpenXml\Drawings.Office\GroupShape.cs","15","Property","nameof(DXOD.GroupShape.GroupShapeNonVisualProperties)","GroupShapeNonVisualProperties?","GroupShapeNonVisualProperties","_GroupShapeNonVisualProperties"
"D:\OneDrive\VS\Projects\DocxDocument\DocumentModel.InOpenXml\Drawings.Office\GroupShape.cs","22","Property","nameof(DXOD.GroupShape.GroupShapeProperties)","GroupShapeProperties?","GroupShapeProperties","_GroupShapeProperties"
"D:\OneDrive\VS\Projects\DocxDocument\DocumentModel.InOpenXml\Drawings.Office\GroupShapeNonVisualProperties.cs","14","Property","nameof(DXOD.GroupShapeNonVisualProperties.NonVisualDrawingProperties)","NonVisualDrawingProperties?","NonVisualDrawingProperties","_NonVisualDrawingProperties"
"D:\OneDrive\VS\Projects\DocxDocument\DocumentModel.InOpenXml\Drawings.Office\GroupShapeNonVisualProperties.cs","21","Property","nameof(DXOD.GroupShapeNonVisualProperties.NonVisualGroupDrawingShapeProperties)","NonVisualGroupDrawingShapeProperties?","NonVisualGroupDrawingShapeProperties","_NonVisualGroupDrawingShapeProperties"
"D:\OneDrive\VS\Projects\DocxDocument\DocumentModel.InOpenXml\Drawings.Office\GroupShapeProperties.cs","14","Property","nameof(DXOD.GroupShapeProperties.BlackWhiteMode)","BlackWhiteMode?","BlackWhiteMode","_BlackWhiteMode"
"D:\OneDrive\VS\Projects\DocxDocument\DocumentModel.InOpenXml\Drawings.Office\GroupShapeProperties.cs","21","Property","nameof(DXOD.GroupShapeProperties.TransformGroup)","TransformGroup?","TransformGroup","_TransformGroup"
"D:\OneDrive\VS\Projects\DocxDocument\DocumentModel.InOpenXml\Drawings.Office\GroupShapeType.cs","14","Property","nameof(DXOD.GroupShapeType.GroupShapeNonVisualProperties)","GroupShapeNonVisualProperties?","GroupShapeNonVisualProperties","_GroupShapeNonVisualProperties"
"D:\OneDrive\VS\Projects\DocxDocument\DocumentModel.InOpenXml\Drawings.Office\GroupShapeType.cs","21","Property","nameof(DXOD.GroupShapeType.GroupShapeProperties)","GroupShapeProperties?","GroupShapeProperties","_GroupShapeProperties"
"D:\OneDrive\VS\Projects\DocxDocument\DocumentModel.InOpenXml\Drawings.Office\Shape.cs","14","Property","nameof(DXOD.Shape.ModelId)","string?","ModelId","_ModelId"
"D:\OneDrive\VS\Projects\DocxDocument\DocumentModel.InOpenXml\Drawings.Office\Shape.cs","21","Property","nameof(DXOD.Shape.ShapeNonVisualProperties)","ShapeNonVisualProperties?","ShapeNonVisualProperties","_ShapeNonVisualProperties"
"D:\OneDrive\VS\Projects\DocxDocument\DocumentModel.InOpenXml\Drawings.Office\Shape.cs","28","Property","nameof(DXOD.Shape.ShapeProperties)","ShapeProperties?","ShapeProperties","_ShapeProperties"
"D:\OneDrive\VS\Projects\DocxDocument\DocumentModel.InOpenXml\Drawings.Office\Shape.cs","35","Property","nameof(DXOD.Shape.ShapeStyle)","ShapeStyle?","ShapeStyle","_ShapeStyle"
"D:\OneDrive\VS\Projects\DocxDocument\DocumentModel.InOpenXml\Drawings.Office\Shape.cs","42","Property","nameof(DXOD.Shape.TextBody)","TextBody?","TextBody","_TextBody"
"D:\OneDrive\VS\Projects\DocxDocument\DocumentModel.InOpenXml\Drawings.Office\Shape.cs","49","Property","nameof(DXOD.Shape.Transform2D)","Transform2D?","Transform2D","_Transform2D"
"D:\OneDrive\VS\Projects\DocxDocument\DocumentModel.InOpenXml\Drawings.Office\Shape.cs","56","Property","nameof(DXOD.Shape.OfficeArtExtensionList)","OfficeArtExtensionList?","OfficeArtExtensionList","_OfficeArtExtensionList"
"D:\OneDrive\VS\Projects\DocxDocument\DocumentModel.InOpenXml\Drawings.Office\ShapeNonVisualProperties.cs","14","Property","nameof(DXOD.ShapeNonVisualProperties.NonVisualDrawingProperties)","NonVisualDrawingProperties?","NonVisualDrawingProperties","_NonVisualDrawingProperties"
"D:\OneDrive\VS\Projects\DocxDocument\DocumentModel.InOpenXml\Drawings.Office\ShapeNonVisualProperties.cs","21","Property","nameof(DXOD.ShapeNonVisualProperties.NonVisualDrawingShapeProperties)","NonVisualDrawingShapeProperties?","NonVisualDrawingShapeProperties","_NonVisualDrawingShapeProperties"
"D:\OneDrive\VS\Projects\DocxDocument\DocumentModel.InOpenXml\Drawings.Office\ShapeProperties.cs","15","Property","nameof(DXOD.ShapeProperties.BlackWhiteMode)","BlackWhiteMode?","BlackWhiteMode","_BlackWhiteMode"
"D:\OneDrive\VS\Projects\DocxDocument\DocumentModel.InOpenXml\Drawings.Office\ShapeProperties.cs","22","Property","nameof(DXOD.ShapeProperties.Transform2D)","Drawings.Transform2D?","Transform2D","_Transform2D"
"D:\OneDrive\VS\Projects\DocxDocument\DocumentModel.InOpenXml\Drawings.Office\ShapeTree.cs","15","Property","nameof(DXOD.ShapeTree.GroupShapeNonVisualProperties)","GroupShapeNonVisualProperties?","GroupShapeNonVisualProperties","_GroupShapeNonVisualProperties"
"D:\OneDrive\VS\Projects\DocxDocument\DocumentModel.InOpenXml\Drawings.Office\ShapeTree.cs","22","Property","nameof(DXOD.ShapeTree.GroupShapeProperties)","GroupShapeProperties?","GroupShapeProperties","_GroupShapeProperties"
"D:\OneDrive\VS\Projects\DocxDocument\DocumentModel.InOpenXml\Drawings.Office\TextBody.cs","15","Property","nameof(DXOD.TextBody.BodyProperties)","BodyProperties?","BodyProperties","_BodyProperties"
"D:\OneDrive\VS\Projects\DocxDocument\DocumentModel.InOpenXml\Drawings.Office\TextBody.cs","22","Property","nameof(DXOD.TextBody.ListStyle)","ListStyle?","ListStyle","_ListStyle"
"D:\OneDrive\VS\Projects\DocxDocument\DocumentModel.InOpenXml\Drawings.Office.OEmbed\OEmbedShared.cs","14","Property","nameof(DXODY21OE.OEmbedShared.SrcUrl)","string?","SrcUrl","_SrcUrl"
"D:\OneDrive\VS\Projects\DocxDocument\DocumentModel.InOpenXml\Drawings.Office.OEmbed\OEmbedShared.cs","21","Property","nameof(DXODY21OE.OEmbedShared.Type)","string?","Type","_Type"
"D:\OneDrive\VS\Projects\DocxDocument\DocumentModel.InOpenXml\Drawings.Office.OEmbed\OEmbedShared.cs","28","Property","nameof(DXODY21OE.OEmbedShared.OfficeArtExtensionList)","OfficeArtExtensionList?","OfficeArtExtensionList","_OfficeArtExtensionList"
"D:\OneDrive\VS\Projects\DocxDocument\DocumentModel.InOpenXml\Drawings.Pictures\BlipFill.cs","15","Property","nameof(DXDP.BlipFill.Dpi)","UInt32?","Dpi","_Dpi"
"D:\OneDrive\VS\Projects\DocxDocument\DocumentModel.InOpenXml\Drawings.Pictures\BlipFill.cs","22","Property","nameof(DXDP.BlipFill.RotateWithShape)","bool?","RotateWithShape","_RotateWithShape"
"D:\OneDrive\VS\Projects\DocxDocument\DocumentModel.InOpenXml\Drawings.Pictures\BlipFill.cs","29","Property","nameof(DXDP.BlipFill.Blip)","Blip?","Blip","_Blip"
"D:\OneDrive\VS\Projects\DocxDocument\DocumentModel.InOpenXml\Drawings.Pictures\BlipFill.cs","36","Property","nameof(DXDP.BlipFill.SourceRectangle)","RelativeRectangleType?","SourceRectangle","_SourceRectangle"
"D:\OneDrive\VS\Projects\DocxDocument\DocumentModel.InOpenXml\Drawings.Pictures\ShapeProperties.cs","15","Property","nameof(DXDP.ShapeProperties.BlackWhiteMode)","BlackWhiteMode?","BlackWhiteMode","_BlackWhiteMode"
"D:\OneDrive\VS\Projects\DocxDocument\DocumentModel.InOpenXml\Drawings.Pictures\ShapeProperties.cs","22","Property","nameof(DXDP.ShapeProperties.Transform2D)","Transform2D?","Transform2D","_Transform2D"
"D:\OneDrive\VS\Projects\DocxDocument\DocumentModel.InOpenXml\Drawings.SVG\SVGBlip.cs","14","Property","nameof(DXO19DS.SVGBlip.Embed)","string?","Embed","_Embed"
"D:\OneDrive\VS\Projects\DocxDocument\DocumentModel.InOpenXml\Drawings.SVG\SVGBlip.cs","21","Property","nameof(DXO19DS.SVGBlip.Link)","string?","Link","_Link"
"D:\OneDrive\VS\Projects\DocxDocument\DocumentModel.InOpenXml\Math\Accent.cs","15","Property","nameof(DXM.Accent.AccentProperties)","AccentProperties?","AccentProperties","_AccentProperties"
"D:\OneDrive\VS\Projects\DocxDocument\DocumentModel.InOpenXml\Math\Accent.cs","22","Property","nameof(DXM.Accent.Base)","Base?","Base","_Base"
"D:\OneDrive\VS\Projects\DocxDocument\DocumentModel.InOpenXml\Math\AccentProperties.cs","15","Property","nameof(DXM.AccentProperties.AccentChar)","string?","AccentChar","_AccentChar"
"D:\OneDrive\VS\Projects\DocxDocument\DocumentModel.InOpenXml\Math\AccentProperties.cs","22","Property","nameof(DXM.AccentProperties.ControlProperties)","ControlProperties?","ControlProperties","_ControlProperties"
"D:\OneDrive\VS\Projects\DocxDocument\DocumentModel.InOpenXml\Math\ArgumentProperties.cs","47","Property","nameof(DXM.ArgumentProperties.ArgumentSize)","Int32?","ArgumentSize","_ArgumentSize"
"D:\OneDrive\VS\Projects\DocxDocument\DocumentModel.InOpenXml\Math\Bar.cs","14","Property","nameof(DXM.Bar.BarProperties)","BarProperties?","BarProperties","_BarProperties"
"D:\OneDrive\VS\Projects\DocxDocument\DocumentModel.InOpenXml\Math\Bar.cs","21","Property","nameof(DXM.Bar.Base)","Base?","Base","_Base"
"D:\OneDrive\VS\Projects\DocxDocument\DocumentModel.InOpenXml\Math\BarProperties.cs","15","Property","nameof(DXM.BarProperties.Position)","VerticalJustification?","Position","_Position"
"D:\OneDrive\VS\Projects\DocxDocument\DocumentModel.InOpenXml\Math\BarProperties.cs","22","Property","nameof(DXM.BarProperties.ControlProperties)","ControlProperties?","ControlProperties","_ControlProperties"
"D:\OneDrive\VS\Projects\DocxDocument\DocumentModel.InOpenXml\Math\BorderBox.cs","15","Property","nameof(DXM.BorderBox.BorderBoxProperties)","BorderBoxProperties?","BorderBoxProperties","_BorderBoxProperties"
"D:\OneDrive\VS\Projects\DocxDocument\DocumentModel.InOpenXml\Math\BorderBox.cs","22","Property","nameof(DXM.BorderBox.Base)","Base?","Base","_Base"
"D:\OneDrive\VS\Projects\DocxDocument\DocumentModel.InOpenXml\Math\BorderBoxProperties.cs","14","Property","nameof(DXM.BorderBoxProperties.HideTop)","bool?","HideTop","_HideTop"
"D:\OneDrive\VS\Projects\DocxDocument\DocumentModel.InOpenXml\Math\BorderBoxProperties.cs","21","Property","nameof(DXM.BorderBoxProperties.HideBottom)","bool?","HideBottom","_HideBottom"
"D:\OneDrive\VS\Projects\DocxDocument\DocumentModel.InOpenXml\Math\BorderBoxProperties.cs","28","Property","nameof(DXM.BorderBoxProperties.HideLeft)","bool?","HideLeft","_HideLeft"
"D:\OneDrive\VS\Projects\DocxDocument\DocumentModel.InOpenXml\Math\BorderBoxProperties.cs","35","Property","nameof(DXM.BorderBoxProperties.HideRight)","bool?","HideRight","_HideRight"
"D:\OneDrive\VS\Projects\DocxDocument\DocumentModel.InOpenXml\Math\BorderBoxProperties.cs","42","Property","nameof(DXM.BorderBoxProperties.StrikeHorizontal)","bool?","StrikeHorizontal","_StrikeHorizontal"
"D:\OneDrive\VS\Projects\DocxDocument\DocumentModel.InOpenXml\Math\BorderBoxProperties.cs","49","Property","nameof(DXM.BorderBoxProperties.StrikeVertical)","bool?","StrikeVertical","_StrikeVertical"
"D:\OneDrive\VS\Projects\DocxDocument\DocumentModel.InOpenXml\Math\BorderBoxProperties.cs","56","Property","nameof(DXM.BorderBoxProperties.StrikeBottomLeftToTopRight)","bool?","StrikeBottomLeftToTopRight","_StrikeBottomLeftToTopRight"
"D:\OneDrive\VS\Projects\DocxDocument\DocumentModel.InOpenXml\Math\BorderBoxProperties.cs","63","Property","nameof(DXM.BorderBoxProperties.StrikeTopLeftToBottomRight)","bool?","StrikeTopLeftToBottomRight","_StrikeTopLeftToBottomRight"
"D:\OneDrive\VS\Projects\DocxDocument\DocumentModel.InOpenXml\Math\BorderBoxProperties.cs","70","Property","nameof(DXM.BorderBoxProperties.ControlProperties)","ControlProperties?","ControlProperties","_ControlProperties"
"D:\OneDrive\VS\Projects\DocxDocument\DocumentModel.InOpenXml\Math\Box.cs","17","Property","nameof(DXM.Box.BoxProperties)","BoxProperties?","BoxProperties","_BoxProperties"
"D:\OneDrive\VS\Projects\DocxDocument\DocumentModel.InOpenXml\Math\Box.cs","24","Property","nameof(DXM.Box.Base)","Base?","Base","_Base"
"D:\OneDrive\VS\Projects\DocxDocument\DocumentModel.InOpenXml\Math\BoxProperties.cs","16","Property","nameof(DXM.BoxProperties.OperatorEmulator)","bool?","OperatorEmulator","_OperatorEmulator"
"D:\OneDrive\VS\Projects\DocxDocument\DocumentModel.InOpenXml\Math\BoxProperties.cs","23","Property","nameof(DXM.BoxProperties.NoBreak)","bool?","NoBreak","_NoBreak"
"D:\OneDrive\VS\Projects\DocxDocument\DocumentModel.InOpenXml\Math\BoxProperties.cs","30","Property","nameof(DXM.BoxProperties.Differential)","bool?","Differential","_Differential"
"D:\OneDrive\VS\Projects\DocxDocument\DocumentModel.InOpenXml\Math\BoxProperties.cs","37","Property","nameof(DXM.BoxProperties.Break)","Break?","Break","_Break"
"D:\OneDrive\VS\Projects\DocxDocument\DocumentModel.InOpenXml\Math\BoxProperties.cs","44","Property","nameof(DXM.BoxProperties.Alignment)","bool?","Alignment","_Alignment"
"D:\OneDrive\VS\Projects\DocxDocument\DocumentModel.InOpenXml\Math\BoxProperties.cs","51","Property","nameof(DXM.BoxProperties.ControlProperties)","ControlProperties?","ControlProperties","_ControlProperties"
"D:\OneDrive\VS\Projects\DocxDocument\DocumentModel.InOpenXml\Math\Delimiter.cs","16","Property","nameof(DXM.Delimiter.DelimiterProperties)","DelimiterProperties?","DelimiterProperties","_DelimiterProperties"
"D:\OneDrive\VS\Projects\DocxDocument\DocumentModel.InOpenXml\Math\DelimiterProperties.cs","15","Property","nameof(DXM.DelimiterProperties.BeginChar)","string?","BeginChar","_BeginChar"
"D:\OneDrive\VS\Projects\DocxDocument\DocumentModel.InOpenXml\Math\DelimiterProperties.cs","22","Property","nameof(DXM.DelimiterProperties.SeparatorChar)","string?","SeparatorChar","_SeparatorChar"
"D:\OneDrive\VS\Projects\DocxDocument\DocumentModel.InOpenXml\Math\DelimiterProperties.cs","29","Property","nameof(DXM.DelimiterProperties.EndChar)","string?","EndChar","_EndChar"
"D:\OneDrive\VS\Projects\DocxDocument\DocumentModel.InOpenXml\Math\DelimiterProperties.cs","36","Property","nameof(DXM.DelimiterProperties.GrowOperators)","bool?","GrowOperators","_GrowOperators"
"D:\OneDrive\VS\Projects\DocxDocument\DocumentModel.InOpenXml\Math\DelimiterProperties.cs","44","Property","nameof(DXM.DelimiterProperties.Shape)","ShapeDelimiter?","Shape","_Shape"
"D:\OneDrive\VS\Projects\DocxDocument\DocumentModel.InOpenXml\Math\DelimiterProperties.cs","51","Property","nameof(DXM.DelimiterProperties.ControlProperties)","ControlProperties?","ControlProperties","_ControlProperties"
"D:\OneDrive\VS\Projects\DocxDocument\DocumentModel.InOpenXml\Math\EquationArray.cs","23","Property","nameof(DXM.EquationArray.EquationArrayProperties)","EquationArrayProperties?","EquationArrayProperties","_EquationArrayProperties"
"D:\OneDrive\VS\Projects\DocxDocument\DocumentModel.InOpenXml\Math\EquationArrayProperties.cs","14","Property","nameof(DXM.EquationArrayProperties.BaseJustification)","VertAlignmentType?","BaseJustification","_BaseJustification"
"D:\OneDrive\VS\Projects\DocxDocument\DocumentModel.InOpenXml\Math\EquationArrayProperties.cs","21","Property","nameof(DXM.EquationArrayProperties.MaxDistribution)","bool?","MaxDistribution","_MaxDistribution"
"D:\OneDrive\VS\Projects\DocxDocument\DocumentModel.InOpenXml\Math\EquationArrayProperties.cs","28","Property","nameof(DXM.EquationArrayProperties.ObjectDistribution)","bool?","ObjectDistribution","_ObjectDistribution"
"D:\OneDrive\VS\Projects\DocxDocument\DocumentModel.InOpenXml\Math\EquationArrayProperties.cs","35","Property","nameof(DXM.EquationArrayProperties.RowSpacing)","RowSpacing?","RowSpacing","_RowSpacing"
"D:\OneDrive\VS\Projects\DocxDocument\DocumentModel.InOpenXml\Math\EquationArrayProperties.cs","42","Property","nameof(DXM.EquationArrayProperties.ControlProperties)","ControlProperties?","ControlProperties","_ControlProperties"
"D:\OneDrive\VS\Projects\DocxDocument\DocumentModel.InOpenXml\Math\Fraction.cs","16","Property","nameof(DXM.Fraction.FractionProperties)","FractionProperties?","FractionProperties","_FractionProperties"
"D:\OneDrive\VS\Projects\DocxDocument\DocumentModel.InOpenXml\Math\Fraction.cs","23","Property","nameof(DXM.Fraction.Numerator)","Numerator?","Numerator","_Numerator"
"D:\OneDrive\VS\Projects\DocxDocument\DocumentModel.InOpenXml\Math\Fraction.cs","30","Property","nameof(DXM.Fraction.Denominator)","Denominator?","Denominator","_Denominator"
"D:\OneDrive\VS\Projects\DocxDocument\DocumentModel.InOpenXml\Math\FractionProperties.cs","14","Property","nameof(DXM.FractionProperties.FractionType)","FractionType?","FractionType","_FractionType"
"D:\OneDrive\VS\Projects\DocxDocument\DocumentModel.InOpenXml\Math\FractionProperties.cs","21","Property","nameof(DXM.FractionProperties.ControlProperties)","ControlProperties?","ControlProperties","_ControlProperties"
"D:\OneDrive\VS\Projects\DocxDocument\DocumentModel.InOpenXml\Math\Function.cs","15","Property","nameof(DXM.MathFunction.FunctionProperties)","FunctionProperties?","FunctionProperties","_FunctionProperties"
"D:\OneDrive\VS\Projects\DocxDocument\DocumentModel.InOpenXml\Math\Function.cs","22","Property","nameof(DXM.MathFunction.FunctionName)","FunctionName?","FunctionName","_FunctionName"
"D:\OneDrive\VS\Projects\DocxDocument\DocumentModel.InOpenXml\Math\Function.cs","29","Property","nameof(DXM.MathFunction.Base)","Base?","Base","_Base"
"D:\OneDrive\VS\Projects\DocxDocument\DocumentModel.InOpenXml\Math\FunctionProperties.cs","14","Property","nameof(DXM.FunctionProperties.ControlProperties)","ControlProperties?","ControlProperties","_ControlProperties"
"D:\OneDrive\VS\Projects\DocxDocument\DocumentModel.InOpenXml\Math\GroupChar.cs","15","Property","nameof(DXM.GroupChar.GroupCharProperties)","GroupCharProperties?","GroupCharProperties","_GroupCharProperties"
"D:\OneDrive\VS\Projects\DocxDocument\DocumentModel.InOpenXml\Math\GroupChar.cs","22","Property","nameof(DXM.GroupChar.Base)","Base?","Base","_Base"
"D:\OneDrive\VS\Projects\DocxDocument\DocumentModel.InOpenXml\Math\GroupCharProperties.cs","14","Property","nameof(DXM.GroupCharProperties.AccentChar)","string?","AccentChar","_AccentChar"
"D:\OneDrive\VS\Projects\DocxDocument\DocumentModel.InOpenXml\Math\GroupCharProperties.cs","21","Property","nameof(DXM.GroupCharProperties.Position)","VerticalJustification?","Position","_Position"
"D:\OneDrive\VS\Projects\DocxDocument\DocumentModel.InOpenXml\Math\GroupCharProperties.cs","28","Property","nameof(DXM.GroupCharProperties.VerticalJustification)","VerticalJustification?","VerticalJustification","_VerticalJustification"
"D:\OneDrive\VS\Projects\DocxDocument\DocumentModel.InOpenXml\Math\GroupCharProperties.cs","35","Property","nameof(DXM.GroupCharProperties.ControlProperties)","ControlProperties?","ControlProperties","_ControlProperties"
"D:\OneDrive\VS\Projects\DocxDocument\DocumentModel.InOpenXml\Math\LimitLower.cs","15","Property","nameof(DXM.LimitLower.LimitLowerProperties)","LimitLowerProperties?","LimitLowerProperties","_LimitLowerProperties"
"D:\OneDrive\VS\Projects\DocxDocument\DocumentModel.InOpenXml\Math\LimitLower.cs","22","Property","nameof(DXM.LimitLower.Base)","Base?","Base","_Base"
"D:\OneDrive\VS\Projects\DocxDocument\DocumentModel.InOpenXml\Math\LimitLower.cs","29","Property","nameof(DXM.LimitLower.Limit)","Limit?","Limit","_Limit"
"D:\OneDrive\VS\Projects\DocxDocument\DocumentModel.InOpenXml\Math\LimitLowerProperties.cs","14","Property","nameof(DXM.LimitLowerProperties.ControlProperties)","ControlProperties?","ControlProperties","_ControlProperties"
"D:\OneDrive\VS\Projects\DocxDocument\DocumentModel.InOpenXml\Math\LimitUpper.cs","14","Property","nameof(DXM.LimitUpper.LimitUpperProperties)","LimitUpperProperties?","LimitUpperProperties","_LimitUpperProperties"
"D:\OneDrive\VS\Projects\DocxDocument\DocumentModel.InOpenXml\Math\LimitUpper.cs","21","Property","nameof(DXM.LimitUpper.Base)","Base?","Base","_Base"
"D:\OneDrive\VS\Projects\DocxDocument\DocumentModel.InOpenXml\Math\LimitUpper.cs","28","Property","nameof(DXM.LimitUpper.Limit)","Limit?","Limit","_Limit"
"D:\OneDrive\VS\Projects\DocxDocument\DocumentModel.InOpenXml\Math\LimitUpperProperties.cs","14","Property","nameof(DXM.LimitUpperProperties.ControlProperties)","ControlProperties?","ControlProperties","_ControlProperties"
"D:\OneDrive\VS\Projects\DocxDocument\DocumentModel.InOpenXml\Math\MathProperties.cs","30","Element","typeof(DXM.MathFont)","string?","Typeface","_typeface"
"D:\OneDrive\VS\Projects\DocxDocument\DocumentModel.InOpenXml\Math\MathProperties.cs","39","Element","typeof(DXM.BreakBinary)","BreakBinaryOperator?","BreakBinary","_BreakBinary"
"D:\OneDrive\VS\Projects\DocxDocument\DocumentModel.InOpenXml\Math\MathProperties.cs","48","Element","typeof(DXM.BreakBinarySubtraction)","BreakBinarySubtraction?","BreakBinarySubtraction","_BreakBinarySubtraction"
"D:\OneDrive\VS\Projects\DocxDocument\DocumentModel.InOpenXml\Math\MathProperties.cs","59","Element","typeof(DXM.SmallFraction)","bool?","SmallFraction","_SmallFraction"
"D:\OneDrive\VS\Projects\DocxDocument\DocumentModel.InOpenXml\Math\MathProperties.cs","69","Element","typeof(DXM.DisplayDefaults)","bool?","DisplayDefaults","_DisplayDefaults"
"D:\OneDrive\VS\Projects\DocxDocument\DocumentModel.InOpenXml\Math\MathProperties.cs","80","Element","typeof(DXM.LeftMargin)","Twips?","LeftMargin","_LeftMargin"
"D:\OneDrive\VS\Projects\DocxDocument\DocumentModel.InOpenXml\Math\MathProperties.cs","92","Element","typeof(DXM.RightMargin)","Twips?","RightMargin","_RightMargin"
"D:\OneDrive\VS\Projects\DocxDocument\DocumentModel.InOpenXml\Math\MathProperties.cs","106","Element","typeof(DXM.DefaultJustification)","MathJustification?","DefaultJustification","_DefaultJustification"
"D:\OneDrive\VS\Projects\DocxDocument\DocumentModel.InOpenXml\Math\MathProperties.cs","114","Element","typeof(DXM.PreSpacing)","Twips?","PreSpacing","_PreSpacing"
"D:\OneDrive\VS\Projects\DocxDocument\DocumentModel.InOpenXml\Math\MathProperties.cs","122","Element","typeof(DXM.PostSpacing)","Twips?","PostSpacing","_PostSpacing"
"D:\OneDrive\VS\Projects\DocxDocument\DocumentModel.InOpenXml\Math\MathProperties.cs","129","Element","typeof(DXM.InterSpacing)","Twips?","InterSpacing","_InterSpacing"
"D:\OneDrive\VS\Projects\DocxDocument\DocumentModel.InOpenXml\Math\MathProperties.cs","137","Element","typeof(DXM.IntraSpacing)","Twips?","IntraSpacing","_IntraSpacing"
"D:\OneDrive\VS\Projects\DocxDocument\DocumentModel.InOpenXml\Math\MathProperties.cs","148","Element","typeof(DXM.WrapIndent)","Twips?","WrapIndent","_WrapIndent"
"D:\OneDrive\VS\Projects\DocxDocument\DocumentModel.InOpenXml\Math\MathProperties.cs","172","Element","typeof(DXM.WrapRight)","bool?","WrapRight","_WrapRight"
"D:\OneDrive\VS\Projects\DocxDocument\DocumentModel.InOpenXml\Math\MathProperties.cs","191","Element","typeof(DXM.IntegralLimitLocation)","LimitLocation?","IntegralLimitLocation","_IntegralLimitLocation"
"D:\OneDrive\VS\Projects\DocxDocument\DocumentModel.InOpenXml\Math\MathProperties.cs","199","Element","typeof(DXM.NaryLimitLocation)","LimitLocation?","NaryLimitLocation","_NaryLimitLocation"
"D:\OneDrive\VS\Projects\DocxDocument\DocumentModel.InOpenXml\Math\MatrixColumn.cs","14","Property","nameof(DXM.MatrixColumn.MatrixColumnProperties)","MatrixColumnProperties?","MatrixColumnProperties","_MatrixColumnProperties"
"D:\OneDrive\VS\Projects\DocxDocument\DocumentModel.InOpenXml\Math\Nary.cs","15","Property","nameof(DXM.Nary.NaryProperties)","NaryProperties?","NaryProperties","_NaryProperties"
"D:\OneDrive\VS\Projects\DocxDocument\DocumentModel.InOpenXml\Math\Nary.cs","22","Property","nameof(DXM.Nary.SubArgument)","SubArgument?","SubArgument","_SubArgument"
"D:\OneDrive\VS\Projects\DocxDocument\DocumentModel.InOpenXml\Math\Nary.cs","29","Property","nameof(DXM.Nary.SuperArgument)","SuperArgument?","SuperArgument","_SuperArgument"
"D:\OneDrive\VS\Projects\DocxDocument\DocumentModel.InOpenXml\Math\Nary.cs","36","Property","nameof(DXM.Nary.Base)","Base?","Base","_Base"
"D:\OneDrive\VS\Projects\DocxDocument\DocumentModel.InOpenXml\Math\Paragraph.cs","18","Property","nameof(DXM.Paragraph.ParagraphProperties)","ParagraphProperties?","ParagraphProperties","_ParagraphProperties"
"D:\OneDrive\VS\Projects\DocxDocument\DocumentModel.InOpenXml\Math\ParagraphProperties.cs","14","Property","nameof(DXM.ParagraphProperties.Justification)","MathJustification?","Justification","_Justification"
"D:\OneDrive\VS\Projects\DocxDocument\DocumentModel.InOpenXml\Math\Phantom.cs","16","Property","nameof(DXM.Phantom.PhantomProperties)","PhantomProperties?","PhantomProperties","_PhantomProperties"
"D:\OneDrive\VS\Projects\DocxDocument\DocumentModel.InOpenXml\Math\Phantom.cs","24","Property","nameof(DXM.Phantom.Base)","Base?","Base","_Base"
"D:\OneDrive\VS\Projects\DocxDocument\DocumentModel.InOpenXml\Math\PhantomProperties.cs","19","Property","nameof(DXM.PhantomProperties.ShowPhantom)","bool?","ShowPhantom","_ShowPhantom"
"D:\OneDrive\VS\Projects\DocxDocument\DocumentModel.InOpenXml\Math\PhantomProperties.cs","31","Property","nameof(DXM.PhantomProperties.ZeroWidth)","bool?","ZeroWidth","_ZeroWidth"
"D:\OneDrive\VS\Projects\DocxDocument\DocumentModel.InOpenXml\Math\PhantomProperties.cs","43","Property","nameof(DXM.PhantomProperties.ZeroAscent)","bool?","ZeroAscent","_ZeroAscent"
"D:\OneDrive\VS\Projects\DocxDocument\DocumentModel.InOpenXml\Math\PhantomProperties.cs","55","Property","nameof(DXM.PhantomProperties.ZeroDescent)","bool?","ZeroDescent","_ZeroDescent"
"D:\OneDrive\VS\Projects\DocxDocument\DocumentModel.InOpenXml\Math\PhantomProperties.cs","70","Property","nameof(DXM.PhantomProperties.Transparent)","bool?","Transparent","_Transparent"
"D:\OneDrive\VS\Projects\DocxDocument\DocumentModel.InOpenXml\Math\PhantomProperties.cs","77","Property","nameof(DXM.PhantomProperties.ControlProperties)","ControlProperties?","ControlProperties","_ControlProperties"
"D:\OneDrive\VS\Projects\DocxDocument\DocumentModel.InOpenXml\Math\PreSubSuper.cs","14","Property","nameof(DXM.PreSubSuper.PreSubSuperProperties)","PreSubSuperProperties?","PreSubSuperProperties","_PreSubSuperProperties"
"D:\OneDrive\VS\Projects\DocxDocument\DocumentModel.InOpenXml\Math\PreSubSuper.cs","21","Property","nameof(DXM.PreSubSuper.SubArgument)","SubArgument?","SubArgument","_SubArgument"
"D:\OneDrive\VS\Projects\DocxDocument\DocumentModel.InOpenXml\Math\PreSubSuper.cs","28","Property","nameof(DXM.PreSubSuper.SuperArgument)","SuperArgument?","SuperArgument","_SuperArgument"
"D:\OneDrive\VS\Projects\DocxDocument\DocumentModel.InOpenXml\Math\PreSubSuper.cs","36","Property","nameof(DXM.PreSubSuper.Base)","Base?","Base","_Base"
"D:\OneDrive\VS\Projects\DocxDocument\DocumentModel.InOpenXml\Math\Radical.cs","14","Property","nameof(DXM.Radical.RadicalProperties)","RadicalProperties?","RadicalProperties","_RadicalProperties"
"D:\OneDrive\VS\Projects\DocxDocument\DocumentModel.InOpenXml\Math\Radical.cs","21","Property","nameof(DXM.Radical.Degree)","Degree?","Degree","_Degree"
"D:\OneDrive\VS\Projects\DocxDocument\DocumentModel.InOpenXml\Math\Radical.cs","29","Property","nameof(DXM.Radical.Base)","Base?","Base","_Base"
"D:\OneDrive\VS\Projects\DocxDocument\DocumentModel.InOpenXml\Math\Run.cs","16","Property","nameof(DXM.Run.MathRunProperties)","RunProperties?","MathRunProperties","_MathRunProperties"
"D:\OneDrive\VS\Projects\DocxDocument\DocumentModel.InOpenXml\Math\Run.cs","23","Property","nameof(DXM.Run.RunProperties)","Wordprocessing.RunProperties?","RunProperties","_RunProperties"
"D:\OneDrive\VS\Projects\DocxDocument\DocumentModel.InOpenXml\Math\RunProperties.cs","18","Property","nameof(DXM.RunProperties.Literal)","bool?","Literal","_Literal"
"D:\OneDrive\VS\Projects\DocxDocument\DocumentModel.InOpenXml\Math\Subscript.cs","14","Property","nameof(DXM.Subscript.SubscriptProperties)","SubscriptProperties?","SubscriptProperties","_SubscriptProperties"
"D:\OneDrive\VS\Projects\DocxDocument\DocumentModel.InOpenXml\Math\Subscript.cs","22","Property","nameof(DXM.Subscript.Base)","Base?","Base","_Base"
"D:\OneDrive\VS\Projects\DocxDocument\DocumentModel.InOpenXml\Math\Subscript.cs","29","Property","nameof(DXM.Subscript.SubArgument)","SubArgument?","SubArgument","_SubArgument"
"D:\OneDrive\VS\Projects\DocxDocument\DocumentModel.InOpenXml\Math\SubSuperscript.cs","14","Property","nameof(DXM.SubSuperscript.SubSuperscriptProperties)","SubSuperscriptProperties?","SubSuperscriptProperties","_SubSuperscriptProperties"
"D:\OneDrive\VS\Projects\DocxDocument\DocumentModel.InOpenXml\Math\SubSuperscript.cs","22","Property","nameof(DXM.SubSuperscript.Base)","Base?","Base","_Base"
"D:\OneDrive\VS\Projects\DocxDocument\DocumentModel.InOpenXml\Math\SubSuperscript.cs","29","Property","nameof(DXM.SubSuperscript.SubArgument)","SubArgument?","SubArgument","_SubArgument"
"D:\OneDrive\VS\Projects\DocxDocument\DocumentModel.InOpenXml\Math\SubSuperscript.cs","36","Property","nameof(DXM.SubSuperscript.SuperArgument)","SuperArgument?","SuperArgument","_SuperArgument"
"D:\OneDrive\VS\Projects\DocxDocument\DocumentModel.InOpenXml\Math\Superscript.cs","14","Property","nameof(DXM.Superscript.SuperscriptProperties)","SuperscriptProperties?","SuperscriptProperties","_SuperscriptProperties"
"D:\OneDrive\VS\Projects\DocxDocument\DocumentModel.InOpenXml\Math\Superscript.cs","22","Property","nameof(DXM.Superscript.Base)","Base?","Base","_Base"
"D:\OneDrive\VS\Projects\DocxDocument\DocumentModel.InOpenXml\Math\Superscript.cs","30","Property","nameof(DXM.Superscript.SuperArgument)","SuperArgument?","SuperArgument","_SuperArgument"
"D:\OneDrive\VS\Projects\DocxDocument\DocumentModel.InOpenXml\Packaging\ReferenceRelationship(T).cs","31","Property","nameof(DXPP.ReferenceRelationship.Uri)","string?","Uri","_Uri"
"D:\OneDrive\VS\Projects\DocxDocument\DocumentModel.InOpenXml\Vml\Arc.cs","17","Property","nameof(DXV.Arc.OptionalString)","string?","OptionalString","_OptionalString"
"D:\OneDrive\VS\Projects\DocxDocument\DocumentModel.InOpenXml\Vml\Arc.cs","24","Property","nameof(DXV.Arc.Oned)","bool?","Oned","_Oned"
"D:\OneDrive\VS\Projects\DocxDocument\DocumentModel.InOpenXml\Vml\Arc.cs","31","Property","nameof(DXV.Arc.RegroupId)","Int64?","RegroupId","_RegroupId"
"D:\OneDrive\VS\Projects\DocxDocument\DocumentModel.InOpenXml\Vml\Arc.cs","38","Property","nameof(DXV.Arc.DoubleClickNotify)","bool?","DoubleClickNotify","_DoubleClickNotify"
"D:\OneDrive\VS\Projects\DocxDocument\DocumentModel.InOpenXml\Vml\Arc.cs","45","Property","nameof(DXV.Arc.Button)","bool?","Button","_Button"
"D:\OneDrive\VS\Projects\DocxDocument\DocumentModel.InOpenXml\Vml\Arc.cs","52","Property","nameof(DXV.Arc.UserHidden)","bool?","UserHidden","_UserHidden"
"D:\OneDrive\VS\Projects\DocxDocument\DocumentModel.InOpenXml\Vml\Arc.cs","59","Property","nameof(DXV.Arc.Bullet)","bool?","Bullet","_Bullet"
"D:\OneDrive\VS\Projects\DocxDocument\DocumentModel.InOpenXml\Vml\Arc.cs","66","Property","nameof(DXV.Arc.Horizontal)","bool?","Horizontal","_Horizontal"
"D:\OneDrive\VS\Projects\DocxDocument\DocumentModel.InOpenXml\Vml\Arc.cs","73","Property","nameof(DXV.Arc.HorizontalStandard)","bool?","HorizontalStandard","_HorizontalStandard"
"D:\OneDrive\VS\Projects\DocxDocument\DocumentModel.InOpenXml\Vml\Arc.cs","80","Property","nameof(DXV.Arc.HorizontalNoShade)","bool?","HorizontalNoShade","_HorizontalNoShade"
"D:\OneDrive\VS\Projects\DocxDocument\DocumentModel.InOpenXml\Vml\Arc.cs","87","Property","nameof(DXV.Arc.HorizontalPercentage)","Single?","HorizontalPercentage","_HorizontalPercentage"
"D:\OneDrive\VS\Projects\DocxDocument\DocumentModel.InOpenXml\Vml\Arc.cs","94","Property","nameof(DXV.Arc.HorizontalAlignment)","HorizontalRuleAlignment?","HorizontalAlignment","_HorizontalAlignment"
"D:\OneDrive\VS\Projects\DocxDocument\DocumentModel.InOpenXml\Vml\Arc.cs","101","Property","nameof(DXV.Arc.AllowInCell)","bool?","AllowInCell","_AllowInCell"
"D:\OneDrive\VS\Projects\DocxDocument\DocumentModel.InOpenXml\Vml\Arc.cs","108","Property","nameof(DXV.Arc.AllowOverlap)","bool?","AllowOverlap","_AllowOverlap"
"D:\OneDrive\VS\Projects\DocxDocument\DocumentModel.InOpenXml\Vml\Arc.cs","115","Property","nameof(DXV.Arc.UserDrawn)","bool?","UserDrawn","_UserDrawn"
"D:\OneDrive\VS\Projects\DocxDocument\DocumentModel.InOpenXml\Vml\Arc.cs","122","Property","nameof(DXV.Arc.BorderTopColor)","VmlColor?","BorderTopColor","_BorderTopColor"
"D:\OneDrive\VS\Projects\DocxDocument\DocumentModel.InOpenXml\Vml\Arc.cs","129","Property","nameof(DXV.Arc.BorderLeftColor)","VmlColor?","BorderLeftColor","_BorderLeftColor"
"D:\OneDrive\VS\Projects\DocxDocument\DocumentModel.InOpenXml\Vml\Arc.cs","136","Property","nameof(DXV.Arc.BorderBottomColor)","VmlColor?","BorderBottomColor","_BorderBottomColor"
"D:\OneDrive\VS\Projects\DocxDocument\DocumentModel.InOpenXml\Vml\Arc.cs","143","Property","nameof(DXV.Arc.BorderRightColor)","VmlColor?","BorderRightColor","_BorderRightColor"
"D:\OneDrive\VS\Projects\DocxDocument\DocumentModel.InOpenXml\Vml\Arc.cs","150","Property","nameof(DXV.Arc.DiagramLayout)","Int64?","DiagramLayout","_DiagramLayout"
"D:\OneDrive\VS\Projects\DocxDocument\DocumentModel.InOpenXml\Vml\Arc.cs","157","Property","nameof(DXV.Arc.DiagramNodeKind)","Int64?","DiagramNodeKind","_DiagramNodeKind"
"D:\OneDrive\VS\Projects\DocxDocument\DocumentModel.InOpenXml\Vml\Arc.cs","164","Property","nameof(DXV.Arc.DiagramLayoutMostRecentUsed)","Int64?","DiagramLayoutMostRecentUsed","_DiagramLayoutMostRecentUsed"
"D:\OneDrive\VS\Projects\DocxDocument\DocumentModel.InOpenXml\Vml\Arc.cs","171","Property","nameof(DXV.Arc.InsetMode)","InsetMargin?","InsetMode","_InsetMode"
"D:\OneDrive\VS\Projects\DocxDocument\DocumentModel.InOpenXml\Vml\Arc.cs","178","Property","nameof(DXV.Arc.Filled)","bool?","Filled","_Filled"
"D:\OneDrive\VS\Projects\DocxDocument\DocumentModel.InOpenXml\Vml\Arc.cs","185","Property","nameof(DXV.Arc.FillColor)","VmlColor?","FillColor","_FillColor"
"D:\OneDrive\VS\Projects\DocxDocument\DocumentModel.InOpenXml\Vml\Arc.cs","192","Property","nameof(DXV.Arc.Stroked)","bool?","Stroked","_Stroked"
"D:\OneDrive\VS\Projects\DocxDocument\DocumentModel.InOpenXml\Vml\Arc.cs","199","Property","nameof(DXV.Arc.StrokeColor)","VmlColor?","StrokeColor","_StrokeColor"
"D:\OneDrive\VS\Projects\DocxDocument\DocumentModel.InOpenXml\Vml\Arc.cs","206","Property","nameof(DXV.Arc.StrokeWeight)","string?","StrokeWeight","_StrokeWeight"
"D:\OneDrive\VS\Projects\DocxDocument\DocumentModel.InOpenXml\Vml\Arc.cs","213","Property","nameof(DXV.Arc.InsetPen)","bool?","InsetPen","_InsetPen"
"D:\OneDrive\VS\Projects\DocxDocument\DocumentModel.InOpenXml\Vml\Arc.cs","220","Property","nameof(DXV.Arc.OptionalNumber)","Int32?","OptionalNumber","_OptionalNumber"
"D:\OneDrive\VS\Projects\DocxDocument\DocumentModel.InOpenXml\Vml\Arc.cs","227","Property","nameof(DXV.Arc.ConnectorType)","ConnectorType?","ConnectorType","_ConnectorType"
"D:\OneDrive\VS\Projects\DocxDocument\DocumentModel.InOpenXml\Vml\Arc.cs","234","Property","nameof(DXV.Arc.BlackWhiteMode)","BlackAndWhiteMode?","BlackWhiteMode","_BlackWhiteMode"
"D:\OneDrive\VS\Projects\DocxDocument\DocumentModel.InOpenXml\Vml\Arc.cs","241","Property","nameof(DXV.Arc.PureBlackWhiteMode)","BlackAndWhiteMode?","PureBlackWhiteMode","_PureBlackWhiteMode"
"D:\OneDrive\VS\Projects\DocxDocument\DocumentModel.InOpenXml\Vml\Arc.cs","248","Property","nameof(DXV.Arc.NormalBlackWhiteMode)","BlackAndWhiteMode?","NormalBlackWhiteMode","_NormalBlackWhiteMode"
"D:\OneDrive\VS\Projects\DocxDocument\DocumentModel.InOpenXml\Vml\Arc.cs","255","Property","nameof(DXV.Arc.ForceDash)","bool?","ForceDash","_ForceDash"
"D:\OneDrive\VS\Projects\DocxDocument\DocumentModel.InOpenXml\Vml\Arc.cs","262","Property","nameof(DXV.Arc.OleIcon)","bool?","OleIcon","_OleIcon"
"D:\OneDrive\VS\Projects\DocxDocument\DocumentModel.InOpenXml\Vml\Arc.cs","269","Property","nameof(DXV.Arc.Ole)","bool?","Ole","_Ole"
"D:\OneDrive\VS\Projects\DocxDocument\DocumentModel.InOpenXml\Vml\Arc.cs","276","Property","nameof(DXV.Arc.PreferRelative)","bool?","PreferRelative","_PreferRelative"
"D:\OneDrive\VS\Projects\DocxDocument\DocumentModel.InOpenXml\Vml\Arc.cs","283","Property","nameof(DXV.Arc.ClipToWrap)","bool?","ClipToWrap","_ClipToWrap"
"D:\OneDrive\VS\Projects\DocxDocument\DocumentModel.InOpenXml\Vml\Arc.cs","290","Property","nameof(DXV.Arc.Clip)","bool?","Clip","_Clip"
"D:\OneDrive\VS\Projects\DocxDocument\DocumentModel.InOpenXml\Vml\Arc.cs","297","Property","nameof(DXV.Arc.Gfxdata)","Base64Binary?","GfxData","_GfxData"
"D:\OneDrive\VS\Projects\DocxDocument\DocumentModel.InOpenXml\Vml\Arc.cs","304","Property","nameof(DXV.Arc.Id)","string?","Id","_Id"
"D:\OneDrive\VS\Projects\DocxDocument\DocumentModel.InOpenXml\Vml\Arc.cs","311","Property","nameof(DXV.Arc.Style)","string?","Style","_Style"
"D:\OneDrive\VS\Projects\DocxDocument\DocumentModel.InOpenXml\Vml\Arc.cs","318","Property","nameof(DXV.Arc.Href)","string?","Href","_Href"
"D:\OneDrive\VS\Projects\DocxDocument\DocumentModel.InOpenXml\Vml\Arc.cs","325","Property","nameof(DXV.Arc.Target)","string?","Target","_Target"
"D:\OneDrive\VS\Projects\DocxDocument\DocumentModel.InOpenXml\Vml\Arc.cs","332","Property","nameof(DXV.Arc.Title)","string?","Title","_Title"
"D:\OneDrive\VS\Projects\DocxDocument\DocumentModel.InOpenXml\Vml\Arc.cs","339","Property","nameof(DXV.Arc.Alternate)","string?","Alternate","_Alternate"
"D:\OneDrive\VS\Projects\DocxDocument\DocumentModel.InOpenXml\Vml\Arc.cs","346","Property","nameof(DXV.Arc.CoordinateSize)","string?","CoordinateSize","_CoordinateSize"
"D:\OneDrive\VS\Projects\DocxDocument\DocumentModel.InOpenXml\Vml\Arc.cs","353","Property","nameof(DXV.Arc.CoordinateOrigin)","string?","CoordinateOrigin","_CoordinateOrigin"
"D:\OneDrive\VS\Projects\DocxDocument\DocumentModel.InOpenXml\Vml\Arc.cs","360","Property","nameof(DXV.Arc.Wrapcoords)","string?","WrapCoords","_wrapCoords"
"D:\OneDrive\VS\Projects\DocxDocument\DocumentModel.InOpenXml\Vml\Arc.cs","367","Property","nameof(DXV.Arc.Print)","bool?","Print","_Print"
"D:\OneDrive\VS\Projects\DocxDocument\DocumentModel.InOpenXml\Vml\Arc.cs","374","Property","nameof(DXV.Arc.StartAngle)","Decimal?","StartAngle","_StartAngle"
"D:\OneDrive\VS\Projects\DocxDocument\DocumentModel.InOpenXml\Vml\Arc.cs","381","Property","nameof(DXV.Arc.EndAngle)","Decimal?","EndAngle","_EndAngle"
"D:\OneDrive\VS\Projects\DocxDocument\DocumentModel.InOpenXml\Vml\Background.cs","14","Property","nameof(DXV.Background.Id)","string?","Id","_Id"
"D:\OneDrive\VS\Projects\DocxDocument\DocumentModel.InOpenXml\Vml\Background.cs","21","Property","nameof(DXV.Background.Filled)","bool?","Filled","_Filled"
"D:\OneDrive\VS\Projects\DocxDocument\DocumentModel.InOpenXml\Vml\Background.cs","28","Property","nameof(DXV.Background.Fillcolor)","VmlColor?","FillColor","_fillColor"
"D:\OneDrive\VS\Projects\DocxDocument\DocumentModel.InOpenXml\Vml\Background.cs","35","Property","nameof(DXV.Background.BlackWhiteMode)","BlackAndWhiteMode?","BlackWhiteMode","_BlackWhiteMode"
"D:\OneDrive\VS\Projects\DocxDocument\DocumentModel.InOpenXml\Vml\Background.cs","42","Property","nameof(DXV.Background.PureBlackWhiteMode)","BlackAndWhiteMode?","PureBlackWhiteMode","_PureBlackWhiteMode"
"D:\OneDrive\VS\Projects\DocxDocument\DocumentModel.InOpenXml\Vml\Background.cs","49","Property","nameof(DXV.Background.NormalBlackWhiteMode)","BlackAndWhiteMode?","NormalBlackWhiteMode","_NormalBlackWhiteMode"
"D:\OneDrive\VS\Projects\DocxDocument\DocumentModel.InOpenXml\Vml\Background.cs","56","Property","nameof(DXV.Background.TargetScreenSize)","ScreenSize?","TargetScreenSize","_TargetScreenSize"
"D:\OneDrive\VS\Projects\DocxDocument\DocumentModel.InOpenXml\Vml\Background.cs","63","Property","nameof(DXV.Background.Fill)","Fill?","Fill","_Fill"
"D:\OneDrive\VS\Projects\DocxDocument\DocumentModel.InOpenXml\Vml\Border.cs","27","Property","nameof(DXW.BorderType.Shadow)","bool?","Shadow","_Shadow"
"D:\OneDrive\VS\Projects\DocxDocument\DocumentModel.InOpenXml\Vml\Callout.cs","14","Property","nameof(DXVO.Callout.Extension)","ExtensionHandlingBehavior?","Extension","_Extension"
"D:\OneDrive\VS\Projects\DocxDocument\DocumentModel.InOpenXml\Vml\Callout.cs","21","Property","nameof(DXVO.Callout.On)","bool?","On","_On"
"D:\OneDrive\VS\Projects\DocxDocument\DocumentModel.InOpenXml\Vml\Callout.cs","28","Property","nameof(DXVO.Callout.Type)","string?","Type","_Type"
"D:\OneDrive\VS\Projects\DocxDocument\DocumentModel.InOpenXml\Vml\Callout.cs","35","Property","nameof(DXVO.Callout.Gap)","string?","Gap","_Gap"
"D:\OneDrive\VS\Projects\DocxDocument\DocumentModel.InOpenXml\Vml\Callout.cs","42","Property","nameof(DXVO.Callout.Angle)","Angle?","Angle","_Angle"
"D:\OneDrive\VS\Projects\DocxDocument\DocumentModel.InOpenXml\Vml\Callout.cs","49","Property","nameof(DXVO.Callout.DropAuto)","bool?","DropAuto","_DropAuto"
"D:\OneDrive\VS\Projects\DocxDocument\DocumentModel.InOpenXml\Vml\Callout.cs","56","Property","nameof(DXVO.Callout.Drop)","string?","Drop","_Drop"
"D:\OneDrive\VS\Projects\DocxDocument\DocumentModel.InOpenXml\Vml\Callout.cs","63","Property","nameof(DXVO.Callout.Distance)","string?","Distance","_Distance"
"D:\OneDrive\VS\Projects\DocxDocument\DocumentModel.InOpenXml\Vml\Callout.cs","70","Property","nameof(DXVO.Callout.LengthSpecified)","bool?","LengthSpecified","_lengthSpecified"
"D:\OneDrive\VS\Projects\DocxDocument\DocumentModel.InOpenXml\Vml\Callout.cs","77","Property","nameof(DXVO.Callout.Length)","string?","Length","_Length"
"D:\OneDrive\VS\Projects\DocxDocument\DocumentModel.InOpenXml\Vml\Callout.cs","84","Property","nameof(DXVO.Callout.AccentBar)","bool?","AccentBar","_AccentBar"
"D:\OneDrive\VS\Projects\DocxDocument\DocumentModel.InOpenXml\Vml\Callout.cs","91","Property","nameof(DXVO.Callout.TextBorder)","bool?","TextBorder","_TextBorder"
"D:\OneDrive\VS\Projects\DocxDocument\DocumentModel.InOpenXml\Vml\Callout.cs","98","Property","nameof(DXVO.Callout.MinusX)","bool?","MinusX","_MinusX"
"D:\OneDrive\VS\Projects\DocxDocument\DocumentModel.InOpenXml\Vml\Callout.cs","105","Property","nameof(DXVO.Callout.MinusY)","bool?","MinusY","_MinusY"
"D:\OneDrive\VS\Projects\DocxDocument\DocumentModel.InOpenXml\Vml\ClipPath.cs","14","Property","nameof(DXVO.ClipPath.Value)","string?","Value","_Value"
"D:\OneDrive\VS\Projects\DocxDocument\DocumentModel.InOpenXml\Vml\ColorMenu.cs","14","Property","nameof(DXVO.ColorMenu.Extension)","ExtensionHandlingBehavior?","Extension","_Extension"
"D:\OneDrive\VS\Projects\DocxDocument\DocumentModel.InOpenXml\Vml\ColorMenu.cs","21","Property","nameof(DXVO.ColorMenu.StrokeColor)","VmlColor?","StrokeColor","_StrokeColor"
"D:\OneDrive\VS\Projects\DocxDocument\DocumentModel.InOpenXml\Vml\ColorMenu.cs","28","Property","nameof(DXVO.ColorMenu.FillColor)","VmlColor?","FillColor","_FillColor"
"D:\OneDrive\VS\Projects\DocxDocument\DocumentModel.InOpenXml\Vml\ColorMenu.cs","35","Property","nameof(DXVO.ColorMenu.ShadowColor)","VmlColor?","ShadowColor","_ShadowColor"
"D:\OneDrive\VS\Projects\DocxDocument\DocumentModel.InOpenXml\Vml\ColorMenu.cs","42","Property","nameof(DXVO.ColorMenu.ExtrusionColor)","VmlColor?","ExtrusionColor","_ExtrusionColor"
"D:\OneDrive\VS\Projects\DocxDocument\DocumentModel.InOpenXml\Vml\ColorMostRecentlyUsed.cs","14","Property","nameof(DXVO.ColorMostRecentlyUsed.Extension)","ExtensionHandlingBehavior?","Extension","_Extension"
"D:\OneDrive\VS\Projects\DocxDocument\DocumentModel.InOpenXml\Vml\ColorMostRecentlyUsed.cs","21","Property","nameof(DXVO.ColorMostRecentlyUsed.Colors)","string?","Colors","_Colors"
"D:\OneDrive\VS\Projects\DocxDocument\DocumentModel.InOpenXml\Vml\Complex.cs","14","Property","nameof(DXVO.Complex.Extension)","ExtensionHandlingBehavior?","Extension","_Extension"
"D:\OneDrive\VS\Projects\DocxDocument\DocumentModel.InOpenXml\Vml\Curve.cs","17","Property","nameof(DXV.Curve.Id)","string?","Id","_Id"
"D:\OneDrive\VS\Projects\DocxDocument\DocumentModel.InOpenXml\Vml\Curve.cs","24","Property","nameof(DXV.Curve.Style)","string?","Style","_Style"
"D:\OneDrive\VS\Projects\DocxDocument\DocumentModel.InOpenXml\Vml\Curve.cs","31","Property","nameof(DXV.Curve.Href)","string?","Href","_Href"
"D:\OneDrive\VS\Projects\DocxDocument\DocumentModel.InOpenXml\Vml\Curve.cs","38","Property","nameof(DXV.Curve.Target)","string?","Target","_Target"
"D:\OneDrive\VS\Projects\DocxDocument\DocumentModel.InOpenXml\Vml\Curve.cs","45","Property","nameof(DXV.Curve.Class)","string?","Class","_Class"
"D:\OneDrive\VS\Projects\DocxDocument\DocumentModel.InOpenXml\Vml\Curve.cs","52","Property","nameof(DXV.Curve.Title)","string?","Title","_Title"
"D:\OneDrive\VS\Projects\DocxDocument\DocumentModel.InOpenXml\Vml\Curve.cs","59","Property","nameof(DXV.Curve.Alternate)","string?","Alternate","_Alternate"
"D:\OneDrive\VS\Projects\DocxDocument\DocumentModel.InOpenXml\Vml\Curve.cs","66","Property","nameof(DXV.Curve.CoordinateSize)","string?","CoordinateSize","_CoordinateSize"
"D:\OneDrive\VS\Projects\DocxDocument\DocumentModel.InOpenXml\Vml\Curve.cs","73","Property","nameof(DXV.Curve.CoordinateOrigin)","string?","CoordinateOrigin","_CoordinateOrigin"
"D:\OneDrive\VS\Projects\DocxDocument\DocumentModel.InOpenXml\Vml\Curve.cs","80","Property","nameof(DXV.Curve.WrapCoordinates)","string?","WrapCoordinates","_WrapCoordinates"
"D:\OneDrive\VS\Projects\DocxDocument\DocumentModel.InOpenXml\Vml\Curve.cs","87","Property","nameof(DXV.Curve.Print)","bool?","Print","_Print"
"D:\OneDrive\VS\Projects\DocxDocument\DocumentModel.InOpenXml\Vml\Curve.cs","94","Property","nameof(DXV.Curve.OptionalString)","string?","OptionalString","_OptionalString"
"D:\OneDrive\VS\Projects\DocxDocument\DocumentModel.InOpenXml\Vml\Curve.cs","101","Property","nameof(DXV.Curve.Oned)","bool?","Oned","_Oned"
"D:\OneDrive\VS\Projects\DocxDocument\DocumentModel.InOpenXml\Vml\Curve.cs","108","Property","nameof(DXV.Curve.RegroupId)","Int64?","RegroupId","_RegroupId"
"D:\OneDrive\VS\Projects\DocxDocument\DocumentModel.InOpenXml\Vml\Curve.cs","115","Property","nameof(DXV.Curve.DoubleClickNotify)","bool?","DoubleClickNotify","_DoubleClickNotify"
"D:\OneDrive\VS\Projects\DocxDocument\DocumentModel.InOpenXml\Vml\Curve.cs","122","Property","nameof(DXV.Curve.Button)","bool?","Button","_Button"
"D:\OneDrive\VS\Projects\DocxDocument\DocumentModel.InOpenXml\Vml\Curve.cs","129","Property","nameof(DXV.Curve.UserHidden)","bool?","UserHidden","_UserHidden"
"D:\OneDrive\VS\Projects\DocxDocument\DocumentModel.InOpenXml\Vml\Curve.cs","136","Property","nameof(DXV.Curve.Bullet)","bool?","Bullet","_Bullet"
"D:\OneDrive\VS\Projects\DocxDocument\DocumentModel.InOpenXml\Vml\Curve.cs","143","Property","nameof(DXV.Curve.Horizontal)","bool?","Horizontal","_Horizontal"
"D:\OneDrive\VS\Projects\DocxDocument\DocumentModel.InOpenXml\Vml\Curve.cs","150","Property","nameof(DXV.Curve.HorizontalStandard)","bool?","HorizontalStandard","_HorizontalStandard"
"D:\OneDrive\VS\Projects\DocxDocument\DocumentModel.InOpenXml\Vml\Curve.cs","157","Property","nameof(DXV.Curve.HorizontalNoShade)","bool?","HorizontalNoShade","_HorizontalNoShade"
"D:\OneDrive\VS\Projects\DocxDocument\DocumentModel.InOpenXml\Vml\Curve.cs","164","Property","nameof(DXV.Curve.HorizontalPercentage)","Single?","HorizontalPercentage","_HorizontalPercentage"
"D:\OneDrive\VS\Projects\DocxDocument\DocumentModel.InOpenXml\Vml\Curve.cs","171","Property","nameof(DXV.Curve.HorizontalAlignment)","HorizontalRuleAlignment?","HorizontalAlignment","_HorizontalAlignment"
"D:\OneDrive\VS\Projects\DocxDocument\DocumentModel.InOpenXml\Vml\Curve.cs","178","Property","nameof(DXV.Curve.AllowInCell)","bool?","AllowInCell","_AllowInCell"
"D:\OneDrive\VS\Projects\DocxDocument\DocumentModel.InOpenXml\Vml\Curve.cs","185","Property","nameof(DXV.Curve.AllowOverlap)","bool?","AllowOverlap","_AllowOverlap"
"D:\OneDrive\VS\Projects\DocxDocument\DocumentModel.InOpenXml\Vml\Curve.cs","192","Property","nameof(DXV.Curve.UserDrawn)","bool?","UserDrawn","_UserDrawn"
"D:\OneDrive\VS\Projects\DocxDocument\DocumentModel.InOpenXml\Vml\Curve.cs","199","Property","nameof(DXV.Curve.BorderTopColor)","VmlColor?","BorderTopColor","_BorderTopColor"
"D:\OneDrive\VS\Projects\DocxDocument\DocumentModel.InOpenXml\Vml\Curve.cs","206","Property","nameof(DXV.Curve.BorderLeftColor)","VmlColor?","BorderLeftColor","_BorderLeftColor"
"D:\OneDrive\VS\Projects\DocxDocument\DocumentModel.InOpenXml\Vml\Curve.cs","213","Property","nameof(DXV.Curve.BorderBottomColor)","VmlColor?","BorderBottomColor","_BorderBottomColor"
"D:\OneDrive\VS\Projects\DocxDocument\DocumentModel.InOpenXml\Vml\Curve.cs","220","Property","nameof(DXV.Curve.BorderRightColor)","VmlColor?","BorderRightColor","_BorderRightColor"
"D:\OneDrive\VS\Projects\DocxDocument\DocumentModel.InOpenXml\Vml\Curve.cs","227","Property","nameof(DXV.Curve.DiagramLayout)","Int64?","DiagramLayout","_DiagramLayout"
"D:\OneDrive\VS\Projects\DocxDocument\DocumentModel.InOpenXml\Vml\Curve.cs","234","Property","nameof(DXV.Curve.DiagramNodeKind)","Int64?","DiagramNodeKind","_DiagramNodeKind"
"D:\OneDrive\VS\Projects\DocxDocument\DocumentModel.InOpenXml\Vml\Curve.cs","241","Property","nameof(DXV.Curve.DiagramLayoutMostRecentUsed)","Int64?","DiagramLayoutMostRecentUsed","_DiagramLayoutMostRecentUsed"
"D:\OneDrive\VS\Projects\DocxDocument\DocumentModel.InOpenXml\Vml\Curve.cs","248","Property","nameof(DXV.Curve.InsetMode)","InsetMargin?","InsetMode","_InsetMode"
"D:\OneDrive\VS\Projects\DocxDocument\DocumentModel.InOpenXml\Vml\Curve.cs","255","Property","nameof(DXV.Curve.Filled)","bool?","Filled","_Filled"
"D:\OneDrive\VS\Projects\DocxDocument\DocumentModel.InOpenXml\Vml\Curve.cs","262","Property","nameof(DXV.Curve.FillColor)","VmlColor?","FillColor","_FillColor"
"D:\OneDrive\VS\Projects\DocxDocument\DocumentModel.InOpenXml\Vml\Curve.cs","269","Property","nameof(DXV.Curve.Stroked)","bool?","Stroked","_Stroked"
"D:\OneDrive\VS\Projects\DocxDocument\DocumentModel.InOpenXml\Vml\Curve.cs","276","Property","nameof(DXV.Curve.StrokeColor)","VmlColor?","StrokeColor","_StrokeColor"
"D:\OneDrive\VS\Projects\DocxDocument\DocumentModel.InOpenXml\Vml\Curve.cs","283","Property","nameof(DXV.Curve.StrokeWeight)","string?","StrokeWeight","_StrokeWeight"
"D:\OneDrive\VS\Projects\DocxDocument\DocumentModel.InOpenXml\Vml\Curve.cs","290","Property","nameof(DXV.Curve.InsetPen)","bool?","InsetPen","_InsetPen"
"D:\OneDrive\VS\Projects\DocxDocument\DocumentModel.InOpenXml\Vml\Curve.cs","297","Property","nameof(DXV.Curve.OptionalNumber)","Int32?","OptionalNumber","_OptionalNumber"
"D:\OneDrive\VS\Projects\DocxDocument\DocumentModel.InOpenXml\Vml\Curve.cs","304","Property","nameof(DXV.Curve.ConnectorType)","ConnectorType?","ConnectorType","_ConnectorType"
"D:\OneDrive\VS\Projects\DocxDocument\DocumentModel.InOpenXml\Vml\Curve.cs","311","Property","nameof(DXV.Curve.BlackWhiteMode)","BlackAndWhiteMode?","BlackWhiteMode","_BlackWhiteMode"
"D:\OneDrive\VS\Projects\DocxDocument\DocumentModel.InOpenXml\Vml\Curve.cs","318","Property","nameof(DXV.Curve.PureBlackWhiteMode)","BlackAndWhiteMode?","PureBlackWhiteMode","_PureBlackWhiteMode"
"D:\OneDrive\VS\Projects\DocxDocument\DocumentModel.InOpenXml\Vml\Curve.cs","325","Property","nameof(DXV.Curve.NormalBlackWhiteMode)","BlackAndWhiteMode?","NormalBlackWhiteMode","_NormalBlackWhiteMode"
"D:\OneDrive\VS\Projects\DocxDocument\DocumentModel.InOpenXml\Vml\Curve.cs","332","Property","nameof(DXV.Curve.ForceDash)","bool?","ForceDash","_ForceDash"
"D:\OneDrive\VS\Projects\DocxDocument\DocumentModel.InOpenXml\Vml\Curve.cs","339","Property","nameof(DXV.Curve.OleIcon)","bool?","OleIcon","_OleIcon"
"D:\OneDrive\VS\Projects\DocxDocument\DocumentModel.InOpenXml\Vml\Curve.cs","346","Property","nameof(DXV.Curve.Ole)","bool?","Ole","_Ole"
"D:\OneDrive\VS\Projects\DocxDocument\DocumentModel.InOpenXml\Vml\Curve.cs","353","Property","nameof(DXV.Curve.PreferRelative)","bool?","PreferRelative","_PreferRelative"
"D:\OneDrive\VS\Projects\DocxDocument\DocumentModel.InOpenXml\Vml\Curve.cs","360","Property","nameof(DXV.Curve.ClipToWrap)","bool?","ClipToWrap","_ClipToWrap"
"D:\OneDrive\VS\Projects\DocxDocument\DocumentModel.InOpenXml\Vml\Curve.cs","367","Property","nameof(DXV.Curve.Clip)","bool?","Clip","_Clip"
"D:\OneDrive\VS\Projects\DocxDocument\DocumentModel.InOpenXml\Vml\Curve.cs","374","Property","nameof(DXV.Curve.Gfxdata)","Base64Binary?","GfxData","_GfxData"
"D:\OneDrive\VS\Projects\DocxDocument\DocumentModel.InOpenXml\Vml\Curve.cs","381","Property","nameof(DXV.Curve.From)","string?","From","_From"
"D:\OneDrive\VS\Projects\DocxDocument\DocumentModel.InOpenXml\Vml\Curve.cs","388","Property","nameof(DXV.Curve.Control1)","string?","Control1","_Control1"
"D:\OneDrive\VS\Projects\DocxDocument\DocumentModel.InOpenXml\Vml\Curve.cs","395","Property","nameof(DXV.Curve.Control2)","string?","Control2","_Control2"
"D:\OneDrive\VS\Projects\DocxDocument\DocumentModel.InOpenXml\Vml\Curve.cs","402","Property","nameof(DXV.Curve.To)","string?","To","_To"
"D:\OneDrive\VS\Projects\DocxDocument\DocumentModel.InOpenXml\Vml\Diagram.cs","14","Property","nameof(DXVO.Diagram.Extension)","ExtensionHandlingBehavior?","Extension","_Extension"
"D:\OneDrive\VS\Projects\DocxDocument\DocumentModel.InOpenXml\Vml\Diagram.cs","21","Property","nameof(DXVO.Diagram.Style)","Int64?","Style","_Style"
"D:\OneDrive\VS\Projects\DocxDocument\DocumentModel.InOpenXml\Vml\Diagram.cs","28","Property","nameof(DXVO.Diagram.AutoFormat)","bool?","AutoFormat","_AutoFormat"
"D:\OneDrive\VS\Projects\DocxDocument\DocumentModel.InOpenXml\Vml\Diagram.cs","35","Property","nameof(DXVO.Diagram.Reverse)","bool?","Reverse","_Reverse"
"D:\OneDrive\VS\Projects\DocxDocument\DocumentModel.InOpenXml\Vml\Diagram.cs","42","Property","nameof(DXVO.Diagram.AutoLayout)","bool?","AutoLayout","_AutoLayout"
"D:\OneDrive\VS\Projects\DocxDocument\DocumentModel.InOpenXml\Vml\Diagram.cs","49","Property","nameof(DXVO.Diagram.ScaleX)","Int64?","ScaleX","_ScaleX"
"D:\OneDrive\VS\Projects\DocxDocument\DocumentModel.InOpenXml\Vml\Diagram.cs","56","Property","nameof(DXVO.Diagram.ScaleY)","Int64?","ScaleY","_ScaleY"
"D:\OneDrive\VS\Projects\DocxDocument\DocumentModel.InOpenXml\Vml\Diagram.cs","63","Property","nameof(DXVO.Diagram.FontSize)","Int64?","FontSize","_FontSize"
"D:\OneDrive\VS\Projects\DocxDocument\DocumentModel.InOpenXml\Vml\Diagram.cs","70","Property","nameof(DXVO.Diagram.ConstrainBounds)","string?","ConstrainBounds","_ConstrainBounds"
"D:\OneDrive\VS\Projects\DocxDocument\DocumentModel.InOpenXml\Vml\Diagram.cs","77","Property","nameof(DXVO.Diagram.BaseTextScale)","Int64?","BaseTextScale","_BaseTextScale"
"D:\OneDrive\VS\Projects\DocxDocument\DocumentModel.InOpenXml\Vml\Diagram.cs","84","Property","nameof(DXVO.Diagram.RelationTable)","RelationTable?","RelationTable","_RelationTable"
"D:\OneDrive\VS\Projects\DocxDocument\DocumentModel.InOpenXml\Vml\Entry.cs","14","Property","nameof(DXVO.Entry.New)","Int32?","New","_New"
"D:\OneDrive\VS\Projects\DocxDocument\DocumentModel.InOpenXml\Vml\Entry.cs","21","Property","nameof(DXVO.Entry.Old)","Int32?","Old","_Old"
"D:\OneDrive\VS\Projects\DocxDocument\DocumentModel.InOpenXml\Vml\Extrusion.cs","14","Property","nameof(DXVO.Extrusion.Extension)","ExtensionHandlingBehavior?","Extension","_Extension"
"D:\OneDrive\VS\Projects\DocxDocument\DocumentModel.InOpenXml\Vml\Extrusion.cs","21","Property","nameof(DXVO.Extrusion.On)","bool?","On","_On"
"D:\OneDrive\VS\Projects\DocxDocument\DocumentModel.InOpenXml\Vml\Extrusion.cs","28","Property","nameof(DXVO.Extrusion.Type)","ExtrusionType?","Type","_Type"
"D:\OneDrive\VS\Projects\DocxDocument\DocumentModel.InOpenXml\Vml\Extrusion.cs","35","Property","nameof(DXVO.Extrusion.Render)","ExtrusionRender?","Render","_Render"
"D:\OneDrive\VS\Projects\DocxDocument\DocumentModel.InOpenXml\Vml\Extrusion.cs","42","Property","nameof(DXVO.Extrusion.ViewpointOrigin)","string?","ViewpointOrigin","_ViewpointOrigin"
"D:\OneDrive\VS\Projects\DocxDocument\DocumentModel.InOpenXml\Vml\Extrusion.cs","49","Property","nameof(DXVO.Extrusion.Viewpoint)","string?","Viewpoint","_Viewpoint"
"D:\OneDrive\VS\Projects\DocxDocument\DocumentModel.InOpenXml\Vml\Extrusion.cs","56","Property","nameof(DXVO.Extrusion.SkewAngle)","Single?","SkewAngle","_SkewAngle"
"D:\OneDrive\VS\Projects\DocxDocument\DocumentModel.InOpenXml\Vml\Extrusion.cs","63","Property","nameof(DXVO.Extrusion.SkewAmount)","string?","SkewAmount","_SkewAmount"
"D:\OneDrive\VS\Projects\DocxDocument\DocumentModel.InOpenXml\Vml\Extrusion.cs","70","Property","nameof(DXVO.Extrusion.ForceDepth)","string?","ForceDepth","_ForceDepth"
"D:\OneDrive\VS\Projects\DocxDocument\DocumentModel.InOpenXml\Vml\Extrusion.cs","77","Property","nameof(DXVO.Extrusion.BackDepth)","string?","BackDepth","_BackDepth"
"D:\OneDrive\VS\Projects\DocxDocument\DocumentModel.InOpenXml\Vml\Extrusion.cs","84","Property","nameof(DXVO.Extrusion.Orientation)","string?","Orientation","_Orientation"
"D:\OneDrive\VS\Projects\DocxDocument\DocumentModel.InOpenXml\Vml\Extrusion.cs","91","Property","nameof(DXVO.Extrusion.OrientationAngle)","Single?","OrientationAngle","_OrientationAngle"
"D:\OneDrive\VS\Projects\DocxDocument\DocumentModel.InOpenXml\Vml\Extrusion.cs","98","Property","nameof(DXVO.Extrusion.LockRotationCenter)","bool?","LockRotationCenter","_LockRotationCenter"
"D:\OneDrive\VS\Projects\DocxDocument\DocumentModel.InOpenXml\Vml\Extrusion.cs","105","Property","nameof(DXVO.Extrusion.AutoRotationCenter)","bool?","AutoRotationCenter","_AutoRotationCenter"
"D:\OneDrive\VS\Projects\DocxDocument\DocumentModel.InOpenXml\Vml\Extrusion.cs","112","Property","nameof(DXVO.Extrusion.RotationCenter)","string?","RotationCenter","_RotationCenter"
"D:\OneDrive\VS\Projects\DocxDocument\DocumentModel.InOpenXml\Vml\Extrusion.cs","119","Property","nameof(DXVO.Extrusion.RotationAngle)","string?","RotationAngle","_RotationAngle"
"D:\OneDrive\VS\Projects\DocxDocument\DocumentModel.InOpenXml\Vml\Extrusion.cs","126","Property","nameof(DXVO.Extrusion.Color)","VmlColor?","Color","_Color"
"D:\OneDrive\VS\Projects\DocxDocument\DocumentModel.InOpenXml\Vml\Extrusion.cs","133","Property","nameof(DXVO.Extrusion.Shininess)","Single?","Shininess","_Shininess"
"D:\OneDrive\VS\Projects\DocxDocument\DocumentModel.InOpenXml\Vml\Extrusion.cs","140","Property","nameof(DXVO.Extrusion.Specularity)","VmlColor?","Specularity","_Specularity"
"D:\OneDrive\VS\Projects\DocxDocument\DocumentModel.InOpenXml\Vml\Extrusion.cs","147","Property","nameof(DXVO.Extrusion.Diffusity)","string?","Diffusity","_Diffusity"
"D:\OneDrive\VS\Projects\DocxDocument\DocumentModel.InOpenXml\Vml\Extrusion.cs","154","Property","nameof(DXVO.Extrusion.Metal)","bool?","Metal","_Metal"
"D:\OneDrive\VS\Projects\DocxDocument\DocumentModel.InOpenXml\Vml\Extrusion.cs","161","Property","nameof(DXVO.Extrusion.Edge)","string?","Edge","_Edge"
"D:\OneDrive\VS\Projects\DocxDocument\DocumentModel.InOpenXml\Vml\Extrusion.cs","168","Property","nameof(DXVO.Extrusion.Facet)","string?","Facet","_Facet"
"D:\OneDrive\VS\Projects\DocxDocument\DocumentModel.InOpenXml\Vml\Extrusion.cs","175","Property","nameof(DXVO.Extrusion.LightFace)","bool?","LightFace","_LightFace"
"D:\OneDrive\VS\Projects\DocxDocument\DocumentModel.InOpenXml\Vml\Extrusion.cs","182","Property","nameof(DXVO.Extrusion.Brightness)","string?","Brightness","_Brightness"
"D:\OneDrive\VS\Projects\DocxDocument\DocumentModel.InOpenXml\Vml\Extrusion.cs","189","Property","nameof(DXVO.Extrusion.LightPosition)","string?","LightPosition","_LightPosition"
"D:\OneDrive\VS\Projects\DocxDocument\DocumentModel.InOpenXml\Vml\Extrusion.cs","196","Property","nameof(DXVO.Extrusion.LightLevel)","string?","LightLevel","_LightLevel"
"D:\OneDrive\VS\Projects\DocxDocument\DocumentModel.InOpenXml\Vml\Extrusion.cs","203","Property","nameof(DXVO.Extrusion.LightHarsh)","bool?","LightHarsh","_LightHarsh"
"D:\OneDrive\VS\Projects\DocxDocument\DocumentModel.InOpenXml\Vml\Extrusion.cs","210","Property","nameof(DXVO.Extrusion.LightPosition2)","string?","LightPosition2","_LightPosition2"
"D:\OneDrive\VS\Projects\DocxDocument\DocumentModel.InOpenXml\Vml\Extrusion.cs","217","Property","nameof(DXVO.Extrusion.LightLevel2)","string?","LightLevel2","_LightLevel2"
"D:\OneDrive\VS\Projects\DocxDocument\DocumentModel.InOpenXml\Vml\Extrusion.cs","224","Property","nameof(DXVO.Extrusion.LightHarsh2)","bool?","LightHarsh2","_LightHarsh2"
"D:\OneDrive\VS\Projects\DocxDocument\DocumentModel.InOpenXml\Vml\Fill.cs","14","Property","nameof(DXV.Fill.Id)","string?","Id","_Id"
"D:\OneDrive\VS\Projects\DocxDocument\DocumentModel.InOpenXml\Vml\Fill.cs","21","Property","nameof(DXV.Fill.Type)","FillType?","Type","_Type"
"D:\OneDrive\VS\Projects\DocxDocument\DocumentModel.InOpenXml\Vml\Fill.cs","28","Property","nameof(DXV.Fill.On)","bool?","On","_On"
"D:\OneDrive\VS\Projects\DocxDocument\DocumentModel.InOpenXml\Vml\Fill.cs","35","Property","nameof(DXV.Fill.Color)","DMV.VmlColor?","Color","_Color"
"D:\OneDrive\VS\Projects\DocxDocument\DocumentModel.InOpenXml\Vml\Fill.cs","42","Property","nameof(DXV.Fill.Opacity)","string?","Opacity","_Opacity"
"D:\OneDrive\VS\Projects\DocxDocument\DocumentModel.InOpenXml\Vml\Fill.cs","49","Property","nameof(DXV.Fill.Color2)","string?","Color2","_Color2"
"D:\OneDrive\VS\Projects\DocxDocument\DocumentModel.InOpenXml\Vml\Fill.cs","56","Property","nameof(DXV.Fill.Source)","string?","Source","_Source"
"D:\OneDrive\VS\Projects\DocxDocument\DocumentModel.InOpenXml\Vml\Fill.cs","63","Property","nameof(DXV.Fill.Href)","string?","Href","_Href"
"D:\OneDrive\VS\Projects\DocxDocument\DocumentModel.InOpenXml\Vml\Fill.cs","70","Property","nameof(DXV.Fill.AlternateImageReference)","string?","AlternateImageReference","_AlternateImageReference"
"D:\OneDrive\VS\Projects\DocxDocument\DocumentModel.InOpenXml\Vml\Fill.cs","77","Property","nameof(DXV.Fill.Size)","string?","Size","_Size"
"D:\OneDrive\VS\Projects\DocxDocument\DocumentModel.InOpenXml\Vml\Fill.cs","84","Property","nameof(DXV.Fill.Origin)","string?","Origin","_Origin"
"D:\OneDrive\VS\Projects\DocxDocument\DocumentModel.InOpenXml\Vml\Fill.cs","91","Property","nameof(DXV.Fill.Position)","string?","Position","_Position"
"D:\OneDrive\VS\Projects\DocxDocument\DocumentModel.InOpenXml\Vml\Fill.cs","98","Property","nameof(DXV.Fill.Aspect)","ImageAspectType?","Aspect","_Aspect"
"D:\OneDrive\VS\Projects\DocxDocument\DocumentModel.InOpenXml\Vml\Fill.cs","105","Property","nameof(DXV.Fill.Colors)","string?","Colors","_Colors"
"D:\OneDrive\VS\Projects\DocxDocument\DocumentModel.InOpenXml\Vml\Fill.cs","112","Property","nameof(DXV.Fill.Angle)","Decimal?","Angle","_Angle"
"D:\OneDrive\VS\Projects\DocxDocument\DocumentModel.InOpenXml\Vml\Fill.cs","119","Property","nameof(DXV.Fill.AlignShape)","bool?","AlignShape","_AlignShape"
"D:\OneDrive\VS\Projects\DocxDocument\DocumentModel.InOpenXml\Vml\Fill.cs","126","Property","nameof(DXV.Fill.Focus)","string?","Focus","_Focus"
"D:\OneDrive\VS\Projects\DocxDocument\DocumentModel.InOpenXml\Vml\Fill.cs","133","Property","nameof(DXV.Fill.FocusSize)","string?","FocusSize","_FocusSize"
"D:\OneDrive\VS\Projects\DocxDocument\DocumentModel.InOpenXml\Vml\Fill.cs","140","Property","nameof(DXV.Fill.FocusPosition)","string?","FocusPosition","_FocusPosition"
"D:\OneDrive\VS\Projects\DocxDocument\DocumentModel.InOpenXml\Vml\Fill.cs","147","Property","nameof(DXV.Fill.Method)","FillMethod?","Method","_Method"
"D:\OneDrive\VS\Projects\DocxDocument\DocumentModel.InOpenXml\Vml\Fill.cs","154","Property","nameof(DXV.Fill.DetectMouseClick)","bool?","DetectMouseClick","_DetectMouseClick"
"D:\OneDrive\VS\Projects\DocxDocument\DocumentModel.InOpenXml\Vml\Fill.cs","161","Property","nameof(DXV.Fill.Title)","string?","Title","_Title"
"D:\OneDrive\VS\Projects\DocxDocument\DocumentModel.InOpenXml\Vml\Fill.cs","168","Property","nameof(DXV.Fill.Opacity2)","string?","Opacity2","_Opacity2"
"D:\OneDrive\VS\Projects\DocxDocument\DocumentModel.InOpenXml\Vml\Fill.cs","175","Property","nameof(DXV.Fill.Recolor)","bool?","Recolor","_Recolor"
"D:\OneDrive\VS\Projects\DocxDocument\DocumentModel.InOpenXml\Vml\Fill.cs","182","Property","nameof(DXV.Fill.Rotate)","bool?","Rotate","_Rotate"
"D:\OneDrive\VS\Projects\DocxDocument\DocumentModel.InOpenXml\Vml\Fill.cs","189","Property","nameof(DXV.Fill.RelationshipId)","string?","RelationshipId","_RelationshipId"
"D:\OneDrive\VS\Projects\DocxDocument\DocumentModel.InOpenXml\Vml\Fill.cs","196","Property","nameof(DXV.Fill.FillExtendedProperties)","FillExtendedProperties?","FillExtendedProperties","_FillExtendedProperties"
"D:\OneDrive\VS\Projects\DocxDocument\DocumentModel.InOpenXml\Vml\FillExtendedProperties.cs","14","Property","nameof(DXVO.FillExtendedProperties.Extension)","ExtensionHandlingBehavior?","Extension","_Extension"
"D:\OneDrive\VS\Projects\DocxDocument\DocumentModel.InOpenXml\Vml\FillExtendedProperties.cs","21","Property","nameof(DXVO.FillExtendedProperties.Type)","FillKind?","Type","_Type"
"D:\OneDrive\VS\Projects\DocxDocument\DocumentModel.InOpenXml\Vml\Formula.cs","14","Property","nameof(DXV.Formula.Equation)","string?","Equation","_Equation"
"D:\OneDrive\VS\Projects\DocxDocument\DocumentModel.InOpenXml\Vml\Group.cs","17","Property","nameof(DXV.Group.Id)","string?","Id","_Id"
"D:\OneDrive\VS\Projects\DocxDocument\DocumentModel.InOpenXml\Vml\Group.cs","24","Property","nameof(DXV.Group.Style)","string?","Style","_Style"
"D:\OneDrive\VS\Projects\DocxDocument\DocumentModel.InOpenXml\Vml\Group.cs","31","Property","nameof(DXV.Group.Href)","string?","Href","_Href"
"D:\OneDrive\VS\Projects\DocxDocument\DocumentModel.InOpenXml\Vml\Group.cs","38","Property","nameof(DXV.Group.Target)","string?","Target","_Target"
"D:\OneDrive\VS\Projects\DocxDocument\DocumentModel.InOpenXml\Vml\Group.cs","45","Property","nameof(DXV.Group.Class)","string?","Class","_Class"
"D:\OneDrive\VS\Projects\DocxDocument\DocumentModel.InOpenXml\Vml\Group.cs","52","Property","nameof(DXV.Group.Title)","string?","Title","_Title"
"D:\OneDrive\VS\Projects\DocxDocument\DocumentModel.InOpenXml\Vml\Group.cs","59","Property","nameof(DXV.Group.Alternate)","string?","Alternate","_Alternate"
"D:\OneDrive\VS\Projects\DocxDocument\DocumentModel.InOpenXml\Vml\Group.cs","66","Property","nameof(DXV.Group.CoordinateSize)","string?","CoordinateSize","_CoordinateSize"
"D:\OneDrive\VS\Projects\DocxDocument\DocumentModel.InOpenXml\Vml\Group.cs","73","Property","nameof(DXV.Group.CoordinateOrigin)","string?","CoordinateOrigin","_CoordinateOrigin"
"D:\OneDrive\VS\Projects\DocxDocument\DocumentModel.InOpenXml\Vml\Group.cs","80","Property","nameof(DXV.Group.WrapCoordinates)","string?","WrapCoordinates","_WrapCoordinates"
"D:\OneDrive\VS\Projects\DocxDocument\DocumentModel.InOpenXml\Vml\Group.cs","87","Property","nameof(DXV.Group.Print)","bool?","Print","_Print"
"D:\OneDrive\VS\Projects\DocxDocument\DocumentModel.InOpenXml\Vml\Group.cs","94","Property","nameof(DXV.Group.OptionalString)","string?","OptionalString","_OptionalString"
"D:\OneDrive\VS\Projects\DocxDocument\DocumentModel.InOpenXml\Vml\Group.cs","101","Property","nameof(DXV.Group.Oned)","bool?","Oned","_Oned"
"D:\OneDrive\VS\Projects\DocxDocument\DocumentModel.InOpenXml\Vml\Group.cs","108","Property","nameof(DXV.Group.RegroupId)","Int64?","RegroupId","_RegroupId"
"D:\OneDrive\VS\Projects\DocxDocument\DocumentModel.InOpenXml\Vml\Group.cs","115","Property","nameof(DXV.Group.DoubleClickNotify)","bool?","DoubleClickNotify","_DoubleClickNotify"
"D:\OneDrive\VS\Projects\DocxDocument\DocumentModel.InOpenXml\Vml\Group.cs","122","Property","nameof(DXV.Group.Button)","bool?","Button","_Button"
"D:\OneDrive\VS\Projects\DocxDocument\DocumentModel.InOpenXml\Vml\Group.cs","129","Property","nameof(DXV.Group.UserHidden)","bool?","UserHidden","_UserHidden"
"D:\OneDrive\VS\Projects\DocxDocument\DocumentModel.InOpenXml\Vml\Group.cs","136","Property","nameof(DXV.Group.Bullet)","bool?","Bullet","_Bullet"
"D:\OneDrive\VS\Projects\DocxDocument\DocumentModel.InOpenXml\Vml\Group.cs","143","Property","nameof(DXV.Group.Horizontal)","bool?","Horizontal","_Horizontal"
"D:\OneDrive\VS\Projects\DocxDocument\DocumentModel.InOpenXml\Vml\Group.cs","150","Property","nameof(DXV.Group.HorizontalStandard)","bool?","HorizontalStandard","_HorizontalStandard"
"D:\OneDrive\VS\Projects\DocxDocument\DocumentModel.InOpenXml\Vml\Group.cs","157","Property","nameof(DXV.Group.HorizontalNoShade)","bool?","HorizontalNoShade","_HorizontalNoShade"
"D:\OneDrive\VS\Projects\DocxDocument\DocumentModel.InOpenXml\Vml\Group.cs","164","Property","nameof(DXV.Group.HorizontalPercentage)","Single?","HorizontalPercentage","_HorizontalPercentage"
"D:\OneDrive\VS\Projects\DocxDocument\DocumentModel.InOpenXml\Vml\Group.cs","171","Property","nameof(DXV.Group.HorizontalAlignment)","HorizontalRuleAlignment?","HorizontalAlignment","_HorizontalAlignment"
"D:\OneDrive\VS\Projects\DocxDocument\DocumentModel.InOpenXml\Vml\Group.cs","178","Property","nameof(DXV.Group.AllowInCell)","bool?","AllowInCell","_AllowInCell"
"D:\OneDrive\VS\Projects\DocxDocument\DocumentModel.InOpenXml\Vml\Group.cs","185","Property","nameof(DXV.Group.AllowOverlap)","bool?","AllowOverlap","_AllowOverlap"
"D:\OneDrive\VS\Projects\DocxDocument\DocumentModel.InOpenXml\Vml\Group.cs","192","Property","nameof(DXV.Group.UserDrawn)","bool?","UserDrawn","_UserDrawn"
"D:\OneDrive\VS\Projects\DocxDocument\DocumentModel.InOpenXml\Vml\Group.cs","199","Property","nameof(DXV.Group.DiagramLayout)","Int64?","DiagramLayout","_DiagramLayout"
"D:\OneDrive\VS\Projects\DocxDocument\DocumentModel.InOpenXml\Vml\Group.cs","206","Property","nameof(DXV.Group.DiagramNodeKind)","Int64?","DiagramNodeKind","_DiagramNodeKind"
"D:\OneDrive\VS\Projects\DocxDocument\DocumentModel.InOpenXml\Vml\Group.cs","213","Property","nameof(DXV.Group.DiagramLayoutMostRecentUsed)","Int64?","DiagramLayoutMostRecentUsed","_DiagramLayoutMostRecentUsed"
"D:\OneDrive\VS\Projects\DocxDocument\DocumentModel.InOpenXml\Vml\Group.cs","220","Property","nameof(DXV.Group.InsetMode)","InsetMargin?","InsetMode","_InsetMode"
"D:\OneDrive\VS\Projects\DocxDocument\DocumentModel.InOpenXml\Vml\Group.cs","227","Property","nameof(DXV.Group.Gfxdata)","Base64Binary?","GfxData","_GfxData"
"D:\OneDrive\VS\Projects\DocxDocument\DocumentModel.InOpenXml\Vml\Group.cs","234","Property","nameof(DXV.Group.EditAs)","EditAs?","EditAs","_EditAs"
"D:\OneDrive\VS\Projects\DocxDocument\DocumentModel.InOpenXml\Vml\Group.cs","241","Property","nameof(DXV.Group.TableProperties)","string?","TableProperties","_TableProperties"
"D:\OneDrive\VS\Projects\DocxDocument\DocumentModel.InOpenXml\Vml\Group.cs","248","Property","nameof(DXV.Group.TableLimits)","string?","TableLimits","_TableLimits"
"D:\OneDrive\VS\Projects\DocxDocument\DocumentModel.InOpenXml\Vml\ImageData.cs","14","Property","nameof(DXV.ImageData.Id)","string?","Id","_Id"
"D:\OneDrive\VS\Projects\DocxDocument\DocumentModel.InOpenXml\Vml\ImageData.cs","21","Property","nameof(DXV.ImageData.ChromAKey)","string?","ChromAKey","_ChromAKey"
"D:\OneDrive\VS\Projects\DocxDocument\DocumentModel.InOpenXml\Vml\ImageData.cs","28","Property","nameof(DXV.ImageData.CropLeft)","string?","CropLeft","_CropLeft"
"D:\OneDrive\VS\Projects\DocxDocument\DocumentModel.InOpenXml\Vml\ImageData.cs","35","Property","nameof(DXV.ImageData.CropTop)","string?","CropTop","_CropTop"
"D:\OneDrive\VS\Projects\DocxDocument\DocumentModel.InOpenXml\Vml\ImageData.cs","42","Property","nameof(DXV.ImageData.CropRight)","string?","CropRight","_CropRight"
"D:\OneDrive\VS\Projects\DocxDocument\DocumentModel.InOpenXml\Vml\ImageData.cs","49","Property","nameof(DXV.ImageData.CropBottom)","string?","CropBottom","_CropBottom"
"D:\OneDrive\VS\Projects\DocxDocument\DocumentModel.InOpenXml\Vml\ImageData.cs","56","Property","nameof(DXV.ImageData.Gain)","string?","Gain","_Gain"
"D:\OneDrive\VS\Projects\DocxDocument\DocumentModel.InOpenXml\Vml\ImageData.cs","63","Property","nameof(DXV.ImageData.BlackLevel)","string?","BlackLevel","_BlackLevel"
"D:\OneDrive\VS\Projects\DocxDocument\DocumentModel.InOpenXml\Vml\ImageData.cs","70","Property","nameof(DXV.ImageData.Gamma)","string?","Gamma","_Gamma"
"D:\OneDrive\VS\Projects\DocxDocument\DocumentModel.InOpenXml\Vml\ImageData.cs","77","Property","nameof(DXV.ImageData.Grayscale)","Boolean","Grayscale","_Grayscale"
"D:\OneDrive\VS\Projects\DocxDocument\DocumentModel.InOpenXml\Vml\ImageData.cs","84","Property","nameof(DXV.ImageData.BiLevel)","bool?","BiLevel","_BiLevel"
"D:\OneDrive\VS\Projects\DocxDocument\DocumentModel.InOpenXml\Vml\ImageData.cs","91","Property","nameof(DXV.ImageData.EmbossColor)","VmlColor?","EmbossColor","_EmbossColor"
"D:\OneDrive\VS\Projects\DocxDocument\DocumentModel.InOpenXml\Vml\ImageData.cs","98","Property","nameof(DXV.ImageData.RecolorTarget)","VmlColor?","RecolorTarget","_RecolorTarget"
"D:\OneDrive\VS\Projects\DocxDocument\DocumentModel.InOpenXml\Vml\ImageData.cs","105","Property","nameof(DXV.ImageData.Title)","string?","Title","_Title"
"D:\OneDrive\VS\Projects\DocxDocument\DocumentModel.InOpenXml\Vml\ImageData.cs","112","Property","nameof(DXV.ImageData.DetectMouseClick)","bool?","DetectMouseClick","_DetectMouseClick"
"D:\OneDrive\VS\Projects\DocxDocument\DocumentModel.InOpenXml\Vml\ImageData.cs","119","Property","nameof(DXV.ImageData.RelId)","string?","RelId","_RelId"
"D:\OneDrive\VS\Projects\DocxDocument\DocumentModel.InOpenXml\Vml\ImageData.cs","126","Property","nameof(DXV.ImageData.RelationshipId)","string?","RelationshipId","_RelationshipId"
"D:\OneDrive\VS\Projects\DocxDocument\DocumentModel.InOpenXml\Vml\ImageData.cs","133","Property","nameof(DXV.ImageData.Picture)","string?","Picture","_Picture"
"D:\OneDrive\VS\Projects\DocxDocument\DocumentModel.InOpenXml\Vml\ImageData.cs","140","Property","nameof(DXV.ImageData.RelHref)","string?","RelHref","_RelHref"
"D:\OneDrive\VS\Projects\DocxDocument\DocumentModel.InOpenXml\Vml\ImageFile.cs","17","Property","nameof(DXV.ImageFile.Id)","string?","Id","_Id"
"D:\OneDrive\VS\Projects\DocxDocument\DocumentModel.InOpenXml\Vml\ImageFile.cs","24","Property","nameof(DXV.ImageFile.Style)","string?","Style","_Style"
"D:\OneDrive\VS\Projects\DocxDocument\DocumentModel.InOpenXml\Vml\ImageFile.cs","31","Property","nameof(DXV.ImageFile.Href)","string?","Href","_Href"
"D:\OneDrive\VS\Projects\DocxDocument\DocumentModel.InOpenXml\Vml\ImageFile.cs","38","Property","nameof(DXV.ImageFile.Target)","string?","Target","_Target"
"D:\OneDrive\VS\Projects\DocxDocument\DocumentModel.InOpenXml\Vml\ImageFile.cs","45","Property","nameof(DXV.ImageFile.Class)","string?","Class","_Class"
"D:\OneDrive\VS\Projects\DocxDocument\DocumentModel.InOpenXml\Vml\ImageFile.cs","52","Property","nameof(DXV.ImageFile.Title)","string?","Title","_Title"
"D:\OneDrive\VS\Projects\DocxDocument\DocumentModel.InOpenXml\Vml\ImageFile.cs","59","Property","nameof(DXV.ImageFile.Alternate)","string?","Alternate","_Alternate"
"D:\OneDrive\VS\Projects\DocxDocument\DocumentModel.InOpenXml\Vml\ImageFile.cs","66","Property","nameof(DXV.ImageFile.CoordinateSize)","string?","CoordinateSize","_CoordinateSize"
"D:\OneDrive\VS\Projects\DocxDocument\DocumentModel.InOpenXml\Vml\ImageFile.cs","73","Property","nameof(DXV.ImageFile.WrapCoordinates)","string?","WrapCoordinates","_WrapCoordinates"
"D:\OneDrive\VS\Projects\DocxDocument\DocumentModel.InOpenXml\Vml\ImageFile.cs","80","Property","nameof(DXV.ImageFile.Print)","bool?","Print","_Print"
"D:\OneDrive\VS\Projects\DocxDocument\DocumentModel.InOpenXml\Vml\ImageFile.cs","87","Property","nameof(DXV.ImageFile.OptionalString)","string?","OptionalString","_OptionalString"
"D:\OneDrive\VS\Projects\DocxDocument\DocumentModel.InOpenXml\Vml\ImageFile.cs","94","Property","nameof(DXV.ImageFile.Oned)","bool?","Oned","_Oned"
"D:\OneDrive\VS\Projects\DocxDocument\DocumentModel.InOpenXml\Vml\ImageFile.cs","101","Property","nameof(DXV.ImageFile.RegroupId)","Int64?","RegroupId","_RegroupId"
"D:\OneDrive\VS\Projects\DocxDocument\DocumentModel.InOpenXml\Vml\ImageFile.cs","108","Property","nameof(DXV.ImageFile.DoubleClickNotify)","bool?","DoubleClickNotify","_DoubleClickNotify"
"D:\OneDrive\VS\Projects\DocxDocument\DocumentModel.InOpenXml\Vml\ImageFile.cs","115","Property","nameof(DXV.ImageFile.Button)","bool?","Button","_Button"
"D:\OneDrive\VS\Projects\DocxDocument\DocumentModel.InOpenXml\Vml\ImageFile.cs","122","Property","nameof(DXV.ImageFile.UserHidden)","bool?","UserHidden","_UserHidden"
"D:\OneDrive\VS\Projects\DocxDocument\DocumentModel.InOpenXml\Vml\ImageFile.cs","129","Property","nameof(DXV.ImageFile.Bullet)","bool?","Bullet","_Bullet"
"D:\OneDrive\VS\Projects\DocxDocument\DocumentModel.InOpenXml\Vml\ImageFile.cs","136","Property","nameof(DXV.ImageFile.Horizontal)","bool?","Horizontal","_Horizontal"
"D:\OneDrive\VS\Projects\DocxDocument\DocumentModel.InOpenXml\Vml\ImageFile.cs","143","Property","nameof(DXV.ImageFile.HorizontalStandard)","bool?","HorizontalStandard","_HorizontalStandard"
"D:\OneDrive\VS\Projects\DocxDocument\DocumentModel.InOpenXml\Vml\ImageFile.cs","150","Property","nameof(DXV.ImageFile.HorizontalNoShade)","bool?","HorizontalNoShade","_HorizontalNoShade"
"D:\OneDrive\VS\Projects\DocxDocument\DocumentModel.InOpenXml\Vml\ImageFile.cs","157","Property","nameof(DXV.ImageFile.HorizontalPercentage)","Single?","HorizontalPercentage","_HorizontalPercentage"
"D:\OneDrive\VS\Projects\DocxDocument\DocumentModel.InOpenXml\Vml\ImageFile.cs","164","Property","nameof(DXV.ImageFile.HorizontalAlignment)","HorizontalRuleAlignment?","HorizontalAlignment","_HorizontalAlignment"
"D:\OneDrive\VS\Projects\DocxDocument\DocumentModel.InOpenXml\Vml\ImageFile.cs","171","Property","nameof(DXV.ImageFile.AllowInCell)","bool?","AllowInCell","_AllowInCell"
"D:\OneDrive\VS\Projects\DocxDocument\DocumentModel.InOpenXml\Vml\ImageFile.cs","178","Property","nameof(DXV.ImageFile.AllowOverlap)","bool?","AllowOverlap","_AllowOverlap"
"D:\OneDrive\VS\Projects\DocxDocument\DocumentModel.InOpenXml\Vml\ImageFile.cs","185","Property","nameof(DXV.ImageFile.UserDrawn)","bool?","UserDrawn","_UserDrawn"
"D:\OneDrive\VS\Projects\DocxDocument\DocumentModel.InOpenXml\Vml\ImageFile.cs","192","Property","nameof(DXV.ImageFile.BorderTopColor)","VmlColor?","BorderTopColor","_BorderTopColor"
"D:\OneDrive\VS\Projects\DocxDocument\DocumentModel.InOpenXml\Vml\ImageFile.cs","199","Property","nameof(DXV.ImageFile.BorderLeftColor)","VmlColor?","BorderLeftColor","_BorderLeftColor"
"D:\OneDrive\VS\Projects\DocxDocument\DocumentModel.InOpenXml\Vml\ImageFile.cs","206","Property","nameof(DXV.ImageFile.BorderBottomColor)","VmlColor?","BorderBottomColor","_BorderBottomColor"
"D:\OneDrive\VS\Projects\DocxDocument\DocumentModel.InOpenXml\Vml\ImageFile.cs","213","Property","nameof(DXV.ImageFile.BorderRightColor)","VmlColor?","BorderRightColor","_BorderRightColor"
"D:\OneDrive\VS\Projects\DocxDocument\DocumentModel.InOpenXml\Vml\ImageFile.cs","220","Property","nameof(DXV.ImageFile.DiagramLayout)","Int64?","DiagramLayout","_DiagramLayout"
"D:\OneDrive\VS\Projects\DocxDocument\DocumentModel.InOpenXml\Vml\ImageFile.cs","227","Property","nameof(DXV.ImageFile.DiagramNodeKind)","Int64?","DiagramNodeKind","_DiagramNodeKind"
"D:\OneDrive\VS\Projects\DocxDocument\DocumentModel.InOpenXml\Vml\ImageFile.cs","234","Property","nameof(DXV.ImageFile.DiagramLayoutMostRecentUsed)","Int64?","DiagramLayoutMostRecentUsed","_DiagramLayoutMostRecentUsed"
"D:\OneDrive\VS\Projects\DocxDocument\DocumentModel.InOpenXml\Vml\ImageFile.cs","241","Property","nameof(DXV.ImageFile.InsetMode)","InsetMargin?","InsetMode","_InsetMode"
"D:\OneDrive\VS\Projects\DocxDocument\DocumentModel.InOpenXml\Vml\ImageFile.cs","248","Property","nameof(DXV.ImageFile.Filled)","bool?","Filled","_Filled"
"D:\OneDrive\VS\Projects\DocxDocument\DocumentModel.InOpenXml\Vml\ImageFile.cs","255","Property","nameof(DXV.ImageFile.FillColor)","VmlColor?","FillColor","_FillColor"
"D:\OneDrive\VS\Projects\DocxDocument\DocumentModel.InOpenXml\Vml\ImageFile.cs","262","Property","nameof(DXV.ImageFile.Stroked)","bool?","Stroked","_Stroked"
"D:\OneDrive\VS\Projects\DocxDocument\DocumentModel.InOpenXml\Vml\ImageFile.cs","269","Property","nameof(DXV.ImageFile.StrokeColor)","VmlColor?","StrokeColor","_StrokeColor"
"D:\OneDrive\VS\Projects\DocxDocument\DocumentModel.InOpenXml\Vml\ImageFile.cs","276","Property","nameof(DXV.ImageFile.StrokeWeight)","string?","StrokeWeight","_StrokeWeight"
"D:\OneDrive\VS\Projects\DocxDocument\DocumentModel.InOpenXml\Vml\ImageFile.cs","283","Property","nameof(DXV.ImageFile.InsetPen)","bool?","InsetPen","_InsetPen"
"D:\OneDrive\VS\Projects\DocxDocument\DocumentModel.InOpenXml\Vml\ImageFile.cs","290","Property","nameof(DXV.ImageFile.OptionalNumber)","Int32?","OptionalNumber","_OptionalNumber"
"D:\OneDrive\VS\Projects\DocxDocument\DocumentModel.InOpenXml\Vml\ImageFile.cs","297","Property","nameof(DXV.ImageFile.ConnectorType)","ConnectorType?","ConnectorType","_ConnectorType"
"D:\OneDrive\VS\Projects\DocxDocument\DocumentModel.InOpenXml\Vml\ImageFile.cs","304","Property","nameof(DXV.ImageFile.BlackWhiteMode)","BlackAndWhiteMode?","BlackWhiteMode","_BlackWhiteMode"
"D:\OneDrive\VS\Projects\DocxDocument\DocumentModel.InOpenXml\Vml\ImageFile.cs","311","Property","nameof(DXV.ImageFile.PureBlackWhiteMode)","BlackAndWhiteMode?","PureBlackWhiteMode","_PureBlackWhiteMode"
"D:\OneDrive\VS\Projects\DocxDocument\DocumentModel.InOpenXml\Vml\ImageFile.cs","318","Property","nameof(DXV.ImageFile.NormalBlackWhiteMode)","BlackAndWhiteMode?","NormalBlackWhiteMode","_NormalBlackWhiteMode"
"D:\OneDrive\VS\Projects\DocxDocument\DocumentModel.InOpenXml\Vml\ImageFile.cs","325","Property","nameof(DXV.ImageFile.ForceDash)","bool?","ForceDash","_ForceDash"
"D:\OneDrive\VS\Projects\DocxDocument\DocumentModel.InOpenXml\Vml\ImageFile.cs","332","Property","nameof(DXV.ImageFile.OleIcon)","bool?","OleIcon","_OleIcon"
"D:\OneDrive\VS\Projects\DocxDocument\DocumentModel.InOpenXml\Vml\ImageFile.cs","339","Property","nameof(DXV.ImageFile.Ole)","bool?","Ole","_Ole"
"D:\OneDrive\VS\Projects\DocxDocument\DocumentModel.InOpenXml\Vml\ImageFile.cs","346","Property","nameof(DXV.ImageFile.PreferRelative)","bool?","PreferRelative","_PreferRelative"
"D:\OneDrive\VS\Projects\DocxDocument\DocumentModel.InOpenXml\Vml\ImageFile.cs","353","Property","nameof(DXV.ImageFile.ClipToWrap)","bool?","ClipToWrap","_ClipToWrap"
"D:\OneDrive\VS\Projects\DocxDocument\DocumentModel.InOpenXml\Vml\ImageFile.cs","360","Property","nameof(DXV.ImageFile.Clip)","bool?","Clip","_Clip"
"D:\OneDrive\VS\Projects\DocxDocument\DocumentModel.InOpenXml\Vml\ImageFile.cs","367","Property","nameof(DXV.ImageFile.Source)","string?","Source","_Source"
"D:\OneDrive\VS\Projects\DocxDocument\DocumentModel.InOpenXml\Vml\ImageFile.cs","374","Property","nameof(DXV.ImageFile.CropLeft)","string?","CropLeft","_CropLeft"
"D:\OneDrive\VS\Projects\DocxDocument\DocumentModel.InOpenXml\Vml\ImageFile.cs","381","Property","nameof(DXV.ImageFile.CropTop)","string?","CropTop","_CropTop"
"D:\OneDrive\VS\Projects\DocxDocument\DocumentModel.InOpenXml\Vml\ImageFile.cs","388","Property","nameof(DXV.ImageFile.CropRight)","string?","CropRight","_CropRight"
"D:\OneDrive\VS\Projects\DocxDocument\DocumentModel.InOpenXml\Vml\ImageFile.cs","395","Property","nameof(DXV.ImageFile.CropBottom)","string?","CropBottom","_CropBottom"
"D:\OneDrive\VS\Projects\DocxDocument\DocumentModel.InOpenXml\Vml\ImageFile.cs","402","Property","nameof(DXV.ImageFile.Gain)","string?","Gain","_Gain"
"D:\OneDrive\VS\Projects\DocxDocument\DocumentModel.InOpenXml\Vml\ImageFile.cs","409","Property","nameof(DXV.ImageFile.BlackLevel)","string?","BlackLevel","_BlackLevel"
"D:\OneDrive\VS\Projects\DocxDocument\DocumentModel.InOpenXml\Vml\ImageFile.cs","416","Property","nameof(DXV.ImageFile.Gamma)","string?","Gamma","_Gamma"
"D:\OneDrive\VS\Projects\DocxDocument\DocumentModel.InOpenXml\Vml\ImageFile.cs","423","Property","nameof(DXV.ImageFile.GrayScale)","Boolean","GrayScale","_GrayScale"
"D:\OneDrive\VS\Projects\DocxDocument\DocumentModel.InOpenXml\Vml\ImageFile.cs","430","Property","nameof(DXV.ImageFile.BiLevel)","bool?","BiLevel","_BiLevel"
"D:\OneDrive\VS\Projects\DocxDocument\DocumentModel.InOpenXml\Vml\ImageFile.cs","437","Property","nameof(DXV.ImageFile.Gfxdata)","Base64Binary?","GfxData","_GfxData"
"D:\OneDrive\VS\Projects\DocxDocument\DocumentModel.InOpenXml\Vml\Ink.cs","14","Property","nameof(DXVO.Ink.InkData)","Base64Binary?","InkData","_InkData"
"D:\OneDrive\VS\Projects\DocxDocument\DocumentModel.InOpenXml\Vml\Ink.cs","21","Property","nameof(DXVO.Ink.AnnotationFlag)","bool?","AnnotationFlag","_AnnotationFlag"
"D:\OneDrive\VS\Projects\DocxDocument\DocumentModel.InOpenXml\Vml\Line.cs","17","Property","nameof(DXV.Line.Id)","string?","Id","_Id"
"D:\OneDrive\VS\Projects\DocxDocument\DocumentModel.InOpenXml\Vml\Line.cs","24","Property","nameof(DXV.Line.Style)","string?","Style","_Style"
"D:\OneDrive\VS\Projects\DocxDocument\DocumentModel.InOpenXml\Vml\Line.cs","31","Property","nameof(DXV.Line.Href)","string?","Href","_Href"
"D:\OneDrive\VS\Projects\DocxDocument\DocumentModel.InOpenXml\Vml\Line.cs","38","Property","nameof(DXV.Line.Target)","string?","Target","_Target"
"D:\OneDrive\VS\Projects\DocxDocument\DocumentModel.InOpenXml\Vml\Line.cs","45","Property","nameof(DXV.Line.Class)","string?","Class","_Class"
"D:\OneDrive\VS\Projects\DocxDocument\DocumentModel.InOpenXml\Vml\Line.cs","52","Property","nameof(DXV.Line.Title)","string?","Title","_Title"
"D:\OneDrive\VS\Projects\DocxDocument\DocumentModel.InOpenXml\Vml\Line.cs","59","Property","nameof(DXV.Line.Alternate)","string?","Alternate","_Alternate"
"D:\OneDrive\VS\Projects\DocxDocument\DocumentModel.InOpenXml\Vml\Line.cs","66","Property","nameof(DXV.Line.CoordinateSize)","string?","CoordinateSize","_CoordinateSize"
"D:\OneDrive\VS\Projects\DocxDocument\DocumentModel.InOpenXml\Vml\Line.cs","73","Property","nameof(DXV.Line.CoordinateOrigin)","string?","CoordinateOrigin","_CoordinateOrigin"
"D:\OneDrive\VS\Projects\DocxDocument\DocumentModel.InOpenXml\Vml\Line.cs","80","Property","nameof(DXV.Line.WrapCoordinates)","string?","WrapCoordinates","_WrapCoordinates"
"D:\OneDrive\VS\Projects\DocxDocument\DocumentModel.InOpenXml\Vml\Line.cs","87","Property","nameof(DXV.Line.Print)","bool?","Print","_Print"
"D:\OneDrive\VS\Projects\DocxDocument\DocumentModel.InOpenXml\Vml\Line.cs","94","Property","nameof(DXV.Line.OptionalString)","string?","OptionalString","_OptionalString"
"D:\OneDrive\VS\Projects\DocxDocument\DocumentModel.InOpenXml\Vml\Line.cs","101","Property","nameof(DXV.Line.Oned)","bool?","Oned","_Oned"
"D:\OneDrive\VS\Projects\DocxDocument\DocumentModel.InOpenXml\Vml\Line.cs","108","Property","nameof(DXV.Line.RegroupId)","Int64?","RegroupId","_RegroupId"
"D:\OneDrive\VS\Projects\DocxDocument\DocumentModel.InOpenXml\Vml\Line.cs","115","Property","nameof(DXV.Line.DoubleClickNotify)","bool?","DoubleClickNotify","_DoubleClickNotify"
"D:\OneDrive\VS\Projects\DocxDocument\DocumentModel.InOpenXml\Vml\Line.cs","122","Property","nameof(DXV.Line.Button)","bool?","Button","_Button"
"D:\OneDrive\VS\Projects\DocxDocument\DocumentModel.InOpenXml\Vml\Line.cs","129","Property","nameof(DXV.Line.UserHidden)","bool?","UserHidden","_UserHidden"
"D:\OneDrive\VS\Projects\DocxDocument\DocumentModel.InOpenXml\Vml\Line.cs","136","Property","nameof(DXV.Line.Bullet)","bool?","Bullet","_Bullet"
"D:\OneDrive\VS\Projects\DocxDocument\DocumentModel.InOpenXml\Vml\Line.cs","143","Property","nameof(DXV.Line.Horizontal)","bool?","Horizontal","_Horizontal"
"D:\OneDrive\VS\Projects\DocxDocument\DocumentModel.InOpenXml\Vml\Line.cs","150","Property","nameof(DXV.Line.HorizontalStandard)","bool?","HorizontalStandard","_HorizontalStandard"
"D:\OneDrive\VS\Projects\DocxDocument\DocumentModel.InOpenXml\Vml\Line.cs","157","Property","nameof(DXV.Line.HorizontalNoShade)","bool?","HorizontalNoShade","_HorizontalNoShade"
"D:\OneDrive\VS\Projects\DocxDocument\DocumentModel.InOpenXml\Vml\Line.cs","164","Property","nameof(DXV.Line.HorizontalPercentage)","Single?","HorizontalPercentage","_HorizontalPercentage"
"D:\OneDrive\VS\Projects\DocxDocument\DocumentModel.InOpenXml\Vml\Line.cs","171","Property","nameof(DXV.Line.HorizontalAlignment)","HorizontalRuleAlignment?","HorizontalAlignment","_HorizontalAlignment"
"D:\OneDrive\VS\Projects\DocxDocument\DocumentModel.InOpenXml\Vml\Line.cs","178","Property","nameof(DXV.Line.AllowInCell)","bool?","AllowInCell","_AllowInCell"
"D:\OneDrive\VS\Projects\DocxDocument\DocumentModel.InOpenXml\Vml\Line.cs","185","Property","nameof(DXV.Line.AllowOverlap)","bool?","AllowOverlap","_AllowOverlap"
"D:\OneDrive\VS\Projects\DocxDocument\DocumentModel.InOpenXml\Vml\Line.cs","192","Property","nameof(DXV.Line.UserDrawn)","bool?","UserDrawn","_UserDrawn"
"D:\OneDrive\VS\Projects\DocxDocument\DocumentModel.InOpenXml\Vml\Line.cs","199","Property","nameof(DXV.Line.BorderTopColor)","VmlColor?","BorderTopColor","_BorderTopColor"
"D:\OneDrive\VS\Projects\DocxDocument\DocumentModel.InOpenXml\Vml\Line.cs","206","Property","nameof(DXV.Line.BorderLeftColor)","VmlColor?","BorderLeftColor","_BorderLeftColor"
"D:\OneDrive\VS\Projects\DocxDocument\DocumentModel.InOpenXml\Vml\Line.cs","213","Property","nameof(DXV.Line.BorderBottomColor)","VmlColor?","BorderBottomColor","_BorderBottomColor"
"D:\OneDrive\VS\Projects\DocxDocument\DocumentModel.InOpenXml\Vml\Line.cs","220","Property","nameof(DXV.Line.BorderRightColor)","VmlColor?","BorderRightColor","_BorderRightColor"
"D:\OneDrive\VS\Projects\DocxDocument\DocumentModel.InOpenXml\Vml\Line.cs","227","Property","nameof(DXV.Line.DiagramLayout)","Int64?","DiagramLayout","_DiagramLayout"
"D:\OneDrive\VS\Projects\DocxDocument\DocumentModel.InOpenXml\Vml\Line.cs","234","Property","nameof(DXV.Line.DiagramNodeKind)","Int64?","DiagramNodeKind","_DiagramNodeKind"
"D:\OneDrive\VS\Projects\DocxDocument\DocumentModel.InOpenXml\Vml\Line.cs","241","Property","nameof(DXV.Line.DiagramLayoutMostRecentUsed)","Int64?","DiagramLayoutMostRecentUsed","_DiagramLayoutMostRecentUsed"
"D:\OneDrive\VS\Projects\DocxDocument\DocumentModel.InOpenXml\Vml\Line.cs","248","Property","nameof(DXV.Line.InsetMode)","InsetMargin?","InsetMode","_InsetMode"
"D:\OneDrive\VS\Projects\DocxDocument\DocumentModel.InOpenXml\Vml\Line.cs","255","Property","nameof(DXV.Line.Filled)","bool?","Filled","_Filled"
"D:\OneDrive\VS\Projects\DocxDocument\DocumentModel.InOpenXml\Vml\Line.cs","262","Property","nameof(DXV.Line.FillColor)","VmlColor?","FillColor","_FillColor"
"D:\OneDrive\VS\Projects\DocxDocument\DocumentModel.InOpenXml\Vml\Line.cs","269","Property","nameof(DXV.Line.Stroked)","bool?","Stroked","_Stroked"
"D:\OneDrive\VS\Projects\DocxDocument\DocumentModel.InOpenXml\Vml\Line.cs","276","Property","nameof(DXV.Line.StrokeColor)","VmlColor?","StrokeColor","_StrokeColor"
"D:\OneDrive\VS\Projects\DocxDocument\DocumentModel.InOpenXml\Vml\Line.cs","283","Property","nameof(DXV.Line.StrokeWeight)","string?","StrokeWeight","_StrokeWeight"
"D:\OneDrive\VS\Projects\DocxDocument\DocumentModel.InOpenXml\Vml\Line.cs","290","Property","nameof(DXV.Line.InsetPen)","bool?","InsetPen","_InsetPen"
"D:\OneDrive\VS\Projects\DocxDocument\DocumentModel.InOpenXml\Vml\Line.cs","297","Property","nameof(DXV.Line.OptionalNumber)","Int32?","OptionalNumber","_OptionalNumber"
"D:\OneDrive\VS\Projects\DocxDocument\DocumentModel.InOpenXml\Vml\Line.cs","304","Property","nameof(DXV.Line.ConnectorType)","ConnectorType?","ConnectorType","_ConnectorType"
"D:\OneDrive\VS\Projects\DocxDocument\DocumentModel.InOpenXml\Vml\Line.cs","311","Property","nameof(DXV.Line.BlackWhiteMode)","BlackAndWhiteMode?","BlackWhiteMode","_BlackWhiteMode"
"D:\OneDrive\VS\Projects\DocxDocument\DocumentModel.InOpenXml\Vml\Line.cs","318","Property","nameof(DXV.Line.PureBlackWhiteMode)","BlackAndWhiteMode?","PureBlackWhiteMode","_PureBlackWhiteMode"
"D:\OneDrive\VS\Projects\DocxDocument\DocumentModel.InOpenXml\Vml\Line.cs","325","Property","nameof(DXV.Line.NormalBlackWhiteMode)","BlackAndWhiteMode?","NormalBlackWhiteMode","_NormalBlackWhiteMode"
"D:\OneDrive\VS\Projects\DocxDocument\DocumentModel.InOpenXml\Vml\Line.cs","332","Property","nameof(DXV.Line.ForceDash)","bool?","ForceDash","_ForceDash"
"D:\OneDrive\VS\Projects\DocxDocument\DocumentModel.InOpenXml\Vml\Line.cs","339","Property","nameof(DXV.Line.OleIcon)","bool?","OleIcon","_OleIcon"
"D:\OneDrive\VS\Projects\DocxDocument\DocumentModel.InOpenXml\Vml\Line.cs","346","Property","nameof(DXV.Line.Ole)","bool?","Ole","_Ole"
"D:\OneDrive\VS\Projects\DocxDocument\DocumentModel.InOpenXml\Vml\Line.cs","353","Property","nameof(DXV.Line.PreferRelative)","bool?","PreferRelative","_PreferRelative"
"D:\OneDrive\VS\Projects\DocxDocument\DocumentModel.InOpenXml\Vml\Line.cs","360","Property","nameof(DXV.Line.ClipToWrap)","bool?","ClipToWrap","_ClipToWrap"
"D:\OneDrive\VS\Projects\DocxDocument\DocumentModel.InOpenXml\Vml\Line.cs","367","Property","nameof(DXV.Line.Clip)","bool?","Clip","_Clip"
"D:\OneDrive\VS\Projects\DocxDocument\DocumentModel.InOpenXml\Vml\Line.cs","374","Property","nameof(DXV.Line.Gfxdata)","Base64Binary?","GfxData","_GfxData"
"D:\OneDrive\VS\Projects\DocxDocument\DocumentModel.InOpenXml\Vml\Line.cs","381","Property","nameof(DXV.Line.From)","string?","From","_From"
"D:\OneDrive\VS\Projects\DocxDocument\DocumentModel.InOpenXml\Vml\Line.cs","388","Property","nameof(DXV.Line.To)","string?","To","_To"
"D:\OneDrive\VS\Projects\DocxDocument\DocumentModel.InOpenXml\Vml\Lock.cs","14","Property","nameof(DXVO.Lock.Extension)","ExtensionHandlingBehavior?","Extension","_Extension"
"D:\OneDrive\VS\Projects\DocxDocument\DocumentModel.InOpenXml\Vml\Lock.cs","21","Property","nameof(DXVO.Lock.Position)","bool?","Position","_Position"
"D:\OneDrive\VS\Projects\DocxDocument\DocumentModel.InOpenXml\Vml\Lock.cs","28","Property","nameof(DXVO.Lock.Selection)","bool?","Selection","_Selection"
"D:\OneDrive\VS\Projects\DocxDocument\DocumentModel.InOpenXml\Vml\Lock.cs","35","Property","nameof(DXVO.Lock.Grouping)","bool?","Grouping","_Grouping"
"D:\OneDrive\VS\Projects\DocxDocument\DocumentModel.InOpenXml\Vml\Lock.cs","42","Property","nameof(DXVO.Lock.Ungrouping)","bool?","Ungrouping","_Ungrouping"
"D:\OneDrive\VS\Projects\DocxDocument\DocumentModel.InOpenXml\Vml\Lock.cs","49","Property","nameof(DXVO.Lock.Rotation)","bool?","Rotation","_Rotation"
"D:\OneDrive\VS\Projects\DocxDocument\DocumentModel.InOpenXml\Vml\Lock.cs","56","Property","nameof(DXVO.Lock.Cropping)","bool?","Cropping","_Cropping"
"D:\OneDrive\VS\Projects\DocxDocument\DocumentModel.InOpenXml\Vml\Lock.cs","63","Property","nameof(DXVO.Lock.Verticies)","bool?","Verticies","_Verticies"
"D:\OneDrive\VS\Projects\DocxDocument\DocumentModel.InOpenXml\Vml\Lock.cs","70","Property","nameof(DXVO.Lock.AdjustHandles)","bool?","AdjustHandles","_AdjustHandles"
"D:\OneDrive\VS\Projects\DocxDocument\DocumentModel.InOpenXml\Vml\Lock.cs","77","Property","nameof(DXVO.Lock.TextLock)","bool?","TextLock","_TextLock"
"D:\OneDrive\VS\Projects\DocxDocument\DocumentModel.InOpenXml\Vml\Lock.cs","84","Property","nameof(DXVO.Lock.AspectRatio)","bool?","AspectRatio","_AspectRatio"
"D:\OneDrive\VS\Projects\DocxDocument\DocumentModel.InOpenXml\Vml\Lock.cs","91","Property","nameof(DXVO.Lock.ShapeType)","bool?","ShapeType","_ShapeType"
"D:\OneDrive\VS\Projects\DocxDocument\DocumentModel.InOpenXml\Vml\OleObject.cs","16","Property","nameof(DXVO.OleObject.Type)","OleType?","Type","_Type"
"D:\OneDrive\VS\Projects\DocxDocument\DocumentModel.InOpenXml\Vml\OleObject.cs","23","Property","nameof(DXVO.OleObject.ProgId)","string?","ProgId","_ProgId"
"D:\OneDrive\VS\Projects\DocxDocument\DocumentModel.InOpenXml\Vml\OleObject.cs","30","Property","nameof(DXVO.OleObject.ShapeId)","string?","ShapeId","_ShapeId"
"D:\OneDrive\VS\Projects\DocxDocument\DocumentModel.InOpenXml\Vml\OleObject.cs","37","Property","nameof(DXVO.OleObject.DrawAspect)","OleDrawAspect?","DrawAspect","_DrawAspect"
"D:\OneDrive\VS\Projects\DocxDocument\DocumentModel.InOpenXml\Vml\OleObject.cs","44","Property","nameof(DXVO.OleObject.ObjectId)","string?","ObjectId","_ObjectId"
"D:\OneDrive\VS\Projects\DocxDocument\DocumentModel.InOpenXml\Vml\OleObject.cs","51","Property","nameof(DXVO.OleObject.Id)","string?","Id","_Id"
"D:\OneDrive\VS\Projects\DocxDocument\DocumentModel.InOpenXml\Vml\OleObject.cs","58","Property","nameof(DXVO.OleObject.UpdateMode)","OleUpdateMode?","UpdateMode","_UpdateMode"
"D:\OneDrive\VS\Projects\DocxDocument\DocumentModel.InOpenXml\Vml\OleObject.cs","65","Property","nameof(DXVO.OleObject.LinkType)","string?","LinkType","_LinkType"
"D:\OneDrive\VS\Projects\DocxDocument\DocumentModel.InOpenXml\Vml\OleObject.cs","72","Property","nameof(DXVO.OleObject.LockedField)","string?","LockedField","_LockedField"
"D:\OneDrive\VS\Projects\DocxDocument\DocumentModel.InOpenXml\Vml\OleObject.cs","79","Property","nameof(DXVO.OleObject.FieldCodes)","string?","FieldCodes","_FieldCodes"
"D:\OneDrive\VS\Projects\DocxDocument\DocumentModel.InOpenXml\Vml\Oval.cs","17","Property","nameof(DXV.Oval.Id)","string?","Id","_Id"
"D:\OneDrive\VS\Projects\DocxDocument\DocumentModel.InOpenXml\Vml\Oval.cs","24","Property","nameof(DXV.Oval.Style)","string?","Style","_Style"
"D:\OneDrive\VS\Projects\DocxDocument\DocumentModel.InOpenXml\Vml\Oval.cs","31","Property","nameof(DXV.Oval.Href)","string?","Href","_Href"
"D:\OneDrive\VS\Projects\DocxDocument\DocumentModel.InOpenXml\Vml\Oval.cs","38","Property","nameof(DXV.Oval.Target)","string?","Target","_Target"
"D:\OneDrive\VS\Projects\DocxDocument\DocumentModel.InOpenXml\Vml\Oval.cs","45","Property","nameof(DXV.Oval.Class)","string?","Class","_Class"
"D:\OneDrive\VS\Projects\DocxDocument\DocumentModel.InOpenXml\Vml\Oval.cs","52","Property","nameof(DXV.Oval.Title)","string?","Title","_Title"
"D:\OneDrive\VS\Projects\DocxDocument\DocumentModel.InOpenXml\Vml\Oval.cs","59","Property","nameof(DXV.Oval.Alternate)","string?","Alternate","_Alternate"
"D:\OneDrive\VS\Projects\DocxDocument\DocumentModel.InOpenXml\Vml\Oval.cs","66","Property","nameof(DXV.Oval.CoordinateSize)","string?","CoordinateSize","_CoordinateSize"
"D:\OneDrive\VS\Projects\DocxDocument\DocumentModel.InOpenXml\Vml\Oval.cs","73","Property","nameof(DXV.Oval.CoordinateOrigin)","string?","CoordinateOrigin","_CoordinateOrigin"
"D:\OneDrive\VS\Projects\DocxDocument\DocumentModel.InOpenXml\Vml\Oval.cs","80","Property","nameof(DXV.Oval.WrapCoordinates)","string?","WrapCoordinates","_WrapCoordinates"
"D:\OneDrive\VS\Projects\DocxDocument\DocumentModel.InOpenXml\Vml\Oval.cs","87","Property","nameof(DXV.Oval.Print)","bool?","Print","_Print"
"D:\OneDrive\VS\Projects\DocxDocument\DocumentModel.InOpenXml\Vml\Oval.cs","94","Property","nameof(DXV.Oval.OptionalString)","string?","OptionalString","_OptionalString"
"D:\OneDrive\VS\Projects\DocxDocument\DocumentModel.InOpenXml\Vml\Oval.cs","101","Property","nameof(DXV.Oval.Oned)","bool?","Oned","_Oned"
"D:\OneDrive\VS\Projects\DocxDocument\DocumentModel.InOpenXml\Vml\Oval.cs","108","Property","nameof(DXV.Oval.RegroupId)","Int64?","RegroupId","_RegroupId"
"D:\OneDrive\VS\Projects\DocxDocument\DocumentModel.InOpenXml\Vml\Oval.cs","115","Property","nameof(DXV.Oval.DoubleClickNotify)","bool?","DoubleClickNotify","_DoubleClickNotify"
"D:\OneDrive\VS\Projects\DocxDocument\DocumentModel.InOpenXml\Vml\Oval.cs","122","Property","nameof(DXV.Oval.Button)","bool?","Button","_Button"
"D:\OneDrive\VS\Projects\DocxDocument\DocumentModel.InOpenXml\Vml\Oval.cs","129","Property","nameof(DXV.Oval.UserHidden)","bool?","UserHidden","_UserHidden"
"D:\OneDrive\VS\Projects\DocxDocument\DocumentModel.InOpenXml\Vml\Oval.cs","136","Property","nameof(DXV.Oval.Bullet)","bool?","Bullet","_Bullet"
"D:\OneDrive\VS\Projects\DocxDocument\DocumentModel.InOpenXml\Vml\Oval.cs","143","Property","nameof(DXV.Oval.Horizontal)","bool?","Horizontal","_Horizontal"
"D:\OneDrive\VS\Projects\DocxDocument\DocumentModel.InOpenXml\Vml\Oval.cs","150","Property","nameof(DXV.Oval.HorizontalStandard)","bool?","HorizontalStandard","_HorizontalStandard"
"D:\OneDrive\VS\Projects\DocxDocument\DocumentModel.InOpenXml\Vml\Oval.cs","157","Property","nameof(DXV.Oval.HorizontalNoShade)","bool?","HorizontalNoShade","_HorizontalNoShade"
"D:\OneDrive\VS\Projects\DocxDocument\DocumentModel.InOpenXml\Vml\Oval.cs","164","Property","nameof(DXV.Oval.HorizontalPercentage)","Single?","HorizontalPercentage","_HorizontalPercentage"
"D:\OneDrive\VS\Projects\DocxDocument\DocumentModel.InOpenXml\Vml\Oval.cs","171","Property","nameof(DXV.Oval.HorizontalAlignment)","HorizontalRuleAlignment?","HorizontalAlignment","_HorizontalAlignment"
"D:\OneDrive\VS\Projects\DocxDocument\DocumentModel.InOpenXml\Vml\Oval.cs","178","Property","nameof(DXV.Oval.AllowInCell)","bool?","AllowInCell","_AllowInCell"
"D:\OneDrive\VS\Projects\DocxDocument\DocumentModel.InOpenXml\Vml\Oval.cs","185","Property","nameof(DXV.Oval.AllowOverlap)","bool?","AllowOverlap","_AllowOverlap"
"D:\OneDrive\VS\Projects\DocxDocument\DocumentModel.InOpenXml\Vml\Oval.cs","192","Property","nameof(DXV.Oval.UserDrawn)","bool?","UserDrawn","_UserDrawn"
"D:\OneDrive\VS\Projects\DocxDocument\DocumentModel.InOpenXml\Vml\Oval.cs","199","Property","nameof(DXV.Oval.BorderTopColor)","VmlColor?","BorderTopColor","_BorderTopColor"
"D:\OneDrive\VS\Projects\DocxDocument\DocumentModel.InOpenXml\Vml\Oval.cs","206","Property","nameof(DXV.Oval.BorderLeftColor)","VmlColor?","BorderLeftColor","_BorderLeftColor"
"D:\OneDrive\VS\Projects\DocxDocument\DocumentModel.InOpenXml\Vml\Oval.cs","213","Property","nameof(DXV.Oval.BorderBottomColor)","VmlColor?","BorderBottomColor","_BorderBottomColor"
"D:\OneDrive\VS\Projects\DocxDocument\DocumentModel.InOpenXml\Vml\Oval.cs","220","Property","nameof(DXV.Oval.BorderRightColor)","VmlColor?","BorderRightColor","_BorderRightColor"
"D:\OneDrive\VS\Projects\DocxDocument\DocumentModel.InOpenXml\Vml\Oval.cs","227","Property","nameof(DXV.Oval.DiagramLayout)","Int64?","DiagramLayout","_DiagramLayout"
"D:\OneDrive\VS\Projects\DocxDocument\DocumentModel.InOpenXml\Vml\Oval.cs","234","Property","nameof(DXV.Oval.DiagramNodeKind)","Int64?","DiagramNodeKind","_DiagramNodeKind"
"D:\OneDrive\VS\Projects\DocxDocument\DocumentModel.InOpenXml\Vml\Oval.cs","241","Property","nameof(DXV.Oval.DiagramLayoutMostRecentUsed)","Int64?","DiagramLayoutMostRecentUsed","_DiagramLayoutMostRecentUsed"
"D:\OneDrive\VS\Projects\DocxDocument\DocumentModel.InOpenXml\Vml\Oval.cs","248","Property","nameof(DXV.Oval.InsetMode)","InsetMargin?","InsetMode","_InsetMode"
"D:\OneDrive\VS\Projects\DocxDocument\DocumentModel.InOpenXml\Vml\Oval.cs","255","Property","nameof(DXV.Oval.Filled)","bool?","Filled","_Filled"
"D:\OneDrive\VS\Projects\DocxDocument\DocumentModel.InOpenXml\Vml\Oval.cs","262","Property","nameof(DXV.Oval.FillColor)","string?","FillColor","_FillColor"
"D:\OneDrive\VS\Projects\DocxDocument\DocumentModel.InOpenXml\Vml\Oval.cs","269","Property","nameof(DXV.Oval.Stroked)","bool?","Stroked","_Stroked"
"D:\OneDrive\VS\Projects\DocxDocument\DocumentModel.InOpenXml\Vml\Oval.cs","276","Property","nameof(DXV.Oval.StrokeColor)","string?","StrokeColor","_StrokeColor"
"D:\OneDrive\VS\Projects\DocxDocument\DocumentModel.InOpenXml\Vml\Oval.cs","283","Property","nameof(DXV.Oval.StrokeWeight)","string?","StrokeWeight","_StrokeWeight"
"D:\OneDrive\VS\Projects\DocxDocument\DocumentModel.InOpenXml\Vml\Oval.cs","290","Property","nameof(DXV.Oval.InsetPen)","bool?","InsetPen","_InsetPen"
"D:\OneDrive\VS\Projects\DocxDocument\DocumentModel.InOpenXml\Vml\Oval.cs","297","Property","nameof(DXV.Oval.OptionalNumber)","Int32?","OptionalNumber","_OptionalNumber"
"D:\OneDrive\VS\Projects\DocxDocument\DocumentModel.InOpenXml\Vml\Oval.cs","304","Property","nameof(DXV.Oval.ConnectorType)","ConnectorType?","ConnectorType","_ConnectorType"
"D:\OneDrive\VS\Projects\DocxDocument\DocumentModel.InOpenXml\Vml\Oval.cs","311","Property","nameof(DXV.Oval.BlackWhiteMode)","BlackAndWhiteMode?","BlackWhiteMode","_BlackWhiteMode"
"D:\OneDrive\VS\Projects\DocxDocument\DocumentModel.InOpenXml\Vml\Oval.cs","318","Property","nameof(DXV.Oval.PureBlackWhiteMode)","BlackAndWhiteMode?","PureBlackWhiteMode","_PureBlackWhiteMode"
"D:\OneDrive\VS\Projects\DocxDocument\DocumentModel.InOpenXml\Vml\Oval.cs","325","Property","nameof(DXV.Oval.NormalBlackWhiteMode)","BlackAndWhiteMode?","NormalBlackWhiteMode","_NormalBlackWhiteMode"
"D:\OneDrive\VS\Projects\DocxDocument\DocumentModel.InOpenXml\Vml\Oval.cs","332","Property","nameof(DXV.Oval.ForceDash)","bool?","ForceDash","_ForceDash"
"D:\OneDrive\VS\Projects\DocxDocument\DocumentModel.InOpenXml\Vml\Oval.cs","339","Property","nameof(DXV.Oval.OleIcon)","bool?","OleIcon","_OleIcon"
"D:\OneDrive\VS\Projects\DocxDocument\DocumentModel.InOpenXml\Vml\Oval.cs","346","Property","nameof(DXV.Oval.Ole)","bool?","Ole","_Ole"
"D:\OneDrive\VS\Projects\DocxDocument\DocumentModel.InOpenXml\Vml\Oval.cs","353","Property","nameof(DXV.Oval.PreferRelative)","bool?","PreferRelative","_PreferRelative"
"D:\OneDrive\VS\Projects\DocxDocument\DocumentModel.InOpenXml\Vml\Oval.cs","360","Property","nameof(DXV.Oval.ClipToWrap)","bool?","ClipToWrap","_ClipToWrap"
"D:\OneDrive\VS\Projects\DocxDocument\DocumentModel.InOpenXml\Vml\Oval.cs","367","Property","nameof(DXV.Oval.Clip)","bool?","Clip","_Clip"
"D:\OneDrive\VS\Projects\DocxDocument\DocumentModel.InOpenXml\Vml\Oval.cs","374","Property","nameof(DXV.Oval.Gfxdata)","Base64Binary?","GfxData","_GfxData"
"D:\OneDrive\VS\Projects\DocxDocument\DocumentModel.InOpenXml\Vml\Path.cs","14","Property","nameof(DXV.Path.Id)","string?","Id","_Id"
"D:\OneDrive\VS\Projects\DocxDocument\DocumentModel.InOpenXml\Vml\Path.cs","21","Property","nameof(DXV.Path.Value)","string?","Value","_Value"
"D:\OneDrive\VS\Projects\DocxDocument\DocumentModel.InOpenXml\Vml\Path.cs","28","Property","nameof(DXV.Path.Limo)","string?","Limo","_Limo"
"D:\OneDrive\VS\Projects\DocxDocument\DocumentModel.InOpenXml\Vml\Path.cs","35","Property","nameof(DXV.Path.TextboxRectangle)","string?","TextboxRectangle","_TextboxRectangle"
"D:\OneDrive\VS\Projects\DocxDocument\DocumentModel.InOpenXml\Vml\Path.cs","42","Property","nameof(DXV.Path.AllowFill)","bool?","AllowFill","_AllowFill"
"D:\OneDrive\VS\Projects\DocxDocument\DocumentModel.InOpenXml\Vml\Path.cs","49","Property","nameof(DXV.Path.AllowStroke)","bool?","AllowStroke","_AllowStroke"
"D:\OneDrive\VS\Projects\DocxDocument\DocumentModel.InOpenXml\Vml\Path.cs","56","Property","nameof(DXV.Path.AllowShading)","bool?","AllowShading","_AllowShading"
"D:\OneDrive\VS\Projects\DocxDocument\DocumentModel.InOpenXml\Vml\Path.cs","63","Property","nameof(DXV.Path.ShowArrowhead)","bool?","ShowArrowhead","_ShowArrowhead"
"D:\OneDrive\VS\Projects\DocxDocument\DocumentModel.InOpenXml\Vml\Path.cs","70","Property","nameof(DXV.Path.AllowGradientShape)","bool?","AllowGradientShape","_AllowGradientShape"
"D:\OneDrive\VS\Projects\DocxDocument\DocumentModel.InOpenXml\Vml\Path.cs","77","Property","nameof(DXV.Path.AllowTextPath)","bool?","AllowTextPath","_AllowTextPath"
"D:\OneDrive\VS\Projects\DocxDocument\DocumentModel.InOpenXml\Vml\Path.cs","84","Property","nameof(DXV.Path.AllowInsetPen)","bool?","AllowInsetPen","_AllowInsetPen"
"D:\OneDrive\VS\Projects\DocxDocument\DocumentModel.InOpenXml\Vml\Path.cs","91","Property","nameof(DXV.Path.ConnectionPointType)","ConnectType?","ConnectionPointType","_ConnectionPointType"
"D:\OneDrive\VS\Projects\DocxDocument\DocumentModel.InOpenXml\Vml\Path.cs","98","Property","nameof(DXV.Path.ConnectionPoints)","string?","ConnectionPoints","_ConnectionPoints"
"D:\OneDrive\VS\Projects\DocxDocument\DocumentModel.InOpenXml\Vml\Path.cs","105","Property","nameof(DXV.Path.ConnectAngles)","string?","ConnectAngles","_ConnectAngles"
"D:\OneDrive\VS\Projects\DocxDocument\DocumentModel.InOpenXml\Vml\Path.cs","112","Property","nameof(DXV.Path.AllowExtrusion)","bool?","AllowExtrusion","_AllowExtrusion"
"D:\OneDrive\VS\Projects\DocxDocument\DocumentModel.InOpenXml\Vml\PolyLine.cs","17","Property","nameof(DXV.PolyLine.Id)","string?","Id","_Id"
"D:\OneDrive\VS\Projects\DocxDocument\DocumentModel.InOpenXml\Vml\PolyLine.cs","24","Property","nameof(DXV.PolyLine.Style)","string?","Style","_Style"
"D:\OneDrive\VS\Projects\DocxDocument\DocumentModel.InOpenXml\Vml\PolyLine.cs","31","Property","nameof(DXV.PolyLine.Href)","string?","Href","_Href"
"D:\OneDrive\VS\Projects\DocxDocument\DocumentModel.InOpenXml\Vml\PolyLine.cs","38","Property","nameof(DXV.PolyLine.Target)","string?","Target","_Target"
"D:\OneDrive\VS\Projects\DocxDocument\DocumentModel.InOpenXml\Vml\PolyLine.cs","45","Property","nameof(DXV.PolyLine.Class)","string?","Class","_Class"
"D:\OneDrive\VS\Projects\DocxDocument\DocumentModel.InOpenXml\Vml\PolyLine.cs","52","Property","nameof(DXV.PolyLine.Title)","string?","Title","_Title"
"D:\OneDrive\VS\Projects\DocxDocument\DocumentModel.InOpenXml\Vml\PolyLine.cs","59","Property","nameof(DXV.PolyLine.Alternate)","string?","Alternate","_Alternate"
"D:\OneDrive\VS\Projects\DocxDocument\DocumentModel.InOpenXml\Vml\PolyLine.cs","66","Property","nameof(DXV.PolyLine.CoordinateSize)","string?","CoordinateSize","_CoordinateSize"
"D:\OneDrive\VS\Projects\DocxDocument\DocumentModel.InOpenXml\Vml\PolyLine.cs","73","Property","nameof(DXV.PolyLine.CoordinateOrigin)","string?","CoordinateOrigin","_CoordinateOrigin"
"D:\OneDrive\VS\Projects\DocxDocument\DocumentModel.InOpenXml\Vml\PolyLine.cs","80","Property","nameof(DXV.PolyLine.WrapCoordinates)","string?","WrapCoordinates","_WrapCoordinates"
"D:\OneDrive\VS\Projects\DocxDocument\DocumentModel.InOpenXml\Vml\PolyLine.cs","87","Property","nameof(DXV.PolyLine.Print)","bool?","Print","_Print"
"D:\OneDrive\VS\Projects\DocxDocument\DocumentModel.InOpenXml\Vml\PolyLine.cs","94","Property","nameof(DXV.PolyLine.OptionalString)","string?","OptionalString","_OptionalString"
"D:\OneDrive\VS\Projects\DocxDocument\DocumentModel.InOpenXml\Vml\PolyLine.cs","101","Property","nameof(DXV.PolyLine.Oned)","bool?","Oned","_Oned"
"D:\OneDrive\VS\Projects\DocxDocument\DocumentModel.InOpenXml\Vml\PolyLine.cs","108","Property","nameof(DXV.PolyLine.RegroupId)","Int64?","RegroupId","_RegroupId"
"D:\OneDrive\VS\Projects\DocxDocument\DocumentModel.InOpenXml\Vml\PolyLine.cs","115","Property","nameof(DXV.PolyLine.DoubleClickNotify)","bool?","DoubleClickNotify","_DoubleClickNotify"
"D:\OneDrive\VS\Projects\DocxDocument\DocumentModel.InOpenXml\Vml\PolyLine.cs","122","Property","nameof(DXV.PolyLine.Button)","bool?","Button","_Button"
"D:\OneDrive\VS\Projects\DocxDocument\DocumentModel.InOpenXml\Vml\PolyLine.cs","129","Property","nameof(DXV.PolyLine.UserHidden)","bool?","UserHidden","_UserHidden"
"D:\OneDrive\VS\Projects\DocxDocument\DocumentModel.InOpenXml\Vml\PolyLine.cs","136","Property","nameof(DXV.PolyLine.Bullet)","bool?","Bullet","_Bullet"
"D:\OneDrive\VS\Projects\DocxDocument\DocumentModel.InOpenXml\Vml\PolyLine.cs","143","Property","nameof(DXV.PolyLine.Horizontal)","bool?","Horizontal","_Horizontal"
"D:\OneDrive\VS\Projects\DocxDocument\DocumentModel.InOpenXml\Vml\PolyLine.cs","150","Property","nameof(DXV.PolyLine.HorizontalStandard)","bool?","HorizontalStandard","_HorizontalStandard"
"D:\OneDrive\VS\Projects\DocxDocument\DocumentModel.InOpenXml\Vml\PolyLine.cs","157","Property","nameof(DXV.PolyLine.HorizontalNoShade)","bool?","HorizontalNoShade","_HorizontalNoShade"
"D:\OneDrive\VS\Projects\DocxDocument\DocumentModel.InOpenXml\Vml\PolyLine.cs","164","Property","nameof(DXV.PolyLine.HorizontalPercentage)","Single?","HorizontalPercentage","_HorizontalPercentage"
"D:\OneDrive\VS\Projects\DocxDocument\DocumentModel.InOpenXml\Vml\PolyLine.cs","171","Property","nameof(DXV.PolyLine.HorizontalAlignment)","HorizontalRuleAlignment?","HorizontalAlignment","_HorizontalAlignment"
"D:\OneDrive\VS\Projects\DocxDocument\DocumentModel.InOpenXml\Vml\PolyLine.cs","178","Property","nameof(DXV.PolyLine.AllowInCell)","bool?","AllowInCell","_AllowInCell"
"D:\OneDrive\VS\Projects\DocxDocument\DocumentModel.InOpenXml\Vml\PolyLine.cs","185","Property","nameof(DXV.PolyLine.AllowOverlap)","bool?","AllowOverlap","_AllowOverlap"
"D:\OneDrive\VS\Projects\DocxDocument\DocumentModel.InOpenXml\Vml\PolyLine.cs","192","Property","nameof(DXV.PolyLine.UserDrawn)","bool?","UserDrawn","_UserDrawn"
"D:\OneDrive\VS\Projects\DocxDocument\DocumentModel.InOpenXml\Vml\PolyLine.cs","199","Property","nameof(DXV.PolyLine.BorderTopColor)","string?","BorderTopColor","_BorderTopColor"
"D:\OneDrive\VS\Projects\DocxDocument\DocumentModel.InOpenXml\Vml\PolyLine.cs","206","Property","nameof(DXV.PolyLine.BorderLeftColor)","string?","BorderLeftColor","_BorderLeftColor"
"D:\OneDrive\VS\Projects\DocxDocument\DocumentModel.InOpenXml\Vml\PolyLine.cs","213","Property","nameof(DXV.PolyLine.BorderBottomColor)","string?","BorderBottomColor","_BorderBottomColor"
"D:\OneDrive\VS\Projects\DocxDocument\DocumentModel.InOpenXml\Vml\PolyLine.cs","220","Property","nameof(DXV.PolyLine.BorderRightColor)","string?","BorderRightColor","_BorderRightColor"
"D:\OneDrive\VS\Projects\DocxDocument\DocumentModel.InOpenXml\Vml\PolyLine.cs","227","Property","nameof(DXV.PolyLine.DiagramLayout)","Int64?","DiagramLayout","_DiagramLayout"
"D:\OneDrive\VS\Projects\DocxDocument\DocumentModel.InOpenXml\Vml\PolyLine.cs","234","Property","nameof(DXV.PolyLine.DiagramNodeKind)","Int64?","DiagramNodeKind","_DiagramNodeKind"
"D:\OneDrive\VS\Projects\DocxDocument\DocumentModel.InOpenXml\Vml\PolyLine.cs","241","Property","nameof(DXV.PolyLine.DiagramLayoutMostRecentUsed)","Int64?","DiagramLayoutMostRecentUsed","_DiagramLayoutMostRecentUsed"
"D:\OneDrive\VS\Projects\DocxDocument\DocumentModel.InOpenXml\Vml\PolyLine.cs","248","Property","nameof(DXV.PolyLine.InsetMode)","InsetMargin?","InsetMode","_InsetMode"
"D:\OneDrive\VS\Projects\DocxDocument\DocumentModel.InOpenXml\Vml\PolyLine.cs","255","Property","nameof(DXV.PolyLine.Filled)","bool?","Filled","_Filled"
"D:\OneDrive\VS\Projects\DocxDocument\DocumentModel.InOpenXml\Vml\PolyLine.cs","262","Property","nameof(DXV.PolyLine.FillColor)","string?","FillColor","_FillColor"
"D:\OneDrive\VS\Projects\DocxDocument\DocumentModel.InOpenXml\Vml\PolyLine.cs","269","Property","nameof(DXV.PolyLine.Stroked)","bool?","Stroked","_Stroked"
"D:\OneDrive\VS\Projects\DocxDocument\DocumentModel.InOpenXml\Vml\PolyLine.cs","276","Property","nameof(DXV.PolyLine.StrokeColor)","string?","StrokeColor","_StrokeColor"
"D:\OneDrive\VS\Projects\DocxDocument\DocumentModel.InOpenXml\Vml\PolyLine.cs","283","Property","nameof(DXV.PolyLine.StrokeWeight)","string?","StrokeWeight","_StrokeWeight"
"D:\OneDrive\VS\Projects\DocxDocument\DocumentModel.InOpenXml\Vml\PolyLine.cs","290","Property","nameof(DXV.PolyLine.InsetPen)","bool?","InsetPen","_InsetPen"
"D:\OneDrive\VS\Projects\DocxDocument\DocumentModel.InOpenXml\Vml\PolyLine.cs","297","Property","nameof(DXV.PolyLine.OptionalNumber)","Int32?","OptionalNumber","_OptionalNumber"
"D:\OneDrive\VS\Projects\DocxDocument\DocumentModel.InOpenXml\Vml\PolyLine.cs","304","Property","nameof(DXV.PolyLine.ConnectorType)","ConnectorType?","ConnectorType","_ConnectorType"
"D:\OneDrive\VS\Projects\DocxDocument\DocumentModel.InOpenXml\Vml\PolyLine.cs","311","Property","nameof(DXV.PolyLine.BlackWhiteMode)","BlackAndWhiteMode?","BlackWhiteMode","_BlackWhiteMode"
"D:\OneDrive\VS\Projects\DocxDocument\DocumentModel.InOpenXml\Vml\PolyLine.cs","318","Property","nameof(DXV.PolyLine.PureBlackWhiteMode)","BlackAndWhiteMode?","PureBlackWhiteMode","_PureBlackWhiteMode"
"D:\OneDrive\VS\Projects\DocxDocument\DocumentModel.InOpenXml\Vml\PolyLine.cs","325","Property","nameof(DXV.PolyLine.NormalBlackWhiteMode)","BlackAndWhiteMode?","NormalBlackWhiteMode","_NormalBlackWhiteMode"
"D:\OneDrive\VS\Projects\DocxDocument\DocumentModel.InOpenXml\Vml\PolyLine.cs","332","Property","nameof(DXV.PolyLine.ForceDash)","bool?","ForceDash","_ForceDash"
"D:\OneDrive\VS\Projects\DocxDocument\DocumentModel.InOpenXml\Vml\PolyLine.cs","339","Property","nameof(DXV.PolyLine.OleIcon)","bool?","OleIcon","_OleIcon"
"D:\OneDrive\VS\Projects\DocxDocument\DocumentModel.InOpenXml\Vml\PolyLine.cs","346","Property","nameof(DXV.PolyLine.Ole)","bool?","Ole","_Ole"
"D:\OneDrive\VS\Projects\DocxDocument\DocumentModel.InOpenXml\Vml\PolyLine.cs","353","Property","nameof(DXV.PolyLine.PreferRelative)","bool?","PreferRelative","_PreferRelative"
"D:\OneDrive\VS\Projects\DocxDocument\DocumentModel.InOpenXml\Vml\PolyLine.cs","360","Property","nameof(DXV.PolyLine.ClipToWrap)","bool?","ClipToWrap","_ClipToWrap"
"D:\OneDrive\VS\Projects\DocxDocument\DocumentModel.InOpenXml\Vml\PolyLine.cs","367","Property","nameof(DXV.PolyLine.Clip)","bool?","Clip","_Clip"
"D:\OneDrive\VS\Projects\DocxDocument\DocumentModel.InOpenXml\Vml\PolyLine.cs","374","Property","nameof(DXV.PolyLine.Gfxdata)","Base64Binary?","GfxData","_GfxData"
"D:\OneDrive\VS\Projects\DocxDocument\DocumentModel.InOpenXml\Vml\PolyLine.cs","381","Property","nameof(DXV.PolyLine.Points)","string?","Points","_Points"
"D:\OneDrive\VS\Projects\DocxDocument\DocumentModel.InOpenXml\Vml\Proxy.cs","14","Property","nameof(DXVO.Proxy.Start)","bool?","Start","_Start"
"D:\OneDrive\VS\Projects\DocxDocument\DocumentModel.InOpenXml\Vml\Proxy.cs","21","Property","nameof(DXVO.Proxy.End)","bool?","End","_End"
"D:\OneDrive\VS\Projects\DocxDocument\DocumentModel.InOpenXml\Vml\Proxy.cs","28","Property","nameof(DXVO.Proxy.ShapeReference)","string?","ShapeReference","_ShapeReference"
"D:\OneDrive\VS\Projects\DocxDocument\DocumentModel.InOpenXml\Vml\Proxy.cs","35","Property","nameof(DXVO.Proxy.ConnectionLocation)","Int32?","ConnectionLocation","_ConnectionLocation"
"D:\OneDrive\VS\Projects\DocxDocument\DocumentModel.InOpenXml\Vml\Rectangle.cs","17","Property","nameof(DXV.Rectangle.Id)","string?","Id","_Id"
"D:\OneDrive\VS\Projects\DocxDocument\DocumentModel.InOpenXml\Vml\Rectangle.cs","24","Property","nameof(DXV.Rectangle.Style)","string?","Style","_Style"
"D:\OneDrive\VS\Projects\DocxDocument\DocumentModel.InOpenXml\Vml\Rectangle.cs","31","Property","nameof(DXV.Rectangle.Href)","string?","Href","_Href"
"D:\OneDrive\VS\Projects\DocxDocument\DocumentModel.InOpenXml\Vml\Rectangle.cs","38","Property","nameof(DXV.Rectangle.Target)","string?","Target","_Target"
"D:\OneDrive\VS\Projects\DocxDocument\DocumentModel.InOpenXml\Vml\Rectangle.cs","45","Property","nameof(DXV.Rectangle.Class)","string?","Class","_Class"
"D:\OneDrive\VS\Projects\DocxDocument\DocumentModel.InOpenXml\Vml\Rectangle.cs","52","Property","nameof(DXV.Rectangle.Title)","string?","Title","_Title"
"D:\OneDrive\VS\Projects\DocxDocument\DocumentModel.InOpenXml\Vml\Rectangle.cs","59","Property","nameof(DXV.Rectangle.Alternate)","string?","Alternate","_Alternate"
"D:\OneDrive\VS\Projects\DocxDocument\DocumentModel.InOpenXml\Vml\Rectangle.cs","66","Property","nameof(DXV.Rectangle.CoordinateSize)","string?","CoordinateSize","_CoordinateSize"
"D:\OneDrive\VS\Projects\DocxDocument\DocumentModel.InOpenXml\Vml\Rectangle.cs","73","Property","nameof(DXV.Rectangle.CoordinateOrigin)","string?","CoordinateOrigin","_CoordinateOrigin"
"D:\OneDrive\VS\Projects\DocxDocument\DocumentModel.InOpenXml\Vml\Rectangle.cs","80","Property","nameof(DXV.Rectangle.WrapCoordinates)","string?","WrapCoordinates","_WrapCoordinates"
"D:\OneDrive\VS\Projects\DocxDocument\DocumentModel.InOpenXml\Vml\Rectangle.cs","87","Property","nameof(DXV.Rectangle.Print)","bool?","Print","_Print"
"D:\OneDrive\VS\Projects\DocxDocument\DocumentModel.InOpenXml\Vml\Rectangle.cs","94","Property","nameof(DXV.Rectangle.OptionalString)","string?","OptionalString","_OptionalString"
"D:\OneDrive\VS\Projects\DocxDocument\DocumentModel.InOpenXml\Vml\Rectangle.cs","101","Property","nameof(DXV.Rectangle.Oned)","bool?","Oned","_Oned"
"D:\OneDrive\VS\Projects\DocxDocument\DocumentModel.InOpenXml\Vml\Rectangle.cs","108","Property","nameof(DXV.Rectangle.RegroupId)","Int64?","RegroupId","_RegroupId"
"D:\OneDrive\VS\Projects\DocxDocument\DocumentModel.InOpenXml\Vml\Rectangle.cs","115","Property","nameof(DXV.Rectangle.DoubleClickNotify)","bool?","DoubleClickNotify","_DoubleClickNotify"
"D:\OneDrive\VS\Projects\DocxDocument\DocumentModel.InOpenXml\Vml\Rectangle.cs","122","Property","nameof(DXV.Rectangle.Button)","bool?","Button","_Button"
"D:\OneDrive\VS\Projects\DocxDocument\DocumentModel.InOpenXml\Vml\Rectangle.cs","129","Property","nameof(DXV.Rectangle.UserHidden)","bool?","UserHidden","_UserHidden"
"D:\OneDrive\VS\Projects\DocxDocument\DocumentModel.InOpenXml\Vml\Rectangle.cs","136","Property","nameof(DXV.Rectangle.Bullet)","bool?","Bullet","_Bullet"
"D:\OneDrive\VS\Projects\DocxDocument\DocumentModel.InOpenXml\Vml\Rectangle.cs","143","Property","nameof(DXV.Rectangle.Horizontal)","bool?","Horizontal","_Horizontal"
"D:\OneDrive\VS\Projects\DocxDocument\DocumentModel.InOpenXml\Vml\Rectangle.cs","150","Property","nameof(DXV.Rectangle.HorizontalStandard)","bool?","HorizontalStandard","_HorizontalStandard"
"D:\OneDrive\VS\Projects\DocxDocument\DocumentModel.InOpenXml\Vml\Rectangle.cs","157","Property","nameof(DXV.Rectangle.HorizontalNoShade)","bool?","HorizontalNoShade","_HorizontalNoShade"
"D:\OneDrive\VS\Projects\DocxDocument\DocumentModel.InOpenXml\Vml\Rectangle.cs","164","Property","nameof(DXV.Rectangle.HorizontalPercentage)","Single?","HorizontalPercentage","_HorizontalPercentage"
"D:\OneDrive\VS\Projects\DocxDocument\DocumentModel.InOpenXml\Vml\Rectangle.cs","171","Property","nameof(DXV.Rectangle.HorizontalAlignment)","HorizontalRuleAlignment?","HorizontalAlignment","_HorizontalAlignment"
"D:\OneDrive\VS\Projects\DocxDocument\DocumentModel.InOpenXml\Vml\Rectangle.cs","178","Property","nameof(DXV.Rectangle.AllowInCell)","bool?","AllowInCell","_AllowInCell"
"D:\OneDrive\VS\Projects\DocxDocument\DocumentModel.InOpenXml\Vml\Rectangle.cs","185","Property","nameof(DXV.Rectangle.AllowOverlap)","bool?","AllowOverlap","_AllowOverlap"
"D:\OneDrive\VS\Projects\DocxDocument\DocumentModel.InOpenXml\Vml\Rectangle.cs","192","Property","nameof(DXV.Rectangle.UserDrawn)","bool?","UserDrawn","_UserDrawn"
"D:\OneDrive\VS\Projects\DocxDocument\DocumentModel.InOpenXml\Vml\Rectangle.cs","199","Property","nameof(DXV.Rectangle.BorderTopColor)","string?","BorderTopColor","_BorderTopColor"
"D:\OneDrive\VS\Projects\DocxDocument\DocumentModel.InOpenXml\Vml\Rectangle.cs","206","Property","nameof(DXV.Rectangle.BorderLeftColor)","string?","BorderLeftColor","_BorderLeftColor"
"D:\OneDrive\VS\Projects\DocxDocument\DocumentModel.InOpenXml\Vml\Rectangle.cs","213","Property","nameof(DXV.Rectangle.BorderBottomColor)","string?","BorderBottomColor","_BorderBottomColor"
"D:\OneDrive\VS\Projects\DocxDocument\DocumentModel.InOpenXml\Vml\Rectangle.cs","220","Property","nameof(DXV.Rectangle.BorderRightColor)","string?","BorderRightColor","_BorderRightColor"
"D:\OneDrive\VS\Projects\DocxDocument\DocumentModel.InOpenXml\Vml\Rectangle.cs","227","Property","nameof(DXV.Rectangle.DiagramLayout)","Int64?","DiagramLayout","_DiagramLayout"
"D:\OneDrive\VS\Projects\DocxDocument\DocumentModel.InOpenXml\Vml\Rectangle.cs","234","Property","nameof(DXV.Rectangle.DiagramNodeKind)","Int64?","DiagramNodeKind","_DiagramNodeKind"
"D:\OneDrive\VS\Projects\DocxDocument\DocumentModel.InOpenXml\Vml\Rectangle.cs","241","Property","nameof(DXV.Rectangle.DiagramLayoutMostRecentUsed)","Int64?","DiagramLayoutMostRecentUsed","_DiagramLayoutMostRecentUsed"
"D:\OneDrive\VS\Projects\DocxDocument\DocumentModel.InOpenXml\Vml\Rectangle.cs","248","Property","nameof(DXV.Rectangle.InsetMode)","InsetMargin?","InsetMode","_InsetMode"
"D:\OneDrive\VS\Projects\DocxDocument\DocumentModel.InOpenXml\Vml\Rectangle.cs","255","Property","nameof(DXV.Rectangle.Filled)","bool?","Filled","_Filled"
"D:\OneDrive\VS\Projects\DocxDocument\DocumentModel.InOpenXml\Vml\Rectangle.cs","262","Property","nameof(DXV.Rectangle.FillColor)","string?","FillColor","_FillColor"
"D:\OneDrive\VS\Projects\DocxDocument\DocumentModel.InOpenXml\Vml\Rectangle.cs","269","Property","nameof(DXV.Rectangle.Stroked)","bool?","Stroked","_Stroked"
"D:\OneDrive\VS\Projects\DocxDocument\DocumentModel.InOpenXml\Vml\Rectangle.cs","276","Property","nameof(DXV.Rectangle.StrokeColor)","string?","StrokeColor","_StrokeColor"
"D:\OneDrive\VS\Projects\DocxDocument\DocumentModel.InOpenXml\Vml\Rectangle.cs","283","Property","nameof(DXV.Rectangle.StrokeWeight)","string?","StrokeWeight","_StrokeWeight"
"D:\OneDrive\VS\Projects\DocxDocument\DocumentModel.InOpenXml\Vml\Rectangle.cs","290","Property","nameof(DXV.Rectangle.InsetPen)","bool?","InsetPen","_InsetPen"
"D:\OneDrive\VS\Projects\DocxDocument\DocumentModel.InOpenXml\Vml\Rectangle.cs","297","Property","nameof(DXV.Rectangle.OptionalNumber)","Int32?","OptionalNumber","_OptionalNumber"
"D:\OneDrive\VS\Projects\DocxDocument\DocumentModel.InOpenXml\Vml\Rectangle.cs","304","Property","nameof(DXV.Rectangle.ConnectorType)","ConnectorType?","ConnectorType","_ConnectorType"
"D:\OneDrive\VS\Projects\DocxDocument\DocumentModel.InOpenXml\Vml\Rectangle.cs","311","Property","nameof(DXV.Rectangle.BlackWhiteMode)","BlackAndWhiteMode?","BlackWhiteMode","_BlackWhiteMode"
"D:\OneDrive\VS\Projects\DocxDocument\DocumentModel.InOpenXml\Vml\Rectangle.cs","318","Property","nameof(DXV.Rectangle.PureBlackWhiteMode)","BlackAndWhiteMode?","PureBlackWhiteMode","_PureBlackWhiteMode"
"D:\OneDrive\VS\Projects\DocxDocument\DocumentModel.InOpenXml\Vml\Rectangle.cs","325","Property","nameof(DXV.Rectangle.NormalBlackWhiteMode)","BlackAndWhiteMode?","NormalBlackWhiteMode","_NormalBlackWhiteMode"
"D:\OneDrive\VS\Projects\DocxDocument\DocumentModel.InOpenXml\Vml\Rectangle.cs","332","Property","nameof(DXV.Rectangle.ForceDash)","bool?","ForceDash","_ForceDash"
"D:\OneDrive\VS\Projects\DocxDocument\DocumentModel.InOpenXml\Vml\Rectangle.cs","339","Property","nameof(DXV.Rectangle.OleIcon)","bool?","OleIcon","_OleIcon"
"D:\OneDrive\VS\Projects\DocxDocument\DocumentModel.InOpenXml\Vml\Rectangle.cs","346","Property","nameof(DXV.Rectangle.Ole)","bool?","Ole","_Ole"
"D:\OneDrive\VS\Projects\DocxDocument\DocumentModel.InOpenXml\Vml\Rectangle.cs","353","Property","nameof(DXV.Rectangle.PreferRelative)","bool?","PreferRelative","_PreferRelative"
"D:\OneDrive\VS\Projects\DocxDocument\DocumentModel.InOpenXml\Vml\Rectangle.cs","360","Property","nameof(DXV.Rectangle.ClipToWrap)","bool?","ClipToWrap","_ClipToWrap"
"D:\OneDrive\VS\Projects\DocxDocument\DocumentModel.InOpenXml\Vml\Rectangle.cs","367","Property","nameof(DXV.Rectangle.Clip)","bool?","Clip","_Clip"
"D:\OneDrive\VS\Projects\DocxDocument\DocumentModel.InOpenXml\Vml\Rectangle.cs","374","Property","nameof(DXV.Rectangle.Gfxdata)","Base64Binary?","GfxData","_GfxData"
"D:\OneDrive\VS\Projects\DocxDocument\DocumentModel.InOpenXml\Vml\RegroupTable.cs","14","Property","nameof(DXVO.RegroupTable.Extension)","ExtensionHandlingBehavior?","Extension","_Extension"
"D:\OneDrive\VS\Projects\DocxDocument\DocumentModel.InOpenXml\Vml\Relation.cs","14","Property","nameof(DXVO.Relation.Extension)","ExtensionHandlingBehavior?","Extension","_Extension"
"D:\OneDrive\VS\Projects\DocxDocument\DocumentModel.InOpenXml\Vml\Relation.cs","21","Property","nameof(DXVO.Relation.SourceId)","string?","SourceId","_SourceId"
"D:\OneDrive\VS\Projects\DocxDocument\DocumentModel.InOpenXml\Vml\Relation.cs","28","Property","nameof(DXVO.Relation.DestinationId)","string?","DestinationId","_DestinationId"
"D:\OneDrive\VS\Projects\DocxDocument\DocumentModel.InOpenXml\Vml\Relation.cs","35","Property","nameof(DXVO.Relation.CenterShapeId)","string?","CenterShapeId","_CenterShapeId"
"D:\OneDrive\VS\Projects\DocxDocument\DocumentModel.InOpenXml\Vml\RelationTable.cs","20","Property","nameof(DXVO.RelationTable.Extension)","ExtensionHandlingBehavior?","Extension","_Extension"
"D:\OneDrive\VS\Projects\DocxDocument\DocumentModel.InOpenXml\Vml\RoundRectangle.cs","17","Property","nameof(DXV.RoundRectangle.Id)","string?","Id","_Id"
"D:\OneDrive\VS\Projects\DocxDocument\DocumentModel.InOpenXml\Vml\RoundRectangle.cs","24","Property","nameof(DXV.RoundRectangle.Style)","string?","Style","_Style"
"D:\OneDrive\VS\Projects\DocxDocument\DocumentModel.InOpenXml\Vml\RoundRectangle.cs","31","Property","nameof(DXV.RoundRectangle.Href)","string?","Href","_Href"
"D:\OneDrive\VS\Projects\DocxDocument\DocumentModel.InOpenXml\Vml\RoundRectangle.cs","38","Property","nameof(DXV.RoundRectangle.Target)","string?","Target","_Target"
"D:\OneDrive\VS\Projects\DocxDocument\DocumentModel.InOpenXml\Vml\RoundRectangle.cs","45","Property","nameof(DXV.RoundRectangle.Class)","string?","Class","_Class"
"D:\OneDrive\VS\Projects\DocxDocument\DocumentModel.InOpenXml\Vml\RoundRectangle.cs","52","Property","nameof(DXV.RoundRectangle.Title)","string?","Title","_Title"
"D:\OneDrive\VS\Projects\DocxDocument\DocumentModel.InOpenXml\Vml\RoundRectangle.cs","59","Property","nameof(DXV.RoundRectangle.Alternate)","string?","Alternate","_Alternate"
"D:\OneDrive\VS\Projects\DocxDocument\DocumentModel.InOpenXml\Vml\RoundRectangle.cs","66","Property","nameof(DXV.RoundRectangle.CoordinateSize)","string?","CoordinateSize","_CoordinateSize"
"D:\OneDrive\VS\Projects\DocxDocument\DocumentModel.InOpenXml\Vml\RoundRectangle.cs","73","Property","nameof(DXV.RoundRectangle.WrapCoordinates)","string?","WrapCoordinates","_WrapCoordinates"
"D:\OneDrive\VS\Projects\DocxDocument\DocumentModel.InOpenXml\Vml\RoundRectangle.cs","80","Property","nameof(DXV.RoundRectangle.Print)","bool?","Print","_Print"
"D:\OneDrive\VS\Projects\DocxDocument\DocumentModel.InOpenXml\Vml\RoundRectangle.cs","87","Property","nameof(DXV.RoundRectangle.OptionalString)","string?","OptionalString","_OptionalString"
"D:\OneDrive\VS\Projects\DocxDocument\DocumentModel.InOpenXml\Vml\RoundRectangle.cs","94","Property","nameof(DXV.RoundRectangle.Oned)","bool?","Oned","_Oned"
"D:\OneDrive\VS\Projects\DocxDocument\DocumentModel.InOpenXml\Vml\RoundRectangle.cs","101","Property","nameof(DXV.RoundRectangle.RegroupId)","Int64?","RegroupId","_RegroupId"
"D:\OneDrive\VS\Projects\DocxDocument\DocumentModel.InOpenXml\Vml\RoundRectangle.cs","108","Property","nameof(DXV.RoundRectangle.DoubleClickNotify)","bool?","DoubleClickNotify","_DoubleClickNotify"
"D:\OneDrive\VS\Projects\DocxDocument\DocumentModel.InOpenXml\Vml\RoundRectangle.cs","115","Property","nameof(DXV.RoundRectangle.Button)","bool?","Button","_Button"
"D:\OneDrive\VS\Projects\DocxDocument\DocumentModel.InOpenXml\Vml\RoundRectangle.cs","122","Property","nameof(DXV.RoundRectangle.UserHidden)","bool?","UserHidden","_UserHidden"
"D:\OneDrive\VS\Projects\DocxDocument\DocumentModel.InOpenXml\Vml\RoundRectangle.cs","129","Property","nameof(DXV.RoundRectangle.Bullet)","bool?","Bullet","_Bullet"
"D:\OneDrive\VS\Projects\DocxDocument\DocumentModel.InOpenXml\Vml\RoundRectangle.cs","136","Property","nameof(DXV.RoundRectangle.Horizontal)","bool?","Horizontal","_Horizontal"
"D:\OneDrive\VS\Projects\DocxDocument\DocumentModel.InOpenXml\Vml\RoundRectangle.cs","143","Property","nameof(DXV.RoundRectangle.HorizontalStandard)","bool?","HorizontalStandard","_HorizontalStandard"
"D:\OneDrive\VS\Projects\DocxDocument\DocumentModel.InOpenXml\Vml\RoundRectangle.cs","150","Property","nameof(DXV.RoundRectangle.HorizontalNoShade)","bool?","HorizontalNoShade","_HorizontalNoShade"
"D:\OneDrive\VS\Projects\DocxDocument\DocumentModel.InOpenXml\Vml\RoundRectangle.cs","157","Property","nameof(DXV.RoundRectangle.HorizontalPercentage)","Single?","HorizontalPercentage","_HorizontalPercentage"
"D:\OneDrive\VS\Projects\DocxDocument\DocumentModel.InOpenXml\Vml\RoundRectangle.cs","164","Property","nameof(DXV.RoundRectangle.HorizontalAlignment)","HorizontalRuleAlignment?","HorizontalAlignment","_HorizontalAlignment"
"D:\OneDrive\VS\Projects\DocxDocument\DocumentModel.InOpenXml\Vml\RoundRectangle.cs","171","Property","nameof(DXV.RoundRectangle.AllowInCell)","bool?","AllowInCell","_AllowInCell"
"D:\OneDrive\VS\Projects\DocxDocument\DocumentModel.InOpenXml\Vml\RoundRectangle.cs","178","Property","nameof(DXV.RoundRectangle.AllowOverlap)","bool?","AllowOverlap","_AllowOverlap"
"D:\OneDrive\VS\Projects\DocxDocument\DocumentModel.InOpenXml\Vml\RoundRectangle.cs","185","Property","nameof(DXV.RoundRectangle.UserDrawn)","bool?","UserDrawn","_UserDrawn"
"D:\OneDrive\VS\Projects\DocxDocument\DocumentModel.InOpenXml\Vml\RoundRectangle.cs","192","Property","nameof(DXV.RoundRectangle.BorderTopColor)","VmlColor?","BorderTopColor","_BorderTopColor"
"D:\OneDrive\VS\Projects\DocxDocument\DocumentModel.InOpenXml\Vml\RoundRectangle.cs","199","Property","nameof(DXV.RoundRectangle.BorderLeftColor)","VmlColor?","BorderLeftColor","_BorderLeftColor"
"D:\OneDrive\VS\Projects\DocxDocument\DocumentModel.InOpenXml\Vml\RoundRectangle.cs","206","Property","nameof(DXV.RoundRectangle.BorderBottomColor)","VmlColor?","BorderBottomColor","_BorderBottomColor"
"D:\OneDrive\VS\Projects\DocxDocument\DocumentModel.InOpenXml\Vml\RoundRectangle.cs","213","Property","nameof(DXV.RoundRectangle.BorderRightColor)","VmlColor?","BorderRightColor","_BorderRightColor"
"D:\OneDrive\VS\Projects\DocxDocument\DocumentModel.InOpenXml\Vml\RoundRectangle.cs","220","Property","nameof(DXV.RoundRectangle.DiagramLayout)","Int64?","DiagramLayout","_DiagramLayout"
"D:\OneDrive\VS\Projects\DocxDocument\DocumentModel.InOpenXml\Vml\RoundRectangle.cs","227","Property","nameof(DXV.RoundRectangle.DiagramNodeKind)","Int64?","DiagramNodeKind","_DiagramNodeKind"
"D:\OneDrive\VS\Projects\DocxDocument\DocumentModel.InOpenXml\Vml\RoundRectangle.cs","234","Property","nameof(DXV.RoundRectangle.DiagramLayoutMostRecentUsed)","Int64?","DiagramLayoutMostRecentUsed","_DiagramLayoutMostRecentUsed"
"D:\OneDrive\VS\Projects\DocxDocument\DocumentModel.InOpenXml\Vml\RoundRectangle.cs","241","Property","nameof(DXV.RoundRectangle.InsetMode)","InsetMargin?","InsetMode","_InsetMode"
"D:\OneDrive\VS\Projects\DocxDocument\DocumentModel.InOpenXml\Vml\RoundRectangle.cs","248","Property","nameof(DXV.RoundRectangle.Filled)","bool?","Filled","_Filled"
"D:\OneDrive\VS\Projects\DocxDocument\DocumentModel.InOpenXml\Vml\RoundRectangle.cs","255","Property","nameof(DXV.RoundRectangle.FillColor)","VmlColor?","FillColor","_FillColor"
"D:\OneDrive\VS\Projects\DocxDocument\DocumentModel.InOpenXml\Vml\RoundRectangle.cs","262","Property","nameof(DXV.RoundRectangle.Stroked)","bool?","Stroked","_Stroked"
"D:\OneDrive\VS\Projects\DocxDocument\DocumentModel.InOpenXml\Vml\RoundRectangle.cs","269","Property","nameof(DXV.RoundRectangle.StrokeColor)","VmlColor?","StrokeColor","_StrokeColor"
"D:\OneDrive\VS\Projects\DocxDocument\DocumentModel.InOpenXml\Vml\RoundRectangle.cs","276","Property","nameof(DXV.RoundRectangle.StrokeWeight)","VmlColor?","StrokeWeight","_StrokeWeight"
"D:\OneDrive\VS\Projects\DocxDocument\DocumentModel.InOpenXml\Vml\RoundRectangle.cs","283","Property","nameof(DXV.RoundRectangle.InsetPen)","bool?","InsetPen","_InsetPen"
"D:\OneDrive\VS\Projects\DocxDocument\DocumentModel.InOpenXml\Vml\RoundRectangle.cs","290","Property","nameof(DXV.RoundRectangle.OptionalNumber)","Int32?","OptionalNumber","_OptionalNumber"
"D:\OneDrive\VS\Projects\DocxDocument\DocumentModel.InOpenXml\Vml\RoundRectangle.cs","297","Property","nameof(DXV.RoundRectangle.ConnectorType)","ConnectorType?","ConnectorType","_ConnectorType"
"D:\OneDrive\VS\Projects\DocxDocument\DocumentModel.InOpenXml\Vml\RoundRectangle.cs","304","Property","nameof(DXV.RoundRectangle.BlackWhiteMode)","BlackAndWhiteMode?","BlackWhiteMode","_BlackWhiteMode"
"D:\OneDrive\VS\Projects\DocxDocument\DocumentModel.InOpenXml\Vml\RoundRectangle.cs","311","Property","nameof(DXV.RoundRectangle.PureBlackWhiteMode)","BlackAndWhiteMode?","PureBlackWhiteMode","_PureBlackWhiteMode"
"D:\OneDrive\VS\Projects\DocxDocument\DocumentModel.InOpenXml\Vml\RoundRectangle.cs","318","Property","nameof(DXV.RoundRectangle.NormalBlackWhiteMode)","BlackAndWhiteMode?","NormalBlackWhiteMode","_NormalBlackWhiteMode"
"D:\OneDrive\VS\Projects\DocxDocument\DocumentModel.InOpenXml\Vml\RoundRectangle.cs","325","Property","nameof(DXV.RoundRectangle.ForceDash)","bool?","ForceDash","_ForceDash"
"D:\OneDrive\VS\Projects\DocxDocument\DocumentModel.InOpenXml\Vml\RoundRectangle.cs","332","Property","nameof(DXV.RoundRectangle.OleIcon)","bool?","OleIcon","_OleIcon"
"D:\OneDrive\VS\Projects\DocxDocument\DocumentModel.InOpenXml\Vml\RoundRectangle.cs","339","Property","nameof(DXV.RoundRectangle.Ole)","bool?","Ole","_Ole"
"D:\OneDrive\VS\Projects\DocxDocument\DocumentModel.InOpenXml\Vml\RoundRectangle.cs","346","Property","nameof(DXV.RoundRectangle.PreferRelative)","bool?","PreferRelative","_PreferRelative"
"D:\OneDrive\VS\Projects\DocxDocument\DocumentModel.InOpenXml\Vml\RoundRectangle.cs","353","Property","nameof(DXV.RoundRectangle.ClipToWrap)","bool?","ClipToWrap","_ClipToWrap"
"D:\OneDrive\VS\Projects\DocxDocument\DocumentModel.InOpenXml\Vml\RoundRectangle.cs","360","Property","nameof(DXV.RoundRectangle.Clip)","bool?","Clip","_Clip"
"D:\OneDrive\VS\Projects\DocxDocument\DocumentModel.InOpenXml\Vml\RoundRectangle.cs","367","Property","nameof(DXV.RoundRectangle.Gfxdata)","Base64Binary?","GfxData","_GfxData"
"D:\OneDrive\VS\Projects\DocxDocument\DocumentModel.InOpenXml\Vml\RoundRectangle.cs","374","Property","nameof(DXV.RoundRectangle.ArcSize)","string?","ArcSize","_ArcSize"
"D:\OneDrive\VS\Projects\DocxDocument\DocumentModel.InOpenXml\Vml\Rule.cs","14","Property","nameof(DXVO.Rule.Id)","string?","Id","_Id"
"D:\OneDrive\VS\Projects\DocxDocument\DocumentModel.InOpenXml\Vml\Rule.cs","21","Property","nameof(DXVO.Rule.Type)","RuleType?","Type","_Type"
"D:\OneDrive\VS\Projects\DocxDocument\DocumentModel.InOpenXml\Vml\Rule.cs","28","Property","nameof(DXVO.Rule.How)","Alignment?","How","_How"
"D:\OneDrive\VS\Projects\DocxDocument\DocumentModel.InOpenXml\Vml\Rule.cs","35","Property","nameof(DXVO.Rule.ShapeReference)","string?","ShapeReference","_ShapeReference"
"D:\OneDrive\VS\Projects\DocxDocument\DocumentModel.InOpenXml\Vml\Shadow.cs","14","Property","nameof(DXV.Shadow.Id)","string?","Id","_Id"
"D:\OneDrive\VS\Projects\DocxDocument\DocumentModel.InOpenXml\Vml\Shadow.cs","21","Property","nameof(DXV.Shadow.On)","bool?","On","_On"
"D:\OneDrive\VS\Projects\DocxDocument\DocumentModel.InOpenXml\Vml\Shadow.cs","28","Property","nameof(DXV.Shadow.Type)","ShadowType?","Type","_Type"
"D:\OneDrive\VS\Projects\DocxDocument\DocumentModel.InOpenXml\Vml\Shadow.cs","35","Property","nameof(DXV.Shadow.Obscured)","bool?","Obscured","_Obscured"
"D:\OneDrive\VS\Projects\DocxDocument\DocumentModel.InOpenXml\Vml\Shadow.cs","42","Property","nameof(DXV.Shadow.Color)","VmlColor?","Color","_Color"
"D:\OneDrive\VS\Projects\DocxDocument\DocumentModel.InOpenXml\Vml\Shadow.cs","49","Property","nameof(DXV.Shadow.Opacity)","string?","Opacity","_Opacity"
"D:\OneDrive\VS\Projects\DocxDocument\DocumentModel.InOpenXml\Vml\Shadow.cs","56","Property","nameof(DXV.Shadow.Offset)","string?","Offset","_Offset"
"D:\OneDrive\VS\Projects\DocxDocument\DocumentModel.InOpenXml\Vml\Shadow.cs","63","Property","nameof(DXV.Shadow.Color2)","VmlColor?","Color2","_Color2"
"D:\OneDrive\VS\Projects\DocxDocument\DocumentModel.InOpenXml\Vml\Shadow.cs","70","Property","nameof(DXV.Shadow.Offset2)","string?","Offset2","_Offset2"
"D:\OneDrive\VS\Projects\DocxDocument\DocumentModel.InOpenXml\Vml\Shadow.cs","77","Property","nameof(DXV.Shadow.Origin)","string?","Origin","_Origin"
"D:\OneDrive\VS\Projects\DocxDocument\DocumentModel.InOpenXml\Vml\Shadow.cs","84","Property","nameof(DXV.Shadow.Matrix)","string?","Matrix","_Matrix"
"D:\OneDrive\VS\Projects\DocxDocument\DocumentModel.InOpenXml\Vml\Shape.cs","17","Property","nameof(DXV.Shape.Id)","string?","Id","_Id"
"D:\OneDrive\VS\Projects\DocxDocument\DocumentModel.InOpenXml\Vml\Shape.cs","24","Property","nameof(DXV.Shape.Style)","string?","Style","_Style"
"D:\OneDrive\VS\Projects\DocxDocument\DocumentModel.InOpenXml\Vml\Shape.cs","31","Property","nameof(DXV.Shape.Href)","string?","Href","_Href"
"D:\OneDrive\VS\Projects\DocxDocument\DocumentModel.InOpenXml\Vml\Shape.cs","38","Property","nameof(DXV.Shape.Target)","string?","Target","_Target"
"D:\OneDrive\VS\Projects\DocxDocument\DocumentModel.InOpenXml\Vml\Shape.cs","45","Property","nameof(DXV.Shape.Class)","string?","Class","_Class"
"D:\OneDrive\VS\Projects\DocxDocument\DocumentModel.InOpenXml\Vml\Shape.cs","52","Property","nameof(DXV.Shape.Title)","string?","Title","_Title"
"D:\OneDrive\VS\Projects\DocxDocument\DocumentModel.InOpenXml\Vml\Shape.cs","59","Property","nameof(DXV.Shape.Alternate)","string?","Alternate","_Alternate"
"D:\OneDrive\VS\Projects\DocxDocument\DocumentModel.InOpenXml\Vml\Shape.cs","66","Property","nameof(DXV.Shape.CoordinateSize)","string?","CoordinateSize","_CoordinateSize"
"D:\OneDrive\VS\Projects\DocxDocument\DocumentModel.InOpenXml\Vml\Shape.cs","73","Property","nameof(DXV.Shape.CoordinateOrigin)","string?","CoordinateOrigin","_CoordinateOrigin"
"D:\OneDrive\VS\Projects\DocxDocument\DocumentModel.InOpenXml\Vml\Shape.cs","80","Property","nameof(DXV.Shape.WrapCoordinates)","string?","WrapCoordinates","_WrapCoordinates"
"D:\OneDrive\VS\Projects\DocxDocument\DocumentModel.InOpenXml\Vml\Shape.cs","87","Property","nameof(DXV.Shape.Print)","bool?","Print","_Print"
"D:\OneDrive\VS\Projects\DocxDocument\DocumentModel.InOpenXml\Vml\Shape.cs","94","Property","nameof(DXV.Shape.OptionalString)","string?","OptionalString","_OptionalString"
"D:\OneDrive\VS\Projects\DocxDocument\DocumentModel.InOpenXml\Vml\Shape.cs","101","Property","nameof(DXV.Shape.Oned)","bool?","Oned","_Oned"
"D:\OneDrive\VS\Projects\DocxDocument\DocumentModel.InOpenXml\Vml\Shape.cs","108","Property","nameof(DXV.Shape.RegroupId)","Int64?","RegroupId","_RegroupId"
"D:\OneDrive\VS\Projects\DocxDocument\DocumentModel.InOpenXml\Vml\Shape.cs","115","Property","nameof(DXV.Shape.DoubleClickNotify)","bool?","DoubleClickNotify","_DoubleClickNotify"
"D:\OneDrive\VS\Projects\DocxDocument\DocumentModel.InOpenXml\Vml\Shape.cs","122","Property","nameof(DXV.Shape.Button)","bool?","Button","_Button"
"D:\OneDrive\VS\Projects\DocxDocument\DocumentModel.InOpenXml\Vml\Shape.cs","129","Property","nameof(DXV.Shape.UserHidden)","bool?","UserHidden","_UserHidden"
"D:\OneDrive\VS\Projects\DocxDocument\DocumentModel.InOpenXml\Vml\Shape.cs","136","Property","nameof(DXV.Shape.Bullet)","bool?","Bullet","_Bullet"
"D:\OneDrive\VS\Projects\DocxDocument\DocumentModel.InOpenXml\Vml\Shape.cs","143","Property","nameof(DXV.Shape.Horizontal)","bool?","Horizontal","_Horizontal"
"D:\OneDrive\VS\Projects\DocxDocument\DocumentModel.InOpenXml\Vml\Shape.cs","150","Property","nameof(DXV.Shape.HorizontalStandard)","bool?","HorizontalStandard","_HorizontalStandard"
"D:\OneDrive\VS\Projects\DocxDocument\DocumentModel.InOpenXml\Vml\Shape.cs","157","Property","nameof(DXV.Shape.HorizontalNoShade)","bool?","HorizontalNoShade","_HorizontalNoShade"
"D:\OneDrive\VS\Projects\DocxDocument\DocumentModel.InOpenXml\Vml\Shape.cs","164","Property","nameof(DXV.Shape.HorizontalPercentage)","Single?","HorizontalPercentage","_HorizontalPercentage"
"D:\OneDrive\VS\Projects\DocxDocument\DocumentModel.InOpenXml\Vml\Shape.cs","171","Property","nameof(DXV.Shape.HorizontalAlignment)","HorizontalRuleAlignment?","HorizontalAlignment","_HorizontalAlignment"
"D:\OneDrive\VS\Projects\DocxDocument\DocumentModel.InOpenXml\Vml\Shape.cs","178","Property","nameof(DXV.Shape.AllowInCell)","bool?","AllowInCell","_AllowInCell"
"D:\OneDrive\VS\Projects\DocxDocument\DocumentModel.InOpenXml\Vml\Shape.cs","185","Property","nameof(DXV.Shape.AllowOverlap)","bool?","AllowOverlap","_AllowOverlap"
"D:\OneDrive\VS\Projects\DocxDocument\DocumentModel.InOpenXml\Vml\Shape.cs","192","Property","nameof(DXV.Shape.UserDrawn)","bool?","UserDrawn","_UserDrawn"
"D:\OneDrive\VS\Projects\DocxDocument\DocumentModel.InOpenXml\Vml\Shape.cs","199","Property","nameof(DXV.Shape.BorderTopColor)","VmlColor?","BorderTopColor","_BorderTopColor"
"D:\OneDrive\VS\Projects\DocxDocument\DocumentModel.InOpenXml\Vml\Shape.cs","206","Property","nameof(DXV.Shape.BorderLeftColor)","VmlColor?","BorderLeftColor","_BorderLeftColor"
"D:\OneDrive\VS\Projects\DocxDocument\DocumentModel.InOpenXml\Vml\Shape.cs","213","Property","nameof(DXV.Shape.BorderBottomColor)","VmlColor?","BorderBottomColor","_BorderBottomColor"
"D:\OneDrive\VS\Projects\DocxDocument\DocumentModel.InOpenXml\Vml\Shape.cs","220","Property","nameof(DXV.Shape.BorderRightColor)","VmlColor?","BorderRightColor","_BorderRightColor"
"D:\OneDrive\VS\Projects\DocxDocument\DocumentModel.InOpenXml\Vml\Shape.cs","227","Property","nameof(DXV.Shape.DiagramLayout)","Int64?","DiagramLayout","_DiagramLayout"
"D:\OneDrive\VS\Projects\DocxDocument\DocumentModel.InOpenXml\Vml\Shape.cs","234","Property","nameof(DXV.Shape.DiagramNodeKind)","Int64?","DiagramNodeKind","_DiagramNodeKind"
"D:\OneDrive\VS\Projects\DocxDocument\DocumentModel.InOpenXml\Vml\Shape.cs","241","Property","nameof(DXV.Shape.DiagramLayoutMostRecentUsed)","Int64?","DiagramLayoutMostRecentUsed","_DiagramLayoutMostRecentUsed"
"D:\OneDrive\VS\Projects\DocxDocument\DocumentModel.InOpenXml\Vml\Shape.cs","248","Property","nameof(DXV.Shape.InsetMode)","InsetMargin?","InsetMode","_InsetMode"
"D:\OneDrive\VS\Projects\DocxDocument\DocumentModel.InOpenXml\Vml\Shape.cs","255","Property","nameof(DXV.Shape.Filled)","bool?","Filled","_Filled"
"D:\OneDrive\VS\Projects\DocxDocument\DocumentModel.InOpenXml\Vml\Shape.cs","262","Property","nameof(DXV.Shape.FillColor)","VmlColor?","FillColor","_FillColor"
"D:\OneDrive\VS\Projects\DocxDocument\DocumentModel.InOpenXml\Vml\Shape.cs","269","Property","nameof(DXV.Shape.Stroked)","bool?","Stroked","_Stroked"
"D:\OneDrive\VS\Projects\DocxDocument\DocumentModel.InOpenXml\Vml\Shape.cs","276","Property","nameof(DXV.Shape.StrokeColor)","VmlColor?","StrokeColor","_StrokeColor"
"D:\OneDrive\VS\Projects\DocxDocument\DocumentModel.InOpenXml\Vml\Shape.cs","283","Property","nameof(DXV.Shape.StrokeWeight)","string?","StrokeWeight","_StrokeWeight"
"D:\OneDrive\VS\Projects\DocxDocument\DocumentModel.InOpenXml\Vml\Shape.cs","290","Property","nameof(DXV.Shape.InsetPen)","bool?","InsetPen","_InsetPen"
"D:\OneDrive\VS\Projects\DocxDocument\DocumentModel.InOpenXml\Vml\Shape.cs","297","Property","nameof(DXV.Shape.OptionalNumber)","Int32?","OptionalNumber","_OptionalNumber"
"D:\OneDrive\VS\Projects\DocxDocument\DocumentModel.InOpenXml\Vml\Shape.cs","304","Property","nameof(DXV.Shape.ConnectorType)","ConnectorType?","ConnectorType","_ConnectorType"
"D:\OneDrive\VS\Projects\DocxDocument\DocumentModel.InOpenXml\Vml\Shape.cs","311","Property","nameof(DXV.Shape.BlackWhiteMode)","BlackAndWhiteMode?","BlackWhiteMode","_BlackWhiteMode"
"D:\OneDrive\VS\Projects\DocxDocument\DocumentModel.InOpenXml\Vml\Shape.cs","318","Property","nameof(DXV.Shape.PureBlackWhiteMode)","BlackAndWhiteMode?","PureBlackWhiteMode","_PureBlackWhiteMode"
"D:\OneDrive\VS\Projects\DocxDocument\DocumentModel.InOpenXml\Vml\Shape.cs","325","Property","nameof(DXV.Shape.NormalBlackWhiteMode)","BlackAndWhiteMode?","NormalBlackWhiteMode","_NormalBlackWhiteMode"
"D:\OneDrive\VS\Projects\DocxDocument\DocumentModel.InOpenXml\Vml\Shape.cs","332","Property","nameof(DXV.Shape.ForceDash)","bool?","ForceDash","_ForceDash"
"D:\OneDrive\VS\Projects\DocxDocument\DocumentModel.InOpenXml\Vml\Shape.cs","339","Property","nameof(DXV.Shape.OleIcon)","bool?","OleIcon","_OleIcon"
"D:\OneDrive\VS\Projects\DocxDocument\DocumentModel.InOpenXml\Vml\Shape.cs","346","Property","nameof(DXV.Shape.Ole)","bool?","Ole","_Ole"
"D:\OneDrive\VS\Projects\DocxDocument\DocumentModel.InOpenXml\Vml\Shape.cs","353","Property","nameof(DXV.Shape.PreferRelative)","bool?","PreferRelative","_PreferRelative"
"D:\OneDrive\VS\Projects\DocxDocument\DocumentModel.InOpenXml\Vml\Shape.cs","360","Property","nameof(DXV.Shape.ClipToWrap)","bool?","ClipToWrap","_ClipToWrap"
"D:\OneDrive\VS\Projects\DocxDocument\DocumentModel.InOpenXml\Vml\Shape.cs","367","Property","nameof(DXV.Shape.Clip)","bool?","Clip","_Clip"
"D:\OneDrive\VS\Projects\DocxDocument\DocumentModel.InOpenXml\Vml\Shape.cs","374","Property","nameof(DXV.Shape.Type)","string?","Type","_Type"
"D:\OneDrive\VS\Projects\DocxDocument\DocumentModel.InOpenXml\Vml\Shape.cs","381","Property","nameof(DXV.Shape.Adjustment)","string?","Adjustment","_Adjustment"
"D:\OneDrive\VS\Projects\DocxDocument\DocumentModel.InOpenXml\Vml\Shape.cs","388","Property","nameof(DXV.Shape.EdgePath)","string?","EdgePath","_EdgePath"
"D:\OneDrive\VS\Projects\DocxDocument\DocumentModel.InOpenXml\Vml\Shape.cs","395","Property","nameof(DXV.Shape.EncodedPackage)","Base64Binary?","EncodedPackage","_EncodedPackage"
"D:\OneDrive\VS\Projects\DocxDocument\DocumentModel.InOpenXml\Vml\Shape.cs","402","Property","nameof(DXV.Shape.EquationXml)","string?","EquationXml","_EquationXml"
"D:\OneDrive\VS\Projects\DocxDocument\DocumentModel.InOpenXml\Vml\ShapeHandle.cs","14","Property","nameof(DXV.ShapeHandle.Position)","string?","Position","_Position"
"D:\OneDrive\VS\Projects\DocxDocument\DocumentModel.InOpenXml\Vml\ShapeHandle.cs","21","Property","nameof(DXV.ShapeHandle.Polar)","string?","Polar","_Polar"
"D:\OneDrive\VS\Projects\DocxDocument\DocumentModel.InOpenXml\Vml\ShapeHandle.cs","28","Property","nameof(DXV.ShapeHandle.Map)","string?","Map","_Map"
"D:\OneDrive\VS\Projects\DocxDocument\DocumentModel.InOpenXml\Vml\ShapeHandle.cs","35","Property","nameof(DXV.ShapeHandle.InvertX)","bool?","InvertX","_InvertX"
"D:\OneDrive\VS\Projects\DocxDocument\DocumentModel.InOpenXml\Vml\ShapeHandle.cs","42","Property","nameof(DXV.ShapeHandle.InvertY)","bool?","InvertY","_InvertY"
"D:\OneDrive\VS\Projects\DocxDocument\DocumentModel.InOpenXml\Vml\ShapeHandle.cs","49","Property","nameof(DXV.ShapeHandle.Switch)","bool?","Switch","_Switch"
"D:\OneDrive\VS\Projects\DocxDocument\DocumentModel.InOpenXml\Vml\ShapeHandle.cs","56","Property","nameof(DXV.ShapeHandle.XRange)","string?","XRange","_XRange"
"D:\OneDrive\VS\Projects\DocxDocument\DocumentModel.InOpenXml\Vml\ShapeHandle.cs","63","Property","nameof(DXV.ShapeHandle.YRange)","string?","YRange","_YRange"
"D:\OneDrive\VS\Projects\DocxDocument\DocumentModel.InOpenXml\Vml\ShapeHandle.cs","70","Property","nameof(DXV.ShapeHandle.RadiusRange)","string?","RadiusRange","_RadiusRange"
"D:\OneDrive\VS\Projects\DocxDocument\DocumentModel.InOpenXml\Vml\ShapeIdMap.cs","14","Property","nameof(DXVO.ShapeIdMap.Extension)","ExtensionHandlingBehavior?","Extension","_Extension"
"D:\OneDrive\VS\Projects\DocxDocument\DocumentModel.InOpenXml\Vml\ShapeIdMap.cs","21","Property","nameof(DXVO.ShapeIdMap.Data)","string?","Data","_Data"
"D:\OneDrive\VS\Projects\DocxDocument\DocumentModel.InOpenXml\Vml\ShapeType.cs","19","Property","nameof(DXV.Shapetype.Id)","string?","Id","_Id"
"D:\OneDrive\VS\Projects\DocxDocument\DocumentModel.InOpenXml\Vml\ShapeType.cs","26","Property","nameof(DXV.Shapetype.Style)","string?","Style","_Style"
"D:\OneDrive\VS\Projects\DocxDocument\DocumentModel.InOpenXml\Vml\ShapeType.cs","33","Property","nameof(DXV.Shapetype.Href)","string?","Href","_Href"
"D:\OneDrive\VS\Projects\DocxDocument\DocumentModel.InOpenXml\Vml\ShapeType.cs","40","Property","nameof(DXV.Shapetype.Target)","string?","Target","_Target"
"D:\OneDrive\VS\Projects\DocxDocument\DocumentModel.InOpenXml\Vml\ShapeType.cs","47","Property","nameof(DXV.Shapetype.Class)","string?","Class","_Class"
"D:\OneDrive\VS\Projects\DocxDocument\DocumentModel.InOpenXml\Vml\ShapeType.cs","54","Property","nameof(DXV.Shapetype.Title)","string?","Title","_Title"
"D:\OneDrive\VS\Projects\DocxDocument\DocumentModel.InOpenXml\Vml\ShapeType.cs","61","Property","nameof(DXV.Shapetype.Alternate)","string?","Alternate","_Alternate"
"D:\OneDrive\VS\Projects\DocxDocument\DocumentModel.InOpenXml\Vml\ShapeType.cs","68","Property","nameof(DXV.Shapetype.CoordinateSize)","string?","CoordinateSize","_CoordinateSize"
"D:\OneDrive\VS\Projects\DocxDocument\DocumentModel.InOpenXml\Vml\ShapeType.cs","75","Property","nameof(DXV.Shapetype.CoordinateOrigin)","string?","CoordinateOrigin","_CoordinateOrigin"
"D:\OneDrive\VS\Projects\DocxDocument\DocumentModel.InOpenXml\Vml\ShapeType.cs","82","Property","nameof(DXV.Shapetype.WrapCoordinates)","string?","WrapCoordinates","_WrapCoordinates"
"D:\OneDrive\VS\Projects\DocxDocument\DocumentModel.InOpenXml\Vml\ShapeType.cs","89","Property","nameof(DXV.Shapetype.Print)","bool?","Print","_Print"
"D:\OneDrive\VS\Projects\DocxDocument\DocumentModel.InOpenXml\Vml\ShapeType.cs","96","Property","nameof(DXV.Shapetype.OptionalString)","string?","OptionalString","_OptionalString"
"D:\OneDrive\VS\Projects\DocxDocument\DocumentModel.InOpenXml\Vml\ShapeType.cs","103","Property","nameof(DXV.Shapetype.Oned)","bool?","Oned","_Oned"
"D:\OneDrive\VS\Projects\DocxDocument\DocumentModel.InOpenXml\Vml\ShapeType.cs","110","Property","nameof(DXV.Shapetype.RegroupId)","Int64?","RegroupId","_RegroupId"
"D:\OneDrive\VS\Projects\DocxDocument\DocumentModel.InOpenXml\Vml\ShapeType.cs","117","Property","nameof(DXV.Shapetype.DoubleClickNotify)","bool?","DoubleClickNotify","_DoubleClickNotify"
"D:\OneDrive\VS\Projects\DocxDocument\DocumentModel.InOpenXml\Vml\ShapeType.cs","124","Property","nameof(DXV.Shapetype.Button)","bool?","Button","_Button"
"D:\OneDrive\VS\Projects\DocxDocument\DocumentModel.InOpenXml\Vml\ShapeType.cs","131","Property","nameof(DXV.Shapetype.UserHidden)","bool?","UserHidden","_UserHidden"
"D:\OneDrive\VS\Projects\DocxDocument\DocumentModel.InOpenXml\Vml\ShapeType.cs","138","Property","nameof(DXV.Shapetype.Bullet)","bool?","Bullet","_Bullet"
"D:\OneDrive\VS\Projects\DocxDocument\DocumentModel.InOpenXml\Vml\ShapeType.cs","145","Property","nameof(DXV.Shapetype.Horizontal)","bool?","Horizontal","_Horizontal"
"D:\OneDrive\VS\Projects\DocxDocument\DocumentModel.InOpenXml\Vml\ShapeType.cs","152","Property","nameof(DXV.Shapetype.HorizontalStandard)","bool?","HorizontalStandard","_HorizontalStandard"
"D:\OneDrive\VS\Projects\DocxDocument\DocumentModel.InOpenXml\Vml\ShapeType.cs","159","Property","nameof(DXV.Shapetype.HorizontalNoShade)","bool?","HorizontalNoShade","_HorizontalNoShade"
"D:\OneDrive\VS\Projects\DocxDocument\DocumentModel.InOpenXml\Vml\ShapeType.cs","166","Property","nameof(DXV.Shapetype.HorizontalPercentage)","Single?","HorizontalPercentage","_HorizontalPercentage"
"D:\OneDrive\VS\Projects\DocxDocument\DocumentModel.InOpenXml\Vml\ShapeType.cs","173","Property","nameof(DXV.Shapetype.HorizontalAlignment)","HorizontalRuleAlignment?","HorizontalAlignment","_HorizontalAlignment"
"D:\OneDrive\VS\Projects\DocxDocument\DocumentModel.InOpenXml\Vml\ShapeType.cs","180","Property","nameof(DXV.Shapetype.AllowInCell)","bool?","AllowInCell","_AllowInCell"
"D:\OneDrive\VS\Projects\DocxDocument\DocumentModel.InOpenXml\Vml\ShapeType.cs","187","Property","nameof(DXV.Shapetype.AllowOverlap)","bool?","AllowOverlap","_AllowOverlap"
"D:\OneDrive\VS\Projects\DocxDocument\DocumentModel.InOpenXml\Vml\ShapeType.cs","194","Property","nameof(DXV.Shapetype.UserDrawn)","bool?","UserDrawn","_UserDrawn"
"D:\OneDrive\VS\Projects\DocxDocument\DocumentModel.InOpenXml\Vml\ShapeType.cs","201","Property","nameof(DXV.Shapetype.BorderTopColor)","VmlColor?","BorderTopColor","_BorderTopColor"
"D:\OneDrive\VS\Projects\DocxDocument\DocumentModel.InOpenXml\Vml\ShapeType.cs","208","Property","nameof(DXV.Shapetype.BorderLeftColor)","VmlColor?","BorderLeftColor","_BorderLeftColor"
"D:\OneDrive\VS\Projects\DocxDocument\DocumentModel.InOpenXml\Vml\ShapeType.cs","215","Property","nameof(DXV.Shapetype.BorderBottomColor)","VmlColor?","BorderBottomColor","_BorderBottomColor"
"D:\OneDrive\VS\Projects\DocxDocument\DocumentModel.InOpenXml\Vml\ShapeType.cs","222","Property","nameof(DXV.Shapetype.BorderRightColor)","VmlColor?","BorderRightColor","_BorderRightColor"
"D:\OneDrive\VS\Projects\DocxDocument\DocumentModel.InOpenXml\Vml\ShapeType.cs","229","Property","nameof(DXV.Shapetype.DiagramLayout)","Int64?","DiagramLayout","_DiagramLayout"
"D:\OneDrive\VS\Projects\DocxDocument\DocumentModel.InOpenXml\Vml\ShapeType.cs","236","Property","nameof(DXV.Shapetype.DiagramNodeKind)","Int64?","DiagramNodeKind","_DiagramNodeKind"
"D:\OneDrive\VS\Projects\DocxDocument\DocumentModel.InOpenXml\Vml\ShapeType.cs","243","Property","nameof(DXV.Shapetype.DiagramLayoutMostRecentUsed)","Int64?","DiagramLayoutMostRecentUsed","_DiagramLayoutMostRecentUsed"
"D:\OneDrive\VS\Projects\DocxDocument\DocumentModel.InOpenXml\Vml\ShapeType.cs","250","Property","nameof(DXV.Shapetype.InsetMode)","InsetMargin?","InsetMode","_InsetMode"
"D:\OneDrive\VS\Projects\DocxDocument\DocumentModel.InOpenXml\Vml\ShapeType.cs","257","Property","nameof(DXV.Shapetype.Filled)","bool?","Filled","_Filled"
"D:\OneDrive\VS\Projects\DocxDocument\DocumentModel.InOpenXml\Vml\ShapeType.cs","264","Property","nameof(DXV.Shapetype.FillColor)","VmlColor?","FillColor","_FillColor"
"D:\OneDrive\VS\Projects\DocxDocument\DocumentModel.InOpenXml\Vml\ShapeType.cs","271","Property","nameof(DXV.Shapetype.Stroked)","bool?","Stroked","_Stroked"
"D:\OneDrive\VS\Projects\DocxDocument\DocumentModel.InOpenXml\Vml\ShapeType.cs","278","Property","nameof(DXV.Shapetype.StrokeColor)","VmlColor?","StrokeColor","_StrokeColor"
"D:\OneDrive\VS\Projects\DocxDocument\DocumentModel.InOpenXml\Vml\ShapeType.cs","285","Property","nameof(DXV.Shapetype.StrokeWeight)","string?","StrokeWeight","_StrokeWeight"
"D:\OneDrive\VS\Projects\DocxDocument\DocumentModel.InOpenXml\Vml\ShapeType.cs","292","Property","nameof(DXV.Shapetype.InsetPen)","bool?","InsetPen","_InsetPen"
"D:\OneDrive\VS\Projects\DocxDocument\DocumentModel.InOpenXml\Vml\ShapeType.cs","299","Property","nameof(DXV.Shapetype.OptionalNumber)","Int32?","OptionalNumber","_OptionalNumber"
"D:\OneDrive\VS\Projects\DocxDocument\DocumentModel.InOpenXml\Vml\ShapeType.cs","306","Property","nameof(DXV.Shapetype.ConnectorType)","ConnectorType?","ConnectorType","_ConnectorType"
"D:\OneDrive\VS\Projects\DocxDocument\DocumentModel.InOpenXml\Vml\ShapeType.cs","313","Property","nameof(DXV.Shapetype.BlackWhiteMode)","BlackAndWhiteMode?","BlackWhiteMode","_BlackWhiteMode"
"D:\OneDrive\VS\Projects\DocxDocument\DocumentModel.InOpenXml\Vml\ShapeType.cs","320","Property","nameof(DXV.Shapetype.PureBlackWhiteMode)","BlackAndWhiteMode?","PureBlackWhiteMode","_PureBlackWhiteMode"
"D:\OneDrive\VS\Projects\DocxDocument\DocumentModel.InOpenXml\Vml\ShapeType.cs","327","Property","nameof(DXV.Shapetype.NormalBlackWhiteMode)","BlackAndWhiteMode?","NormalBlackWhiteMode","_NormalBlackWhiteMode"
"D:\OneDrive\VS\Projects\DocxDocument\DocumentModel.InOpenXml\Vml\ShapeType.cs","334","Property","nameof(DXV.Shapetype.ForceDash)","bool?","ForceDash","_ForceDash"
"D:\OneDrive\VS\Projects\DocxDocument\DocumentModel.InOpenXml\Vml\ShapeType.cs","341","Property","nameof(DXV.Shapetype.OleIcon)","bool?","OleIcon","_OleIcon"
"D:\OneDrive\VS\Projects\DocxDocument\DocumentModel.InOpenXml\Vml\ShapeType.cs","348","Property","nameof(DXV.Shapetype.Ole)","bool?","Ole","_Ole"
"D:\OneDrive\VS\Projects\DocxDocument\DocumentModel.InOpenXml\Vml\ShapeType.cs","355","Property","nameof(DXV.Shapetype.PreferRelative)","bool?","PreferRelative","_PreferRelative"
"D:\OneDrive\VS\Projects\DocxDocument\DocumentModel.InOpenXml\Vml\ShapeType.cs","362","Property","nameof(DXV.Shapetype.ClipToWrap)","bool?","ClipToWrap","_ClipToWrap"
"D:\OneDrive\VS\Projects\DocxDocument\DocumentModel.InOpenXml\Vml\ShapeType.cs","369","Property","nameof(DXV.Shapetype.Clip)","bool?","Clip","_Clip"
"D:\OneDrive\VS\Projects\DocxDocument\DocumentModel.InOpenXml\Vml\ShapeType.cs","376","Property","nameof(DXV.Shapetype.Adjustment)","string?","Adjustment","_Adjustment"
"D:\OneDrive\VS\Projects\DocxDocument\DocumentModel.InOpenXml\Vml\ShapeType.cs","383","Property","nameof(DXV.Shapetype.EdgePath)","string?","EdgePath","_EdgePath"
"D:\OneDrive\VS\Projects\DocxDocument\DocumentModel.InOpenXml\Vml\ShapeType.cs","390","Property","nameof(DXV.Shapetype.Master)","string?","Master","_Master"
"D:\OneDrive\VS\Projects\DocxDocument\DocumentModel.InOpenXml\Vml\SignatureLine.cs","14","Property","nameof(DXVO.SignatureLine.Extension)","ExtensionHandlingBehavior?","Extension","_Extension"
"D:\OneDrive\VS\Projects\DocxDocument\DocumentModel.InOpenXml\Vml\SignatureLine.cs","21","Property","nameof(DXVO.SignatureLine.IsSignatureLine)","bool?","IsSignatureLine","_IsSignatureLine"
"D:\OneDrive\VS\Projects\DocxDocument\DocumentModel.InOpenXml\Vml\SignatureLine.cs","28","Property","nameof(DXVO.SignatureLine.Id)","string?","Id","_Id"
"D:\OneDrive\VS\Projects\DocxDocument\DocumentModel.InOpenXml\Vml\SignatureLine.cs","35","Property","nameof(DXVO.SignatureLine.ProviderId)","string?","ProviderId","_ProviderId"
"D:\OneDrive\VS\Projects\DocxDocument\DocumentModel.InOpenXml\Vml\SignatureLine.cs","42","Property","nameof(DXVO.SignatureLine.SigningInstructionsSet)","bool?","SigningInstructionsSet","_SigningInstructionsSet"
"D:\OneDrive\VS\Projects\DocxDocument\DocumentModel.InOpenXml\Vml\SignatureLine.cs","49","Property","nameof(DXVO.SignatureLine.AllowComments)","bool?","AllowComments","_AllowComments"
"D:\OneDrive\VS\Projects\DocxDocument\DocumentModel.InOpenXml\Vml\SignatureLine.cs","56","Property","nameof(DXVO.SignatureLine.ShowSignDate)","bool?","ShowSignDate","_ShowSignDate"
"D:\OneDrive\VS\Projects\DocxDocument\DocumentModel.InOpenXml\Vml\SignatureLine.cs","63","Property","nameof(DXVO.SignatureLine.SuggestedSigner)","string?","SuggestedSigner","_SuggestedSigner"
"D:\OneDrive\VS\Projects\DocxDocument\DocumentModel.InOpenXml\Vml\SignatureLine.cs","70","Property","nameof(DXVO.SignatureLine.SuggestedSigner2)","string?","SuggestedSigner2","_SuggestedSigner2"
"D:\OneDrive\VS\Projects\DocxDocument\DocumentModel.InOpenXml\Vml\SignatureLine.cs","77","Property","nameof(DXVO.SignatureLine.SuggestedSignerEmail)","string?","SuggestedSignerEmail","_SuggestedSignerEmail"
"D:\OneDrive\VS\Projects\DocxDocument\DocumentModel.InOpenXml\Vml\SignatureLine.cs","84","Property","nameof(DXVO.SignatureLine.SigningInstructions)","string?","SigningInstructions","_SigningInstructions"
"D:\OneDrive\VS\Projects\DocxDocument\DocumentModel.InOpenXml\Vml\SignatureLine.cs","91","Property","nameof(DXVO.SignatureLine.AdditionalXml)","string?","AdditionalXml","_AdditionalXml"
"D:\OneDrive\VS\Projects\DocxDocument\DocumentModel.InOpenXml\Vml\SignatureLine.cs","98","Property","nameof(DXVO.SignatureLine.SignatureProviderUrl)","string?","SignatureProviderUrl","_SignatureProviderUrl"
"D:\OneDrive\VS\Projects\DocxDocument\DocumentModel.InOpenXml\Vml\Skew.cs","14","Property","nameof(DXVO.Skew.Extension)","ExtensionHandlingBehavior?","Extension","_Extension"
"D:\OneDrive\VS\Projects\DocxDocument\DocumentModel.InOpenXml\Vml\Skew.cs","21","Property","nameof(DXVO.Skew.Id)","string?","Id","_Id"
"D:\OneDrive\VS\Projects\DocxDocument\DocumentModel.InOpenXml\Vml\Skew.cs","28","Property","nameof(DXVO.Skew.On)","bool?","On","_On"
"D:\OneDrive\VS\Projects\DocxDocument\DocumentModel.InOpenXml\Vml\Skew.cs","35","Property","nameof(DXVO.Skew.Offset)","string?","Offset","_Offset"
"D:\OneDrive\VS\Projects\DocxDocument\DocumentModel.InOpenXml\Vml\Skew.cs","42","Property","nameof(DXVO.Skew.Origin)","string?","Origin","_Origin"
"D:\OneDrive\VS\Projects\DocxDocument\DocumentModel.InOpenXml\Vml\Skew.cs","49","Property","nameof(DXVO.Skew.Matrix)","string?","Matrix","_Matrix"
"D:\OneDrive\VS\Projects\DocxDocument\DocumentModel.InOpenXml\Vml\Stroke.cs","14","Property","nameof(DXV.Stroke.Id)","string?","Id","_Id"
"D:\OneDrive\VS\Projects\DocxDocument\DocumentModel.InOpenXml\Vml\Stroke.cs","21","Property","nameof(DXV.Stroke.On)","bool?","On","_On"
"D:\OneDrive\VS\Projects\DocxDocument\DocumentModel.InOpenXml\Vml\Stroke.cs","28","Property","nameof(DXV.Stroke.Weight)","string?","Weight","_Weight"
"D:\OneDrive\VS\Projects\DocxDocument\DocumentModel.InOpenXml\Vml\Stroke.cs","35","Property","nameof(DXV.Stroke.Color)","VmlColor?","Color","_Color"
"D:\OneDrive\VS\Projects\DocxDocument\DocumentModel.InOpenXml\Vml\Stroke.cs","42","Property","nameof(DXV.Stroke.Opacity)","string?","Opacity","_Opacity"
"D:\OneDrive\VS\Projects\DocxDocument\DocumentModel.InOpenXml\Vml\Stroke.cs","49","Property","nameof(DXV.Stroke.LineStyle)","StrokeLineStyle?","LineStyle","_LineStyle"
"D:\OneDrive\VS\Projects\DocxDocument\DocumentModel.InOpenXml\Vml\Stroke.cs","56","Property","nameof(DXV.Stroke.Miterlimit)","string?","MiterLimit","_MiterLimit"
"D:\OneDrive\VS\Projects\DocxDocument\DocumentModel.InOpenXml\Vml\Stroke.cs","63","Property","nameof(DXV.Stroke.JoinStyle)","StrokeJoinStyle?","JoinStyle","_JoinStyle"
"D:\OneDrive\VS\Projects\DocxDocument\DocumentModel.InOpenXml\Vml\Stroke.cs","70","Property","nameof(DXV.Stroke.EndCap)","StrokeEndCap?","EndCap","_EndCap"
"D:\OneDrive\VS\Projects\DocxDocument\DocumentModel.InOpenXml\Vml\Stroke.cs","77","Property","nameof(DXV.Stroke.DashStyle)","string?","DashStyle","_DashStyle"
"D:\OneDrive\VS\Projects\DocxDocument\DocumentModel.InOpenXml\Vml\Stroke.cs","84","Property","nameof(DXV.Stroke.FillType)","StrokeFill?","FillType","_FillType"
"D:\OneDrive\VS\Projects\DocxDocument\DocumentModel.InOpenXml\Vml\Stroke.cs","91","Property","nameof(DXV.Stroke.Source)","string?","Source","_Source"
"D:\OneDrive\VS\Projects\DocxDocument\DocumentModel.InOpenXml\Vml\Stroke.cs","98","Property","nameof(DXV.Stroke.ImageAspect)","ImageAspectType?","ImageAspect","_ImageAspect"
"D:\OneDrive\VS\Projects\DocxDocument\DocumentModel.InOpenXml\Vml\Stroke.cs","105","Property","nameof(DXV.Stroke.ImageSize)","string?","ImageSize","_ImageSize"
"D:\OneDrive\VS\Projects\DocxDocument\DocumentModel.InOpenXml\Vml\Stroke.cs","112","Property","nameof(DXV.Stroke.ImageAlignShape)","bool?","ImageAlignShape","_ImageAlignShape"
"D:\OneDrive\VS\Projects\DocxDocument\DocumentModel.InOpenXml\Vml\Stroke.cs","119","Property","nameof(DXV.Stroke.Color2)","VmlColor?","Color2","_Color2"
"D:\OneDrive\VS\Projects\DocxDocument\DocumentModel.InOpenXml\Vml\Stroke.cs","126","Property","nameof(DXV.Stroke.StartArrow)","StrokeArrowStyle?","StartArrow","_StartArrow"
"D:\OneDrive\VS\Projects\DocxDocument\DocumentModel.InOpenXml\Vml\Stroke.cs","133","Property","nameof(DXV.Stroke.StartArrowWidth)","StrokeArrowWidth?","StartArrowWidth","_StartArrowWidth"
"D:\OneDrive\VS\Projects\DocxDocument\DocumentModel.InOpenXml\Vml\Stroke.cs","140","Property","nameof(DXV.Stroke.StartArrowLength)","StrokeArrowLength?","StartArrowLength","_StartArrowLength"
"D:\OneDrive\VS\Projects\DocxDocument\DocumentModel.InOpenXml\Vml\Stroke.cs","147","Property","nameof(DXV.Stroke.EndArrow)","StrokeArrowStyle?","EndArrow","_EndArrow"
"D:\OneDrive\VS\Projects\DocxDocument\DocumentModel.InOpenXml\Vml\Stroke.cs","154","Property","nameof(DXV.Stroke.EndArrowWidth)","StrokeArrowWidth?","EndArrowWidth","_EndArrowWidth"
"D:\OneDrive\VS\Projects\DocxDocument\DocumentModel.InOpenXml\Vml\Stroke.cs","161","Property","nameof(DXV.Stroke.EndArrowLength)","StrokeArrowLength?","EndArrowLength","_EndArrowLength"
"D:\OneDrive\VS\Projects\DocxDocument\DocumentModel.InOpenXml\Vml\Stroke.cs","168","Property","nameof(DXV.Stroke.Href)","string?","Href","_Href"
"D:\OneDrive\VS\Projects\DocxDocument\DocumentModel.InOpenXml\Vml\Stroke.cs","175","Property","nameof(DXV.Stroke.AlternateImageReference)","string?","AlternateImageReference","_AlternateImageReference"
"D:\OneDrive\VS\Projects\DocxDocument\DocumentModel.InOpenXml\Vml\Stroke.cs","182","Property","nameof(DXV.Stroke.Title)","string?","Title","_Title"
"D:\OneDrive\VS\Projects\DocxDocument\DocumentModel.InOpenXml\Vml\Stroke.cs","189","Property","nameof(DXV.Stroke.ForceDash)","bool?","ForceDash","_ForceDash"
"D:\OneDrive\VS\Projects\DocxDocument\DocumentModel.InOpenXml\Vml\Stroke.cs","196","Property","nameof(DXV.Stroke.RelationshipId)","string?","RelationshipId","_RelationshipId"
"D:\OneDrive\VS\Projects\DocxDocument\DocumentModel.InOpenXml\Vml\Stroke.cs","203","Property","nameof(DXV.Stroke.Insetpen)","bool?","Insetpen","_Insetpen"
"D:\OneDrive\VS\Projects\DocxDocument\DocumentModel.InOpenXml\Vml\Stroke.cs","210","Property","nameof(DXV.Stroke.LeftStroke)","StrokeChildType?","LeftStroke","_LeftStroke"
"D:\OneDrive\VS\Projects\DocxDocument\DocumentModel.InOpenXml\Vml\Stroke.cs","217","Property","nameof(DXV.Stroke.TopStroke)","StrokeChildType?","TopStroke","_TopStroke"
"D:\OneDrive\VS\Projects\DocxDocument\DocumentModel.InOpenXml\Vml\Stroke.cs","224","Property","nameof(DXV.Stroke.RightStroke)","StrokeChildType?","RightStroke","_RightStroke"
"D:\OneDrive\VS\Projects\DocxDocument\DocumentModel.InOpenXml\Vml\Stroke.cs","231","Property","nameof(DXV.Stroke.BottomStroke)","StrokeChildType?","BottomStroke","_BottomStroke"
"D:\OneDrive\VS\Projects\DocxDocument\DocumentModel.InOpenXml\Vml\Stroke.cs","238","Property","nameof(DXV.Stroke.ColumnStroke)","StrokeChildType?","ColumnStroke","_ColumnStroke"
"D:\OneDrive\VS\Projects\DocxDocument\DocumentModel.InOpenXml\Vml\StrokeChildType.cs","14","Property","nameof(DXVO.StrokeChildType.Extension)","ExtensionHandlingBehavior?","Extension","_Extension"
"D:\OneDrive\VS\Projects\DocxDocument\DocumentModel.InOpenXml\Vml\StrokeChildType.cs","21","Property","nameof(DXVO.StrokeChildType.On)","bool?","On","_On"
"D:\OneDrive\VS\Projects\DocxDocument\DocumentModel.InOpenXml\Vml\StrokeChildType.cs","28","Property","nameof(DXVO.StrokeChildType.Weight)","string?","Weight","_Weight"
"D:\OneDrive\VS\Projects\DocxDocument\DocumentModel.InOpenXml\Vml\StrokeChildType.cs","35","Property","nameof(DXVO.StrokeChildType.Color)","VmlColor?","Color","_Color"
"D:\OneDrive\VS\Projects\DocxDocument\DocumentModel.InOpenXml\Vml\StrokeChildType.cs","42","Property","nameof(DXVO.StrokeChildType.Color2)","VmlColor?","Color2","_Color2"
"D:\OneDrive\VS\Projects\DocxDocument\DocumentModel.InOpenXml\Vml\StrokeChildType.cs","49","Property","nameof(DXVO.StrokeChildType.Opacity)","string?","Opacity","_Opacity"
"D:\OneDrive\VS\Projects\DocxDocument\DocumentModel.InOpenXml\Vml\StrokeChildType.cs","56","Property","nameof(DXVO.StrokeChildType.LineStyle)","StrokeLineStyle?","LineStyle","_LineStyle"
"D:\OneDrive\VS\Projects\DocxDocument\DocumentModel.InOpenXml\Vml\StrokeChildType.cs","63","Property","nameof(DXVO.StrokeChildType.MiterLimit)","Decimal?","MiterLimit","_MiterLimit"
"D:\OneDrive\VS\Projects\DocxDocument\DocumentModel.InOpenXml\Vml\StrokeChildType.cs","70","Property","nameof(DXVO.StrokeChildType.JoinStyle)","StrokeJoinStyle?","JoinStyle","_JoinStyle"
"D:\OneDrive\VS\Projects\DocxDocument\DocumentModel.InOpenXml\Vml\StrokeChildType.cs","77","Property","nameof(DXVO.StrokeChildType.EndCap)","StrokeEndCap?","EndCap","_EndCap"
"D:\OneDrive\VS\Projects\DocxDocument\DocumentModel.InOpenXml\Vml\StrokeChildType.cs","84","Property","nameof(DXVO.StrokeChildType.DashStyle)","string?","DashStyle","_DashStyle"
"D:\OneDrive\VS\Projects\DocxDocument\DocumentModel.InOpenXml\Vml\StrokeChildType.cs","91","Property","nameof(DXVO.StrokeChildType.InsetPen)","bool?","InsetPen","_InsetPen"
"D:\OneDrive\VS\Projects\DocxDocument\DocumentModel.InOpenXml\Vml\StrokeChildType.cs","98","Property","nameof(DXVO.StrokeChildType.FillType)","FillType?","FillType","_FillType"
"D:\OneDrive\VS\Projects\DocxDocument\DocumentModel.InOpenXml\Vml\StrokeChildType.cs","105","Property","nameof(DXVO.StrokeChildType.Source)","string?","Source","_Source"
"D:\OneDrive\VS\Projects\DocxDocument\DocumentModel.InOpenXml\Vml\StrokeChildType.cs","112","Property","nameof(DXVO.StrokeChildType.ImageAspect)","ImageAspectType?","ImageAspect","_ImageAspect"
"D:\OneDrive\VS\Projects\DocxDocument\DocumentModel.InOpenXml\Vml\StrokeChildType.cs","119","Property","nameof(DXVO.StrokeChildType.ImageSize)","string?","ImageSize","_ImageSize"
"D:\OneDrive\VS\Projects\DocxDocument\DocumentModel.InOpenXml\Vml\StrokeChildType.cs","126","Property","nameof(DXVO.StrokeChildType.ImageAlignShape)","bool?","ImageAlignShape","_ImageAlignShape"
"D:\OneDrive\VS\Projects\DocxDocument\DocumentModel.InOpenXml\Vml\StrokeChildType.cs","133","Property","nameof(DXVO.StrokeChildType.StartArrow)","StrokeArrowStyle?","StartArrow","_StartArrow"
"D:\OneDrive\VS\Projects\DocxDocument\DocumentModel.InOpenXml\Vml\StrokeChildType.cs","140","Property","nameof(DXVO.StrokeChildType.StartArrowWidth)","StrokeArrowWidth?","StartArrowWidth","_StartArrowWidth"
"D:\OneDrive\VS\Projects\DocxDocument\DocumentModel.InOpenXml\Vml\StrokeChildType.cs","147","Property","nameof(DXVO.StrokeChildType.StartArrowLength)","StrokeArrowLength?","StartArrowLength","_StartArrowLength"
"D:\OneDrive\VS\Projects\DocxDocument\DocumentModel.InOpenXml\Vml\StrokeChildType.cs","154","Property","nameof(DXVO.StrokeChildType.EndArrow)","StrokeArrowStyle?","EndArrow","_EndArrow"
"D:\OneDrive\VS\Projects\DocxDocument\DocumentModel.InOpenXml\Vml\StrokeChildType.cs","161","Property","nameof(DXVO.StrokeChildType.EndArrowWidth)","StrokeArrowWidth?","EndArrowWidth","_EndArrowWidth"
"D:\OneDrive\VS\Projects\DocxDocument\DocumentModel.InOpenXml\Vml\StrokeChildType.cs","168","Property","nameof(DXVO.StrokeChildType.EndArrowLength)","StrokeArrowLength?","EndArrowLength","_EndArrowLength"
"D:\OneDrive\VS\Projects\DocxDocument\DocumentModel.InOpenXml\Vml\StrokeChildType.cs","175","Property","nameof(DXVO.StrokeChildType.Href)","string?","Href","_Href"
"D:\OneDrive\VS\Projects\DocxDocument\DocumentModel.InOpenXml\Vml\StrokeChildType.cs","182","Property","nameof(DXVO.StrokeChildType.AlternateImageReference)","string?","AlternateImageReference","_AlternateImageReference"
"D:\OneDrive\VS\Projects\DocxDocument\DocumentModel.InOpenXml\Vml\StrokeChildType.cs","189","Property","nameof(DXVO.StrokeChildType.Title)","string?","Title","_Title"
"D:\OneDrive\VS\Projects\DocxDocument\DocumentModel.InOpenXml\Vml\StrokeChildType.cs","196","Property","nameof(DXVO.StrokeChildType.ForceDash)","bool?","ForceDash","_ForceDash"
"D:\OneDrive\VS\Projects\DocxDocument\DocumentModel.InOpenXml\Vml\TextBox.cs","16","Property","nameof(DXV.TextBox.Id)","string?","Id","_Id"
"D:\OneDrive\VS\Projects\DocxDocument\DocumentModel.InOpenXml\Vml\TextBox.cs","23","Property","nameof(DXV.TextBox.Style)","string?","Style","_Style"
"D:\OneDrive\VS\Projects\DocxDocument\DocumentModel.InOpenXml\Vml\TextBox.cs","30","Property","nameof(DXV.TextBox.Inset)","string?","Inset","_Inset"
"D:\OneDrive\VS\Projects\DocxDocument\DocumentModel.InOpenXml\Vml\TextBox.cs","37","Property","nameof(DXV.TextBox.SingleClick)","bool?","SingleClick","_SingleClick"
"D:\OneDrive\VS\Projects\DocxDocument\DocumentModel.InOpenXml\Vml\TextPath.cs","14","Property","nameof(DXV.TextPath.Id)","string?","Id","_Id"
"D:\OneDrive\VS\Projects\DocxDocument\DocumentModel.InOpenXml\Vml\TextPath.cs","21","Property","nameof(DXV.TextPath.Style)","string?","Style","_Style"
"D:\OneDrive\VS\Projects\DocxDocument\DocumentModel.InOpenXml\Vml\TextPath.cs","28","Property","nameof(DXV.TextPath.On)","bool?","On","_On"
"D:\OneDrive\VS\Projects\DocxDocument\DocumentModel.InOpenXml\Vml\TextPath.cs","35","Property","nameof(DXV.TextPath.FitShape)","bool?","FitShape","_FitShape"
"D:\OneDrive\VS\Projects\DocxDocument\DocumentModel.InOpenXml\Vml\TextPath.cs","42","Property","nameof(DXV.TextPath.FitPath)","bool?","FitPath","_FitPath"
"D:\OneDrive\VS\Projects\DocxDocument\DocumentModel.InOpenXml\Vml\TextPath.cs","49","Property","nameof(DXV.TextPath.Trim)","bool?","Trim","_Trim"
"D:\OneDrive\VS\Projects\DocxDocument\DocumentModel.InOpenXml\Vml\TextPath.cs","56","Property","nameof(DXV.TextPath.XScale)","bool?","XScale","_XScale"
"D:\OneDrive\VS\Projects\DocxDocument\DocumentModel.InOpenXml\Vml\TextPath.cs","63","Property","nameof(DXV.TextPath.String)","string?","String","_String"
"D:\OneDrive\VS\Projects\DocxDocument\DocumentModel.InOpenXml\WebExtensions\Snapshot.cs","14","Property","nameof(DXO13WE.Snapshot.Embed)","string?","Embed","_Embed"
"D:\OneDrive\VS\Projects\DocxDocument\DocumentModel.InOpenXml\WebExtensions\Snapshot.cs","21","Property","nameof(DXO13WE.Snapshot.Link)","string?","Link","_Link"
"D:\OneDrive\VS\Projects\DocxDocument\DocumentModel.InOpenXml\WebExtensions\Snapshot.cs","28","Property","nameof(DXO13WE.Snapshot.CompressionState)","DMD.BlipCompression?","CompressionState","_CompressionState"
"D:\OneDrive\VS\Projects\DocxDocument\DocumentModel.InOpenXml\WebExtensions\WebExtension.cs","15","Property","nameof(DXO13WE.WebExtension.Id)","string?","Id","_Id"
"D:\OneDrive\VS\Projects\DocxDocument\DocumentModel.InOpenXml\WebExtensions\WebExtension.cs","22","Property","nameof(DXO13WE.WebExtension.Frozen)","bool?","Frozen","_Frozen"
"D:\OneDrive\VS\Projects\DocxDocument\DocumentModel.InOpenXml\WebExtensions\WebExtension.cs","29","Property","nameof(DXO13WE.WebExtension.WebExtensionStoreReference)","WebExtensionStoreReference?","WebExtensionStoreReference","_WebExtensionStoreReference"
"D:\OneDrive\VS\Projects\DocxDocument\DocumentModel.InOpenXml\WebExtensions\WebExtension.cs","36","Property","nameof(DXO13WE.WebExtension.WebExtensionReferenceList)","WebExtensionReferenceList?","WebExtensionReferenceList","_WebExtensionReferenceList"
"D:\OneDrive\VS\Projects\DocxDocument\DocumentModel.InOpenXml\WebExtensions\WebExtension.cs","43","Property","nameof(DXO13WE.WebExtension.WebExtensionPropertyBag)","WebExtensionPropertyBag?","WebExtensionPropertyBag","_WebExtensionPropertyBag"
"D:\OneDrive\VS\Projects\DocxDocument\DocumentModel.InOpenXml\WebExtensions\WebExtension.cs","50","Property","nameof(DXO13WE.WebExtension.WebExtensionBindingList)","WebExtensionBindingList?","WebExtensionBindingList","_WebExtensionBindingList"
"D:\OneDrive\VS\Projects\DocxDocument\DocumentModel.InOpenXml\WebExtensions\WebExtension.cs","57","Property","nameof(DXO13WE.WebExtension.Snapshot)","Snapshot?","Snapshot","_Snapshot"
"D:\OneDrive\VS\Projects\DocxDocument\DocumentModel.InOpenXml\WebExtensions\WebExtension.cs","64","Property","nameof(DXO13WE.WebExtension.OfficeArtExtensionList)","OfficeArtExtensionList?","OfficeArtExtensionList","_OfficeArtExtensionList"
"D:\OneDrive\VS\Projects\DocxDocument\DocumentModel.InOpenXml\WebExtensions\WebExtensionBinding.cs","14","Property","nameof(DXO13WE.WebExtensionBinding.Id)","string?","Id","_Id"
"D:\OneDrive\VS\Projects\DocxDocument\DocumentModel.InOpenXml\WebExtensions\WebExtensionBinding.cs","21","Property","nameof(DXO13WE.WebExtensionBinding.Type)","string?","Type","_Type"
"D:\OneDrive\VS\Projects\DocxDocument\DocumentModel.InOpenXml\WebExtensions\WebExtensionBinding.cs","28","Property","nameof(DXO13WE.WebExtensionBinding.AppReference)","string?","AppReference","_AppReference"
"D:\OneDrive\VS\Projects\DocxDocument\DocumentModel.InOpenXml\WebExtensions\WebExtensionBinding.cs","35","Property","nameof(DXO13WE.WebExtensionBinding.OfficeArtExtensionList)","OfficeArtExtensionList?","OfficeArtExtensionList","_OfficeArtExtensionList"
"D:\OneDrive\VS\Projects\DocxDocument\DocumentModel.InOpenXml\WebExtensions\WebExtensionProperty.cs","14","Property","nameof(DXO13WE.WebExtensionProperty.Name)","string?","Name","_Name"
"D:\OneDrive\VS\Projects\DocxDocument\DocumentModel.InOpenXml\WebExtensions\WebExtensionProperty.cs","21","Property","nameof(DXO13WE.WebExtensionProperty.Value)","string?","Value","_Value"
"D:\OneDrive\VS\Projects\DocxDocument\DocumentModel.InOpenXml\WebExtensions\WebExtensionStoreReference.cs","14","Property","nameof(DXO13WE.WebExtensionStoreReference.Id)","string?","Id","_Id"
"D:\OneDrive\VS\Projects\DocxDocument\DocumentModel.InOpenXml\WebExtensions\WebExtensionStoreReference.cs","21","Property","nameof(DXO13WE.WebExtensionStoreReference.Version)","string?","Version","_Version"
"D:\OneDrive\VS\Projects\DocxDocument\DocumentModel.InOpenXml\WebExtensions\WebExtensionStoreReference.cs","28","Property","nameof(DXO13WE.WebExtensionStoreReference.Store)","string?","Store","_Store"
"D:\OneDrive\VS\Projects\DocxDocument\DocumentModel.InOpenXml\WebExtensions\WebExtensionStoreReference.cs","35","Property","nameof(DXO13WE.WebExtensionStoreReference.StoreType)","string?","StoreType","_StoreType"
"D:\OneDrive\VS\Projects\DocxDocument\DocumentModel.InOpenXml\WebExtensions\WebExtensionStoreReference.cs","42","Property","nameof(DXO13WE.WebExtensionStoreReference.OfficeArtExtensionList)","OfficeArtExtensionList?","OfficeArtExtensionList","_OfficeArtExtensionList"
"D:\OneDrive\VS\Projects\DocxDocument\DocumentModel.InOpenXml\Wordprocessing\Bibliography\Source.cs","14","Property","nameof(DXB.Source.Tag)","string?","Tag","_Tag"
"D:\OneDrive\VS\Projects\DocxDocument\DocumentModel.InOpenXml\Wordprocessing\Bibliography\Source.cs","21","Property","nameof(DXB.Source.SourceType)","SourceType?","SourceType","_SourceType"
"D:\OneDrive\VS\Projects\DocxDocument\DocumentModel.InOpenXml\Wordprocessing\Bibliography\Source.cs","28","Property","nameof(DXB.Source.Title)","string?","Title","_Title"
"D:\OneDrive\VS\Projects\DocxDocument\DocumentModel.InOpenXml\Wordprocessing\Bibliography\Source.cs","53","Property","nameof(DXB.Source.Year)","string?","Year","_Year"
"D:\OneDrive\VS\Projects\DocxDocument\DocumentModel.InOpenXml\Wordprocessing\Bibliography\Source.cs","60","Property","nameof(DXB.Source.Month)","string?","Month","_Month"
"D:\OneDrive\VS\Projects\DocxDocument\DocumentModel.InOpenXml\Wordprocessing\Bibliography\Source.cs","67","Property","nameof(DXB.Source.Day)","string?","Day","_Day"
"D:\OneDrive\VS\Projects\DocxDocument\DocumentModel.InOpenXml\Wordprocessing\Bibliography\Source.cs","74","Property","nameof(DXB.Source.Publisher)","string?","Publisher","_Publisher"
"D:\OneDrive\VS\Projects\DocxDocument\DocumentModel.InOpenXml\Wordprocessing\Bibliography\Source.cs","81","Property","nameof(DXB.Source.City)","string?","City","_City"
"D:\OneDrive\VS\Projects\DocxDocument\DocumentModel.InOpenXml\Wordprocessing\Bibliography\Source.cs","88","Property","nameof(DXB.Source.StateProvince)","string?","StateProvince","_StateProvince"
"D:\OneDrive\VS\Projects\DocxDocument\DocumentModel.InOpenXml\Wordprocessing\Bibliography\Source.cs","95","Property","nameof(DXB.Source.CountryRegion)","string?","CountryRegion","_CountryRegion"
"D:\OneDrive\VS\Projects\DocxDocument\DocumentModel.InOpenXml\Wordprocessing\Bibliography\Source.cs","102","Property","nameof(DXB.Source.Volume)","string?","Volume","_Volume"
"D:\OneDrive\VS\Projects\DocxDocument\DocumentModel.InOpenXml\Wordprocessing\Bibliography\Source.cs","109","Property","nameof(DXB.Source.Issue)","string?","Issue","_Issue"
"D:\OneDrive\VS\Projects\DocxDocument\DocumentModel.InOpenXml\Wordprocessing\Bibliography\Source.cs","116","Property","nameof(DXB.Source.Pages)","string?","Pages","_Pages"
"D:\OneDrive\VS\Projects\DocxDocument\DocumentModel.InOpenXml\Wordprocessing\Bibliography\Source.cs","123","Property","nameof(DXB.Source.Edition)","string?","Edition","_Edition"
"D:\OneDrive\VS\Projects\DocxDocument\DocumentModel.InOpenXml\Wordprocessing\Bibliography\Source.cs","166","Property","nameof(DXB.Source.Comments)","string?","Comments","_Comments"
"D:\OneDrive\VS\Projects\DocxDocument\DocumentModel.InOpenXml\Wordprocessing\Colors\RgbColorHex.cs","21","Property","nameof(DXO10W.RgbColorModelHex.Val)","HexColor?","Value","_value"
"D:\OneDrive\VS\Projects\DocxDocument\DocumentModel.InOpenXml\Wordprocessing\Colors\SchemeColor.cs","39","Property","nameof(DXO10W.SchemeColor.Val)","DMD.SchemeColors?","Index","_index"
"D:\OneDrive\VS\Projects\DocxDocument\DocumentModel.InOpenXml\Wordprocessing\Colors\SchemeColor.cs","67","Element","typeof(DXO10W.Tint)","override Percentage?","Tint","_Tint"
"D:\OneDrive\VS\Projects\DocxDocument\DocumentModel.InOpenXml\Wordprocessing\Colors\SchemeColor.cs","88","Element","typeof(DXO10W.Shade)","override Percentage?","Shade","_Shade"
"D:\OneDrive\VS\Projects\DocxDocument\DocumentModel.InOpenXml\Wordprocessing\Colors\WordColor.cs","42","Property","nameof(DXW.Color.Val)","HexColor?","Value","_value"
"D:\OneDrive\VS\Projects\DocxDocument\DocumentModel.InOpenXml\Wordprocessing\Colors\WordColor.cs","49","Property","nameof(DXW.Color.ThemeColor)","DMD.SchemeColors?","ThemeColor","_ThemeColor"
"D:\OneDrive\VS\Projects\DocxDocument\DocumentModel.InOpenXml\Wordprocessing\Comments\Comment.cs","15","Property","nameof(DXW.Comment.Id)","string?","Id","_Id"
"D:\OneDrive\VS\Projects\DocxDocument\DocumentModel.InOpenXml\Wordprocessing\Comments\Comment.cs","22","Property","nameof(DXW.Comment.Author)","string?","Author","_Author"
"D:\OneDrive\VS\Projects\DocxDocument\DocumentModel.InOpenXml\Wordprocessing\Comments\Comment.cs","29","Property","nameof(DXW.Comment.Initials)","string?","Initials","_Initials"
"D:\OneDrive\VS\Projects\DocxDocument\DocumentModel.InOpenXml\Wordprocessing\Comments\Comment.cs","36","Property","nameof(DXW.Comment.Date)","DateTime?","Date","_Date"
"D:\OneDrive\VS\Projects\DocxDocument\DocumentModel.InOpenXml\Wordprocessing\Comments\CommentEx.cs","15","Property","nameof(DXO13W.CommentEx.ParaId)","HexInt?","ParaId","_ParaId"
"D:\OneDrive\VS\Projects\DocxDocument\DocumentModel.InOpenXml\Wordprocessing\Comments\CommentEx.cs","22","Property","nameof(DXO13W.CommentEx.ParaIdParent)","HexInt?","ParaIdParent","_ParaIdParent"
"D:\OneDrive\VS\Projects\DocxDocument\DocumentModel.InOpenXml\Wordprocessing\Comments\CommentEx.cs","29","Property","nameof(DXO13W.CommentEx.Done)","bool?","Done","_Done"
"D:\OneDrive\VS\Projects\DocxDocument\DocumentModel.InOpenXml\Wordprocessing\Comments\CommentExtensible.cs","15","Property","nameof(DXO21WCE.CommentExtensible.DurableId)","HexInt?","DurableId","_DurableId"
"D:\OneDrive\VS\Projects\DocxDocument\DocumentModel.InOpenXml\Wordprocessing\Comments\CommentExtensible.cs","22","Property","nameof(DXO21WCE.CommentExtensible.DateUtc)","DateTime?","DateUtc","_DateUtc"
"D:\OneDrive\VS\Projects\DocxDocument\DocumentModel.InOpenXml\Wordprocessing\Comments\CommentExtensible.cs","29","Property","nameof(DXO21WCE.CommentExtensible.IntelligentPlaceholder)","bool?","IntelligentPlaceholder","_IntelligentPlaceholder"
"D:\OneDrive\VS\Projects\DocxDocument\DocumentModel.InOpenXml\Wordprocessing\Comments\CommentExtensible.cs","36","Property","nameof(DXO21WCE.CommentExtensible.ExtensionList)","IExtensionList?","ExtensionList","_ExtensionList"
"D:\OneDrive\VS\Projects\DocxDocument\DocumentModel.InOpenXml\Wordprocessing\Comments\CommentId.cs","15","Property","nameof(DXO19WC.CommentId.ParaId)","HexInt?","ParaId","_ParaId"
"D:\OneDrive\VS\Projects\DocxDocument\DocumentModel.InOpenXml\Wordprocessing\Comments\CommentId.cs","22","Property","nameof(DXO19WC.CommentId.DurableId)","HexInt?","DurableId","_DurableId"
"D:\OneDrive\VS\Projects\DocxDocument\DocumentModel.InOpenXml\Wordprocessing\Common\AltChunk.cs","15","Property","nameof(DXW.AltChunk.Id)","string?","Id","_Id"
"D:\OneDrive\VS\Projects\DocxDocument\DocumentModel.InOpenXml\Wordprocessing\Common\AltChunk.cs","22","Property","nameof(DXW.AltChunk.AltChunkProperties)","AltChunkProperties?","AltChunkProperties","_AltChunkProperties"
"D:\OneDrive\VS\Projects\DocxDocument\DocumentModel.InOpenXml\Wordprocessing\Common\AlternateContentChoice.cs","42","Property","nameof(DX.AlternateContentChoice.Requires)","string?","Requires","_Requires"
"D:\OneDrive\VS\Projects\DocxDocument\DocumentModel.InOpenXml\Wordprocessing\Common\Border.cs","40","Property","nameof(DXW.BorderType.Size)","Twips?","Width","_Width"
"D:\OneDrive\VS\Projects\DocxDocument\DocumentModel.InOpenXml\Wordprocessing\Common\Border.cs","47","Property","nameof(DXW.BorderType.Space)","Twips?","Space","_Space"
"D:\OneDrive\VS\Projects\DocxDocument\DocumentModel.InOpenXml\Wordprocessing\Common\Border.cs","54","Property","nameof(DXW.BorderType.Shadow)","bool?","Shadow","_Shadow"
"D:\OneDrive\VS\Projects\DocxDocument\DocumentModel.InOpenXml\Wordprocessing\Common\Border.cs","61","Property","nameof(DXW.BorderType.Frame)","bool?","Frame","_Frame"
"D:\OneDrive\VS\Projects\DocxDocument\DocumentModel.InOpenXml\Wordprocessing\Common\ClassificationLabel.cs","14","Property","nameof(DXO21MLMD.ClassificationLabel.Id)","string?","Id","_Id"
"D:\OneDrive\VS\Projects\DocxDocument\DocumentModel.InOpenXml\Wordprocessing\Common\ClassificationLabel.cs","21","Property","nameof(DXO21MLMD.ClassificationLabel.Enabled)","bool?","Enabled","_Enabled"
"D:\OneDrive\VS\Projects\DocxDocument\DocumentModel.InOpenXml\Wordprocessing\Common\ClassificationLabel.cs","28","Property","nameof(DXO21MLMD.ClassificationLabel.SetDate)","string?","SetDate","_SetDate"
"D:\OneDrive\VS\Projects\DocxDocument\DocumentModel.InOpenXml\Wordprocessing\Common\ClassificationLabel.cs","35","Property","nameof(DXO21MLMD.ClassificationLabel.Method)","string?","Method","_Method"
"D:\OneDrive\VS\Projects\DocxDocument\DocumentModel.InOpenXml\Wordprocessing\Common\ClassificationLabel.cs","42","Property","nameof(DXO21MLMD.ClassificationLabel.Name)","string?","Name","_Name"
"D:\OneDrive\VS\Projects\DocxDocument\DocumentModel.InOpenXml\Wordprocessing\Common\ClassificationLabel.cs","49","Property","nameof(DXO21MLMD.ClassificationLabel.SiteId)","string?","SiteId","_SiteId"
"D:\OneDrive\VS\Projects\DocxDocument\DocumentModel.InOpenXml\Wordprocessing\Common\ClassificationLabel.cs","56","Property","nameof(DXO21MLMD.ClassificationLabel.ActionId)","string?","ActionId","_ActionId"
"D:\OneDrive\VS\Projects\DocxDocument\DocumentModel.InOpenXml\Wordprocessing\Common\ClassificationLabel.cs","63","Property","nameof(DXO21MLMD.ClassificationLabel.ContentBits)","UInt32?","ContentBits","_ContentBits"
"D:\OneDrive\VS\Projects\DocxDocument\DocumentModel.InOpenXml\Wordprocessing\Common\ClassificationLabel.cs","70","Property","nameof(DXO21MLMD.ClassificationLabel.Removed)","bool?","Removed","_Removed"
"D:\OneDrive\VS\Projects\DocxDocument\DocumentModel.InOpenXml\Wordprocessing\Common\ProofError.cs","15","Property","nameof(DXW.ProofError.Type)","ProofingError?","Type","_Type"
"D:\OneDrive\VS\Projects\DocxDocument\DocumentModel.InOpenXml\Wordprocessing\CustomXml\CustomXmlAttribute.cs","21","Property","nameof(DXW.CustomXmlAttribute.Name)","string?","Name","_Name"
"D:\OneDrive\VS\Projects\DocxDocument\DocumentModel.InOpenXml\Wordprocessing\CustomXml\CustomXmlAttribute.cs","28","Property","nameof(DXW.CustomXmlAttribute.Val)","string?","Val","_Val"
"D:\OneDrive\VS\Projects\DocxDocument\DocumentModel.InOpenXml\Wordprocessing\Document\Category.cs","15","Property","nameof(DXW.Category.Name)","string?","Name","_Name"
"D:\OneDrive\VS\Projects\DocxDocument\DocumentModel.InOpenXml\Wordprocessing\Document\Category.cs","22","Property","nameof(DXW.Category.Gallery)","DocPartGalleryType?","Gallery","_Gallery"
"D:\OneDrive\VS\Projects\DocxDocument\DocumentModel.InOpenXml\Wordprocessing\Document\DocGrid.cs","15","Property","nameof(DXW.DocGrid.Type)","DocGridType?","Type","_Type"
"D:\OneDrive\VS\Projects\DocxDocument\DocumentModel.InOpenXml\Wordprocessing\Document\DocGrid.cs","22","Property","nameof(DXW.DocGrid.LinePitch)","Twips?","LinePitch","_LinePitch"
"D:\OneDrive\VS\Projects\DocxDocument\DocumentModel.InOpenXml\Wordprocessing\Document\DocGrid.cs","29","Property","nameof(DXW.DocGrid.CharacterSpace)","Twips?","CharacterSpace","_CharacterSpace"
"D:\OneDrive\VS\Projects\DocxDocument\DocumentModel.InOpenXml\Wordprocessing\Document\DocPart.cs","15","Property","nameof(DXW.DocPart.DocPartProperties)","DocPartProperties?","DocPartProperties","_DocPartProperties"
"D:\OneDrive\VS\Projects\DocxDocument\DocumentModel.InOpenXml\Wordprocessing\Document\DocPart.cs","22","Property","nameof(DXW.DocPart.DocPartBody)","DocPartBody?","DocPartBody","_DocPartBody"
"D:\OneDrive\VS\Projects\DocxDocument\DocumentModel.InOpenXml\Wordprocessing\Document\DocPartName.cs","15","Property","nameof(DXW.DocPartName.Val)","string?","Val","_Val"
"D:\OneDrive\VS\Projects\DocxDocument\DocumentModel.InOpenXml\Wordprocessing\Document\DocPartName.cs","22","Property","nameof(DXW.DocPartName.Decorated)","bool?","Decorated","_Decorated"
"D:\OneDrive\VS\Projects\DocxDocument\DocumentModel.InOpenXml\Wordprocessing\Document\DocPartProperties.cs","15","Property","nameof(DXW.DocPartProperties.DocPartName)","DocPartName?","DocPartName","_DocPartName"
"D:\OneDrive\VS\Projects\DocxDocument\DocumentModel.InOpenXml\Wordprocessing\Document\DocPartProperties.cs","22","Property","nameof(DXW.DocPartProperties.StyleId)","string?","StyleId","_StyleId"
"D:\OneDrive\VS\Projects\DocxDocument\DocumentModel.InOpenXml\Wordprocessing\Document\DocPartProperties.cs","29","Property","nameof(DXW.DocPartProperties.Category)","Category?","Category","_Category"
"D:\OneDrive\VS\Projects\DocxDocument\DocumentModel.InOpenXml\Wordprocessing\Document\DocPartProperties.cs","36","Property","nameof(DXW.DocPartProperties.DocPartTypes)","DocPartTypes?","DocPartTypes","_DocPartTypes"
"D:\OneDrive\VS\Projects\DocxDocument\DocumentModel.InOpenXml\Wordprocessing\Document\DocPartProperties.cs","43","Property","nameof(DXW.DocPartProperties.Behaviors)","Behaviors?","Behaviors","_Behaviors"
"D:\OneDrive\VS\Projects\DocxDocument\DocumentModel.InOpenXml\Wordprocessing\Document\DocPartProperties.cs","50","Property","nameof(DXW.DocPartProperties.Description)","string?","Description","_Description"
"D:\OneDrive\VS\Projects\DocxDocument\DocumentModel.InOpenXml\Wordprocessing\Document\DocPartProperties.cs","57","Property","nameof(DXW.DocPartProperties.DocPartId)","string?","DocPartId","_DocPartId"
"D:\OneDrive\VS\Projects\DocxDocument\DocumentModel.InOpenXml\Wordprocessing\Document\DocPartTypes.cs","15","Property","nameof(DXW.DocPartTypes.All)","bool?","All","_All"
"D:\OneDrive\VS\Projects\DocxDocument\DocumentModel.InOpenXml\Wordprocessing\Document\DocumentBackground.cs","15","Property","nameof(DXW.DocumentBackground.Color)","WordColor?","Color","_Color"
"D:\OneDrive\VS\Projects\DocxDocument\DocumentModel.InOpenXml\Wordprocessing\Document\DocumentBackground.cs","22","Property","nameof(DXW.DocumentBackground.Background)","DMV.Background?","Background","_Background"
"D:\OneDrive\VS\Projects\DocxDocument\DocumentModel.InOpenXml\Wordprocessing\Document\DocumentProtection.cs","15","Property","nameof(DXW.DocumentProtection.Edit)","DocumentProtectionType?","Edit","_Edit"
"D:\OneDrive\VS\Projects\DocxDocument\DocumentModel.InOpenXml\Wordprocessing\Document\DocumentProtection.cs","22","Property","nameof(DXW.DocumentProtection.Formatting)","bool?","Formatting","_Formatting"
"D:\OneDrive\VS\Projects\DocxDocument\DocumentModel.InOpenXml\Wordprocessing\Document\DocumentProtection.cs","29","Property","nameof(DXW.DocumentProtection.Enforcement)","bool?","Enforcement","_Enforcement"
"D:\OneDrive\VS\Projects\DocxDocument\DocumentModel.InOpenXml\Wordprocessing\Document\DocumentProtection.cs","132","Property","nameof(DXW.DocumentProtection.AlgorithmName)","string?","AlgorithmName","_AlgorithmName"
"D:\OneDrive\VS\Projects\DocxDocument\DocumentModel.InOpenXml\Wordprocessing\Document\DocumentProtection.cs","139","Property","nameof(DXW.DocumentProtection.HashValue)","Base64Binary?","HashValue","_HashValue"
"D:\OneDrive\VS\Projects\DocxDocument\DocumentModel.InOpenXml\Wordprocessing\Document\DocumentProtection.cs","146","Property","nameof(DXW.DocumentProtection.SaltValue)","Base64Binary?","SaltValue","_SaltValue"
"D:\OneDrive\VS\Projects\DocxDocument\DocumentModel.InOpenXml\Wordprocessing\Document\DocumentProtection.cs","153","Property","nameof(DXW.DocumentProtection.SpinCount)","Int32?","SpinCount","_SpinCount"
"D:\OneDrive\VS\Projects\DocxDocument\DocumentModel.InOpenXml\Wordprocessing\Document\DocumentVariable.cs","16","Property","nameof(DXW.DocumentVariable.Name)","string?","Name","_Name"
"D:\OneDrive\VS\Projects\DocxDocument\DocumentModel.InOpenXml\Wordprocessing\Document\DocumentVariable.cs","24","Property","nameof(DXW.DocumentVariable.Val)","string?","Value","_value"
"D:\OneDrive\VS\Projects\DocxDocument\DocumentModel.InOpenXml\Wordprocessing\Document\GlossaryDocument.cs","15","Property","nameof(DXW.GlossaryDocument.DocumentBackground)","DocumentBackground?","DocumentBackground","_DocumentBackground"
"D:\OneDrive\VS\Projects\DocxDocument\DocumentModel.InOpenXml\Wordprocessing\Document\GlossaryDocument.cs","22","Property","nameof(DXW.GlossaryDocument.DocParts)","DocParts?","DocParts","_DocParts"
"D:\OneDrive\VS\Projects\DocxDocument\DocumentModel.InOpenXml\Wordprocessing\Document\SaveThroughXslt.cs","15","Property","nameof(DXW.SaveThroughXslt.SolutionId)","string?","SolutionId","_SolutionId"
"D:\OneDrive\VS\Projects\DocxDocument\DocumentModel.InOpenXml\Wordprocessing\Fields and hyperlinks\CheckBoxSymbolType.cs","15","Property","nameof(DXO10W.CheckBoxSymbolType.Font)","string?","Font","_Font"
"D:\OneDrive\VS\Projects\DocxDocument\DocumentModel.InOpenXml\Wordprocessing\Fields and hyperlinks\CheckBoxSymbolType.cs","22","Property","nameof(DXO10W.CheckBoxSymbolType.Val)","HexChar?","Val","_Val"
"D:\OneDrive\VS\Projects\DocxDocument\DocumentModel.InOpenXml\Wordprocessing\Fields and hyperlinks\DropDownListFormField.cs","15","Property","nameof(DXW.DropDownListFormField.DropDownListSelection)","Int32?","DropDownListSelection","_DropDownListSelection"
"D:\OneDrive\VS\Projects\DocxDocument\DocumentModel.InOpenXml\Wordprocessing\Fields and hyperlinks\DropDownListFormField.cs","22","Property","nameof(DXW.DropDownListFormField.DefaultDropDownListItemIndex)","Int32?","DefaultDropDownListItemIndex","_DefaultDropDownListItemIndex"
"D:\OneDrive\VS\Projects\DocxDocument\DocumentModel.InOpenXml\Wordprocessing\Fields and hyperlinks\HelpText.cs","15","Property","nameof(DXW.HelpText.Type)","InfoTextType?","Type","_Type"
"D:\OneDrive\VS\Projects\DocxDocument\DocumentModel.InOpenXml\Wordprocessing\Fields and hyperlinks\HelpText.cs","22","Property","nameof(DXW.HelpText.Val)","string?","Val","_Val"
"D:\OneDrive\VS\Projects\DocxDocument\DocumentModel.InOpenXml\Wordprocessing\Fields and hyperlinks\StatusText.cs","15","Property","nameof(DXW.StatusText.Type)","InfoTextType?","Type","_Type"
"D:\OneDrive\VS\Projects\DocxDocument\DocumentModel.InOpenXml\Wordprocessing\Fields and hyperlinks\StatusText.cs","22","Property","nameof(DXW.StatusText.Val)","string?","Val","_Val"
"D:\OneDrive\VS\Projects\DocxDocument\DocumentModel.InOpenXml\Wordprocessing\Fields and hyperlinks\TextInput.cs","15","Property","nameof(DXW.TextInput.TextBoxFormFieldType)","TextBoxFormField?","TextBoxFormFieldType","_TextBoxFormFieldType"
"D:\OneDrive\VS\Projects\DocxDocument\DocumentModel.InOpenXml\Wordprocessing\Fields and hyperlinks\TextInput.cs","22","Property","nameof(DXW.TextInput.DefaultTextBoxFormFieldString)","string?","DefaultTextBoxFormFieldString","_DefaultTextBoxFormFieldString"
"D:\OneDrive\VS\Projects\DocxDocument\DocumentModel.InOpenXml\Wordprocessing\Fields and hyperlinks\TextInput.cs","29","Property","nameof(DXW.TextInput.MaxLength)","Int16?","MaxLength","_MaxLength"
"D:\OneDrive\VS\Projects\DocxDocument\DocumentModel.InOpenXml\Wordprocessing\Fields and hyperlinks\TextInput.cs","36","Property","nameof(DXW.TextInput.Format)","string?","Format","_Format"
"D:\OneDrive\VS\Projects\DocxDocument\DocumentModel.InOpenXml\Wordprocessing\Fonts\EmbedFont.cs","16","Property","nameof(DXW.FontRelationshipType.Id)","string?","Id","_Id"
"D:\OneDrive\VS\Projects\DocxDocument\DocumentModel.InOpenXml\Wordprocessing\Fonts\EmbedFont.cs","25","Property","nameof(DXW.FontRelationshipType.FontKey)","Guid?","FontKey","_FontKey"
"D:\OneDrive\VS\Projects\DocxDocument\DocumentModel.InOpenXml\Wordprocessing\Fonts\EmbedFont.cs","36","Property","nameof(DXW.FontRelationshipType.Subsetted)","bool?","Subsetted","_Subsetted"
"D:\OneDrive\VS\Projects\DocxDocument\DocumentModel.InOpenXml\Wordprocessing\Fonts\Font.cs","16","Property","nameof(DXW.Font.Name)","string?","Typeface","_typeface"
"D:\OneDrive\VS\Projects\DocxDocument\DocumentModel.InOpenXml\Wordprocessing\Fonts\Font.cs","23","Property","nameof(DXW.Font.AltName)","StringList?","Aliases","_Aliases"
"D:\OneDrive\VS\Projects\DocxDocument\DocumentModel.InOpenXml\Wordprocessing\Fonts\Font.cs","30","Property","nameof(DXW.Font.Panose1Number)","HexBinary?","Panose","_panose"
"D:\OneDrive\VS\Projects\DocxDocument\DocumentModel.InOpenXml\Wordprocessing\Fonts\Font.cs","46","Property","nameof(DXW.Font.FontFamily)","FontFamily?","FontFamily","_fontFamily"
"D:\OneDrive\VS\Projects\DocxDocument\DocumentModel.InOpenXml\Wordprocessing\Fonts\Font.cs","53","Property","nameof(DXW.Font.Pitch)","FontPitch?","Pitch","_Pitch"
"D:\OneDrive\VS\Projects\DocxDocument\DocumentModel.InOpenXml\Wordprocessing\Fonts\Font.cs","60","Property","nameof(DXW.Font.FontSignature)","HexBinary?","FontSignature","_FontSignature"
"D:\OneDrive\VS\Projects\DocxDocument\DocumentModel.InOpenXml\Wordprocessing\Fonts\Font.cs","67","Property","nameof(DXW.Font.NotTrueType)","bool?","NotTrueType","_NotTrueType"
"D:\OneDrive\VS\Projects\DocxDocument\DocumentModel.InOpenXml\Wordprocessing\Fonts\Font.cs","75","Property","nameof(DXW.Font.EmbedRegularFont)","EmbedFont?","EmbedRegularFont","_EmbedRegularFont"
"D:\OneDrive\VS\Projects\DocxDocument\DocumentModel.InOpenXml\Wordprocessing\Fonts\Font.cs","83","Property","nameof(DXW.Font.EmbedBoldFont)","EmbedFont?","EmbedBoldFont","_EmbedBoldFont"
"D:\OneDrive\VS\Projects\DocxDocument\DocumentModel.InOpenXml\Wordprocessing\Fonts\Font.cs","91","Property","nameof(DXW.Font.EmbedItalicFont)","EmbedFont?","EmbedItalicFont","_EmbedItalicFont"
"D:\OneDrive\VS\Projects\DocxDocument\DocumentModel.InOpenXml\Wordprocessing\Fonts\Font.cs","99","Property","nameof(DXW.Font.EmbedBoldItalicFont)","EmbedFont?","EmbedBoldItalicFont","_EmbedBoldItalicFont"
"D:\OneDrive\VS\Projects\DocxDocument\DocumentModel.InOpenXml\Wordprocessing\Footnotes and endnotes\EndnoteDocumentWideProperties.cs","15","Property","nameof(DXW.EndnoteDocumentWideProperties.EndnotePosition)","EndnotePosition?","EndnotePosition","_EndnotePosition"
"D:\OneDrive\VS\Projects\DocxDocument\DocumentModel.InOpenXml\Wordprocessing\Footnotes and endnotes\EndnoteDocumentWideProperties.cs","22","Property","nameof(DXW.EndnoteDocumentWideProperties.NumberingFormat)","NumberingFormat?","NumberingFormat","_NumberingFormat"
"D:\OneDrive\VS\Projects\DocxDocument\DocumentModel.InOpenXml\Wordprocessing\Footnotes and endnotes\EndnoteDocumentWideProperties.cs","29","Property","nameof(DXW.EndnoteDocumentWideProperties.NumberingStart)","UInt16?","NumberingStart","_NumberingStart"
"D:\OneDrive\VS\Projects\DocxDocument\DocumentModel.InOpenXml\Wordprocessing\Footnotes and endnotes\EndnoteDocumentWideProperties.cs","36","Property","nameof(DXW.EndnoteDocumentWideProperties.NumberingRestart)","RestartNumber?","NumberingRestart","_NumberingRestart"
"D:\OneDrive\VS\Projects\DocxDocument\DocumentModel.InOpenXml\Wordprocessing\Footnotes and endnotes\EndnoteProperties.cs","15","Property","nameof(DXW.EndnoteProperties.EndnotePosition)","EndnotePosition?","EndnotePosition","_EndnotePosition"
"D:\OneDrive\VS\Projects\DocxDocument\DocumentModel.InOpenXml\Wordprocessing\Footnotes and endnotes\EndnoteProperties.cs","22","Property","nameof(DXW.EndnoteProperties.NumberingFormat)","NumberingFormat?","NumberingFormat","_NumberingFormat"
"D:\OneDrive\VS\Projects\DocxDocument\DocumentModel.InOpenXml\Wordprocessing\Footnotes and endnotes\EndnoteProperties.cs","29","Property","nameof(DXW.EndnoteProperties.NumberingStart)","UInt16?","NumberingStart","_NumberingStart"
"D:\OneDrive\VS\Projects\DocxDocument\DocumentModel.InOpenXml\Wordprocessing\Footnotes and endnotes\EndnoteProperties.cs","36","Property","nameof(DXW.EndnoteProperties.NumberingRestart)","RestartNumber?","NumberingRestart","_NumberingRestart"
"D:\OneDrive\VS\Projects\DocxDocument\DocumentModel.InOpenXml\Wordprocessing\Footnotes and endnotes\FootnoteDocumentWideProperties.cs","15","Property","nameof(DXW.FootnoteDocumentWideProperties.FootnotePosition)","FootnotePosition?","FootnotePosition","_FootnotePosition"
"D:\OneDrive\VS\Projects\DocxDocument\DocumentModel.InOpenXml\Wordprocessing\Footnotes and endnotes\FootnoteDocumentWideProperties.cs","22","Property","nameof(DXW.FootnoteDocumentWideProperties.NumberingFormat)","NumberingFormat?","NumberingFormat","_NumberingFormat"
"D:\OneDrive\VS\Projects\DocxDocument\DocumentModel.InOpenXml\Wordprocessing\Footnotes and endnotes\FootnoteDocumentWideProperties.cs","29","Property","nameof(DXW.FootnoteDocumentWideProperties.NumberingStart)","UInt16?","NumberingStart","_NumberingStart"
"D:\OneDrive\VS\Projects\DocxDocument\DocumentModel.InOpenXml\Wordprocessing\Footnotes and endnotes\FootnoteDocumentWideProperties.cs","36","Property","nameof(DXW.FootnoteDocumentWideProperties.NumberingRestart)","RestartNumber?","NumberingRestart","_NumberingRestart"
"D:\OneDrive\VS\Projects\DocxDocument\DocumentModel.InOpenXml\Wordprocessing\Footnotes and endnotes\FootnoteEndnoteSeparatorReferenceType.cs","21","Property","nameof(DXW.FootnoteEndnoteSeparatorReferenceType.Id)","Int32?","Id","_Id"
"D:\OneDrive\VS\Projects\DocxDocument\DocumentModel.InOpenXml\Wordprocessing\Footnotes and endnotes\FootnoteProperties.cs","15","Property","nameof(DXW.FootnoteProperties.FootnotePosition)","FootnotePosition?","FootnotePosition","_FootnotePosition"
"D:\OneDrive\VS\Projects\DocxDocument\DocumentModel.InOpenXml\Wordprocessing\Footnotes and endnotes\FootnoteProperties.cs","22","Property","nameof(DXW.FootnoteProperties.NumberingFormat)","NumberingFormat?","NumberingFormat","_NumberingFormat"
"D:\OneDrive\VS\Projects\DocxDocument\DocumentModel.InOpenXml\Wordprocessing\Footnotes and endnotes\FootnoteProperties.cs","29","Property","nameof(DXW.FootnoteProperties.NumberingStart)","UInt16?","NumberingStart","_NumberingStart"
"D:\OneDrive\VS\Projects\DocxDocument\DocumentModel.InOpenXml\Wordprocessing\Footnotes and endnotes\FootnoteProperties.cs","36","Property","nameof(DXW.FootnoteProperties.NumberingRestart)","RestartNumber?","NumberingRestart","_NumberingRestart"
"D:\OneDrive\VS\Projects\DocxDocument\DocumentModel.InOpenXml\Wordprocessing\Frames and framesets\Frame.cs","15","Property","nameof(DXW.Frame.FrameSize)","UInt32?","FrameSize","_FrameSize"
"D:\OneDrive\VS\Projects\DocxDocument\DocumentModel.InOpenXml\Wordprocessing\Frames and framesets\Frame.cs","22","Property","nameof(DXW.Frame.FrameName)","string?","FrameName","_FrameName"
"D:\OneDrive\VS\Projects\DocxDocument\DocumentModel.InOpenXml\Wordprocessing\Frames and framesets\Frame.cs","29","Property","nameof(DXW.Frame.SourceFileReference)","SourceReference?","SourceFileReference","_SourceFileReference"
"D:\OneDrive\VS\Projects\DocxDocument\DocumentModel.InOpenXml\Wordprocessing\Frames and framesets\Frame.cs","36","Property","nameof(DXW.Frame.MarginWidth)","UInt32?","MarginWidth","_MarginWidth"
"D:\OneDrive\VS\Projects\DocxDocument\DocumentModel.InOpenXml\Wordprocessing\Frames and framesets\Frame.cs","43","Property","nameof(DXW.Frame.MarginHeight)","UInt32?","MarginHeight","_MarginHeight"
"D:\OneDrive\VS\Projects\DocxDocument\DocumentModel.InOpenXml\Wordprocessing\Frames and framesets\Frame.cs","50","Property","nameof(DXW.Frame.ScrollbarVisibility)","FrameScrollbarVisibility?","ScrollbarVisibility","_ScrollbarVisibility"
"D:\OneDrive\VS\Projects\DocxDocument\DocumentModel.InOpenXml\Wordprocessing\Frames and framesets\Frame.cs","57","Property","nameof(DXW.Frame.NoResizeAllowed)","bool?","NoResizeAllowed","_NoResizeAllowed"
"D:\OneDrive\VS\Projects\DocxDocument\DocumentModel.InOpenXml\Wordprocessing\Frames and framesets\Frame.cs","64","Property","nameof(DXW.Frame.LinkedToFile)","bool?","LinkedToFile","_LinkedToFile"
"D:\OneDrive\VS\Projects\DocxDocument\DocumentModel.InOpenXml\Wordprocessing\Frames and framesets\FrameProperties.cs","15","Property","nameof(DXW.FrameProperties.DropCap)","DropCapLocation?","DropCap","_dropCap"
"D:\OneDrive\VS\Projects\DocxDocument\DocumentModel.InOpenXml\Wordprocessing\Frames and framesets\FrameProperties.cs","22","Property","nameof(DXW.FrameProperties.Lines)","Int32?","DropCapLines","_dropCapLines"
"D:\OneDrive\VS\Projects\DocxDocument\DocumentModel.InOpenXml\Wordprocessing\Frames and framesets\FrameProperties.cs","29","Property","nameof(DXW.FrameProperties.Width)","Twips?","Width","_Width"
"D:\OneDrive\VS\Projects\DocxDocument\DocumentModel.InOpenXml\Wordprocessing\Frames and framesets\FrameProperties.cs","68","Property","nameof(DXW.FrameProperties.VerticalSpace)","Twips?","VerticalSpace","_VerticalSpace"
"D:\OneDrive\VS\Projects\DocxDocument\DocumentModel.InOpenXml\Wordprocessing\Frames and framesets\FrameProperties.cs","75","Property","nameof(DXW.FrameProperties.HorizontalSpace)","Twips?","HorizontalSpace","_HorizontalSpace"
"D:\OneDrive\VS\Projects\DocxDocument\DocumentModel.InOpenXml\Wordprocessing\Frames and framesets\FrameProperties.cs","82","Property","nameof(DXW.FrameProperties.Wrap)","TextWrapping?","Wrap","_Wrap"
"D:\OneDrive\VS\Projects\DocxDocument\DocumentModel.InOpenXml\Wordprocessing\Frames and framesets\FrameProperties.cs","89","Property","nameof(DXW.FrameProperties.HorizontalPosition)","HorizontalAnchor?","HorizontalPosition","_HorizontalPosition"
"D:\OneDrive\VS\Projects\DocxDocument\DocumentModel.InOpenXml\Wordprocessing\Frames and framesets\FrameProperties.cs","96","Property","nameof(DXW.FrameProperties.VerticalPosition)","VerticalAnchor?","VerticalPosition","_VerticalPosition"
"D:\OneDrive\VS\Projects\DocxDocument\DocumentModel.InOpenXml\Wordprocessing\Frames and framesets\FrameProperties.cs","103","Property","nameof(DXW.FrameProperties.X)","Twips?","X","_X"
"D:\OneDrive\VS\Projects\DocxDocument\DocumentModel.InOpenXml\Wordprocessing\Frames and framesets\FrameProperties.cs","110","Property","nameof(DXW.FrameProperties.XAlign)","HorizontalAlignment?","XAlign","_XAlign"
"D:\OneDrive\VS\Projects\DocxDocument\DocumentModel.InOpenXml\Wordprocessing\Frames and framesets\FrameProperties.cs","117","Property","nameof(DXW.FrameProperties.Y)","Twips?","Y","_Y"
"D:\OneDrive\VS\Projects\DocxDocument\DocumentModel.InOpenXml\Wordprocessing\Frames and framesets\FrameProperties.cs","124","Property","nameof(DXW.FrameProperties.YAlign)","VerticalAlignment?","YAlign","_YAlign"
"D:\OneDrive\VS\Projects\DocxDocument\DocumentModel.InOpenXml\Wordprocessing\Frames and framesets\FrameProperties.cs","131","Property","nameof(DXW.FrameProperties.AnchorLock)","bool?","AnchorLock","_AnchorLock"
"D:\OneDrive\VS\Projects\DocxDocument\DocumentModel.InOpenXml\Wordprocessing\Frames and framesets\FramesetSplitbar.cs","15","Property","nameof(DXW.FramesetSplitbar.Width)","Twips?","Width","_Width"
"D:\OneDrive\VS\Projects\DocxDocument\DocumentModel.InOpenXml\Wordprocessing\Frames and framesets\FramesetSplitbar.cs","22","Property","nameof(DXW.FramesetSplitbar.Color)","DocumentModel.AnyColor?","Color","_Color"
"D:\OneDrive\VS\Projects\DocxDocument\DocumentModel.InOpenXml\Wordprocessing\Frames and framesets\FramesetSplitbar.cs","29","Property","nameof(DXW.FramesetSplitbar.NoBorder)","bool?","NoBorder","_NoBorder"
"D:\OneDrive\VS\Projects\DocxDocument\DocumentModel.InOpenXml\Wordprocessing\Frames and framesets\FramesetSplitbar.cs","36","Property","nameof(DXW.FramesetSplitbar.FlatBorders)","bool?","FlatBorders","_FlatBorders"
"D:\OneDrive\VS\Projects\DocxDocument\DocumentModel.InOpenXml\Wordprocessing\Mail merge\DataSourceObject.cs","15","Property","nameof(DXW.DataSourceObject.UdlConnectionString)","string?","UdlConnectionString","_UdlConnectionString"
"D:\OneDrive\VS\Projects\DocxDocument\DocumentModel.InOpenXml\Wordprocessing\Mail merge\DataSourceObject.cs","22","Property","nameof(DXW.DataSourceObject.DataSourceTableName)","string?","DataSourceTableName","_DataSourceTableName"
"D:\OneDrive\VS\Projects\DocxDocument\DocumentModel.InOpenXml\Wordprocessing\Mail merge\DataSourceObject.cs","29","Property","nameof(DXW.DataSourceObject.SourceReference)","SourceReference?","SourceReference","_SourceReference"
"D:\OneDrive\VS\Projects\DocxDocument\DocumentModel.InOpenXml\Wordprocessing\Mail merge\DataSourceObject.cs","36","Property","nameof(DXW.DataSourceObject.ColumnDelimiter)","UInt32?","ColumnDelimiter","_ColumnDelimiter"
"D:\OneDrive\VS\Projects\DocxDocument\DocumentModel.InOpenXml\Wordprocessing\Mail merge\DataSourceObject.cs","43","Property","nameof(DXW.DataSourceObject.MailMergeSource)","MailMergeSource?","MailMergeSource","_MailMergeSource"
"D:\OneDrive\VS\Projects\DocxDocument\DocumentModel.InOpenXml\Wordprocessing\Mail merge\DataSourceObject.cs","50","Property","nameof(DXW.DataSourceObject.FirstRowHeader)","bool?","FirstRowHeader","_FirstRowHeader"
"D:\OneDrive\VS\Projects\DocxDocument\DocumentModel.InOpenXml\Wordprocessing\Mail merge\DataSourceObject.cs","57","Element","typeof(DXW.FieldMapData)","FieldMapData?","FieldMap","_FieldMap"
"D:\OneDrive\VS\Projects\DocxDocument\DocumentModel.InOpenXml\Wordprocessing\Mail merge\DataSourceObject.cs","64","Element","typeof(DXW.RecipientDataReference)","RecipientDataReference?","RecipientDataReference","_recipientDataReference"
"D:\OneDrive\VS\Projects\DocxDocument\DocumentModel.InOpenXml\Wordprocessing\Mail merge\FieldMapData.cs","15","Element","typeof(DXW.MailMergeFieldType), Order = 1","MailMergeOdsoField?","MailMergeFieldType","_MailMergeFieldType"
"D:\OneDrive\VS\Projects\DocxDocument\DocumentModel.InOpenXml\Wordprocessing\Mail merge\FieldMapData.cs","22","Element","typeof(DXW.Name), Order = 2","string?","Name","_Name"
"D:\OneDrive\VS\Projects\DocxDocument\DocumentModel.InOpenXml\Wordprocessing\Mail merge\FieldMapData.cs","29","Element","typeof(DXW.MappedName), Order = 3","string?","MappedName","_MappedName"
"D:\OneDrive\VS\Projects\DocxDocument\DocumentModel.InOpenXml\Wordprocessing\Mail merge\FieldMapData.cs","36","Element","typeof(DXW.ColumnIndex), Order = 4","UInt16?","ColumnIndex","_ColumnIndex"
"D:\OneDrive\VS\Projects\DocxDocument\DocumentModel.InOpenXml\Wordprocessing\Mail merge\FieldMapData.cs","43","Element","typeof(DXW.LanguageId), Order = 5","string?","LanguageId","_LanguageId"
"D:\OneDrive\VS\Projects\DocxDocument\DocumentModel.InOpenXml\Wordprocessing\Mail merge\FieldMapData.cs","50","Element","typeof(DXW.DynamicAddress), Order = 6","bool?","DynamicAddress","_DynamicAddress"
"D:\OneDrive\VS\Projects\DocxDocument\DocumentModel.InOpenXml\Wordprocessing\Mail merge\MailMerge.cs","29","Property","nameof(DXW.MailMerge.MainDocumentType)","MailMergeDocument?","MainDocumentType","_MainDocumentType"
"D:\OneDrive\VS\Projects\DocxDocument\DocumentModel.InOpenXml\Wordprocessing\Mail merge\MailMerge.cs","36","Property","nameof(DXW.MailMerge.LinkToQuery)","bool?","LinkToQuery","_LinkToQuery"
"D:\OneDrive\VS\Projects\DocxDocument\DocumentModel.InOpenXml\Wordprocessing\Mail merge\MailMerge.cs","43","Property","nameof(DXW.MailMerge.DataType)","MailMergeData?","DataType","_DataType"
"D:\OneDrive\VS\Projects\DocxDocument\DocumentModel.InOpenXml\Wordprocessing\Mail merge\MailMerge.cs","50","Property","nameof(DXW.MailMerge.ConnectString)","string?","ConnectString","_ConnectString"
"D:\OneDrive\VS\Projects\DocxDocument\DocumentModel.InOpenXml\Wordprocessing\Mail merge\MailMerge.cs","57","Property","nameof(DXW.MailMerge.Query)","string?","Query","_Query"
"D:\OneDrive\VS\Projects\DocxDocument\DocumentModel.InOpenXml\Wordprocessing\Mail merge\MailMerge.cs","64","Property","nameof(DXW.MailMerge.DataSourceReference)","DataSourceReference?","DataSourceReference","_DataSourceReference"
"D:\OneDrive\VS\Projects\DocxDocument\DocumentModel.InOpenXml\Wordprocessing\Mail merge\MailMerge.cs","71","Property","nameof(DXW.MailMerge.HeaderSource)","HeaderSource?","HeaderSource","_HeaderSource"
"D:\OneDrive\VS\Projects\DocxDocument\DocumentModel.InOpenXml\Wordprocessing\Mail merge\MailMerge.cs","78","Property","nameof(DXW.MailMerge.DoNotSuppressBlankLines)","bool?","DoNotSuppressBlankLines","_DoNotSuppressBlankLines"
"D:\OneDrive\VS\Projects\DocxDocument\DocumentModel.InOpenXml\Wordprocessing\Mail merge\MailMerge.cs","85","Property","nameof(DXW.MailMerge.Destination)","MailMergeDestination?","Destination","_Destination"
"D:\OneDrive\VS\Projects\DocxDocument\DocumentModel.InOpenXml\Wordprocessing\Mail merge\MailMerge.cs","92","Property","nameof(DXW.MailMerge.AddressFieldName)","string?","AddressFieldName","_AddressFieldName"
"D:\OneDrive\VS\Projects\DocxDocument\DocumentModel.InOpenXml\Wordprocessing\Mail merge\MailMerge.cs","99","Property","nameof(DXW.MailMerge.MailSubject)","string?","MailSubject","_MailSubject"
"D:\OneDrive\VS\Projects\DocxDocument\DocumentModel.InOpenXml\Wordprocessing\Mail merge\MailMerge.cs","106","Property","nameof(DXW.MailMerge.MailAsAttachment)","bool?","MailAsAttachment","_MailAsAttachment"
"D:\OneDrive\VS\Projects\DocxDocument\DocumentModel.InOpenXml\Wordprocessing\Mail merge\MailMerge.cs","113","Property","nameof(DXW.MailMerge.ViewMergedData)","bool?","ViewMergedData","_ViewMergedData"
"D:\OneDrive\VS\Projects\DocxDocument\DocumentModel.InOpenXml\Wordprocessing\Mail merge\MailMerge.cs","120","Property","nameof(DXW.MailMerge.ActiveRecord)","Int32?","ActiveRecord","_ActiveRecord"
"D:\OneDrive\VS\Projects\DocxDocument\DocumentModel.InOpenXml\Wordprocessing\Mail merge\MailMerge.cs","127","Property","nameof(DXW.MailMerge.CheckErrors)","Int32?","CheckErrors","_CheckErrors"
"D:\OneDrive\VS\Projects\DocxDocument\DocumentModel.InOpenXml\Wordprocessing\Mail merge\MailMerge.cs","134","Property","nameof(DXW.MailMerge.DataSourceObject)","DataSourceObject?","DataSourceObject","_DataSourceObject"
"D:\OneDrive\VS\Projects\DocxDocument\DocumentModel.InOpenXml\Wordprocessing\Mail merge\SingleDataSourceRecord.cs","15","Property","nameof(DXOW.SingleDataSourceRecord.RecordIncluded)","bool?","RecordIncluded","_RecordIncluded"
"D:\OneDrive\VS\Projects\DocxDocument\DocumentModel.InOpenXml\Wordprocessing\Mail merge\SingleDataSourceRecord.cs","22","Property","nameof(DXOW.SingleDataSourceRecord.RecordHashCode)","Int64?","RecordHashCode","_RecordHashCode"
"D:\OneDrive\VS\Projects\DocxDocument\DocumentModel.InOpenXml\Wordprocessing\Numbering\AbstractNumbering.cs","43","Property","nameof(DXW.AbstractNum.Nsid)","HexInt?","NsId","_NsId"
"D:\OneDrive\VS\Projects\DocxDocument\DocumentModel.InOpenXml\Wordprocessing\Numbering\AbstractNumbering.cs","52","Property","nameof(DXW.AbstractNum.AbstractNumDefinitionName)","string?","Name","_name"
"D:\OneDrive\VS\Projects\DocxDocument\DocumentModel.InOpenXml\Wordprocessing\Numbering\AbstractNumbering.cs","62","Property","nameof(DXW.AbstractNum.MultiLevelType)","MultiLevel?","MultiLevelType","_MultiLevelType"
"D:\OneDrive\VS\Projects\DocxDocument\DocumentModel.InOpenXml\Wordprocessing\Numbering\AbstractNumbering.cs","70","Property","nameof(DXW.AbstractNum.TemplateCode)","HexInt?","TemplateCode","_TemplateCode"
"D:\OneDrive\VS\Projects\DocxDocument\DocumentModel.InOpenXml\Wordprocessing\Numbering\AbstractNumbering.cs","78","Property","nameof(DXW.AbstractNum.StyleLink)","string?","StyleLink","_StyleLink"
"D:\OneDrive\VS\Projects\DocxDocument\DocumentModel.InOpenXml\Wordprocessing\Numbering\AbstractNumbering.cs","87","Property","nameof(DXW.AbstractNum.NumberingStyleLink)","string?","NumberingStyleLink","_NumberingStyleLink"
"D:\OneDrive\VS\Projects\DocxDocument\DocumentModel.InOpenXml\Wordprocessing\Numbering\Numbering.cs","58","Element","typeof(DXW.NumberingIdMacAtCleanup)","int?","LastRevAbstractNumbering","_lastRevAbstractNumbering"
"D:\OneDrive\VS\Projects\DocxDocument\DocumentModel.InOpenXml\Wordprocessing\Numbering\NumberingFormat.cs","15","Property","nameof(DXW.NumberingFormat.Val)","NumberFormat?","Type","_Type"
"D:\OneDrive\VS\Projects\DocxDocument\DocumentModel.InOpenXml\Wordprocessing\Numbering\NumberingFormat.cs","22","Property","nameof(DXW.NumberingFormat.Format)","string?","Custom","_Custom"
"D:\OneDrive\VS\Projects\DocxDocument\DocumentModel.InOpenXml\Wordprocessing\Numbering\NumberingInstance.cs","25","Property","nameof(DXW.NumberingInstance.DurableId)","Int32?","DurableId","_DurableId"
"D:\OneDrive\VS\Projects\DocxDocument\DocumentModel.InOpenXml\Wordprocessing\Numbering\NumberingInstance.cs","33","Property","nameof(DXW.NumberingInstance.AbstractNumId)","Int32?","AbstractNumId","_AbstractNumId"
"D:\OneDrive\VS\Projects\DocxDocument\DocumentModel.InOpenXml\Wordprocessing\Numbering\NumberingLevel.cs","26","Property","nameof(DXW.Level.Tentative)","bool?","Tentative","_Tentative"
"D:\OneDrive\VS\Projects\DocxDocument\DocumentModel.InOpenXml\Wordprocessing\Numbering\NumberingLevel.cs","33","Property","nameof(DXW.Level.StartNumberingValue)","Int32?","StartNumberingValue","_StartNumberingValue"
"D:\OneDrive\VS\Projects\DocxDocument\DocumentModel.InOpenXml\Wordprocessing\Numbering\NumberingLevel.cs","43","Property","nameof(DXW.Level.LevelRestart)","NumLevel?","LevelRestart","_LevelRestart"
"D:\OneDrive\VS\Projects\DocxDocument\DocumentModel.InOpenXml\Wordprocessing\Numbering\NumberingLevel.cs","50","Property","nameof(DXW.Level.NumberingFormat)","NumberingFormat?","NumberingFormat","_NumberingFormat"
"D:\OneDrive\VS\Projects\DocxDocument\DocumentModel.InOpenXml\Wordprocessing\Numbering\NumberingLevel.cs","57","Property","nameof(DXW.Level.ParagraphStyleIdInLevel)","string?","ParagraphStyleIdInLevel","_ParagraphStyleIdInLevel"
"D:\OneDrive\VS\Projects\DocxDocument\DocumentModel.InOpenXml\Wordprocessing\Numbering\NumberingLevel.cs","64","Property","nameof(DXW.Level.IsLegalNumberingStyle)","bool?","IsLegalNumberingStyle","_IsLegalNumberingStyle"
"D:\OneDrive\VS\Projects\DocxDocument\DocumentModel.InOpenXml\Wordprocessing\Numbering\NumberingLevel.cs","71","Property","nameof(DXW.Level.LevelSuffix)","LevelSuffix?","LevelSuffix","_LevelSuffix"
"D:\OneDrive\VS\Projects\DocxDocument\DocumentModel.InOpenXml\Wordprocessing\Numbering\NumberingLevel.cs","78","Property","nameof(DXW.Level.LevelText)","NumberingLevelText?","LevelText","_LevelText"
"D:\OneDrive\VS\Projects\DocxDocument\DocumentModel.InOpenXml\Wordprocessing\Numbering\NumberingLevel.cs","85","Property","nameof(DXW.Level.LevelPictureBulletId)","Int32?","LevelPictureBulletId","_LevelPictureBulletId"
"D:\OneDrive\VS\Projects\DocxDocument\DocumentModel.InOpenXml\Wordprocessing\Numbering\NumberingLevel.cs","92","Property","nameof(DXW.Level.TemplateCode)","HexInt?","TemplateCode","_TemplateCode"
"D:\OneDrive\VS\Projects\DocxDocument\DocumentModel.InOpenXml\Wordprocessing\Numbering\NumberingLevel.cs","99","Property","nameof(DXW.Level.LegacyNumbering)","LegacyNumbering?","LegacyNumbering","_LegacyNumbering"
"D:\OneDrive\VS\Projects\DocxDocument\DocumentModel.InOpenXml\Wordprocessing\Numbering\NumberingLevel.cs","106","Property","nameof(DXW.Level.LevelJustification)","LevelJustification?","Justification","_justification"
"D:\OneDrive\VS\Projects\DocxDocument\DocumentModel.InOpenXml\Wordprocessing\Numbering\NumberingLevel.cs","113","Property","nameof(DXW.Level.NumberingSymbolRunProperties)","NumberingSymbolRunProperties?","NumberingSymbolRunProperties","_NumberingSymbolRunProperties"
"D:\OneDrive\VS\Projects\DocxDocument\DocumentModel.InOpenXml\Wordprocessing\Numbering\NumberingLevel.cs","120","Property","nameof(DXW.Level.PreviousParagraphProperties)","NumberingLevelParagraphProperties?","ParagraphProperties","_ParagraphProperties"
"D:\OneDrive\VS\Projects\DocxDocument\DocumentModel.InOpenXml\Wordprocessing\Numbering\NumberingLevelOverride.cs","23","Property","nameof(DXW.LevelOverride.StartOverrideNumberingValue)","Int32?","StartOverrideNumberingValue","_StartOverrideNumberingValue"
"D:\OneDrive\VS\Projects\DocxDocument\DocumentModel.InOpenXml\Wordprocessing\Numbering\NumberingLevelOverride.cs","30","Property","nameof(DXW.LevelOverride.Level)","NumberingLevel?","Level","_Level"
"D:\OneDrive\VS\Projects\DocxDocument\DocumentModel.InOpenXml\Wordprocessing\Numbering\NumberingLevelParagraphProperties.cs","15","Property","nameof(DXW.PreviousParagraphProperties.ParagraphStyleId)","string?","ParagraphStyleId","_ParagraphStyleId"
"D:\OneDrive\VS\Projects\DocxDocument\DocumentModel.InOpenXml\Wordprocessing\Numbering\NumberingProperties.cs","15","Property","nameof(DXW.NumberingProperties.NumberingLevelReference)","NumLevel?","NumberingLevelReference","_NumberingLevelReference"
"D:\OneDrive\VS\Projects\DocxDocument\DocumentModel.InOpenXml\Wordprocessing\Numbering\NumberingProperties.cs","22","Property","nameof(DXW.NumberingProperties.NumberingId)","Int32?","NumberingId","_NumberingId"
"D:\OneDrive\VS\Projects\DocxDocument\DocumentModel.InOpenXml\Wordprocessing\Numbering\NumberingProperties.cs","29","Property","nameof(DXW.NumberingProperties.NumberingChange)","NumberingChange?","NumberingChange","_NumberingChange"
"D:\OneDrive\VS\Projects\DocxDocument\DocumentModel.InOpenXml\Wordprocessing\Numbering\NumberingProperties.cs","36","Property","nameof(DXW.NumberingProperties.Inserted)","Inserted?","Inserted","_Inserted"
"D:\OneDrive\VS\Projects\DocxDocument\DocumentModel.InOpenXml\Wordprocessing\Paragraph properties\Indentation.cs","23","Property","nameof(DXW.Indentation.Start)","string?","Start","_Start"
"D:\OneDrive\VS\Projects\DocxDocument\DocumentModel.InOpenXml\Wordprocessing\Paragraph properties\Indentation.cs","38","Property","nameof(DXW.Indentation.StartCharacters)","Int32?","StartCharacters","_StartCharacters"
"D:\OneDrive\VS\Projects\DocxDocument\DocumentModel.InOpenXml\Wordprocessing\Paragraph properties\Indentation.cs","53","Property","nameof(DXW.Indentation.End)","string?","End","_End"
"D:\OneDrive\VS\Projects\DocxDocument\DocumentModel.InOpenXml\Wordprocessing\Paragraph properties\Indentation.cs","68","Property","nameof(DXW.Indentation.EndCharacters)","Int32?","EndCharacters","_EndCharacters"
"D:\OneDrive\VS\Projects\DocxDocument\DocumentModel.InOpenXml\Wordprocessing\Paragraph properties\Indentation.cs","75","Property","nameof(DXW.Indentation.Hanging)","string?","Hanging","_Hanging"
"D:\OneDrive\VS\Projects\DocxDocument\DocumentModel.InOpenXml\Wordprocessing\Paragraph properties\Indentation.cs","82","Property","nameof(DXW.Indentation.HangingChars)","Int32?","HangingChars","_HangingChars"
"D:\OneDrive\VS\Projects\DocxDocument\DocumentModel.InOpenXml\Wordprocessing\Paragraph properties\Indentation.cs","89","Property","nameof(DXW.Indentation.FirstLine)","string?","FirstLine","_FirstLine"
"D:\OneDrive\VS\Projects\DocxDocument\DocumentModel.InOpenXml\Wordprocessing\Paragraph properties\Indentation.cs","96","Property","nameof(DXW.Indentation.FirstLineChars)","Int32?","FirstLineChars","_FirstLineChars"
"D:\OneDrive\VS\Projects\DocxDocument\DocumentModel.InOpenXml\Wordprocessing\Paragraph properties\NoLineBreaksAfterKinsoku.cs","15","Property","nameof(DXW.NoLineBreaksAfterKinsoku.Language)","string?","Language","_Language"
"D:\OneDrive\VS\Projects\DocxDocument\DocumentModel.InOpenXml\Wordprocessing\Paragraph properties\NoLineBreaksAfterKinsoku.cs","22","Property","nameof(DXW.NoLineBreaksAfterKinsoku.Val)","string?","Val","_Val"
"D:\OneDrive\VS\Projects\DocxDocument\DocumentModel.InOpenXml\Wordprocessing\Paragraph properties\NoLineBreaksBeforeKinsoku.cs","15","Property","nameof(DXW.NoLineBreaksBeforeKinsoku.Language)","string?","Language","_Language"
"D:\OneDrive\VS\Projects\DocxDocument\DocumentModel.InOpenXml\Wordprocessing\Paragraph properties\NoLineBreaksBeforeKinsoku.cs","22","Property","nameof(DXW.NoLineBreaksBeforeKinsoku.Val)","string?","Val","_Val"
"D:\OneDrive\VS\Projects\DocxDocument\DocumentModel.InOpenXml\Wordprocessing\Paragraph properties\ParagraphBorders.cs","15","Property","nameof(DXW.ParagraphBorders.TopBorder)","Border?","TopBorder","_TopBorder"
"D:\OneDrive\VS\Projects\DocxDocument\DocumentModel.InOpenXml\Wordprocessing\Paragraph properties\ParagraphBorders.cs","22","Property","nameof(DXW.ParagraphBorders.LeftBorder)","Border?","LeftBorder","_LeftBorder"
"D:\OneDrive\VS\Projects\DocxDocument\DocumentModel.InOpenXml\Wordprocessing\Paragraph properties\ParagraphBorders.cs","29","Property","nameof(DXW.ParagraphBorders.BottomBorder)","Border?","BottomBorder","_BottomBorder"
"D:\OneDrive\VS\Projects\DocxDocument\DocumentModel.InOpenXml\Wordprocessing\Paragraph properties\ParagraphBorders.cs","36","Property","nameof(DXW.ParagraphBorders.RightBorder)","Border?","RightBorder","_RightBorder"
"D:\OneDrive\VS\Projects\DocxDocument\DocumentModel.InOpenXml\Wordprocessing\Paragraph properties\ParagraphBorders.cs","43","Property","nameof(DXW.ParagraphBorders.BetweenBorder)","Border?","BetweenBorder","_BetweenBorder"
"D:\OneDrive\VS\Projects\DocxDocument\DocumentModel.InOpenXml\Wordprocessing\Paragraph properties\ParagraphBorders.cs","50","Property","nameof(DXW.ParagraphBorders.BarBorder)","Border?","BarBorder","_BarBorder"
"D:\OneDrive\VS\Projects\DocxDocument\DocumentModel.InOpenXml\Wordprocessing\Paragraph properties\ParagraphProperties.cs","29","Property","nameof(DXW.ParagraphProperties.ParagraphStyleId)","string?","ParagraphStyleId","_ParagraphStyleId"
"D:\OneDrive\VS\Projects\DocxDocument\DocumentModel.InOpenXml\Wordprocessing\Paragraph properties\ParagraphProperties.cs","36","Property","nameof(DXW.ParagraphProperties.DivId)","string?","DivId","_DivId"
"D:\OneDrive\VS\Projects\DocxDocument\DocumentModel.InOpenXml\Wordprocessing\Paragraph properties\ParagraphProperties.cs","43","Property","nameof(DXW.ParagraphProperties.ConditionalFormatStyle)","ConditionalFormatFlags?","ConditionalFormatStyle","_ConditionalFormatStyle"
"D:\OneDrive\VS\Projects\DocxDocument\DocumentModel.InOpenXml\Wordprocessing\Paragraph properties\ParagraphProperties.cs","50","Property","nameof(DXW.ParagraphProperties.ParagraphMarkRunProperties)","ParagraphMarkRunProperties?","ParagraphMarkRunProperties","_ParagraphMarkRunProperties"
"D:\OneDrive\VS\Projects\DocxDocument\DocumentModel.InOpenXml\Wordprocessing\Paragraph properties\ParagraphProperties.cs","57","Property","nameof(DXW.ParagraphProperties.SectionProperties)","SectionProperties?","SectionProperties","_SectionProperties"
"D:\OneDrive\VS\Projects\DocxDocument\DocumentModel.InOpenXml\Wordprocessing\Paragraph properties\ParagraphProperties.cs","64","Property","nameof(DXW.ParagraphProperties.ParagraphPropertiesChange)","ParagraphPropertiesChange?","ParagraphPropertiesChange","_ParagraphPropertiesChange"
"D:\OneDrive\VS\Projects\DocxDocument\DocumentModel.InOpenXml\Wordprocessing\Paragraph properties\PreviousParagraphProperties.cs","15","Property","nameof(DXW.PreviousParagraphProperties.ParagraphStyleId)","string?","ParagraphStyleId","_ParagraphStyleId"
"D:\OneDrive\VS\Projects\DocxDocument\DocumentModel.InOpenXml\Wordprocessing\Paragraph properties\TabStop.cs","31","Property","nameof(DXW.TabStop.Leader)","TabStopLeader?","Leader","_Leader"
"D:\OneDrive\VS\Projects\DocxDocument\DocumentModel.InOpenXml\Wordprocessing\References\RelationshipType(T).cs","21","Property","nameof(DXW.RelationshipType.Id)","string?","Id","_Id"
"D:\OneDrive\VS\Projects\DocxDocument\DocumentModel.InOpenXml\Wordprocessing\Revisions\Person.cs","21","Property","nameof(DXO13W.Person.Author)","string?","Author","_Author"
"D:\OneDrive\VS\Projects\DocxDocument\DocumentModel.InOpenXml\Wordprocessing\Revisions\Person.cs","28","Property","nameof(DXO13W.Person.PresenceInfo)","PresenceInfo?","PresenceInfo","_PresenceInfo"
"D:\OneDrive\VS\Projects\DocxDocument\DocumentModel.InOpenXml\Wordprocessing\Revisions\PresenceInfo.cs","15","Property","nameof(DXO13W.PresenceInfo.ProviderId)","string?","ProviderId","_ProviderId"
"D:\OneDrive\VS\Projects\DocxDocument\DocumentModel.InOpenXml\Wordprocessing\Revisions\PresenceInfo.cs","22","Property","nameof(DXO13W.PresenceInfo.UserId)","string?","UserId","_UserId"
"D:\OneDrive\VS\Projects\DocxDocument\DocumentModel.InOpenXml\Wordprocessing\Ruby\Ruby.cs","15","Property","nameof(DXW.Ruby.RubyProperties)","RubyProperties?","RubyProperties","_RubyProperties"
"D:\OneDrive\VS\Projects\DocxDocument\DocumentModel.InOpenXml\Wordprocessing\Ruby\Ruby.cs","22","Property","nameof(DXW.Ruby.RubyContent)","IRubyContent?","RubyContent","_RubyContent"
"D:\OneDrive\VS\Projects\DocxDocument\DocumentModel.InOpenXml\Wordprocessing\Ruby\Ruby.cs","29","Property","nameof(DXW.Ruby.RubyBase)","RubyBase?","RubyBase","_RubyBase"
"D:\OneDrive\VS\Projects\DocxDocument\DocumentModel.InOpenXml\Wordprocessing\Ruby\RubyProperties.cs","15","Property","nameof(DXW.RubyProperties.RubyAlign)","RubyAlign?","RubyAlign","_RubyAlign"
"D:\OneDrive\VS\Projects\DocxDocument\DocumentModel.InOpenXml\Wordprocessing\Ruby\RubyProperties.cs","22","Property","nameof(DXW.RubyProperties.PhoneticGuideTextFontSize)","HPS?","PhoneticGuideTextFontSize","_PhoneticGuideTextFontSize"
"D:\OneDrive\VS\Projects\DocxDocument\DocumentModel.InOpenXml\Wordprocessing\Ruby\RubyProperties.cs","29","Property","nameof(DXW.RubyProperties.PhoneticGuideRaise)","Int16?","PhoneticGuideRaise","_PhoneticGuideRaise"
"D:\OneDrive\VS\Projects\DocxDocument\DocumentModel.InOpenXml\Wordprocessing\Ruby\RubyProperties.cs","36","Property","nameof(DXW.RubyProperties.PhoneticGuideBaseTextSize)","HPS?","PhoneticGuideBaseTextSize","_PhoneticGuideBaseTextSize"
"D:\OneDrive\VS\Projects\DocxDocument\DocumentModel.InOpenXml\Wordprocessing\Ruby\RubyProperties.cs","43","Property","nameof(DXW.RubyProperties.LanguageId)","string?","LanguageId","_LanguageId"
"D:\OneDrive\VS\Projects\DocxDocument\DocumentModel.InOpenXml\Wordprocessing\Ruby\RubyProperties.cs","50","Property","nameof(DXW.RubyProperties.Dirty)","bool?","Dirty","_Dirty"
"D:\OneDrive\VS\Projects\DocxDocument\DocumentModel.InOpenXml\Wordprocessing\Run content\Break.cs","15","Property","nameof(DXW.Break.Type)","BreakType?","Type","_Type"
"D:\OneDrive\VS\Projects\DocxDocument\DocumentModel.InOpenXml\Wordprocessing\Run content\Break.cs","22","Property","nameof(DXW.Break.Clear)","BreakTextRestartLocation?","Clear","_Clear"
"D:\OneDrive\VS\Projects\DocxDocument\DocumentModel.InOpenXml\Wordprocessing\Run content\ContentPart.cs","15","Property","nameof(DXW.ContentPart.Id)","string?","Id","_Id"
"D:\OneDrive\VS\Projects\DocxDocument\DocumentModel.InOpenXml\Wordprocessing\Run content\PositionalTab.cs","15","Property","nameof(DXW.PositionalTab.Alignment)","AbsolutePositionTabAlignment?","Alignment","_Alignment"
"D:\OneDrive\VS\Projects\DocxDocument\DocumentModel.InOpenXml\Wordprocessing\Run content\PositionalTab.cs","22","Property","nameof(DXW.PositionalTab.RelativeTo)","AbsolutePositionTabPositioningBase?","RelativeTo","_RelativeTo"
"D:\OneDrive\VS\Projects\DocxDocument\DocumentModel.InOpenXml\Wordprocessing\Run content\PositionalTab.cs","29","Property","nameof(DXW.PositionalTab.Leader)","AbsolutePositionTabLeaderChar?","Leader","_Leader"
"D:\OneDrive\VS\Projects\DocxDocument\DocumentModel.InOpenXml\Wordprocessing\Run properties\EastAsianLayout.cs","15","Property","nameof(DXW.EastAsianLayout.Id)","Int32?","Id","_Id"
"D:\OneDrive\VS\Projects\DocxDocument\DocumentModel.InOpenXml\Wordprocessing\Run properties\EastAsianLayout.cs","22","Property","nameof(DXW.EastAsianLayout.Combine)","bool?","Combine","_Combine"
"D:\OneDrive\VS\Projects\DocxDocument\DocumentModel.InOpenXml\Wordprocessing\Run properties\EastAsianLayout.cs","29","Property","nameof(DXW.EastAsianLayout.CombineBrackets)","CombineBracket?","CombineBrackets","_CombineBrackets"
"D:\OneDrive\VS\Projects\DocxDocument\DocumentModel.InOpenXml\Wordprocessing\Run properties\EastAsianLayout.cs","36","Property","nameof(DXW.EastAsianLayout.Vertical)","bool?","Vertical","_Vertical"
"D:\OneDrive\VS\Projects\DocxDocument\DocumentModel.InOpenXml\Wordprocessing\Run properties\EastAsianLayout.cs","43","Property","nameof(DXW.EastAsianLayout.VerticalCompress)","bool?","VerticalCompress","_VerticalCompress"
"D:\OneDrive\VS\Projects\DocxDocument\DocumentModel.InOpenXml\Wordprocessing\Run properties\FillTextEffect.cs","15","Property","nameof(DXO10W.FillTextEffect.NoFillEmpty)","bool?","NoFillEmpty","_NoFillEmpty"
"D:\OneDrive\VS\Projects\DocxDocument\DocumentModel.InOpenXml\Wordprocessing\Run properties\FillTextEffect.cs","22","Property","nameof(DXO10W.FillTextEffect.SolidColorFillProperties)","SolidColorFillProperties?","SolidColorFillProperties","_SolidColorFillProperties"
"D:\OneDrive\VS\Projects\DocxDocument\DocumentModel.InOpenXml\Wordprocessing\Run properties\FillTextEffect.cs","29","Property","nameof(DXO10W.FillTextEffect.GradientFillProperties)","GradientFillProperties?","GradientFillProperties","_GradientFillProperties"
"D:\OneDrive\VS\Projects\DocxDocument\DocumentModel.InOpenXml\Wordprocessing\Run properties\FitText.cs","15","Property","nameof(DXW.FitText.Id)","Int32?","Id","_Id"
"D:\OneDrive\VS\Projects\DocxDocument\DocumentModel.InOpenXml\Wordprocessing\Run properties\FitText.cs","22","Property","nameof(DXW.FitText.Val)","Twips?","Width","_width"
"D:\OneDrive\VS\Projects\DocxDocument\DocumentModel.InOpenXml\Wordprocessing\Run properties\RunFonts.cs","71","Property","nameof(DXW.RunFonts.AsciiTheme)","ThemeFont?","AsciiTheme","_AsciiTheme"
"D:\OneDrive\VS\Projects\DocxDocument\DocumentModel.InOpenXml\Wordprocessing\Run properties\Underline.cs","15","Property","nameof(DXW.Underline.Val)","UnderlineType?","Type","_Type"
"D:\OneDrive\VS\Projects\DocxDocument\DocumentModel.InOpenXml\Wordprocessing\Sdt\SdtCell.cs","15","Property","nameof(DXW.SdtCell.SdtProperties)","SdtProperties?","SdtProperties","_SdtProperties"
"D:\OneDrive\VS\Projects\DocxDocument\DocumentModel.InOpenXml\Wordprocessing\Sdt\SdtCell.cs","22","Property","nameof(DXW.SdtCell.SdtEndCharProperties)","SdtEndCharProperties?","SdtEndCharProperties","_SdtEndCharProperties"
"D:\OneDrive\VS\Projects\DocxDocument\DocumentModel.InOpenXml\Wordprocessing\Sdt\SdtContentCheckBox.cs","15","Property","nameof(DXO10W.SdtContentCheckBox.Checked)","Boolean?","Checked","_Checked"
"D:\OneDrive\VS\Projects\DocxDocument\DocumentModel.InOpenXml\Wordprocessing\Sdt\SdtContentCheckBox.cs","22","Property","nameof(DXO10W.SdtContentCheckBox.CheckedState)","CheckBoxSymbolType?","CheckedState","_CheckedState"
"D:\OneDrive\VS\Projects\DocxDocument\DocumentModel.InOpenXml\Wordprocessing\Sdt\SdtContentCheckBox.cs","29","Property","nameof(DXO10W.SdtContentCheckBox.UncheckedState)","CheckBoxSymbolType?","UncheckedState","_UncheckedState"
"D:\OneDrive\VS\Projects\DocxDocument\DocumentModel.InOpenXml\Wordprocessing\Sdt\SdtContentDate.cs","15","Property","nameof(DXW.SdtContentDate.FullDate)","DateTime?","FullDate","_FullDate"
"D:\OneDrive\VS\Projects\DocxDocument\DocumentModel.InOpenXml\Wordprocessing\Sdt\SdtContentDate.cs","22","Property","nameof(DXW.SdtContentDate.DateFormat)","string?","DateFormat","_DateFormat"
"D:\OneDrive\VS\Projects\DocxDocument\DocumentModel.InOpenXml\Wordprocessing\Sdt\SdtContentDate.cs","29","Property","nameof(DXW.SdtContentDate.LanguageId)","string?","LanguageId","_LanguageId"
"D:\OneDrive\VS\Projects\DocxDocument\DocumentModel.InOpenXml\Wordprocessing\Sdt\SdtContentDate.cs","36","Property","nameof(DXW.SdtContentDate.SdtDateMappingType)","DateFormat?","SdtDateMappingType","_SdtDateMappingType"
"D:\OneDrive\VS\Projects\DocxDocument\DocumentModel.InOpenXml\Wordprocessing\Sdt\SdtContentDate.cs","43","Property","nameof(DXW.SdtContentDate.Calendar)","Calendar?","Calendar","_Calendar"
"D:\OneDrive\VS\Projects\DocxDocument\DocumentModel.InOpenXml\Wordprocessing\Sdt\SdtContentDocPartList.cs","15","Property","nameof(DXW.SdtContentDocPartList.DocPartGallery)","string?","DocPartGallery","_DocPartGallery"
"D:\OneDrive\VS\Projects\DocxDocument\DocumentModel.InOpenXml\Wordprocessing\Sdt\SdtContentDocPartList.cs","22","Property","nameof(DXW.SdtContentDocPartList.DocPartCategory)","string?","DocPartCategory","_DocPartCategory"
"D:\OneDrive\VS\Projects\DocxDocument\DocumentModel.InOpenXml\Wordprocessing\Sdt\SdtContentDocPartList.cs","29","Property","nameof(DXW.SdtContentDocPartList.DocPartUnique)","bool?","DocPartUnique","_DocPartUnique"
"D:\OneDrive\VS\Projects\DocxDocument\DocumentModel.InOpenXml\Wordprocessing\Sdt\SdtContentDocPartObject.cs","15","Property","nameof(DXW.SdtContentDocPartObject.DocPartGallery)","string?","DocPartGallery","_DocPartGallery"
"D:\OneDrive\VS\Projects\DocxDocument\DocumentModel.InOpenXml\Wordprocessing\Sdt\SdtContentDocPartObject.cs","22","Property","nameof(DXW.SdtContentDocPartObject.DocPartCategory)","string?","DocPartCategory","_DocPartCategory"
"D:\OneDrive\VS\Projects\DocxDocument\DocumentModel.InOpenXml\Wordprocessing\Sdt\SdtContentDocPartObject.cs","29","Property","nameof(DXW.SdtContentDocPartObject.DocPartUnique)","bool?","DocPartUnique","_DocPartUnique"
"D:\OneDrive\VS\Projects\DocxDocument\DocumentModel.InOpenXml\Wordprocessing\Sdt\SdtContentText.cs","15","Property","nameof(DXW.SdtContentText.MultiLine)","bool?","MultiLine","_MultiLine"
"D:\OneDrive\VS\Projects\DocxDocument\DocumentModel.InOpenXml\Wordprocessing\Sdt\SdtDocPartType.cs","15","Property","nameof(DXW.SdtDocPartType.DocPartGallery)","string?","DocPartGallery","_DocPartGallery"
"D:\OneDrive\VS\Projects\DocxDocument\DocumentModel.InOpenXml\Wordprocessing\Sdt\SdtDocPartType.cs","22","Property","nameof(DXW.SdtDocPartType.DocPartCategory)","string?","DocPartCategory","_DocPartCategory"
"D:\OneDrive\VS\Projects\DocxDocument\DocumentModel.InOpenXml\Wordprocessing\Sdt\SdtDocPartType.cs","29","Property","nameof(DXW.SdtDocPartType.DocPartUnique)","bool?","DocPartUnique","_DocPartUnique"
"D:\OneDrive\VS\Projects\DocxDocument\DocumentModel.InOpenXml\Wordprocessing\Sdt\SdtElement.cs","15","Property","nameof(DXW.SdtElement.SdtProperties)","SdtProperties?","SdtProperties","_SdtProperties"
"D:\OneDrive\VS\Projects\DocxDocument\DocumentModel.InOpenXml\Wordprocessing\Sdt\SdtElement.cs","22","Property","nameof(DXW.SdtElement.SdtEndCharProperties)","SdtEndCharProperties?","SdtEndCharProperties","_SdtEndCharProperties"
"D:\OneDrive\VS\Projects\DocxDocument\DocumentModel.InOpenXml\Wordprocessing\Sdt\SdtPlaceholder.cs","15","Property","nameof(DXW.SdtPlaceholder.DocPartReference)","string?","DocPartReference","_DocPartReference"
"D:\OneDrive\VS\Projects\DocxDocument\DocumentModel.InOpenXml\Wordprocessing\Sdt\SdtProperties.cs","236","Element","typeof(DXO13W.SdtRepeatedSectionItem)","bool?","IsRepeatedSectionItem","_IsRepeatedSectionItem"
"D:\OneDrive\VS\Projects\DocxDocument\DocumentModel.InOpenXml\Wordprocessing\Sdt\SdtProperties.cs","269","Element","typeof(DXW.SdtContentComboBox)","SdtContentComboBox?","SdtContentComboBox","_SdtContentComboBox"
"D:\OneDrive\VS\Projects\DocxDocument\DocumentModel.InOpenXml\Wordprocessing\Sdt\SdtRepeatedSection.cs","15","Property","nameof(DXO13W.SdtRepeatedSection.SectionTitle)","string?","SectionTitle","_SectionTitle"
"D:\OneDrive\VS\Projects\DocxDocument\DocumentModel.InOpenXml\Wordprocessing\Sdt\SdtRepeatedSection.cs","22","Property","nameof(DXO13W.SdtRepeatedSection.DoNotAllowInsertDeleteSection)","bool?","DoNotAllowInsertDeleteSection","_DoNotAllowInsertDeleteSection"
"D:\OneDrive\VS\Projects\DocxDocument\DocumentModel.InOpenXml\Wordprocessing\Sdt\SdtRow.cs","15","Property","nameof(DXW.SdtRow.SdtProperties)","SdtProperties?","SdtProperties","_SdtProperties"
"D:\OneDrive\VS\Projects\DocxDocument\DocumentModel.InOpenXml\Wordprocessing\Sdt\SdtRow.cs","22","Property","nameof(DXW.SdtRow.SdtEndCharProperties)","SdtEndCharProperties?","SdtEndCharProperties","_SdtEndCharProperties"
"D:\OneDrive\VS\Projects\DocxDocument\DocumentModel.InOpenXml\Wordprocessing\Sdt\SdtRun.cs","15","Property","nameof(DXW.SdtRun.SdtProperties)","SdtProperties?","SdtProperties","_SdtProperties"
"D:\OneDrive\VS\Projects\DocxDocument\DocumentModel.InOpenXml\Wordprocessing\Sdt\SdtRun.cs","22","Property","nameof(DXW.SdtRun.SdtEndCharProperties)","SdtEndCharProperties?","SdtEndCharProperties","_SdtEndCharProperties"
"D:\OneDrive\VS\Projects\DocxDocument\DocumentModel.InOpenXml\Wordprocessing\Sdt\SdtRunRuby.cs","15","Property","nameof(DXW.SdtRunRuby.SdtProperties)","SdtProperties?","SdtProperties","_SdtProperties"
"D:\OneDrive\VS\Projects\DocxDocument\DocumentModel.InOpenXml\Wordprocessing\Sdt\SdtRunRuby.cs","22","Property","nameof(DXW.SdtRunRuby.SdtEndCharProperties)","SdtEndCharProperties?","SdtEndCharProperties","_SdtEndCharProperties"
"D:\OneDrive\VS\Projects\DocxDocument\DocumentModel.InOpenXml\Wordprocessing\Sections\LineNumberType.cs","15","Property","nameof(DXW.LineNumberType.CountBy)","Int16?","CountBy","_CountBy"
"D:\OneDrive\VS\Projects\DocxDocument\DocumentModel.InOpenXml\Wordprocessing\Sections\LineNumberType.cs","22","Property","nameof(DXW.LineNumberType.Start)","Int16?","Start","_Start"
"D:\OneDrive\VS\Projects\DocxDocument\DocumentModel.InOpenXml\Wordprocessing\Sections\LineNumberType.cs","29","Property","nameof(DXW.LineNumberType.Distance)","string?","Distance","_Distance"
"D:\OneDrive\VS\Projects\DocxDocument\DocumentModel.InOpenXml\Wordprocessing\Sections\LineNumberType.cs","36","Property","nameof(DXW.LineNumberType.Restart)","LineNumberRestart?","Restart","_Restart"
"D:\OneDrive\VS\Projects\DocxDocument\DocumentModel.InOpenXml\Wordprocessing\Sections\PageBorders.cs","15","Property","nameof(DXW.PageBorders.ZOrder)","PageBorderZOrder?","ZOrder","_ZOrder"
"D:\OneDrive\VS\Projects\DocxDocument\DocumentModel.InOpenXml\Wordprocessing\Sections\PageBorders.cs","22","Property","nameof(DXW.PageBorders.Display)","PageBorderDisplay?","Display","_Display"
"D:\OneDrive\VS\Projects\DocxDocument\DocumentModel.InOpenXml\Wordprocessing\Sections\PageBorders.cs","29","Property","nameof(DXW.PageBorders.OffsetFrom)","PageBorderOffset?","OffsetFrom","_OffsetFrom"
"D:\OneDrive\VS\Projects\DocxDocument\DocumentModel.InOpenXml\Wordprocessing\Sections\PageBorders.cs","36","Property","nameof(DXW.PageBorders.TopBorder)","Border?","TopBorder","_TopBorder"
"D:\OneDrive\VS\Projects\DocxDocument\DocumentModel.InOpenXml\Wordprocessing\Sections\PageBorders.cs","43","Property","nameof(DXW.PageBorders.LeftBorder)","Border?","LeftBorder","_LeftBorder"
"D:\OneDrive\VS\Projects\DocxDocument\DocumentModel.InOpenXml\Wordprocessing\Sections\PageBorders.cs","50","Property","nameof(DXW.PageBorders.BottomBorder)","Border?","BottomBorder","_BottomBorder"
"D:\OneDrive\VS\Projects\DocxDocument\DocumentModel.InOpenXml\Wordprocessing\Sections\PageBorders.cs","57","Property","nameof(DXW.PageBorders.RightBorder)","Border?","RightBorder","_RightBorder"
"D:\OneDrive\VS\Projects\DocxDocument\DocumentModel.InOpenXml\Wordprocessing\Sections\PageMargin.cs","15","Property","nameof(DXW.PageMargin.Top)","Twips?","Top","_Top"
"D:\OneDrive\VS\Projects\DocxDocument\DocumentModel.InOpenXml\Wordprocessing\Sections\PageMargin.cs","22","Property","nameof(DXW.PageMargin.Right)","Twips?","Right","_Right"
"D:\OneDrive\VS\Projects\DocxDocument\DocumentModel.InOpenXml\Wordprocessing\Sections\PageMargin.cs","29","Property","nameof(DXW.PageMargin.Bottom)","Twips?","Bottom","_Bottom"
"D:\OneDrive\VS\Projects\DocxDocument\DocumentModel.InOpenXml\Wordprocessing\Sections\PageMargin.cs","36","Property","nameof(DXW.PageMargin.Left)","Twips?","Left","_Left"
"D:\OneDrive\VS\Projects\DocxDocument\DocumentModel.InOpenXml\Wordprocessing\Sections\PageMargin.cs","43","Property","nameof(DXW.PageMargin.Header)","Twips?","Header","_Header"
"D:\OneDrive\VS\Projects\DocxDocument\DocumentModel.InOpenXml\Wordprocessing\Sections\PageMargin.cs","50","Property","nameof(DXW.PageMargin.Footer)","Twips?","Footer","_Footer"
"D:\OneDrive\VS\Projects\DocxDocument\DocumentModel.InOpenXml\Wordprocessing\Sections\PageMargin.cs","57","Property","nameof(DXW.PageMargin.Gutter)","Twips?","Gutter","_Gutter"
"D:\OneDrive\VS\Projects\DocxDocument\DocumentModel.InOpenXml\Wordprocessing\Sections\PageNumberType.cs","15","Property","nameof(DXW.PageNumberType.Format)","NumberFormat?","Format","_Format"
"D:\OneDrive\VS\Projects\DocxDocument\DocumentModel.InOpenXml\Wordprocessing\Sections\PageNumberType.cs","22","Property","nameof(DXW.PageNumberType.Start)","Int32?","Start","_Start"
"D:\OneDrive\VS\Projects\DocxDocument\DocumentModel.InOpenXml\Wordprocessing\Sections\PageNumberType.cs","45","Property","nameof(DXW.PageNumberType.ChapterStyle)","Byte?","ChapterStyle","_ChapterStyle"
"D:\OneDrive\VS\Projects\DocxDocument\DocumentModel.InOpenXml\Wordprocessing\Sections\PageNumberType.cs","52","Property","nameof(DXW.PageNumberType.ChapterSeparator)","ChapterSeparator?","ChapterSeparator","_ChapterSeparator"
"D:\OneDrive\VS\Projects\DocxDocument\DocumentModel.InOpenXml\Wordprocessing\Sections\PageSize.cs","15","Property","nameof(DXW.PageSize.Width)","Twips?","Width","_Width"
"D:\OneDrive\VS\Projects\DocxDocument\DocumentModel.InOpenXml\Wordprocessing\Sections\PageSize.cs","22","Property","nameof(DXW.PageSize.Height)","Twips?","Height","_Height"
"D:\OneDrive\VS\Projects\DocxDocument\DocumentModel.InOpenXml\Wordprocessing\Sections\PageSize.cs","29","Property","nameof(DXW.PageSize.Orient)","PageOrientation?","Orient","_Orient"
"D:\OneDrive\VS\Projects\DocxDocument\DocumentModel.InOpenXml\Wordprocessing\Sections\PaperSource.cs","15","Property","nameof(DXW.PaperSource.First)","UInt16?","First","_First"
"D:\OneDrive\VS\Projects\DocxDocument\DocumentModel.InOpenXml\Wordprocessing\Sections\PaperSource.cs","22","Property","nameof(DXW.PaperSource.Other)","UInt16?","Other","_Other"
"D:\OneDrive\VS\Projects\DocxDocument\DocumentModel.InOpenXml\Wordprocessing\Sections\SectionProperties.cs","30","Element","typeof(DXW.SectionPropertiesChange)","SectionPropertiesChange?","SectionPropertiesChange","_SectionPropertiesChange"
"D:\OneDrive\VS\Projects\DocxDocument\DocumentModel.InOpenXml\Wordprocessing\Sections\TextColumn.cs","15","Property","nameof(DXW.Column.Width)","string?","Width","_Width"
"D:\OneDrive\VS\Projects\DocxDocument\DocumentModel.InOpenXml\Wordprocessing\Sections\TextColumn.cs","22","Property","nameof(DXW.Column.Space)","string?","Space","_Space"
"D:\OneDrive\VS\Projects\DocxDocument\DocumentModel.InOpenXml\Wordprocessing\Sections\TextColumns.cs","15","Property","nameof(DXW.Columns.EqualWidth)","bool?","EqualWidth","_EqualWidth"
"D:\OneDrive\VS\Projects\DocxDocument\DocumentModel.InOpenXml\Wordprocessing\Sections\TextColumns.cs","22","Property","nameof(DXW.Columns.Space)","Twips?","Space","_Space"
"D:\OneDrive\VS\Projects\DocxDocument\DocumentModel.InOpenXml\Wordprocessing\Sections\TextColumns.cs","29","Property","nameof(DXW.Columns.ColumnCount)","int?","ColumnCount","_ColumnCount"
"D:\OneDrive\VS\Projects\DocxDocument\DocumentModel.InOpenXml\Wordprocessing\Sections\TextColumns.cs","36","Property","nameof(DXW.Columns.Separator)","bool?","Separator","_Separator"
"D:\OneDrive\VS\Projects\DocxDocument\DocumentModel.InOpenXml\Wordprocessing\Settings\ActiveWritingStyle.cs","16","Property","nameof(DXW.ActiveWritingStyle.ApplicationName)","string?","ApplicationName","_ApplicationName"
"D:\OneDrive\VS\Projects\DocxDocument\DocumentModel.InOpenXml\Wordprocessing\Settings\ActiveWritingStyle.cs","26","Property","nameof(DXW.ActiveWritingStyle.CheckStyle)","bool?","CheckStyle","_CheckStyle"
"D:\OneDrive\VS\Projects\DocxDocument\DocumentModel.InOpenXml\Wordprocessing\Settings\ActiveWritingStyle.cs","34","Property","nameof(DXW.ActiveWritingStyle.DllVersion)","Int32?","DllVersion","_DllVersion"
"D:\OneDrive\VS\Projects\DocxDocument\DocumentModel.InOpenXml\Wordprocessing\Settings\ActiveWritingStyle.cs","42","Property","nameof(DXW.ActiveWritingStyle.VendorID)","UInt16?","VendorID","_VendorID"
"D:\OneDrive\VS\Projects\DocxDocument\DocumentModel.InOpenXml\Wordprocessing\Settings\ActiveWritingStyle.cs","49","Property","nameof(DXW.ActiveWritingStyle.Language)","string?","Language","_Language"
"D:\OneDrive\VS\Projects\DocxDocument\DocumentModel.InOpenXml\Wordprocessing\Settings\ActiveWritingStyle.cs","57","Property","nameof(DXW.ActiveWritingStyle.NaturalLanguageGrammarCheck)","bool?","NaturalLanguageGrammarCheck","_NaturalLanguageGrammarCheck"
"D:\OneDrive\VS\Projects\DocxDocument\DocumentModel.InOpenXml\Wordprocessing\Settings\AutoCaption.cs","16","Property","nameof(DXW.Caption.Name)","string?","Name","_Name"
"D:\OneDrive\VS\Projects\DocxDocument\DocumentModel.InOpenXml\Wordprocessing\Settings\AutoCaption.cs","26","Property","nameof(DXW.AutoCaption.Caption)","string?","Caption","_Caption"
"D:\OneDrive\VS\Projects\DocxDocument\DocumentModel.InOpenXml\Wordprocessing\Settings\CaptionDefinition.cs","23","Property","nameof(DXW.Caption.Name)","string?","Name","_Name"
"D:\OneDrive\VS\Projects\DocxDocument\DocumentModel.InOpenXml\Wordprocessing\Settings\CaptionDefinition.cs","30","Property","nameof(DXW.Caption.Position)","CaptionPosition?","Position","_Position"
"D:\OneDrive\VS\Projects\DocxDocument\DocumentModel.InOpenXml\Wordprocessing\Settings\CaptionDefinition.cs","40","Property","nameof(DXW.Caption.ChapterNumber)","bool?","ChapterNumber","_ChapterNumber"
"D:\OneDrive\VS\Projects\DocxDocument\DocumentModel.InOpenXml\Wordprocessing\Settings\CaptionDefinition.cs","49","Property","nameof(DXW.Caption.Heading)","int?","Heading","_Heading"
"D:\OneDrive\VS\Projects\DocxDocument\DocumentModel.InOpenXml\Wordprocessing\Settings\CaptionDefinition.cs","58","Property","nameof(DXW.Caption.NoLabel)","bool?","NoLabel","_NoLabel"
"D:\OneDrive\VS\Projects\DocxDocument\DocumentModel.InOpenXml\Wordprocessing\Settings\CaptionDefinition.cs","65","Property","nameof(DXW.Caption.NumberFormat)","NumberFormat?","NumberFormat","_NumberFormat"
"D:\OneDrive\VS\Projects\DocxDocument\DocumentModel.InOpenXml\Wordprocessing\Settings\CaptionDefinition.cs","81","Property","nameof(DXW.Caption.Separator)","ChapterSeparator?","Separator","_Separator"
"D:\OneDrive\VS\Projects\DocxDocument\DocumentModel.InOpenXml\Wordprocessing\Settings\CompatibilitySetting.cs","15","Property","nameof(DXW.CompatibilitySetting.Name)","string?","Name","_Name"
"D:\OneDrive\VS\Projects\DocxDocument\DocumentModel.InOpenXml\Wordprocessing\Settings\CompatibilitySetting.cs","28","Property","nameof(DXW.CompatibilitySetting.Val)","string?","Val","_Val"
"D:\OneDrive\VS\Projects\DocxDocument\DocumentModel.InOpenXml\Wordprocessing\Settings\DivBorders.cs","15","Property","nameof(DXW.DivBorder.TopBorder)","Border?","TopBorder","_TopBorder"
"D:\OneDrive\VS\Projects\DocxDocument\DocumentModel.InOpenXml\Wordprocessing\Settings\DivBorders.cs","22","Property","nameof(DXW.DivBorder.LeftBorder)","Border?","LeftBorder","_LeftBorder"
"D:\OneDrive\VS\Projects\DocxDocument\DocumentModel.InOpenXml\Wordprocessing\Settings\DivBorders.cs","29","Property","nameof(DXW.DivBorder.BottomBorder)","Border?","BottomBorder","_BottomBorder"
"D:\OneDrive\VS\Projects\DocxDocument\DocumentModel.InOpenXml\Wordprocessing\Settings\DivBorders.cs","36","Property","nameof(DXW.DivBorder.RightBorder)","Border?","RightBorder","_RightBorder"
"D:\OneDrive\VS\Projects\DocxDocument\DocumentModel.InOpenXml\Wordprocessing\Settings\DivElement.cs","15","Property","nameof(DXW.Div.Id)","Int32?","Id","_Id"
"D:\OneDrive\VS\Projects\DocxDocument\DocumentModel.InOpenXml\Wordprocessing\Settings\DivElement.cs","58","Property","nameof(DXW.Div.DivBorder)","DivBorders?","DivBorder","_DivBorder"
"D:\OneDrive\VS\Projects\DocxDocument\DocumentModel.InOpenXml\Wordprocessing\Settings\FixedCommandKeyboardCustomization.cs","15","Property","nameof(DXOW.FixedCommandKeyboardCustomization.CommandName)","string?","CommandName","_CommandName"
"D:\OneDrive\VS\Projects\DocxDocument\DocumentModel.InOpenXml\Wordprocessing\Settings\FixedCommandKeyboardCustomization.cs","22","Property","nameof(DXOW.FixedCommandKeyboardCustomization.CommandIndex)","HexChar?","CommandIndex","_CommandIndex"
"D:\OneDrive\VS\Projects\DocxDocument\DocumentModel.InOpenXml\Wordprocessing\Settings\FixedCommandKeyboardCustomization.cs","29","Property","nameof(DXOW.FixedCommandKeyboardCustomization.Argument)","HexChar?","Argument","_Argument"
"D:\OneDrive\VS\Projects\DocxDocument\DocumentModel.InOpenXml\Wordprocessing\Settings\ProofState.cs","15","Property","nameof(DXW.ProofState.Spelling)","ProofingState?","Spelling","_Spelling"
"D:\OneDrive\VS\Projects\DocxDocument\DocumentModel.InOpenXml\Wordprocessing\Settings\ProofState.cs","22","Property","nameof(DXW.ProofState.Grammar)","ProofingState?","Grammar","_Grammar"
"D:\OneDrive\VS\Projects\DocxDocument\DocumentModel.InOpenXml\Wordprocessing\Settings\WebSettings.cs","15","Property","nameof(DXW.WebSettings.Frameset)","Frameset?","Frameset","_Frameset"
"D:\OneDrive\VS\Projects\DocxDocument\DocumentModel.InOpenXml\Wordprocessing\Settings\WebSettings.cs","22","Property","nameof(DXW.WebSettings.Divs)","DivElements?","Divs","_Divs"
"D:\OneDrive\VS\Projects\DocxDocument\DocumentModel.InOpenXml\Wordprocessing\Settings\WebSettings.cs","29","Property","nameof(DXW.WebSettings.WebPageEncoding)","string?","WebPageEncoding","_WebPageEncoding"
"D:\OneDrive\VS\Projects\DocxDocument\DocumentModel.InOpenXml\Wordprocessing\Settings\WebSettings.cs","36","Property","nameof(DXW.WebSettings.OptimizeForBrowser)","bool?","OptimizeForBrowser","_OptimizeForBrowser"
"D:\OneDrive\VS\Projects\DocxDocument\DocumentModel.InOpenXml\Wordprocessing\Settings\WebSettings.cs","43","Property","nameof(DXW.WebSettings.RelyOnVML)","bool?","RelyOnVML","_RelyOnVML"
"D:\OneDrive\VS\Projects\DocxDocument\DocumentModel.InOpenXml\Wordprocessing\Settings\WebSettings.cs","50","Property","nameof(DXW.WebSettings.AllowPNG)","bool?","AllowPNG","_AllowPNG"
"D:\OneDrive\VS\Projects\DocxDocument\DocumentModel.InOpenXml\Wordprocessing\Settings\WebSettings.cs","57","Property","nameof(DXW.WebSettings.DoNotRelyOnCSS)","bool?","DoNotRelyOnCSS","_DoNotRelyOnCSS"
"D:\OneDrive\VS\Projects\DocxDocument\DocumentModel.InOpenXml\Wordprocessing\Settings\WebSettings.cs","64","Property","nameof(DXW.WebSettings.DoNotSaveAsSingleFile)","bool?","DoNotSaveAsSingleFile","_DoNotSaveAsSingleFile"
"D:\OneDrive\VS\Projects\DocxDocument\DocumentModel.InOpenXml\Wordprocessing\Settings\WebSettings.cs","71","Property","nameof(DXW.WebSettings.DoNotOrganizeInFolder)","bool?","DoNotOrganizeInFolder","_DoNotOrganizeInFolder"
"D:\OneDrive\VS\Projects\DocxDocument\DocumentModel.InOpenXml\Wordprocessing\Settings\WebSettings.cs","78","Property","nameof(DXW.WebSettings.DoNotUseLongFileNames)","bool?","DoNotUseLongFileNames","_DoNotUseLongFileNames"
"D:\OneDrive\VS\Projects\DocxDocument\DocumentModel.InOpenXml\Wordprocessing\Settings\WebSettings.cs","85","Property","nameof(DXW.WebSettings.PixelsPerInch)","int?","PixelsPerInch","_PixelsPerInch"
"D:\OneDrive\VS\Projects\DocxDocument\DocumentModel.InOpenXml\Wordprocessing\Settings\WebSettings.cs","92","Property","nameof(DXW.WebSettings.TargetScreenSize)","TargetScreenSize?","TargetScreenSize","_TargetScreenSize"
"D:\OneDrive\VS\Projects\DocxDocument\DocumentModel.InOpenXml\Wordprocessing\Settings\WriteProtection.cs","15","Property","nameof(DXW.WriteProtection.Recommended)","bool?","Recommended","_Recommended"
"D:\OneDrive\VS\Projects\DocxDocument\DocumentModel.InOpenXml\Wordprocessing\Settings\WriteProtection.cs","126","Property","nameof(DXW.WriteProtection.HashValue)","Base64Binary?","HashValue","_HashValue"
"D:\OneDrive\VS\Projects\DocxDocument\DocumentModel.InOpenXml\Wordprocessing\Settings\WriteProtection.cs","133","Property","nameof(DXW.WriteProtection.SaltValue)","Base64Binary?","SaltValue","_SaltValue"
"D:\OneDrive\VS\Projects\DocxDocument\DocumentModel.InOpenXml\Wordprocessing\Settings\WriteProtection.cs","140","Property","nameof(DXW.WriteProtection.SpinCount)","Int32?","SpinCount","_SpinCount"
"D:\OneDrive\VS\Projects\DocxDocument\DocumentModel.InOpenXml\Wordprocessing\Styles\LatentStyle.cs","15","Property","nameof(DXW.LatentStyleExceptionInfo.Name)","string?","Name","_Name"
"D:\OneDrive\VS\Projects\DocxDocument\DocumentModel.InOpenXml\Wordprocessing\Styles\LatentStyle.cs","22","Property","nameof(DXW.LatentStyleExceptionInfo.Locked)","bool?","Locked","_Locked"
"D:\OneDrive\VS\Projects\DocxDocument\DocumentModel.InOpenXml\Wordprocessing\Styles\LatentStyle.cs","29","Property","nameof(DXW.LatentStyleExceptionInfo.UiPriority)","Int32?","UiPriority","_UiPriority"
"D:\OneDrive\VS\Projects\DocxDocument\DocumentModel.InOpenXml\Wordprocessing\Styles\LatentStyle.cs","36","Property","nameof(DXW.LatentStyleExceptionInfo.SemiHidden)","bool?","SemiHidden","_SemiHidden"
"D:\OneDrive\VS\Projects\DocxDocument\DocumentModel.InOpenXml\Wordprocessing\Styles\LatentStyle.cs","43","Property","nameof(DXW.LatentStyleExceptionInfo.UnhideWhenUsed)","bool?","UnhideWhenUsed","_UnhideWhenUsed"
"D:\OneDrive\VS\Projects\DocxDocument\DocumentModel.InOpenXml\Wordprocessing\Styles\LatentStyle.cs","50","Property","nameof(DXW.LatentStyleExceptionInfo.PrimaryStyle)","bool?","PrimaryStyle","_PrimaryStyle"
"D:\OneDrive\VS\Projects\DocxDocument\DocumentModel.InOpenXml\Wordprocessing\Styles\Style.cs","18","Property","nameof(DXW.Style.Type)","StyleType?","Type","_Type"
"D:\OneDrive\VS\Projects\DocxDocument\DocumentModel.InOpenXml\Wordprocessing\Styles\Style.cs","25","Property","nameof(DXW.Style.StyleId)","string?","StyleId","_StyleId"
"D:\OneDrive\VS\Projects\DocxDocument\DocumentModel.InOpenXml\Wordprocessing\Styles\Style.cs","32","Property","nameof(DXW.Style.StyleName)","string?","StyleName","_StyleName"
"D:\OneDrive\VS\Projects\DocxDocument\DocumentModel.InOpenXml\Wordprocessing\Styles\Style.cs","39","Property","nameof(DXW.Style.Default)","bool?","IsDefault","_IsDefault"
"D:\OneDrive\VS\Projects\DocxDocument\DocumentModel.InOpenXml\Wordprocessing\Styles\Style.cs","46","Property","nameof(DXW.Style.CustomStyle)","bool?","IsCustom","_IsCustom"
"D:\OneDrive\VS\Projects\DocxDocument\DocumentModel.InOpenXml\Wordprocessing\Styles\Style.cs","53","Property","nameof(DXW.Style.BasedOn)","string?","BasedOn","_BasedOn"
"D:\OneDrive\VS\Projects\DocxDocument\DocumentModel.InOpenXml\Wordprocessing\Styles\Style.cs","60","Property","nameof(DXW.Style.NextParagraphStyle)","string?","NextParagraphStyle","_NextParagraphStyle"
"D:\OneDrive\VS\Projects\DocxDocument\DocumentModel.InOpenXml\Wordprocessing\Styles\Style.cs","67","Property","nameof(DXW.Style.LinkedStyle)","string?","LinkedStyle","_LinkedStyle"
"D:\OneDrive\VS\Projects\DocxDocument\DocumentModel.InOpenXml\Wordprocessing\Styles\Style.cs","145","Property","nameof(DXW.Style.UIPriority)","Int32?","UIPriority","_UIPriority"
"D:\OneDrive\VS\Projects\DocxDocument\DocumentModel.InOpenXml\Wordprocessing\Styles\Style.cs","168","Property","nameof(DXW.Style.Personal)","Boolean","IsPersonal","_IsPersonal"
"D:\OneDrive\VS\Projects\DocxDocument\DocumentModel.InOpenXml\Wordprocessing\Styles\Style.cs","193","Property","nameof(DXW.Style.Rsid)","HexInt?","Rsid","_Rsid"
"D:\OneDrive\VS\Projects\DocxDocument\DocumentModel.InOpenXml\Wordprocessing\Styles\StylePaneFormatFilter.cs","23","Property","nameof(DXW.StylePaneFormatFilter.AllStyles)","bool?","AllStyles","_AllStyles"
"D:\OneDrive\VS\Projects\DocxDocument\DocumentModel.InOpenXml\Wordprocessing\Styles\StylePaneFormatFilter.cs","30","Property","nameof(DXW.StylePaneFormatFilter.CustomStyles)","bool?","CustomStyles","_CustomStyles"
"D:\OneDrive\VS\Projects\DocxDocument\DocumentModel.InOpenXml\Wordprocessing\Styles\StylePaneFormatFilter.cs","37","Property","nameof(DXW.StylePaneFormatFilter.LatentStyles)","bool?","LatentStyles","_LatentStyles"
"D:\OneDrive\VS\Projects\DocxDocument\DocumentModel.InOpenXml\Wordprocessing\Styles\StylePaneFormatFilter.cs","44","Property","nameof(DXW.StylePaneFormatFilter.StylesInUse)","bool?","StylesInUse","_StylesInUse"
"D:\OneDrive\VS\Projects\DocxDocument\DocumentModel.InOpenXml\Wordprocessing\Styles\StylePaneFormatFilter.cs","51","Property","nameof(DXW.StylePaneFormatFilter.HeadingStyles)","bool?","HeadingStyles","_HeadingStyles"
"D:\OneDrive\VS\Projects\DocxDocument\DocumentModel.InOpenXml\Wordprocessing\Styles\StylePaneFormatFilter.cs","58","Property","nameof(DXW.StylePaneFormatFilter.NumberingStyles)","bool?","NumberingStyles","_NumberingStyles"
"D:\OneDrive\VS\Projects\DocxDocument\DocumentModel.InOpenXml\Wordprocessing\Styles\StylePaneFormatFilter.cs","65","Property","nameof(DXW.StylePaneFormatFilter.TableStyles)","bool?","TableStyles","_TableStyles"
"D:\OneDrive\VS\Projects\DocxDocument\DocumentModel.InOpenXml\Wordprocessing\Styles\StylePaneFormatFilter.cs","72","Property","nameof(DXW.StylePaneFormatFilter.DirectFormattingOnRuns)","bool?","DirectFormattingOnRuns","_DirectFormattingOnRuns"
"D:\OneDrive\VS\Projects\DocxDocument\DocumentModel.InOpenXml\Wordprocessing\Styles\StylePaneFormatFilter.cs","79","Property","nameof(DXW.StylePaneFormatFilter.DirectFormattingOnParagraphs)","bool?","DirectFormattingOnParagraphs","_DirectFormattingOnParagraphs"
"D:\OneDrive\VS\Projects\DocxDocument\DocumentModel.InOpenXml\Wordprocessing\Styles\StylePaneFormatFilter.cs","86","Property","nameof(DXW.StylePaneFormatFilter.DirectFormattingOnNumbering)","bool?","DirectFormattingOnNumbering","_DirectFormattingOnNumbering"
"D:\OneDrive\VS\Projects\DocxDocument\DocumentModel.InOpenXml\Wordprocessing\Styles\StylePaneFormatFilter.cs","93","Property","nameof(DXW.StylePaneFormatFilter.DirectFormattingOnTables)","bool?","DirectFormattingOnTables","_DirectFormattingOnTables"
"D:\OneDrive\VS\Projects\DocxDocument\DocumentModel.InOpenXml\Wordprocessing\Styles\StylePaneFormatFilter.cs","100","Property","nameof(DXW.StylePaneFormatFilter.ClearFormatting)","bool?","ClearFormatting","_ClearFormatting"
"D:\OneDrive\VS\Projects\DocxDocument\DocumentModel.InOpenXml\Wordprocessing\Styles\StylePaneFormatFilter.cs","107","Property","nameof(DXW.StylePaneFormatFilter.Top3HeadingStyles)","bool?","Top3HeadingStyles","_Top3HeadingStyles"
"D:\OneDrive\VS\Projects\DocxDocument\DocumentModel.InOpenXml\Wordprocessing\Styles\StylePaneFormatFilter.cs","114","Property","nameof(DXW.StylePaneFormatFilter.VisibleStyles)","bool?","VisibleStyles","_VisibleStyles"
"D:\OneDrive\VS\Projects\DocxDocument\DocumentModel.InOpenXml\Wordprocessing\Styles\StylePaneFormatFilter.cs","121","Property","nameof(DXW.StylePaneFormatFilter.AlternateStyleNames)","bool?","AlternateStyleNames","_AlternateStyleNames"
"D:\OneDrive\VS\Projects\DocxDocument\DocumentModel.InOpenXml\Wordprocessing\Styles\StyleSet.cs","15","Property","nameof(DXO10W.StyleSet.Id)","UInt32?","Id","_Id"
"D:\OneDrive\VS\Projects\DocxDocument\DocumentModel.InOpenXml\Wordprocessing\Styles\StyleSet.cs","22","Property","nameof(DXO10W.StyleSet.Val)","Boolean?","Val","_Val"
"D:\OneDrive\VS\Projects\DocxDocument\DocumentModel.InOpenXml\Wordprocessing\Table properties\BaseTableCellProperties.cs","20","Property","nameof(DXW.TableCellProperties.Shading)","Shading?","Shading","_Shading"
"D:\OneDrive\VS\Projects\DocxDocument\DocumentModel.InOpenXml\Wordprocessing\Table properties\BaseTableCellProperties.cs","27","Property","nameof(DXW.TableCellProperties.NoWrap)","bool?","NoWrap","_NoWrap"
"D:\OneDrive\VS\Projects\DocxDocument\DocumentModel.InOpenXml\Wordprocessing\Table properties\BaseTableCellProperties.cs","34","Property","nameof(DXW.TableCellProperties.TableCellMargin)","TableCellMargin?","TableCellMargin","_TableCellMargin"
"D:\OneDrive\VS\Projects\DocxDocument\DocumentModel.InOpenXml\Wordprocessing\Table properties\BaseTableCellProperties.cs","41","Property","nameof(DXW.TableCellProperties.TableCellVerticalAlignment)","TableVerticalAlignment?","TableCellVerticalAlignment","_TableCellVerticalAlignment"
"D:\OneDrive\VS\Projects\DocxDocument\DocumentModel.InOpenXml\Wordprocessing\Table properties\BaseTableProperties.cs","15","Property","nameof(DXW.TableProperties.TableJustification)","TableRowAlignment?","TableJustification","_TableJustification"
"D:\OneDrive\VS\Projects\DocxDocument\DocumentModel.InOpenXml\Wordprocessing\Table properties\BaseTableProperties.cs","22","Property","nameof(DXW.TableProperties.TableIndentation)","TableMeasure?","TableIndentation","_TableIndentation"
"D:\OneDrive\VS\Projects\DocxDocument\DocumentModel.InOpenXml\Wordprocessing\Table properties\BaseTableProperties.cs","29","Element","typeof(DXW.TableCellSpacing)","TableCellMargin?","DefaultTableCellMargin","_DefaultTableCellMargin"
"D:\OneDrive\VS\Projects\DocxDocument\DocumentModel.InOpenXml\Wordprocessing\Table properties\BaseTableProperties.cs","36","Property","nameof(DXW.TableProperties.TableCellSpacing)","TableMeasure?","TableCellSpacing","_TableCellSpacing"
"D:\OneDrive\VS\Projects\DocxDocument\DocumentModel.InOpenXml\Wordprocessing\Table properties\BaseTableProperties.cs","43","Property","nameof(DXW.TableProperties.TableBorders)","TableBorders?","TableBorders","_TableBorders"
"D:\OneDrive\VS\Projects\DocxDocument\DocumentModel.InOpenXml\Wordprocessing\Table properties\BaseTableProperties.cs","50","Property","nameof(DXW.TableProperties.Shading)","Shading?","Shading","_Shading"
"D:\OneDrive\VS\Projects\DocxDocument\DocumentModel.InOpenXml\Wordprocessing\Table properties\BaseTableRowProperties.cs","21","Element","typeof(DXW.TableRowHeight)","HeightMeasure?","RowHeight","_RowHeight"
"D:\OneDrive\VS\Projects\DocxDocument\DocumentModel.InOpenXml\Wordprocessing\Table properties\BaseTableRowProperties.cs","28","Element","typeof(DXW.CantSplit)","bool?","CantSplit","_CantSplit"
"D:\OneDrive\VS\Projects\DocxDocument\DocumentModel.InOpenXml\Wordprocessing\Table properties\BaseTableRowProperties.cs","35","Element","typeof(DXW.TableHeader)","bool?","IsHeader","_IsHeader"
"D:\OneDrive\VS\Projects\DocxDocument\DocumentModel.InOpenXml\Wordprocessing\Table properties\BaseTableRowProperties.cs","42","Element","typeof(DXW.Hidden)","TableRowAlignment?","RowAlignment","_RowAlignment"
"D:\OneDrive\VS\Projects\DocxDocument\DocumentModel.InOpenXml\Wordprocessing\Table properties\BaseTableRowProperties.cs","49","Element","typeof(DXW.TableCellSpacing)","TableMeasure?","CellSpacing","_CellSpacing"
"D:\OneDrive\VS\Projects\DocxDocument\DocumentModel.InOpenXml\Wordprocessing\Table properties\BaseTableRowProperties.cs","56","Element","typeof(DXW.Hidden)","bool?","GlyphHidden","_GlyphHidden"
"D:\OneDrive\VS\Projects\DocxDocument\DocumentModel.InOpenXml\Wordprocessing\Table properties\BaseTableRowProperties.cs","63","Element","typeof(DXW.GridBefore)","Int32?","GridBefore","_GridBefore"
"D:\OneDrive\VS\Projects\DocxDocument\DocumentModel.InOpenXml\Wordprocessing\Table properties\BaseTableRowProperties.cs","70","Element","typeof(DXW.GridAfter)","Int32?","GridAfter","_GridAfter"
"D:\OneDrive\VS\Projects\DocxDocument\DocumentModel.InOpenXml\Wordprocessing\Table properties\BaseTableRowProperties.cs","77","Element","typeof(DXW.WidthBeforeTableRow)","TableMeasure?","WidthBefore","_WidthBefore"
"D:\OneDrive\VS\Projects\DocxDocument\DocumentModel.InOpenXml\Wordprocessing\Table properties\BaseTableRowProperties.cs","84","Element","typeof(DXW.WidthAfterTableRow)","TableMeasure?","WidthAfter","_WidthAfter"
"D:\OneDrive\VS\Projects\DocxDocument\DocumentModel.InOpenXml\Wordprocessing\Table properties\BaseTableRowProperties.cs","91","Element","typeof(DXW.DivId)","string?","DivId","_DivId"
"D:\OneDrive\VS\Projects\DocxDocument\DocumentModel.InOpenXml\Wordprocessing\Table properties\BaseTableRowProperties.cs","98","Element","typeof(DXW.ConditionalFormatStyle)","ConditionalFormatFlags?","ConditionalFormatStyle","_ConditionalFormatStyle"
"D:\OneDrive\VS\Projects\DocxDocument\DocumentModel.InOpenXml\Wordprocessing\Table properties\CurrentTableCellProperties.cs","20","Property","nameof(DXW.TableCellProperties.ConditionalFormatStyle)","ConditionalFormatFlags?","ConditionalFormatStyle","_ConditionalFormatStyle"
"D:\OneDrive\VS\Projects\DocxDocument\DocumentModel.InOpenXml\Wordprocessing\Table properties\CurrentTableCellProperties.cs","27","Property","nameof(DXW.TableCellProperties.TableCellWidth)","TableMeasure?","TableCellWidth","_TableCellWidth"
"D:\OneDrive\VS\Projects\DocxDocument\DocumentModel.InOpenXml\Wordprocessing\Table properties\CurrentTableCellProperties.cs","34","Property","nameof(DXW.TableCellProperties.GridSpan)","Int32?","GridSpan","_GridSpan"
"D:\OneDrive\VS\Projects\DocxDocument\DocumentModel.InOpenXml\Wordprocessing\Table properties\CurrentTableCellProperties.cs","41","Property","nameof(DXW.TableCellProperties.HorizontalMerge)","MergedCell?","HorizontalMerge","_HorizontalMerge"
"D:\OneDrive\VS\Projects\DocxDocument\DocumentModel.InOpenXml\Wordprocessing\Table properties\CurrentTableCellProperties.cs","48","Property","nameof(DXW.TableCellProperties.VerticalMerge)","MergedCell?","VerticalMerge","_VerticalMerge"
"D:\OneDrive\VS\Projects\DocxDocument\DocumentModel.InOpenXml\Wordprocessing\Table properties\CurrentTableCellProperties.cs","55","Property","nameof(DXW.TableCellProperties.TableCellBorders)","TableCellBorders?","TableCellBorders","_TableCellBorders"
"D:\OneDrive\VS\Projects\DocxDocument\DocumentModel.InOpenXml\Wordprocessing\Table properties\CurrentTableCellProperties.cs","62","Property","nameof(DXW.TableCellProperties.TextDirection)","TextDirection?","TextDirection","_TextDirection"
"D:\OneDrive\VS\Projects\DocxDocument\DocumentModel.InOpenXml\Wordprocessing\Table properties\CurrentTableCellProperties.cs","69","Property","nameof(DXW.TableCellProperties.TableCellFitText)","bool?","TableCellFitText","_TableCellFitText"
"D:\OneDrive\VS\Projects\DocxDocument\DocumentModel.InOpenXml\Wordprocessing\Table properties\CurrentTableCellProperties.cs","76","Property","nameof(DXW.TableCellProperties.HideMark)","bool?","HideMark","_HideMark"
"D:\OneDrive\VS\Projects\DocxDocument\DocumentModel.InOpenXml\Wordprocessing\Table properties\CurrentTableCellProperties.cs","83","Element","typeof(DXW.TableCellProperties)","CellInsertion?","CellInsertion","_CellInsertion"
"D:\OneDrive\VS\Projects\DocxDocument\DocumentModel.InOpenXml\Wordprocessing\Table properties\CurrentTableCellProperties.cs","90","Element","typeof(DXW.TableCellProperties)","CellDeletion?","CellDeletion","_CellDeletion"
"D:\OneDrive\VS\Projects\DocxDocument\DocumentModel.InOpenXml\Wordprocessing\Table properties\CurrentTableCellProperties.cs","97","Element","typeof(DXW.TableCellProperties)","CellMerge?","CellMerge","_CellMerge"
"D:\OneDrive\VS\Projects\DocxDocument\DocumentModel.InOpenXml\Wordprocessing\Table properties\GridColumn.cs","14","Property","nameof(DXW.GridColumn.Width)","Twips?","Width","_Width"
"D:\OneDrive\VS\Projects\DocxDocument\DocumentModel.InOpenXml\Wordprocessing\Table properties\TableBorders.cs","15","Property","nameof(DXW.TableBorders.TopBorder)","Border?","TopBorder","_TopBorder"
"D:\OneDrive\VS\Projects\DocxDocument\DocumentModel.InOpenXml\Wordprocessing\Table properties\TableBorders.cs","22","Property","nameof(DXW.TableBorders.LeftBorder)","Border?","LeftBorder","_LeftBorder"
"D:\OneDrive\VS\Projects\DocxDocument\DocumentModel.InOpenXml\Wordprocessing\Table properties\TableBorders.cs","29","Property","nameof(DXW.TableBorders.StartBorder)","Border?","StartBorder","_StartBorder"
"D:\OneDrive\VS\Projects\DocxDocument\DocumentModel.InOpenXml\Wordprocessing\Table properties\TableBorders.cs","36","Property","nameof(DXW.TableBorders.BottomBorder)","Border?","BottomBorder","_BottomBorder"
"D:\OneDrive\VS\Projects\DocxDocument\DocumentModel.InOpenXml\Wordprocessing\Table properties\TableBorders.cs","43","Property","nameof(DXW.TableBorders.RightBorder)","Border?","RightBorder","_RightBorder"
"D:\OneDrive\VS\Projects\DocxDocument\DocumentModel.InOpenXml\Wordprocessing\Table properties\TableBorders.cs","50","Property","nameof(DXW.TableBorders.EndBorder)","Border?","EndBorder","_EndBorder"
"D:\OneDrive\VS\Projects\DocxDocument\DocumentModel.InOpenXml\Wordprocessing\Table properties\TableBorders.cs","57","Property","nameof(DXW.TableBorders.InsideHorizontalBorder)","Border?","InsideHorizontalBorder","_InsideHorizontalBorder"
"D:\OneDrive\VS\Projects\DocxDocument\DocumentModel.InOpenXml\Wordprocessing\Table properties\TableBorders.cs","64","Property","nameof(DXW.TableBorders.InsideVerticalBorder)","Border?","InsideVerticalBorder","_InsideVerticalBorder"
"D:\OneDrive\VS\Projects\DocxDocument\DocumentModel.InOpenXml\Wordprocessing\Table properties\TableCellBorders.cs","15","Property","nameof(DXW.TableCellBorders.TopBorder)","Border?","TopBorder","_TopBorder"
"D:\OneDrive\VS\Projects\DocxDocument\DocumentModel.InOpenXml\Wordprocessing\Table properties\TableCellBorders.cs","22","Property","nameof(DXW.TableCellBorders.LeftBorder)","Border?","LeftBorder","_LeftBorder"
"D:\OneDrive\VS\Projects\DocxDocument\DocumentModel.InOpenXml\Wordprocessing\Table properties\TableCellBorders.cs","29","Property","nameof(DXW.TableCellBorders.StartBorder)","Border?","StartBorder","_StartBorder"
"D:\OneDrive\VS\Projects\DocxDocument\DocumentModel.InOpenXml\Wordprocessing\Table properties\TableCellBorders.cs","36","Property","nameof(DXW.TableCellBorders.BottomBorder)","Border?","BottomBorder","_BottomBorder"
"D:\OneDrive\VS\Projects\DocxDocument\DocumentModel.InOpenXml\Wordprocessing\Table properties\TableCellBorders.cs","43","Property","nameof(DXW.TableCellBorders.RightBorder)","Border?","RightBorder","_RightBorder"
"D:\OneDrive\VS\Projects\DocxDocument\DocumentModel.InOpenXml\Wordprocessing\Table properties\TableCellBorders.cs","50","Property","nameof(DXW.TableCellBorders.EndBorder)","Border?","EndBorder","_EndBorder"
"D:\OneDrive\VS\Projects\DocxDocument\DocumentModel.InOpenXml\Wordprocessing\Table properties\TableCellBorders.cs","57","Property","nameof(DXW.TableCellBorders.InsideHorizontalBorder)","Border?","InsideHorizontalBorder","_InsideHorizontalBorder"
"D:\OneDrive\VS\Projects\DocxDocument\DocumentModel.InOpenXml\Wordprocessing\Table properties\TableCellBorders.cs","64","Property","nameof(DXW.TableCellBorders.InsideVerticalBorder)","Border?","InsideVerticalBorder","_InsideVerticalBorder"
"D:\OneDrive\VS\Projects\DocxDocument\DocumentModel.InOpenXml\Wordprocessing\Table properties\TableCellBorders.cs","71","Property","nameof(DXW.TableCellBorders.TopLeftToBottomRightCellBorder)","Border?","TopLeftToBottomRightCellBorder","_TopLeftToBottomRightCellBorder"
"D:\OneDrive\VS\Projects\DocxDocument\DocumentModel.InOpenXml\Wordprocessing\Table properties\TableCellBorders.cs","78","Property","nameof(DXW.TableCellBorders.TopRightToBottomLeftCellBorder)","Border?","TopRightToBottomLeftCellBorder","_TopRightToBottomLeftCellBorder"
"D:\OneDrive\VS\Projects\DocxDocument\DocumentModel.InOpenXml\Wordprocessing\Table properties\TableCellMargin.cs","22","Property","nameof(DXW.TableCellMargin.TopMargin)","TableMeasure?","TopMargin","_TopMargin"
"D:\OneDrive\VS\Projects\DocxDocument\DocumentModel.InOpenXml\Wordprocessing\Table properties\TableCellMargin.cs","29","Property","nameof(DXW.TableCellMargin.LeftMargin)","TableMeasure?","LeftMargin","_LeftMargin"
"D:\OneDrive\VS\Projects\DocxDocument\DocumentModel.InOpenXml\Wordprocessing\Table properties\TableCellMargin.cs","37","Property","nameof(DXW.TableCellMargin.StartMargin)","TableMeasure?","StartMargin","_StartMargin"
"D:\OneDrive\VS\Projects\DocxDocument\DocumentModel.InOpenXml\Wordprocessing\Table properties\TableCellMargin.cs","44","Property","nameof(DXW.TableCellMargin.BottomMargin)","TableMeasure?","BottomMargin","_BottomMargin"
"D:\OneDrive\VS\Projects\DocxDocument\DocumentModel.InOpenXml\Wordprocessing\Table properties\TableCellMargin.cs","51","Property","nameof(DXW.TableCellMargin.RightMargin)","TableMeasure?","RightMargin","_RightMargin"
"D:\OneDrive\VS\Projects\DocxDocument\DocumentModel.InOpenXml\Wordprocessing\Table properties\TableCellMargin.cs","59","Property","nameof(DXW.TableCellMargin.EndMargin)","TableMeasure?","EndMargin","_EndMargin"
"D:\OneDrive\VS\Projects\DocxDocument\DocumentModel.InOpenXml\Wordprocessing\Table properties\TableGridChange.cs","21","Property","nameof(DXW.TableGridChange.PreviousTableGrid)","PreviousTableGrid?","PreviousTableGrid","_PreviousTableGrid"
"D:\OneDrive\VS\Projects\DocxDocument\DocumentModel.InOpenXml\Wordprocessing\Table properties\TableLayout.cs","15","Property","nameof(DXW.TableLayout.Type)","TableLayoutType?","Type","_Type"
"D:\OneDrive\VS\Projects\DocxDocument\DocumentModel.InOpenXml\Wordprocessing\Table properties\TableLook.cs","15","Property","nameof(DXW.TableLook.Val)","HexChar?","Val","_Val"
"D:\OneDrive\VS\Projects\DocxDocument\DocumentModel.InOpenXml\Wordprocessing\Table properties\TableLook.cs","22","Property","nameof(DXW.TableLook.FirstRow)","bool?","FirstRow","_FirstRow"
"D:\OneDrive\VS\Projects\DocxDocument\DocumentModel.InOpenXml\Wordprocessing\Table properties\TableLook.cs","29","Property","nameof(DXW.TableLook.LastRow)","bool?","LastRow","_LastRow"
"D:\OneDrive\VS\Projects\DocxDocument\DocumentModel.InOpenXml\Wordprocessing\Table properties\TableLook.cs","36","Property","nameof(DXW.TableLook.FirstColumn)","bool?","FirstColumn","_FirstColumn"
"D:\OneDrive\VS\Projects\DocxDocument\DocumentModel.InOpenXml\Wordprocessing\Table properties\TableLook.cs","43","Property","nameof(DXW.TableLook.LastColumn)","bool?","LastColumn","_LastColumn"
"D:\OneDrive\VS\Projects\DocxDocument\DocumentModel.InOpenXml\Wordprocessing\Table properties\TableLook.cs","50","Property","nameof(DXW.TableLook.NoHorizontalBand)","bool?","NoHorizontalBand","_NoHorizontalBand"
"D:\OneDrive\VS\Projects\DocxDocument\DocumentModel.InOpenXml\Wordprocessing\Table properties\TableLook.cs","57","Property","nameof(DXW.TableLook.NoVerticalBand)","bool?","NoVerticalBand","_NoVerticalBand"
"D:\OneDrive\VS\Projects\DocxDocument\DocumentModel.InOpenXml\Wordprocessing\Table properties\TablePositionProperties.cs","15","Property","nameof(DXW.TablePositionProperties.LeftFromText)","Int16?","LeftFromText","_LeftFromText"
"D:\OneDrive\VS\Projects\DocxDocument\DocumentModel.InOpenXml\Wordprocessing\Table properties\TablePositionProperties.cs","22","Property","nameof(DXW.TablePositionProperties.RightFromText)","Int16?","RightFromText","_RightFromText"
"D:\OneDrive\VS\Projects\DocxDocument\DocumentModel.InOpenXml\Wordprocessing\Table properties\TablePositionProperties.cs","29","Property","nameof(DXW.TablePositionProperties.TopFromText)","Int16?","TopFromText","_TopFromText"
"D:\OneDrive\VS\Projects\DocxDocument\DocumentModel.InOpenXml\Wordprocessing\Table properties\TablePositionProperties.cs","36","Property","nameof(DXW.TablePositionProperties.BottomFromText)","Int16?","BottomFromText","_BottomFromText"
"D:\OneDrive\VS\Projects\DocxDocument\DocumentModel.InOpenXml\Wordprocessing\Table properties\TablePositionProperties.cs","43","Property","nameof(DXW.TablePositionProperties.VerticalAnchor)","VerticalAnchor?","VerticalAnchor","_VerticalAnchor"
"D:\OneDrive\VS\Projects\DocxDocument\DocumentModel.InOpenXml\Wordprocessing\Table properties\TablePositionProperties.cs","50","Property","nameof(DXW.TablePositionProperties.HorizontalAnchor)","HorizontalAnchor?","HorizontalAnchor","_HorizontalAnchor"
"D:\OneDrive\VS\Projects\DocxDocument\DocumentModel.InOpenXml\Wordprocessing\Table properties\TablePositionProperties.cs","57","Property","nameof(DXW.TablePositionProperties.TablePositionXAlignment)","HorizontalAlignment?","TablePositionXAlignment","_TablePositionXAlignment"
"D:\OneDrive\VS\Projects\DocxDocument\DocumentModel.InOpenXml\Wordprocessing\Table properties\TablePositionProperties.cs","64","Property","nameof(DXW.TablePositionProperties.TablePositionX)","Int32?","TablePositionX","_TablePositionX"
"D:\OneDrive\VS\Projects\DocxDocument\DocumentModel.InOpenXml\Wordprocessing\Table properties\TablePositionProperties.cs","71","Property","nameof(DXW.TablePositionProperties.TablePositionYAlignment)","VerticalAlignment?","TablePositionYAlignment","_TablePositionYAlignment"
"D:\OneDrive\VS\Projects\DocxDocument\DocumentModel.InOpenXml\Wordprocessing\Table properties\TablePositionProperties.cs","78","Property","nameof(DXW.TablePositionProperties.TablePositionY)","Int32?","TablePositionY","_TablePositionY"
"D:\OneDrive\VS\Projects\DocxDocument\DocumentModel.InOpenXml\Wordprocessing\Table properties\TableStyleProperties.cs","15","Property","nameof(DXW.TableStyleProperties.Type)","TableStyleOverride?","Type","_Type"
"D:\OneDrive\VS\Projects\DocxDocument\DocumentModel.InOpenXml\Wordprocessing\Table properties\TableStyleProperties.cs","22","Property","nameof(DXW.TableStyleProperties.StyleParagraphProperties)","StyleParagraphProperties?","StyleParagraphProperties","_StyleParagraphProperties"
"D:\OneDrive\VS\Projects\DocxDocument\DocumentModel.InOpenXml\Wordprocessing\Tables\Table.cs","16","Property","nameof(DXW.Table.TableProperties)","TableProperties?","TableProperties","_TableProperties"
"D:\OneDrive\VS\Projects\DocxDocument\DocumentModel.InOpenXml\Wordprocessing\Tables\Table.cs","23","Property","nameof(DXW.Table.TableGrid)","TableGrid?","TableGrid","_TableGrid"
"D:\OneDrive\VS\Projects\DocxDocument\DocumentModel.InOpenXml\Wordprocessing.Drawings\BevelType.cs","15","Property","nameof(DXO10W.BevelType.Width)","Int64?","Width","_Width"
"D:\OneDrive\VS\Projects\DocxDocument\DocumentModel.InOpenXml\Wordprocessing.Drawings\BevelType.cs","22","Property","nameof(DXO10W.BevelType.Height)","Int64?","Height","_Height"
"D:\OneDrive\VS\Projects\DocxDocument\DocumentModel.InOpenXml\Wordprocessing.Drawings\BevelType.cs","29","Property","nameof(DXO10W.BevelType.PresetProfileType)","DMD.BevelPresets?","PresetProfileType","_PresetProfileType"
"D:\OneDrive\VS\Projects\DocxDocument\DocumentModel.InOpenXml\Wordprocessing.Drawings\ContentPart.cs","17","Property","nameof(DXO10W.ContentPart.BlackWhiteMode)","BlackWhiteMode?","BlackWhiteMode","_BlackWhiteMode"
"D:\OneDrive\VS\Projects\DocxDocument\DocumentModel.InOpenXml\Wordprocessing.Drawings\ContentPart.cs","24","Property","nameof(DXO10W.ContentPart.RelationshipId)","string?","RelationshipId","_RelationshipId"
"D:\OneDrive\VS\Projects\DocxDocument\DocumentModel.InOpenXml\Wordprocessing.Drawings\ContentPart.cs","31","Property","nameof(DXO10W.ContentPart.WordNonVisualContentPartShapeProperties)","WordNonVisualContentPartShapeProperties?","WordNonVisualContentPartShapeProperties","_WordNonVisualContentPartShapeProperties"
"D:\OneDrive\VS\Projects\DocxDocument\DocumentModel.InOpenXml\Wordprocessing.Drawings\ContentPart.cs","38","Property","nameof(DXO10W.ContentPart.Transform2D)","Transform2D?","Transform2D","_Transform2D"
"D:\OneDrive\VS\Projects\DocxDocument\DocumentModel.InOpenXml\Wordprocessing.Drawings\ContentPart.cs","45","Property","nameof(DXO10W.ContentPart.OfficeArtExtensionList)","OfficeArtExtensionList?","OfficeArtExtensionList","_OfficeArtExtensionList"
"D:\OneDrive\VS\Projects\DocxDocument\DocumentModel.InOpenXml\Wordprocessing.Drawings\ContourColor.cs","21","Property","nameof(DXO10W.ContourColor.SchemeColor)","SchemeColor?","SchemeColor","_SchemeColor"
"D:\OneDrive\VS\Projects\DocxDocument\DocumentModel.InOpenXml\Wordprocessing.Drawings\ExtrusionColor.cs","21","Property","nameof(DXO10W.ExtrusionColor.SchemeColor)","SchemeColor?","SchemeColor","_SchemeColor"
"D:\OneDrive\VS\Projects\DocxDocument\DocumentModel.InOpenXml\Wordprocessing.Drawings\FillToRectangle.cs","15","Property","nameof(DXD.FillToRectangle.Left)","Int32?","Left","_Left"
"D:\OneDrive\VS\Projects\DocxDocument\DocumentModel.InOpenXml\Wordprocessing.Drawings\FillToRectangle.cs","22","Property","nameof(DXD.FillToRectangle.Top)","Int32?","Top","_Top"
"D:\OneDrive\VS\Projects\DocxDocument\DocumentModel.InOpenXml\Wordprocessing.Drawings\FillToRectangle.cs","29","Property","nameof(DXD.FillToRectangle.Right)","Int32?","Right","_Right"
"D:\OneDrive\VS\Projects\DocxDocument\DocumentModel.InOpenXml\Wordprocessing.Drawings\FillToRectangle.cs","36","Property","nameof(DXD.FillToRectangle.Bottom)","Int32?","Bottom","_Bottom"
"D:\OneDrive\VS\Projects\DocxDocument\DocumentModel.InOpenXml\Wordprocessing.Drawings\Glow.cs","17","Property","nameof(DXO10W.Glow.GlowRadius)","Int64?","GlowRadius","_GlowRadius"
"D:\OneDrive\VS\Projects\DocxDocument\DocumentModel.InOpenXml\Wordprocessing.Drawings\Glow.cs","24","Property","nameof(DXO10W.Glow.RgbColorModelHex)","RgbColorHex?","RgbColorModelHex","_RgbColorModelHex"
"D:\OneDrive\VS\Projects\DocxDocument\DocumentModel.InOpenXml\Wordprocessing.Drawings\Glow.cs","31","Property","nameof(DXO10W.Glow.SchemeColor)","SchemeColor?","SchemeColor","_SchemeColor"
"D:\OneDrive\VS\Projects\DocxDocument\DocumentModel.InOpenXml\Wordprocessing.Drawings\GradientFillProperties.cs","15","Property","nameof(DXO10W.GradientFillProperties.GradientStopList)","GradientStopList?","GradientStopList","_GradientStopList"
"D:\OneDrive\VS\Projects\DocxDocument\DocumentModel.InOpenXml\Wordprocessing.Drawings\GradientStop.cs","15","Property","nameof(DXO10W.GradientStop.StopPosition)","Int32?","StopPosition","_StopPosition"
"D:\OneDrive\VS\Projects\DocxDocument\DocumentModel.InOpenXml\Wordprocessing.Drawings\GradientStop.cs","28","Property","nameof(DXO10W.GradientStop.SchemeColor)","SchemeColor?","SchemeColor","_SchemeColor"
"D:\OneDrive\VS\Projects\DocxDocument\DocumentModel.InOpenXml\Wordprocessing.Drawings\GraphicFrame.cs","23","Property","nameof(DXD.GraphicFrame.NonVisualGraphicFrameProperties)","NonVisualGraphicFrameProperties?","NonVisualGraphicFrameProperties","_NonVisualGraphicFrameProperties"
"D:\OneDrive\VS\Projects\DocxDocument\DocumentModel.InOpenXml\Wordprocessing.Drawings\GraphicFrame.cs","30","Property","nameof(DXD.GraphicFrame.Transform2D)","Transform2D?","Transform2D","_Transform2D"
"D:\OneDrive\VS\Projects\DocxDocument\DocumentModel.InOpenXml\Wordprocessing.Drawings\GraphicFrame.cs","37","Property","nameof(DXD.GraphicFrame.Graphic)","Graphic?","Graphic","_Graphic"
"D:\OneDrive\VS\Projects\DocxDocument\DocumentModel.InOpenXml\Wordprocessing.Drawings\GraphicFrameType.cs","17","Property","nameof(DXO10WDC.GraphicFrameType.NonVisualDrawingProperties)","NonVisualDrawingProperties?","NonVisualDrawingProperties","_NonVisualDrawingProperties"
"D:\OneDrive\VS\Projects\DocxDocument\DocumentModel.InOpenXml\Wordprocessing.Drawings\GraphicFrameType.cs","24","Property","nameof(DXO10WDC.GraphicFrameType.NonVisualGraphicFrameProperties)","NonVisualGraphicFrameProperties?","NonVisualGraphicFrameProperties","_NonVisualGraphicFrameProperties"
"D:\OneDrive\VS\Projects\DocxDocument\DocumentModel.InOpenXml\Wordprocessing.Drawings\GraphicFrameType.cs","31","Property","nameof(DXO10WDC.GraphicFrameType.Transform2D)","Transform2D?","Transform2D","_Transform2D"
"D:\OneDrive\VS\Projects\DocxDocument\DocumentModel.InOpenXml\Wordprocessing.Drawings\GraphicFrameType.cs","38","Property","nameof(DXO10WDC.GraphicFrameType.Graphic)","Graphic?","Graphic","_Graphic"
"D:\OneDrive\VS\Projects\DocxDocument\DocumentModel.InOpenXml\Wordprocessing.Drawings\GraphicFrameType.cs","45","Property","nameof(DXO10WDC.GraphicFrameType.OfficeArtExtensionList)","OfficeArtExtensionList?","OfficeArtExtensionList","_OfficeArtExtensionList"
"D:\OneDrive\VS\Projects\DocxDocument\DocumentModel.InOpenXml\Wordprocessing.Drawings\GroupShapeProperties.cs","17","Property","nameof(DXOD.GroupShapeProperties.BlackWhiteMode)","BlackWhiteMode?","BlackWhiteMode","_BlackWhiteMode"
"D:\OneDrive\VS\Projects\DocxDocument\DocumentModel.InOpenXml\Wordprocessing.Drawings\GroupShapeProperties.cs","24","Property","nameof(DXOD.GroupShapeProperties.TransformGroup)","TransformGroup?","TransformGroup","_TransformGroup"
"D:\OneDrive\VS\Projects\DocxDocument\DocumentModel.InOpenXml\Wordprocessing.Drawings\LightRig.cs","15","Property","nameof(DXO10W.LightRig.LightRigType)","DMD.LightRigType?","LightRigType","_LightRigType"
"D:\OneDrive\VS\Projects\DocxDocument\DocumentModel.InOpenXml\Wordprocessing.Drawings\LightRig.cs","22","Property","nameof(DXO10W.LightRig.LightDirectionType)","DMD.LightRigDirection?","LightDirectionType","_LightDirectionType"
"D:\OneDrive\VS\Projects\DocxDocument\DocumentModel.InOpenXml\Wordprocessing.Drawings\LightRig.cs","29","Property","nameof(DXO10W.LightRig.SphereCoordinates)","SphereCoordinates?","SphereCoordinates","_SphereCoordinates"
"D:\OneDrive\VS\Projects\DocxDocument\DocumentModel.InOpenXml\Wordprocessing.Drawings\LinkedTextBox.cs","15","Property","nameof(DXO10WDS.LinkedTextBox.Id)","UInt16?","Id","_Id"
"D:\OneDrive\VS\Projects\DocxDocument\DocumentModel.InOpenXml\Wordprocessing.Drawings\LinkedTextBox.cs","22","Property","nameof(DXO10WDS.LinkedTextBox.Sequence)","UInt16?","Sequence","_Sequence"
"D:\OneDrive\VS\Projects\DocxDocument\DocumentModel.InOpenXml\Wordprocessing.Drawings\LinkedTextBox.cs","29","Property","nameof(DXO10WDS.LinkedTextBox.OfficeArtExtensionList)","OfficeArtExtensionList?","OfficeArtExtensionList","_OfficeArtExtensionList"
"D:\OneDrive\VS\Projects\DocxDocument\DocumentModel.InOpenXml\Wordprocessing.Drawings\PathShadeProperties.cs","15","Property","nameof(DXO10W.PathShadeProperties.Path)","DMD.PathShade?","Path","_Path"
"D:\OneDrive\VS\Projects\DocxDocument\DocumentModel.InOpenXml\Wordprocessing.Drawings\PathShadeProperties.cs","22","Property","nameof(DXO10W.PathShadeProperties.FillToRectangle)","FillToRectangle?","FillToRectangle","_FillToRectangle"
"D:\OneDrive\VS\Projects\DocxDocument\DocumentModel.InOpenXml\Wordprocessing.Drawings\ReadModeInkLockDown.cs","15","Property","nameof(DXW.ReadModeInkLockDown.UseActualPages)","bool?","UseActualPages","_UseActualPages"
"D:\OneDrive\VS\Projects\DocxDocument\DocumentModel.InOpenXml\Wordprocessing.Drawings\ReadModeInkLockDown.cs","22","Property","nameof(DXW.ReadModeInkLockDown.Width)","PixelsMeasure?","Width","_Width"
"D:\OneDrive\VS\Projects\DocxDocument\DocumentModel.InOpenXml\Wordprocessing.Drawings\ReadModeInkLockDown.cs","29","Property","nameof(DXW.ReadModeInkLockDown.Height)","PixelsMeasure?","Height","_Height"
"D:\OneDrive\VS\Projects\DocxDocument\DocumentModel.InOpenXml\Wordprocessing.Drawings\ReadModeInkLockDown.cs","36","Property","nameof(DXW.ReadModeInkLockDown.FontSize)","Percentage?","FontSize","_FontSize"
"D:\OneDrive\VS\Projects\DocxDocument\DocumentModel.InOpenXml\Wordprocessing.Drawings\Reflection.cs","17","Property","nameof(DXO10W.Reflection.BlurRadius)","Int64?","BlurRadius","_BlurRadius"
"D:\OneDrive\VS\Projects\DocxDocument\DocumentModel.InOpenXml\Wordprocessing.Drawings\Reflection.cs","24","Property","nameof(DXO10W.Reflection.StartingOpacity)","Int32?","StartingOpacity","_StartingOpacity"
"D:\OneDrive\VS\Projects\DocxDocument\DocumentModel.InOpenXml\Wordprocessing.Drawings\Reflection.cs","31","Property","nameof(DXO10W.Reflection.StartPosition)","Int32?","StartPosition","_StartPosition"
"D:\OneDrive\VS\Projects\DocxDocument\DocumentModel.InOpenXml\Wordprocessing.Drawings\Reflection.cs","38","Property","nameof(DXO10W.Reflection.EndingOpacity)","Int32?","EndingOpacity","_EndingOpacity"
"D:\OneDrive\VS\Projects\DocxDocument\DocumentModel.InOpenXml\Wordprocessing.Drawings\Reflection.cs","45","Property","nameof(DXO10W.Reflection.EndPosition)","Int32?","EndPosition","_EndPosition"
"D:\OneDrive\VS\Projects\DocxDocument\DocumentModel.InOpenXml\Wordprocessing.Drawings\Reflection.cs","52","Property","nameof(DXO10W.Reflection.DistanceFromText)","Int64?","DistanceFromText","_DistanceFromText"
"D:\OneDrive\VS\Projects\DocxDocument\DocumentModel.InOpenXml\Wordprocessing.Drawings\Reflection.cs","59","Property","nameof(DXO10W.Reflection.DirectionAngle)","Int32?","DirectionAngle","_DirectionAngle"
"D:\OneDrive\VS\Projects\DocxDocument\DocumentModel.InOpenXml\Wordprocessing.Drawings\Reflection.cs","66","Property","nameof(DXO10W.Reflection.FadeDirection)","Int32?","FadeDirection","_FadeDirection"
"D:\OneDrive\VS\Projects\DocxDocument\DocumentModel.InOpenXml\Wordprocessing.Drawings\Reflection.cs","73","Property","nameof(DXO10W.Reflection.HorizontalScalingFactor)","Int32?","HorizontalScalingFactor","_HorizontalScalingFactor"
"D:\OneDrive\VS\Projects\DocxDocument\DocumentModel.InOpenXml\Wordprocessing.Drawings\Reflection.cs","80","Property","nameof(DXO10W.Reflection.VerticalScalingFactor)","Int32?","VerticalScalingFactor","_VerticalScalingFactor"
"D:\OneDrive\VS\Projects\DocxDocument\DocumentModel.InOpenXml\Wordprocessing.Drawings\Reflection.cs","87","Property","nameof(DXO10W.Reflection.HorizontalSkewAngle)","Int32?","HorizontalSkewAngle","_HorizontalSkewAngle"
"D:\OneDrive\VS\Projects\DocxDocument\DocumentModel.InOpenXml\Wordprocessing.Drawings\Reflection.cs","94","Property","nameof(DXO10W.Reflection.VerticalSkewAngle)","Int32?","VerticalSkewAngle","_VerticalSkewAngle"
"D:\OneDrive\VS\Projects\DocxDocument\DocumentModel.InOpenXml\Wordprocessing.Drawings\Reflection.cs","101","Property","nameof(DXO10W.Reflection.Alignment)","RectangleAlignment?","Alignment","_Alignment"
"D:\OneDrive\VS\Projects\DocxDocument\DocumentModel.InOpenXml\Wordprocessing.Drawings\Scene3D.cs","17","Property","nameof(DXO10W.Scene3D.Camera)","Camera?","Camera","_Camera"
"D:\OneDrive\VS\Projects\DocxDocument\DocumentModel.InOpenXml\Wordprocessing.Drawings\Scene3D.cs","24","Property","nameof(DXO10W.Scene3D.LightRig)","LightRig?","LightRig","_LightRig"
"D:\OneDrive\VS\Projects\DocxDocument\DocumentModel.InOpenXml\Wordprocessing.Drawings\Shape.cs","15","Property","nameof(DXD.Shape.ShapeStyle)","ShapeStyle?","ShapeStyle","_ShapeStyle"
"D:\OneDrive\VS\Projects\DocxDocument\DocumentModel.InOpenXml\Wordprocessing.Drawings\Shape.cs","40","Property","nameof(DXD.Shape.ShapeProperties)","ShapeProperties?","ShapeProperties","_ShapeProperties"
"D:\OneDrive\VS\Projects\DocxDocument\DocumentModel.InOpenXml\Wordprocessing.Drawings\TextBoxInfo2.cs","15","Property","nameof(DXO10WDS.TextBoxInfo2.Id)","UInt16?","Id","_Id"
"D:\OneDrive\VS\Projects\DocxDocument\DocumentModel.InOpenXml\Wordprocessing.Drawings\TextBoxInfo2.cs","22","Property","nameof(DXO10WDS.TextBoxInfo2.TextBoxContent)","TextBoxContent?","TextBoxContent","_TextBoxContent"
"D:\OneDrive\VS\Projects\DocxDocument\DocumentModel.InOpenXml\Wordprocessing.Drawings\TextBoxInfo2.cs","29","Property","nameof(DXO10WDS.TextBoxInfo2.OfficeArtExtensionList)","OfficeArtExtensionList?","OfficeArtExtensionList","_OfficeArtExtensionList"
"D:\OneDrive\VS\Projects\DocxDocument\DocumentModel.InOpenXml\Wordprocessing.Drawings\Non-visual properties\NonVisualConnectorProperties.cs","17","Property","nameof(DXO10WDS.NonVisualConnectorProperties.ConnectionShapeLocks)","ConnectionShapeLocks?","ConnectionShapeLocks","_ConnectionShapeLocks"
"D:\OneDrive\VS\Projects\DocxDocument\DocumentModel.InOpenXml\Wordprocessing.Drawings\Non-visual properties\NonVisualConnectorProperties.cs","24","Property","nameof(DXO10WDS.NonVisualConnectorProperties.StartConnection)","ConnectionType?","StartConnection","_StartConnection"
"D:\OneDrive\VS\Projects\DocxDocument\DocumentModel.InOpenXml\Wordprocessing.Drawings\Non-visual properties\NonVisualConnectorProperties.cs","31","Property","nameof(DXO10WDS.NonVisualConnectorProperties.EndConnection)","ConnectionType?","EndConnection","_EndConnection"
"D:\OneDrive\VS\Projects\DocxDocument\DocumentModel.InOpenXml\Wordprocessing.Drawings\Non-visual properties\NonVisualConnectorProperties.cs","38","Property","nameof(DXO10WDS.NonVisualConnectorProperties.ExtensionList)","ExtensionList?","ExtensionList","_ExtensionList"
"D:\OneDrive\VS\Projects\DocxDocument\DocumentModel.InOpenXml\Wordprocessing.Drawings\Non-visual properties\NonVisualInkContentPartProperties.cs","17","Property","nameof(DXO10W.NonVisualInkContentPartProperties.IsComment)","bool?","IsComment","_IsComment"
"D:\OneDrive\VS\Projects\DocxDocument\DocumentModel.InOpenXml\Wordprocessing.Drawings\Non-visual properties\NonVisualInkContentPartProperties.cs","24","Property","nameof(DXO10W.NonVisualInkContentPartProperties.ContentPartLocks)","ContentPartLocks?","ContentPartLocks","_ContentPartLocks"
"D:\OneDrive\VS\Projects\DocxDocument\DocumentModel.InOpenXml\Wordprocessing.Drawings\Non-visual properties\NonVisualInkContentPartProperties.cs","31","Property","nameof(DXO10W.NonVisualInkContentPartProperties.OfficeArtExtensionList)","OfficeArtExtensionList?","OfficeArtExtensionList","_OfficeArtExtensionList"
"D:\OneDrive\VS\Projects\DocxDocument\DocumentModel.InOpenXml\Wordprocessing.VBA\DocEvents.cs","14","Property","nameof(DXOW.DocEvents.EventDocNewXsdString)","string?","EventDocNewXsdString","_EventDocNewXsdString"
"D:\OneDrive\VS\Projects\DocxDocument\DocumentModel.InOpenXml\Wordprocessing.VBA\DocEvents.cs","21","Property","nameof(DXOW.DocEvents.EventDocOpenXsdString)","string?","EventDocOpenXsdString","_EventDocOpenXsdString"
"D:\OneDrive\VS\Projects\DocxDocument\DocumentModel.InOpenXml\Wordprocessing.VBA\DocEvents.cs","28","Property","nameof(DXOW.DocEvents.EventDocCloseXsdString)","string?","EventDocCloseXsdString","_EventDocCloseXsdString"
"D:\OneDrive\VS\Projects\DocxDocument\DocumentModel.InOpenXml\Wordprocessing.VBA\DocEvents.cs","35","Property","nameof(DXOW.DocEvents.EventDocSyncXsdString)","string?","EventDocSyncXsdString","_EventDocSyncXsdString"
"D:\OneDrive\VS\Projects\DocxDocument\DocumentModel.InOpenXml\Wordprocessing.VBA\DocEvents.cs","42","Property","nameof(DXOW.DocEvents.EventDocXmlAfterInsertXsdString)","string?","EventDocXmlAfterInsertXsdString","_EventDocXmlAfterInsertXsdString"
"D:\OneDrive\VS\Projects\DocxDocument\DocumentModel.InOpenXml\Wordprocessing.VBA\DocEvents.cs","49","Property","nameof(DXOW.DocEvents.EventDocXmlBeforeDeleteXsdString)","string?","EventDocXmlBeforeDeleteXsdString","_EventDocXmlBeforeDeleteXsdString"
"D:\OneDrive\VS\Projects\DocxDocument\DocumentModel.InOpenXml\Wordprocessing.VBA\DocEvents.cs","56","Property","nameof(DXOW.DocEvents.EventDocContentControlAfterInsertXsdString)","string?","EventDocContentControlAfterInsertXsdString","_EventDocContentControlAfterInsertXsdString"
"D:\OneDrive\VS\Projects\DocxDocument\DocumentModel.InOpenXml\Wordprocessing.VBA\DocEvents.cs","63","Property","nameof(DXOW.DocEvents.EventDocContentControlBeforeDeleteXsdString)","string?","EventDocContentControlBeforeDeleteXsdString","_EventDocContentControlBeforeDeleteXsdString"
"D:\OneDrive\VS\Projects\DocxDocument\DocumentModel.InOpenXml\Wordprocessing.VBA\DocEvents.cs","70","Property","nameof(DXOW.DocEvents.EventDocContentControlOnExistXsdString)","string?","EventDocContentControlOnExistXsdString","_EventDocContentControlOnExistXsdString"
"D:\OneDrive\VS\Projects\DocxDocument\DocumentModel.InOpenXml\Wordprocessing.VBA\DocEvents.cs","77","Property","nameof(DXOW.DocEvents.EventDocContentControlOnEnterXsdString)","string?","EventDocContentControlOnEnterXsdString","_EventDocContentControlOnEnterXsdString"
"D:\OneDrive\VS\Projects\DocxDocument\DocumentModel.InOpenXml\Wordprocessing.VBA\DocEvents.cs","84","Property","nameof(DXOW.DocEvents.EventDocStoreUpdateXsdString)","string?","EventDocStoreUpdateXsdString","_EventDocStoreUpdateXsdString"
"D:\OneDrive\VS\Projects\DocxDocument\DocumentModel.InOpenXml\Wordprocessing.VBA\DocEvents.cs","91","Property","nameof(DXOW.DocEvents.EventDocContentControlUpdateXsdString)","string?","EventDocContentControlUpdateXsdString","_EventDocContentControlUpdateXsdString"
"D:\OneDrive\VS\Projects\DocxDocument\DocumentModel.InOpenXml\Wordprocessing.VBA\DocEvents.cs","98","Property","nameof(DXOW.DocEvents.EventDocBuildingBlockAfterInsertXsdString)","string?","EventDocBuildingBlockAfterInsertXsdString","_EventDocBuildingBlockAfterInsertXsdString"
"D:\OneDrive\VS\Projects\DocxDocument\DocumentModel.InOpenXml\Wordprocessing.VBA\MacroWllType.cs","15","Property","nameof(DXOW.MacroWllType.MacroName)","string?","MacroName","_MacroName"
"D:\OneDrive\VS\Projects\DocxDocument\DocumentModel.InOpenXml\Wordprocessing.VBA\Mcd.cs","15","Property","nameof(DXOW.Mcd.MacroName)","string?","MacroName","_MacroName"
"D:\OneDrive\VS\Projects\DocxDocument\DocumentModel.InOpenXml\Wordprocessing.VBA\Mcd.cs","22","Property","nameof(DXOW.Mcd.Name)","string?","Name","_Name"
"D:\OneDrive\VS\Projects\DocxDocument\DocumentModel.InOpenXml\Wordprocessing.VBA\Mcd.cs","29","Property","nameof(DXOW.Mcd.MenuHelp)","string?","MenuHelp","_MenuHelp"
"D:\OneDrive\VS\Projects\DocxDocument\DocumentModel.InOpenXml\Wordprocessing.VBA\Mcd.cs","36","Property","nameof(DXOW.Mcd.BEncrypt)","HexChar?","BEncrypt","_BEncrypt"
"D:\OneDrive\VS\Projects\DocxDocument\DocumentModel.InOpenXml\Wordprocessing.VBA\Mcd.cs","43","Property","nameof(DXOW.Mcd.Cmg)","HexChar?","Cmg","_Cmg"
"D:\OneDrive\VS\Projects\DocxDocument\DocumentModel.InOpenXml\Wordprocessing.VBA\VbaSuppData.cs","15","Property","nameof(DXOW.VbaSuppData.DocEvents)","DocEvents?","DocEvents","_DocEvents"
"D:\OneDrive\VS\Projects\DocxDocument\DocumentModel.InOpenXml\Wordprocessing.VBA\VbaSuppData.cs","22","Property","nameof(DXOW.VbaSuppData.Mcds)","Mcds?","Mcds","_Mcds"
