"File","Property","Line"
"D:\OneDrive\VS\Projects\DocxDocument\DocumentModel.InOpenXml\CustomUI\Backstage.cs","OnHide","30"
"D:\OneDrive\VS\Projects\DocxDocument\DocumentModel.InOpenXml\CustomUI\Backstage.cs","OnShow","23"
"D:\OneDrive\VS\Projects\DocxDocument\DocumentModel.InOpenXml\CustomUI\BackstageCheckBox.cs","Description","23"
"D:\OneDrive\VS\Projects\DocxDocument\DocumentModel.InOpenXml\CustomUI\BackstageCheckBox.cs","Enabled","100"
"D:\OneDrive\VS\Projects\DocxDocument\DocumentModel.InOpenXml\CustomUI\BackstageCheckBox.cs","Expand","16"
"D:\OneDrive\VS\Projects\DocxDocument\DocumentModel.InOpenXml\CustomUI\BackstageCheckBox.cs","GetDescription","30"
"D:\OneDrive\VS\Projects\DocxDocument\DocumentModel.InOpenXml\CustomUI\BackstageCheckBox.cs","GetEnabled","107"
"D:\OneDrive\VS\Projects\DocxDocument\DocumentModel.InOpenXml\CustomUI\BackstageCheckBox.cs","GetKeytip","149"
"D:\OneDrive\VS\Projects\DocxDocument\DocumentModel.InOpenXml\CustomUI\BackstageCheckBox.cs","GetLabel","121"
"D:\OneDrive\VS\Projects\DocxDocument\DocumentModel.InOpenXml\CustomUI\BackstageCheckBox.cs","GetPressed","93"
"D:\OneDrive\VS\Projects\DocxDocument\DocumentModel.InOpenXml\CustomUI\BackstageCheckBox.cs","GetScreentip","44"
"D:\OneDrive\VS\Projects\DocxDocument\DocumentModel.InOpenXml\CustomUI\BackstageCheckBox.cs","GetSupertip","58"
"D:\OneDrive\VS\Projects\DocxDocument\DocumentModel.InOpenXml\CustomUI\BackstageCheckBox.cs","GetVisible","135"
"D:\OneDrive\VS\Projects\DocxDocument\DocumentModel.InOpenXml\CustomUI\BackstageCheckBox.cs","Id","65"
"D:\OneDrive\VS\Projects\DocxDocument\DocumentModel.InOpenXml\CustomUI\BackstageCheckBox.cs","Keytip","142"
"D:\OneDrive\VS\Projects\DocxDocument\DocumentModel.InOpenXml\CustomUI\BackstageCheckBox.cs","Label","114"
"D:\OneDrive\VS\Projects\DocxDocument\DocumentModel.InOpenXml\CustomUI\BackstageCheckBox.cs","OnAction","86"
"D:\OneDrive\VS\Projects\DocxDocument\DocumentModel.InOpenXml\CustomUI\BackstageCheckBox.cs","QualifiedId","72"
"D:\OneDrive\VS\Projects\DocxDocument\DocumentModel.InOpenXml\CustomUI\BackstageCheckBox.cs","Screentip","37"
"D:\OneDrive\VS\Projects\DocxDocument\DocumentModel.InOpenXml\CustomUI\BackstageCheckBox.cs","Supertip","51"
"D:\OneDrive\VS\Projects\DocxDocument\DocumentModel.InOpenXml\CustomUI\BackstageCheckBox.cs","Tag","79"
"D:\OneDrive\VS\Projects\DocxDocument\DocumentModel.InOpenXml\CustomUI\BackstageCheckBox.cs","Visible","128"
"D:\OneDrive\VS\Projects\DocxDocument\DocumentModel.InOpenXml\CustomUI\BackstageComboBox.cs","AlignLabel","43"
"D:\OneDrive\VS\Projects\DocxDocument\DocumentModel.InOpenXml\CustomUI\BackstageComboBox.cs","Enabled","57"
"D:\OneDrive\VS\Projects\DocxDocument\DocumentModel.InOpenXml\CustomUI\BackstageComboBox.cs","Expand","50"
"D:\OneDrive\VS\Projects\DocxDocument\DocumentModel.InOpenXml\CustomUI\BackstageComboBox.cs","GetEnabled","64"
"D:\OneDrive\VS\Projects\DocxDocument\DocumentModel.InOpenXml\CustomUI\BackstageComboBox.cs","GetItemCount","134"
"D:\OneDrive\VS\Projects\DocxDocument\DocumentModel.InOpenXml\CustomUI\BackstageComboBox.cs","GetItemID","148"
"D:\OneDrive\VS\Projects\DocxDocument\DocumentModel.InOpenXml\CustomUI\BackstageComboBox.cs","GetItemLabel","141"
"D:\OneDrive\VS\Projects\DocxDocument\DocumentModel.InOpenXml\CustomUI\BackstageComboBox.cs","GetKeytip","106"
"D:\OneDrive\VS\Projects\DocxDocument\DocumentModel.InOpenXml\CustomUI\BackstageComboBox.cs","GetLabel","78"
"D:\OneDrive\VS\Projects\DocxDocument\DocumentModel.InOpenXml\CustomUI\BackstageComboBox.cs","GetText","113"
"D:\OneDrive\VS\Projects\DocxDocument\DocumentModel.InOpenXml\CustomUI\BackstageComboBox.cs","GetVisible","92"
"D:\OneDrive\VS\Projects\DocxDocument\DocumentModel.InOpenXml\CustomUI\BackstageComboBox.cs","Id","22"
"D:\OneDrive\VS\Projects\DocxDocument\DocumentModel.InOpenXml\CustomUI\BackstageComboBox.cs","Keytip","99"
"D:\OneDrive\VS\Projects\DocxDocument\DocumentModel.InOpenXml\CustomUI\BackstageComboBox.cs","Label","71"
"D:\OneDrive\VS\Projects\DocxDocument\DocumentModel.InOpenXml\CustomUI\BackstageComboBox.cs","OnChange","120"
"D:\OneDrive\VS\Projects\DocxDocument\DocumentModel.InOpenXml\CustomUI\BackstageComboBox.cs","QualifiedId","29"
"D:\OneDrive\VS\Projects\DocxDocument\DocumentModel.InOpenXml\CustomUI\BackstageComboBox.cs","SizeString","127"
"D:\OneDrive\VS\Projects\DocxDocument\DocumentModel.InOpenXml\CustomUI\BackstageComboBox.cs","Tag","36"
"D:\OneDrive\VS\Projects\DocxDocument\DocumentModel.InOpenXml\CustomUI\BackstageComboBox.cs","Visible","85"
"D:\OneDrive\VS\Projects\DocxDocument\DocumentModel.InOpenXml\CustomUI\BackstageDropDown.cs","AlignLabel","35"
"D:\OneDrive\VS\Projects\DocxDocument\DocumentModel.InOpenXml\CustomUI\BackstageDropDown.cs","Enabled","49"
"D:\OneDrive\VS\Projects\DocxDocument\DocumentModel.InOpenXml\CustomUI\BackstageDropDown.cs","Expand","42"
"D:\OneDrive\VS\Projects\DocxDocument\DocumentModel.InOpenXml\CustomUI\BackstageDropDown.cs","GetEnabled","56"
"D:\OneDrive\VS\Projects\DocxDocument\DocumentModel.InOpenXml\CustomUI\BackstageDropDown.cs","GetItemCount","154"
"D:\OneDrive\VS\Projects\DocxDocument\DocumentModel.InOpenXml\CustomUI\BackstageDropDown.cs","GetItemID","168"
"D:\OneDrive\VS\Projects\DocxDocument\DocumentModel.InOpenXml\CustomUI\BackstageDropDown.cs","GetItemLabel","161"
"D:\OneDrive\VS\Projects\DocxDocument\DocumentModel.InOpenXml\CustomUI\BackstageDropDown.cs","GetKeytip","133"
"D:\OneDrive\VS\Projects\DocxDocument\DocumentModel.InOpenXml\CustomUI\BackstageDropDown.cs","GetLabel","70"
"D:\OneDrive\VS\Projects\DocxDocument\DocumentModel.InOpenXml\CustomUI\BackstageDropDown.cs","GetScreentip","105"
"D:\OneDrive\VS\Projects\DocxDocument\DocumentModel.InOpenXml\CustomUI\BackstageDropDown.cs","GetSelectedItemIndex","140"
"D:\OneDrive\VS\Projects\DocxDocument\DocumentModel.InOpenXml\CustomUI\BackstageDropDown.cs","GetSupertip","119"
"D:\OneDrive\VS\Projects\DocxDocument\DocumentModel.InOpenXml\CustomUI\BackstageDropDown.cs","GetVisible","84"
"D:\OneDrive\VS\Projects\DocxDocument\DocumentModel.InOpenXml\CustomUI\BackstageDropDown.cs","Id","14"
"D:\OneDrive\VS\Projects\DocxDocument\DocumentModel.InOpenXml\CustomUI\BackstageDropDown.cs","Keytip","126"
"D:\OneDrive\VS\Projects\DocxDocument\DocumentModel.InOpenXml\CustomUI\BackstageDropDown.cs","Label","63"
"D:\OneDrive\VS\Projects\DocxDocument\DocumentModel.InOpenXml\CustomUI\BackstageDropDown.cs","OnAction","91"
"D:\OneDrive\VS\Projects\DocxDocument\DocumentModel.InOpenXml\CustomUI\BackstageDropDown.cs","QualifiedId","21"
"D:\OneDrive\VS\Projects\DocxDocument\DocumentModel.InOpenXml\CustomUI\BackstageDropDown.cs","Screentip","98"
"D:\OneDrive\VS\Projects\DocxDocument\DocumentModel.InOpenXml\CustomUI\BackstageDropDown.cs","SizeString","147"
"D:\OneDrive\VS\Projects\DocxDocument\DocumentModel.InOpenXml\CustomUI\BackstageDropDown.cs","Supertip","112"
"D:\OneDrive\VS\Projects\DocxDocument\DocumentModel.InOpenXml\CustomUI\BackstageDropDown.cs","Tag","28"
"D:\OneDrive\VS\Projects\DocxDocument\DocumentModel.InOpenXml\CustomUI\BackstageDropDown.cs","Visible","77"
"D:\OneDrive\VS\Projects\DocxDocument\DocumentModel.InOpenXml\CustomUI\BackstageEditBox.cs","AlignLabel","37"
"D:\OneDrive\VS\Projects\DocxDocument\DocumentModel.InOpenXml\CustomUI\BackstageEditBox.cs","Enabled","51"
"D:\OneDrive\VS\Projects\DocxDocument\DocumentModel.InOpenXml\CustomUI\BackstageEditBox.cs","Expand","44"
"D:\OneDrive\VS\Projects\DocxDocument\DocumentModel.InOpenXml\CustomUI\BackstageEditBox.cs","GetEnabled","58"
"D:\OneDrive\VS\Projects\DocxDocument\DocumentModel.InOpenXml\CustomUI\BackstageEditBox.cs","GetKeytip","100"
"D:\OneDrive\VS\Projects\DocxDocument\DocumentModel.InOpenXml\CustomUI\BackstageEditBox.cs","GetLabel","72"
"D:\OneDrive\VS\Projects\DocxDocument\DocumentModel.InOpenXml\CustomUI\BackstageEditBox.cs","GetText","107"
"D:\OneDrive\VS\Projects\DocxDocument\DocumentModel.InOpenXml\CustomUI\BackstageEditBox.cs","GetVisible","86"
"D:\OneDrive\VS\Projects\DocxDocument\DocumentModel.InOpenXml\CustomUI\BackstageEditBox.cs","Id","16"
"D:\OneDrive\VS\Projects\DocxDocument\DocumentModel.InOpenXml\CustomUI\BackstageEditBox.cs","Keytip","93"
"D:\OneDrive\VS\Projects\DocxDocument\DocumentModel.InOpenXml\CustomUI\BackstageEditBox.cs","Label","65"
"D:\OneDrive\VS\Projects\DocxDocument\DocumentModel.InOpenXml\CustomUI\BackstageEditBox.cs","MaxLength","121"
"D:\OneDrive\VS\Projects\DocxDocument\DocumentModel.InOpenXml\CustomUI\BackstageEditBox.cs","OnChange","114"
"D:\OneDrive\VS\Projects\DocxDocument\DocumentModel.InOpenXml\CustomUI\BackstageEditBox.cs","QualifiedId","23"
"D:\OneDrive\VS\Projects\DocxDocument\DocumentModel.InOpenXml\CustomUI\BackstageEditBox.cs","SizeString","128"
"D:\OneDrive\VS\Projects\DocxDocument\DocumentModel.InOpenXml\CustomUI\BackstageEditBox.cs","Tag","30"
"D:\OneDrive\VS\Projects\DocxDocument\DocumentModel.InOpenXml\CustomUI\BackstageEditBox.cs","Visible","79"
"D:\OneDrive\VS\Projects\DocxDocument\DocumentModel.InOpenXml\CustomUI\BackstageFastCommandButton.cs","Enabled","86"
"D:\OneDrive\VS\Projects\DocxDocument\DocumentModel.InOpenXml\CustomUI\BackstageFastCommandButton.cs","GetEnabled","93"
"D:\OneDrive\VS\Projects\DocxDocument\DocumentModel.InOpenXml\CustomUI\BackstageFastCommandButton.cs","GetImage","156"
"D:\OneDrive\VS\Projects\DocxDocument\DocumentModel.InOpenXml\CustomUI\BackstageFastCommandButton.cs","GetKeytip","135"
"D:\OneDrive\VS\Projects\DocxDocument\DocumentModel.InOpenXml\CustomUI\BackstageFastCommandButton.cs","GetLabel","107"
"D:\OneDrive\VS\Projects\DocxDocument\DocumentModel.InOpenXml\CustomUI\BackstageFastCommandButton.cs","GetVisible","121"
"D:\OneDrive\VS\Projects\DocxDocument\DocumentModel.InOpenXml\CustomUI\BackstageFastCommandButton.cs","Id","51"
"D:\OneDrive\VS\Projects\DocxDocument\DocumentModel.InOpenXml\CustomUI\BackstageFastCommandButton.cs","IdMso","16"
"D:\OneDrive\VS\Projects\DocxDocument\DocumentModel.InOpenXml\CustomUI\BackstageFastCommandButton.cs","Image","142"
"D:\OneDrive\VS\Projects\DocxDocument\DocumentModel.InOpenXml\CustomUI\BackstageFastCommandButton.cs","ImageMso","149"
"D:\OneDrive\VS\Projects\DocxDocument\DocumentModel.InOpenXml\CustomUI\BackstageFastCommandButton.cs","InsertAfterMso","23"
"D:\OneDrive\VS\Projects\DocxDocument\DocumentModel.InOpenXml\CustomUI\BackstageFastCommandButton.cs","InsertAfterQualifiedId","37"
"D:\OneDrive\VS\Projects\DocxDocument\DocumentModel.InOpenXml\CustomUI\BackstageFastCommandButton.cs","InsertBeforeMso","30"
"D:\OneDrive\VS\Projects\DocxDocument\DocumentModel.InOpenXml\CustomUI\BackstageFastCommandButton.cs","InsertBeforeQualifiedId","44"
"D:\OneDrive\VS\Projects\DocxDocument\DocumentModel.InOpenXml\CustomUI\BackstageFastCommandButton.cs","IsDefinitive","79"
"D:\OneDrive\VS\Projects\DocxDocument\DocumentModel.InOpenXml\CustomUI\BackstageFastCommandButton.cs","Keytip","128"
"D:\OneDrive\VS\Projects\DocxDocument\DocumentModel.InOpenXml\CustomUI\BackstageFastCommandButton.cs","Label","100"
"D:\OneDrive\VS\Projects\DocxDocument\DocumentModel.InOpenXml\CustomUI\BackstageFastCommandButton.cs","OnAction","72"
"D:\OneDrive\VS\Projects\DocxDocument\DocumentModel.InOpenXml\CustomUI\BackstageFastCommandButton.cs","QualifiedId","58"
"D:\OneDrive\VS\Projects\DocxDocument\DocumentModel.InOpenXml\CustomUI\BackstageFastCommandButton.cs","Tag","65"
"D:\OneDrive\VS\Projects\DocxDocument\DocumentModel.InOpenXml\CustomUI\BackstageFastCommandButton.cs","Visible","114"
"D:\OneDrive\VS\Projects\DocxDocument\DocumentModel.InOpenXml\CustomUI\BackstageGroup.cs","GetHelperText","129"
"D:\OneDrive\VS\Projects\DocxDocument\DocumentModel.InOpenXml\CustomUI\BackstageGroup.cs","GetLabel","87"
"D:\OneDrive\VS\Projects\DocxDocument\DocumentModel.InOpenXml\CustomUI\BackstageGroup.cs","GetShowLabel","143"
"D:\OneDrive\VS\Projects\DocxDocument\DocumentModel.InOpenXml\CustomUI\BackstageGroup.cs","GetStyle","115"
"D:\OneDrive\VS\Projects\DocxDocument\DocumentModel.InOpenXml\CustomUI\BackstageGroup.cs","GetVisible","101"
"D:\OneDrive\VS\Projects\DocxDocument\DocumentModel.InOpenXml\CustomUI\BackstageGroup.cs","HelperText","122"
"D:\OneDrive\VS\Projects\DocxDocument\DocumentModel.InOpenXml\CustomUI\BackstageGroup.cs","Id","24"
"D:\OneDrive\VS\Projects\DocxDocument\DocumentModel.InOpenXml\CustomUI\BackstageGroup.cs","IdMso","45"
"D:\OneDrive\VS\Projects\DocxDocument\DocumentModel.InOpenXml\CustomUI\BackstageGroup.cs","InsertAfterMso","52"
"D:\OneDrive\VS\Projects\DocxDocument\DocumentModel.InOpenXml\CustomUI\BackstageGroup.cs","InsertAfterQualifiedId","66"
"D:\OneDrive\VS\Projects\DocxDocument\DocumentModel.InOpenXml\CustomUI\BackstageGroup.cs","InsertBeforeMso","59"
"D:\OneDrive\VS\Projects\DocxDocument\DocumentModel.InOpenXml\CustomUI\BackstageGroup.cs","InsertBeforeQualifiedId","73"
"D:\OneDrive\VS\Projects\DocxDocument\DocumentModel.InOpenXml\CustomUI\BackstageGroup.cs","Label","80"
"D:\OneDrive\VS\Projects\DocxDocument\DocumentModel.InOpenXml\CustomUI\BackstageGroup.cs","QualifiedId","31"
"D:\OneDrive\VS\Projects\DocxDocument\DocumentModel.InOpenXml\CustomUI\BackstageGroup.cs","ShowLabel","136"
"D:\OneDrive\VS\Projects\DocxDocument\DocumentModel.InOpenXml\CustomUI\BackstageGroup.cs","Style","108"
"D:\OneDrive\VS\Projects\DocxDocument\DocumentModel.InOpenXml\CustomUI\BackstageGroup.cs","Tag","38"
"D:\OneDrive\VS\Projects\DocxDocument\DocumentModel.InOpenXml\CustomUI\BackstageGroup.cs","Visible","94"
"D:\OneDrive\VS\Projects\DocxDocument\DocumentModel.InOpenXml\CustomUI\BackstageGroupButton.cs","Enabled","93"
"D:\OneDrive\VS\Projects\DocxDocument\DocumentModel.InOpenXml\CustomUI\BackstageGroupButton.cs","Expand","16"
"D:\OneDrive\VS\Projects\DocxDocument\DocumentModel.InOpenXml\CustomUI\BackstageGroupButton.cs","GetEnabled","100"
"D:\OneDrive\VS\Projects\DocxDocument\DocumentModel.InOpenXml\CustomUI\BackstageGroupButton.cs","GetImage","163"
"D:\OneDrive\VS\Projects\DocxDocument\DocumentModel.InOpenXml\CustomUI\BackstageGroupButton.cs","GetKeytip","142"
"D:\OneDrive\VS\Projects\DocxDocument\DocumentModel.InOpenXml\CustomUI\BackstageGroupButton.cs","GetLabel","114"
"D:\OneDrive\VS\Projects\DocxDocument\DocumentModel.InOpenXml\CustomUI\BackstageGroupButton.cs","GetScreentip","37"
"D:\OneDrive\VS\Projects\DocxDocument\DocumentModel.InOpenXml\CustomUI\BackstageGroupButton.cs","GetSupertip","51"
"D:\OneDrive\VS\Projects\DocxDocument\DocumentModel.InOpenXml\CustomUI\BackstageGroupButton.cs","GetVisible","128"
"D:\OneDrive\VS\Projects\DocxDocument\DocumentModel.InOpenXml\CustomUI\BackstageGroupButton.cs","Id","58"
"D:\OneDrive\VS\Projects\DocxDocument\DocumentModel.InOpenXml\CustomUI\BackstageGroupButton.cs","Image","149"
"D:\OneDrive\VS\Projects\DocxDocument\DocumentModel.InOpenXml\CustomUI\BackstageGroupButton.cs","ImageMso","156"
"D:\OneDrive\VS\Projects\DocxDocument\DocumentModel.InOpenXml\CustomUI\BackstageGroupButton.cs","IsDefinitive","86"
"D:\OneDrive\VS\Projects\DocxDocument\DocumentModel.InOpenXml\CustomUI\BackstageGroupButton.cs","Keytip","135"
"D:\OneDrive\VS\Projects\DocxDocument\DocumentModel.InOpenXml\CustomUI\BackstageGroupButton.cs","Label","107"
"D:\OneDrive\VS\Projects\DocxDocument\DocumentModel.InOpenXml\CustomUI\BackstageGroupButton.cs","OnAction","79"
"D:\OneDrive\VS\Projects\DocxDocument\DocumentModel.InOpenXml\CustomUI\BackstageGroupButton.cs","QualifiedId","65"
"D:\OneDrive\VS\Projects\DocxDocument\DocumentModel.InOpenXml\CustomUI\BackstageGroupButton.cs","Screentip","30"
"D:\OneDrive\VS\Projects\DocxDocument\DocumentModel.InOpenXml\CustomUI\BackstageGroupButton.cs","Style","23"
"D:\OneDrive\VS\Projects\DocxDocument\DocumentModel.InOpenXml\CustomUI\BackstageGroupButton.cs","Supertip","44"
"D:\OneDrive\VS\Projects\DocxDocument\DocumentModel.InOpenXml\CustomUI\BackstageGroupButton.cs","Tag","72"
"D:\OneDrive\VS\Projects\DocxDocument\DocumentModel.InOpenXml\CustomUI\BackstageGroupButton.cs","Visible","121"
"D:\OneDrive\VS\Projects\DocxDocument\DocumentModel.InOpenXml\CustomUI\BackstageItemType.cs","GetLabel","30"
"D:\OneDrive\VS\Projects\DocxDocument\DocumentModel.InOpenXml\CustomUI\BackstageItemType.cs","Id","16"
"D:\OneDrive\VS\Projects\DocxDocument\DocumentModel.InOpenXml\CustomUI\BackstageItemType.cs","Label","23"
"D:\OneDrive\VS\Projects\DocxDocument\DocumentModel.InOpenXml\CustomUI\BackstageLabelControl.cs","AlignLabel","37"
"D:\OneDrive\VS\Projects\DocxDocument\DocumentModel.InOpenXml\CustomUI\BackstageLabelControl.cs","Enabled","51"
"D:\OneDrive\VS\Projects\DocxDocument\DocumentModel.InOpenXml\CustomUI\BackstageLabelControl.cs","Expand","44"
"D:\OneDrive\VS\Projects\DocxDocument\DocumentModel.InOpenXml\CustomUI\BackstageLabelControl.cs","GetEnabled","58"
"D:\OneDrive\VS\Projects\DocxDocument\DocumentModel.InOpenXml\CustomUI\BackstageLabelControl.cs","GetLabel","72"
"D:\OneDrive\VS\Projects\DocxDocument\DocumentModel.InOpenXml\CustomUI\BackstageLabelControl.cs","GetVisible","86"
"D:\OneDrive\VS\Projects\DocxDocument\DocumentModel.InOpenXml\CustomUI\BackstageLabelControl.cs","Id","16"
"D:\OneDrive\VS\Projects\DocxDocument\DocumentModel.InOpenXml\CustomUI\BackstageLabelControl.cs","Label","65"
"D:\OneDrive\VS\Projects\DocxDocument\DocumentModel.InOpenXml\CustomUI\BackstageLabelControl.cs","NoWrap","93"
"D:\OneDrive\VS\Projects\DocxDocument\DocumentModel.InOpenXml\CustomUI\BackstageLabelControl.cs","QualifiedId","23"
"D:\OneDrive\VS\Projects\DocxDocument\DocumentModel.InOpenXml\CustomUI\BackstageLabelControl.cs","Tag","30"
"D:\OneDrive\VS\Projects\DocxDocument\DocumentModel.InOpenXml\CustomUI\BackstageLabelControl.cs","Visible","79"
"D:\OneDrive\VS\Projects\DocxDocument\DocumentModel.InOpenXml\CustomUI\BackstageMenuButton.cs","Description","16"
"D:\OneDrive\VS\Projects\DocxDocument\DocumentModel.InOpenXml\CustomUI\BackstageMenuButton.cs","Enabled","65"
"D:\OneDrive\VS\Projects\DocxDocument\DocumentModel.InOpenXml\CustomUI\BackstageMenuButton.cs","GetDescription","23"
"D:\OneDrive\VS\Projects\DocxDocument\DocumentModel.InOpenXml\CustomUI\BackstageMenuButton.cs","GetEnabled","72"
"D:\OneDrive\VS\Projects\DocxDocument\DocumentModel.InOpenXml\CustomUI\BackstageMenuButton.cs","GetImage","135"
"D:\OneDrive\VS\Projects\DocxDocument\DocumentModel.InOpenXml\CustomUI\BackstageMenuButton.cs","GetKeytip","114"
"D:\OneDrive\VS\Projects\DocxDocument\DocumentModel.InOpenXml\CustomUI\BackstageMenuButton.cs","GetLabel","86"
"D:\OneDrive\VS\Projects\DocxDocument\DocumentModel.InOpenXml\CustomUI\BackstageMenuButton.cs","GetVisible","100"
"D:\OneDrive\VS\Projects\DocxDocument\DocumentModel.InOpenXml\CustomUI\BackstageMenuButton.cs","Id","30"
"D:\OneDrive\VS\Projects\DocxDocument\DocumentModel.InOpenXml\CustomUI\BackstageMenuButton.cs","Image","121"
"D:\OneDrive\VS\Projects\DocxDocument\DocumentModel.InOpenXml\CustomUI\BackstageMenuButton.cs","ImageMso","128"
"D:\OneDrive\VS\Projects\DocxDocument\DocumentModel.InOpenXml\CustomUI\BackstageMenuButton.cs","IsDefinitive","58"
"D:\OneDrive\VS\Projects\DocxDocument\DocumentModel.InOpenXml\CustomUI\BackstageMenuButton.cs","Keytip","107"
"D:\OneDrive\VS\Projects\DocxDocument\DocumentModel.InOpenXml\CustomUI\BackstageMenuButton.cs","Label","79"
"D:\OneDrive\VS\Projects\DocxDocument\DocumentModel.InOpenXml\CustomUI\BackstageMenuButton.cs","OnAction","51"
"D:\OneDrive\VS\Projects\DocxDocument\DocumentModel.InOpenXml\CustomUI\BackstageMenuButton.cs","QualifiedId","37"
"D:\OneDrive\VS\Projects\DocxDocument\DocumentModel.InOpenXml\CustomUI\BackstageMenuButton.cs","Tag","44"
"D:\OneDrive\VS\Projects\DocxDocument\DocumentModel.InOpenXml\CustomUI\BackstageMenuButton.cs","Visible","93"
"D:\OneDrive\VS\Projects\DocxDocument\DocumentModel.InOpenXml\CustomUI\BackstageMenuGroup.cs","GetLabel","53"
"D:\OneDrive\VS\Projects\DocxDocument\DocumentModel.InOpenXml\CustomUI\BackstageMenuGroup.cs","Id","25"
"D:\OneDrive\VS\Projects\DocxDocument\DocumentModel.InOpenXml\CustomUI\BackstageMenuGroup.cs","ItemSize","60"
"D:\OneDrive\VS\Projects\DocxDocument\DocumentModel.InOpenXml\CustomUI\BackstageMenuGroup.cs","Label","46"
"D:\OneDrive\VS\Projects\DocxDocument\DocumentModel.InOpenXml\CustomUI\BackstageMenuGroup.cs","QualifiedId","32"
"D:\OneDrive\VS\Projects\DocxDocument\DocumentModel.InOpenXml\CustomUI\BackstageMenuGroup.cs","Tag","39"
"D:\OneDrive\VS\Projects\DocxDocument\DocumentModel.InOpenXml\CustomUI\BackstageMenuToggleButton.cs","Description","37"
"D:\OneDrive\VS\Projects\DocxDocument\DocumentModel.InOpenXml\CustomUI\BackstageMenuToggleButton.cs","Enabled","86"
"D:\OneDrive\VS\Projects\DocxDocument\DocumentModel.InOpenXml\CustomUI\BackstageMenuToggleButton.cs","GetDescription","44"
"D:\OneDrive\VS\Projects\DocxDocument\DocumentModel.InOpenXml\CustomUI\BackstageMenuToggleButton.cs","GetEnabled","93"
"D:\OneDrive\VS\Projects\DocxDocument\DocumentModel.InOpenXml\CustomUI\BackstageMenuToggleButton.cs","GetImage","30"
"D:\OneDrive\VS\Projects\DocxDocument\DocumentModel.InOpenXml\CustomUI\BackstageMenuToggleButton.cs","GetKeytip","135"
"D:\OneDrive\VS\Projects\DocxDocument\DocumentModel.InOpenXml\CustomUI\BackstageMenuToggleButton.cs","GetLabel","107"
"D:\OneDrive\VS\Projects\DocxDocument\DocumentModel.InOpenXml\CustomUI\BackstageMenuToggleButton.cs","GetPressed","79"
"D:\OneDrive\VS\Projects\DocxDocument\DocumentModel.InOpenXml\CustomUI\BackstageMenuToggleButton.cs","GetVisible","121"
"D:\OneDrive\VS\Projects\DocxDocument\DocumentModel.InOpenXml\CustomUI\BackstageMenuToggleButton.cs","Id","51"
"D:\OneDrive\VS\Projects\DocxDocument\DocumentModel.InOpenXml\CustomUI\BackstageMenuToggleButton.cs","Image","16"
"D:\OneDrive\VS\Projects\DocxDocument\DocumentModel.InOpenXml\CustomUI\BackstageMenuToggleButton.cs","ImageMso","23"
"D:\OneDrive\VS\Projects\DocxDocument\DocumentModel.InOpenXml\CustomUI\BackstageMenuToggleButton.cs","Keytip","128"
"D:\OneDrive\VS\Projects\DocxDocument\DocumentModel.InOpenXml\CustomUI\BackstageMenuToggleButton.cs","Label","100"
"D:\OneDrive\VS\Projects\DocxDocument\DocumentModel.InOpenXml\CustomUI\BackstageMenuToggleButton.cs","OnAction","72"
"D:\OneDrive\VS\Projects\DocxDocument\DocumentModel.InOpenXml\CustomUI\BackstageMenuToggleButton.cs","QualifiedId","58"
"D:\OneDrive\VS\Projects\DocxDocument\DocumentModel.InOpenXml\CustomUI\BackstageMenuToggleButton.cs","Tag","65"
"D:\OneDrive\VS\Projects\DocxDocument\DocumentModel.InOpenXml\CustomUI\BackstageMenuToggleButton.cs","Visible","114"
"D:\OneDrive\VS\Projects\DocxDocument\DocumentModel.InOpenXml\CustomUI\BackstagePrimaryMenu.cs","Enabled","71"
"D:\OneDrive\VS\Projects\DocxDocument\DocumentModel.InOpenXml\CustomUI\BackstagePrimaryMenu.cs","GetEnabled","78"
"D:\OneDrive\VS\Projects\DocxDocument\DocumentModel.InOpenXml\CustomUI\BackstagePrimaryMenu.cs","GetImage","127"
"D:\OneDrive\VS\Projects\DocxDocument\DocumentModel.InOpenXml\CustomUI\BackstagePrimaryMenu.cs","GetKeytip","141"
"D:\OneDrive\VS\Projects\DocxDocument\DocumentModel.InOpenXml\CustomUI\BackstagePrimaryMenu.cs","GetLabel","92"
"D:\OneDrive\VS\Projects\DocxDocument\DocumentModel.InOpenXml\CustomUI\BackstagePrimaryMenu.cs","GetScreentip","29"
"D:\OneDrive\VS\Projects\DocxDocument\DocumentModel.InOpenXml\CustomUI\BackstagePrimaryMenu.cs","GetSupertip","43"
"D:\OneDrive\VS\Projects\DocxDocument\DocumentModel.InOpenXml\CustomUI\BackstagePrimaryMenu.cs","GetVisible","106"
"D:\OneDrive\VS\Projects\DocxDocument\DocumentModel.InOpenXml\CustomUI\BackstagePrimaryMenu.cs","Id","50"
"D:\OneDrive\VS\Projects\DocxDocument\DocumentModel.InOpenXml\CustomUI\BackstagePrimaryMenu.cs","Image","113"
"D:\OneDrive\VS\Projects\DocxDocument\DocumentModel.InOpenXml\CustomUI\BackstagePrimaryMenu.cs","ImageMso","120"
"D:\OneDrive\VS\Projects\DocxDocument\DocumentModel.InOpenXml\CustomUI\BackstagePrimaryMenu.cs","Keytip","134"
"D:\OneDrive\VS\Projects\DocxDocument\DocumentModel.InOpenXml\CustomUI\BackstagePrimaryMenu.cs","Label","85"
"D:\OneDrive\VS\Projects\DocxDocument\DocumentModel.InOpenXml\CustomUI\BackstagePrimaryMenu.cs","QualifiedId","57"
"D:\OneDrive\VS\Projects\DocxDocument\DocumentModel.InOpenXml\CustomUI\BackstagePrimaryMenu.cs","Screentip","22"
"D:\OneDrive\VS\Projects\DocxDocument\DocumentModel.InOpenXml\CustomUI\BackstagePrimaryMenu.cs","Supertip","36"
"D:\OneDrive\VS\Projects\DocxDocument\DocumentModel.InOpenXml\CustomUI\BackstagePrimaryMenu.cs","Tag","64"
"D:\OneDrive\VS\Projects\DocxDocument\DocumentModel.InOpenXml\CustomUI\BackstagePrimaryMenu.cs","Visible","99"
"D:\OneDrive\VS\Projects\DocxDocument\DocumentModel.InOpenXml\CustomUI\BackstageRegularButton.cs","Enabled","79"
"D:\OneDrive\VS\Projects\DocxDocument\DocumentModel.InOpenXml\CustomUI\BackstageRegularButton.cs","GetEnabled","86"
"D:\OneDrive\VS\Projects\DocxDocument\DocumentModel.InOpenXml\CustomUI\BackstageRegularButton.cs","GetImage","149"
"D:\OneDrive\VS\Projects\DocxDocument\DocumentModel.InOpenXml\CustomUI\BackstageRegularButton.cs","GetKeytip","128"
"D:\OneDrive\VS\Projects\DocxDocument\DocumentModel.InOpenXml\CustomUI\BackstageRegularButton.cs","GetLabel","100"
"D:\OneDrive\VS\Projects\DocxDocument\DocumentModel.InOpenXml\CustomUI\BackstageRegularButton.cs","GetScreentip","23"
"D:\OneDrive\VS\Projects\DocxDocument\DocumentModel.InOpenXml\CustomUI\BackstageRegularButton.cs","GetSupertip","37"
"D:\OneDrive\VS\Projects\DocxDocument\DocumentModel.InOpenXml\CustomUI\BackstageRegularButton.cs","GetVisible","114"
"D:\OneDrive\VS\Projects\DocxDocument\DocumentModel.InOpenXml\CustomUI\BackstageRegularButton.cs","Id","44"
"D:\OneDrive\VS\Projects\DocxDocument\DocumentModel.InOpenXml\CustomUI\BackstageRegularButton.cs","Image","135"
"D:\OneDrive\VS\Projects\DocxDocument\DocumentModel.InOpenXml\CustomUI\BackstageRegularButton.cs","ImageMso","142"
"D:\OneDrive\VS\Projects\DocxDocument\DocumentModel.InOpenXml\CustomUI\BackstageRegularButton.cs","IsDefinitive","72"
"D:\OneDrive\VS\Projects\DocxDocument\DocumentModel.InOpenXml\CustomUI\BackstageRegularButton.cs","Keytip","121"
"D:\OneDrive\VS\Projects\DocxDocument\DocumentModel.InOpenXml\CustomUI\BackstageRegularButton.cs","Label","93"
"D:\OneDrive\VS\Projects\DocxDocument\DocumentModel.InOpenXml\CustomUI\BackstageRegularButton.cs","OnAction","65"
"D:\OneDrive\VS\Projects\DocxDocument\DocumentModel.InOpenXml\CustomUI\BackstageRegularButton.cs","QualifiedId","51"
"D:\OneDrive\VS\Projects\DocxDocument\DocumentModel.InOpenXml\CustomUI\BackstageRegularButton.cs","Screentip","16"
"D:\OneDrive\VS\Projects\DocxDocument\DocumentModel.InOpenXml\CustomUI\BackstageRegularButton.cs","Supertip","30"
"D:\OneDrive\VS\Projects\DocxDocument\DocumentModel.InOpenXml\CustomUI\BackstageRegularButton.cs","Tag","58"
"D:\OneDrive\VS\Projects\DocxDocument\DocumentModel.InOpenXml\CustomUI\BackstageRegularButton.cs","Visible","107"
"D:\OneDrive\VS\Projects\DocxDocument\DocumentModel.InOpenXml\CustomUI\BackstageSubMenu.cs","Description","22"
"D:\OneDrive\VS\Projects\DocxDocument\DocumentModel.InOpenXml\CustomUI\BackstageSubMenu.cs","Enabled","57"
"D:\OneDrive\VS\Projects\DocxDocument\DocumentModel.InOpenXml\CustomUI\BackstageSubMenu.cs","GetDescription","29"
"D:\OneDrive\VS\Projects\DocxDocument\DocumentModel.InOpenXml\CustomUI\BackstageSubMenu.cs","GetEnabled","64"
"D:\OneDrive\VS\Projects\DocxDocument\DocumentModel.InOpenXml\CustomUI\BackstageSubMenu.cs","GetImage","113"
"D:\OneDrive\VS\Projects\DocxDocument\DocumentModel.InOpenXml\CustomUI\BackstageSubMenu.cs","GetKeytip","127"
"D:\OneDrive\VS\Projects\DocxDocument\DocumentModel.InOpenXml\CustomUI\BackstageSubMenu.cs","GetLabel","78"
"D:\OneDrive\VS\Projects\DocxDocument\DocumentModel.InOpenXml\CustomUI\BackstageSubMenu.cs","GetVisible","92"
"D:\OneDrive\VS\Projects\DocxDocument\DocumentModel.InOpenXml\CustomUI\BackstageSubMenu.cs","Id","36"
"D:\OneDrive\VS\Projects\DocxDocument\DocumentModel.InOpenXml\CustomUI\BackstageSubMenu.cs","Image","99"
"D:\OneDrive\VS\Projects\DocxDocument\DocumentModel.InOpenXml\CustomUI\BackstageSubMenu.cs","ImageMso","106"
"D:\OneDrive\VS\Projects\DocxDocument\DocumentModel.InOpenXml\CustomUI\BackstageSubMenu.cs","Keytip","120"
"D:\OneDrive\VS\Projects\DocxDocument\DocumentModel.InOpenXml\CustomUI\BackstageSubMenu.cs","Label","71"
"D:\OneDrive\VS\Projects\DocxDocument\DocumentModel.InOpenXml\CustomUI\BackstageSubMenu.cs","QualifiedId","43"
"D:\OneDrive\VS\Projects\DocxDocument\DocumentModel.InOpenXml\CustomUI\BackstageSubMenu.cs","Tag","50"
"D:\OneDrive\VS\Projects\DocxDocument\DocumentModel.InOpenXml\CustomUI\BackstageSubMenu.cs","Visible","85"
"D:\OneDrive\VS\Projects\DocxDocument\DocumentModel.InOpenXml\CustomUI\BackstageTab.cs","BackstageGroups","184"
"D:\OneDrive\VS\Projects\DocxDocument\DocumentModel.InOpenXml\CustomUI\BackstageTab.cs","ColumnWidthPercent","149"
"D:\OneDrive\VS\Projects\DocxDocument\DocumentModel.InOpenXml\CustomUI\BackstageTab.cs","Enabled","79"
"D:\OneDrive\VS\Projects\DocxDocument\DocumentModel.InOpenXml\CustomUI\BackstageTab.cs","FirstColumnMaxWidth","163"
"D:\OneDrive\VS\Projects\DocxDocument\DocumentModel.InOpenXml\CustomUI\BackstageTab.cs","FirstColumnMinWidth","156"
"D:\OneDrive\VS\Projects\DocxDocument\DocumentModel.InOpenXml\CustomUI\BackstageTab.cs","GetEnabled","86"
"D:\OneDrive\VS\Projects\DocxDocument\DocumentModel.InOpenXml\CustomUI\BackstageTab.cs","GetKeytip","128"
"D:\OneDrive\VS\Projects\DocxDocument\DocumentModel.InOpenXml\CustomUI\BackstageTab.cs","GetLabel","100"
"D:\OneDrive\VS\Projects\DocxDocument\DocumentModel.InOpenXml\CustomUI\BackstageTab.cs","GetTitle","142"
"D:\OneDrive\VS\Projects\DocxDocument\DocumentModel.InOpenXml\CustomUI\BackstageTab.cs","GetVisible","114"
"D:\OneDrive\VS\Projects\DocxDocument\DocumentModel.InOpenXml\CustomUI\BackstageTab.cs","Id","23"
"D:\OneDrive\VS\Projects\DocxDocument\DocumentModel.InOpenXml\CustomUI\BackstageTab.cs","IdMso","44"
"D:\OneDrive\VS\Projects\DocxDocument\DocumentModel.InOpenXml\CustomUI\BackstageTab.cs","InsertAfterMso","51"
"D:\OneDrive\VS\Projects\DocxDocument\DocumentModel.InOpenXml\CustomUI\BackstageTab.cs","InsertAfterQualifiedId","65"
"D:\OneDrive\VS\Projects\DocxDocument\DocumentModel.InOpenXml\CustomUI\BackstageTab.cs","InsertBeforeMso","58"
"D:\OneDrive\VS\Projects\DocxDocument\DocumentModel.InOpenXml\CustomUI\BackstageTab.cs","InsertBeforeQualifiedId","72"
"D:\OneDrive\VS\Projects\DocxDocument\DocumentModel.InOpenXml\CustomUI\BackstageTab.cs","Keytip","121"
"D:\OneDrive\VS\Projects\DocxDocument\DocumentModel.InOpenXml\CustomUI\BackstageTab.cs","Label","93"
"D:\OneDrive\VS\Projects\DocxDocument\DocumentModel.InOpenXml\CustomUI\BackstageTab.cs","QualifiedId","30"
"D:\OneDrive\VS\Projects\DocxDocument\DocumentModel.InOpenXml\CustomUI\BackstageTab.cs","SecondColumnMaxWidth","177"
"D:\OneDrive\VS\Projects\DocxDocument\DocumentModel.InOpenXml\CustomUI\BackstageTab.cs","SecondColumnMinWidth","170"
"D:\OneDrive\VS\Projects\DocxDocument\DocumentModel.InOpenXml\CustomUI\BackstageTab.cs","SimpleGroups","191"
"D:\OneDrive\VS\Projects\DocxDocument\DocumentModel.InOpenXml\CustomUI\BackstageTab.cs","Tag","37"
"D:\OneDrive\VS\Projects\DocxDocument\DocumentModel.InOpenXml\CustomUI\BackstageTab.cs","Title","135"
"D:\OneDrive\VS\Projects\DocxDocument\DocumentModel.InOpenXml\CustomUI\BackstageTab.cs","Visible","107"
"D:\OneDrive\VS\Projects\DocxDocument\DocumentModel.InOpenXml\CustomUI\Box.cs","BoxStyle","98"
"D:\OneDrive\VS\Projects\DocxDocument\DocumentModel.InOpenXml\CustomUI\Box.cs","GetVisible","63"
"D:\OneDrive\VS\Projects\DocxDocument\DocumentModel.InOpenXml\CustomUI\Box.cs","Id","35"
"D:\OneDrive\VS\Projects\DocxDocument\DocumentModel.InOpenXml\CustomUI\Box.cs","InsertAfterMso","70"
"D:\OneDrive\VS\Projects\DocxDocument\DocumentModel.InOpenXml\CustomUI\Box.cs","InsertAfterQualifiedId","84"
"D:\OneDrive\VS\Projects\DocxDocument\DocumentModel.InOpenXml\CustomUI\Box.cs","InsertBeforeMso","77"
"D:\OneDrive\VS\Projects\DocxDocument\DocumentModel.InOpenXml\CustomUI\Box.cs","InsertBeforeQualifiedId","91"
"D:\OneDrive\VS\Projects\DocxDocument\DocumentModel.InOpenXml\CustomUI\Box.cs","QualifiedId","42"
"D:\OneDrive\VS\Projects\DocxDocument\DocumentModel.InOpenXml\CustomUI\Box.cs","Tag","49"
"D:\OneDrive\VS\Projects\DocxDocument\DocumentModel.InOpenXml\CustomUI\Box.cs","Visible","56"
"D:\OneDrive\VS\Projects\DocxDocument\DocumentModel.InOpenXml\CustomUI\Button.cs","Description","51"
"D:\OneDrive\VS\Projects\DocxDocument\DocumentModel.InOpenXml\CustomUI\Button.cs","Enabled","37"
"D:\OneDrive\VS\Projects\DocxDocument\DocumentModel.InOpenXml\CustomUI\Button.cs","GetDescription","58"
"D:\OneDrive\VS\Projects\DocxDocument\DocumentModel.InOpenXml\CustomUI\Button.cs","GetEnabled","44"
"D:\OneDrive\VS\Projects\DocxDocument\DocumentModel.InOpenXml\CustomUI\Button.cs","GetImage","79"
"D:\OneDrive\VS\Projects\DocxDocument\DocumentModel.InOpenXml\CustomUI\Button.cs","GetKeytip","205"
"D:\OneDrive\VS\Projects\DocxDocument\DocumentModel.InOpenXml\CustomUI\Button.cs","GetLabel","149"
"D:\OneDrive\VS\Projects\DocxDocument\DocumentModel.InOpenXml\CustomUI\Button.cs","GetScreentip","121"
"D:\OneDrive\VS\Projects\DocxDocument\DocumentModel.InOpenXml\CustomUI\Button.cs","GetShowImage","233"
"D:\OneDrive\VS\Projects\DocxDocument\DocumentModel.InOpenXml\CustomUI\Button.cs","GetShowLabel","219"
"D:\OneDrive\VS\Projects\DocxDocument\DocumentModel.InOpenXml\CustomUI\Button.cs","GetSize","23"
"D:\OneDrive\VS\Projects\DocxDocument\DocumentModel.InOpenXml\CustomUI\Button.cs","GetSupertip","135"
"D:\OneDrive\VS\Projects\DocxDocument\DocumentModel.InOpenXml\CustomUI\Button.cs","GetVisible","191"
"D:\OneDrive\VS\Projects\DocxDocument\DocumentModel.InOpenXml\CustomUI\Button.cs","Id","86"
"D:\OneDrive\VS\Projects\DocxDocument\DocumentModel.InOpenXml\CustomUI\Button.cs","IdMso","107"
"D:\OneDrive\VS\Projects\DocxDocument\DocumentModel.InOpenXml\CustomUI\Button.cs","Image","65"
"D:\OneDrive\VS\Projects\DocxDocument\DocumentModel.InOpenXml\CustomUI\Button.cs","ImageMso","72"
"D:\OneDrive\VS\Projects\DocxDocument\DocumentModel.InOpenXml\CustomUI\Button.cs","InsertAfterMso","156"
"D:\OneDrive\VS\Projects\DocxDocument\DocumentModel.InOpenXml\CustomUI\Button.cs","InsertAfterQualifiedId","170"
"D:\OneDrive\VS\Projects\DocxDocument\DocumentModel.InOpenXml\CustomUI\Button.cs","InsertBeforeMso","163"
"D:\OneDrive\VS\Projects\DocxDocument\DocumentModel.InOpenXml\CustomUI\Button.cs","InsertBeforeQualifiedId","177"
"D:\OneDrive\VS\Projects\DocxDocument\DocumentModel.InOpenXml\CustomUI\Button.cs","Keytip","198"
"D:\OneDrive\VS\Projects\DocxDocument\DocumentModel.InOpenXml\CustomUI\Button.cs","Label","142"
"D:\OneDrive\VS\Projects\DocxDocument\DocumentModel.InOpenXml\CustomUI\Button.cs","OnAction","30"
"D:\OneDrive\VS\Projects\DocxDocument\DocumentModel.InOpenXml\CustomUI\Button.cs","QualifiedId","93"
"D:\OneDrive\VS\Projects\DocxDocument\DocumentModel.InOpenXml\CustomUI\Button.cs","Screentip","114"
"D:\OneDrive\VS\Projects\DocxDocument\DocumentModel.InOpenXml\CustomUI\Button.cs","ShowImage","226"
"D:\OneDrive\VS\Projects\DocxDocument\DocumentModel.InOpenXml\CustomUI\Button.cs","ShowLabel","212"
"D:\OneDrive\VS\Projects\DocxDocument\DocumentModel.InOpenXml\CustomUI\Button.cs","Size","16"
"D:\OneDrive\VS\Projects\DocxDocument\DocumentModel.InOpenXml\CustomUI\Button.cs","Supertip","128"
"D:\OneDrive\VS\Projects\DocxDocument\DocumentModel.InOpenXml\CustomUI\Button.cs","Tag","100"
"D:\OneDrive\VS\Projects\DocxDocument\DocumentModel.InOpenXml\CustomUI\Button.cs","Visible","184"
"D:\OneDrive\VS\Projects\DocxDocument\DocumentModel.InOpenXml\CustomUI\ButtonGroup.cs","GetVisible","57"
"D:\OneDrive\VS\Projects\DocxDocument\DocumentModel.InOpenXml\CustomUI\ButtonGroup.cs","Id","29"
"D:\OneDrive\VS\Projects\DocxDocument\DocumentModel.InOpenXml\CustomUI\ButtonGroup.cs","InsertAfterMso","64"
"D:\OneDrive\VS\Projects\DocxDocument\DocumentModel.InOpenXml\CustomUI\ButtonGroup.cs","InsertAfterQualifiedId","78"
"D:\OneDrive\VS\Projects\DocxDocument\DocumentModel.InOpenXml\CustomUI\ButtonGroup.cs","InsertBeforeMso","71"
"D:\OneDrive\VS\Projects\DocxDocument\DocumentModel.InOpenXml\CustomUI\ButtonGroup.cs","InsertBeforeQualifiedId","85"
"D:\OneDrive\VS\Projects\DocxDocument\DocumentModel.InOpenXml\CustomUI\ButtonGroup.cs","QualifiedId","36"
"D:\OneDrive\VS\Projects\DocxDocument\DocumentModel.InOpenXml\CustomUI\ButtonGroup.cs","Tag","43"
"D:\OneDrive\VS\Projects\DocxDocument\DocumentModel.InOpenXml\CustomUI\ButtonGroup.cs","Visible","50"
"D:\OneDrive\VS\Projects\DocxDocument\DocumentModel.InOpenXml\CustomUI\ButtonRegular.cs","Description","37"
"D:\OneDrive\VS\Projects\DocxDocument\DocumentModel.InOpenXml\CustomUI\ButtonRegular.cs","Enabled","23"
"D:\OneDrive\VS\Projects\DocxDocument\DocumentModel.InOpenXml\CustomUI\ButtonRegular.cs","GetDescription","44"
"D:\OneDrive\VS\Projects\DocxDocument\DocumentModel.InOpenXml\CustomUI\ButtonRegular.cs","GetEnabled","30"
"D:\OneDrive\VS\Projects\DocxDocument\DocumentModel.InOpenXml\CustomUI\ButtonRegular.cs","GetImage","65"
"D:\OneDrive\VS\Projects\DocxDocument\DocumentModel.InOpenXml\CustomUI\ButtonRegular.cs","GetKeytip","191"
"D:\OneDrive\VS\Projects\DocxDocument\DocumentModel.InOpenXml\CustomUI\ButtonRegular.cs","GetLabel","135"
"D:\OneDrive\VS\Projects\DocxDocument\DocumentModel.InOpenXml\CustomUI\ButtonRegular.cs","GetScreentip","107"
"D:\OneDrive\VS\Projects\DocxDocument\DocumentModel.InOpenXml\CustomUI\ButtonRegular.cs","GetShowImage","219"
"D:\OneDrive\VS\Projects\DocxDocument\DocumentModel.InOpenXml\CustomUI\ButtonRegular.cs","GetShowLabel","205"
"D:\OneDrive\VS\Projects\DocxDocument\DocumentModel.InOpenXml\CustomUI\ButtonRegular.cs","GetSupertip","121"
"D:\OneDrive\VS\Projects\DocxDocument\DocumentModel.InOpenXml\CustomUI\ButtonRegular.cs","GetVisible","177"
"D:\OneDrive\VS\Projects\DocxDocument\DocumentModel.InOpenXml\CustomUI\ButtonRegular.cs","Id","72"
"D:\OneDrive\VS\Projects\DocxDocument\DocumentModel.InOpenXml\CustomUI\ButtonRegular.cs","IdMso","93"
"D:\OneDrive\VS\Projects\DocxDocument\DocumentModel.InOpenXml\CustomUI\ButtonRegular.cs","Image","51"
"D:\OneDrive\VS\Projects\DocxDocument\DocumentModel.InOpenXml\CustomUI\ButtonRegular.cs","ImageMso","58"
"D:\OneDrive\VS\Projects\DocxDocument\DocumentModel.InOpenXml\CustomUI\ButtonRegular.cs","InsertAfterMso","142"
"D:\OneDrive\VS\Projects\DocxDocument\DocumentModel.InOpenXml\CustomUI\ButtonRegular.cs","InsertAfterQualifiedId","156"
"D:\OneDrive\VS\Projects\DocxDocument\DocumentModel.InOpenXml\CustomUI\ButtonRegular.cs","InsertBeforeMso","149"
"D:\OneDrive\VS\Projects\DocxDocument\DocumentModel.InOpenXml\CustomUI\ButtonRegular.cs","InsertBeforeQualifiedId","163"
"D:\OneDrive\VS\Projects\DocxDocument\DocumentModel.InOpenXml\CustomUI\ButtonRegular.cs","Keytip","184"
"D:\OneDrive\VS\Projects\DocxDocument\DocumentModel.InOpenXml\CustomUI\ButtonRegular.cs","Label","128"
"D:\OneDrive\VS\Projects\DocxDocument\DocumentModel.InOpenXml\CustomUI\ButtonRegular.cs","OnAction","16"
"D:\OneDrive\VS\Projects\DocxDocument\DocumentModel.InOpenXml\CustomUI\ButtonRegular.cs","QualifiedId","79"
"D:\OneDrive\VS\Projects\DocxDocument\DocumentModel.InOpenXml\CustomUI\ButtonRegular.cs","Screentip","100"
"D:\OneDrive\VS\Projects\DocxDocument\DocumentModel.InOpenXml\CustomUI\ButtonRegular.cs","ShowImage","212"
"D:\OneDrive\VS\Projects\DocxDocument\DocumentModel.InOpenXml\CustomUI\ButtonRegular.cs","ShowLabel","198"
"D:\OneDrive\VS\Projects\DocxDocument\DocumentModel.InOpenXml\CustomUI\ButtonRegular.cs","Supertip","114"
"D:\OneDrive\VS\Projects\DocxDocument\DocumentModel.InOpenXml\CustomUI\ButtonRegular.cs","Tag","86"
"D:\OneDrive\VS\Projects\DocxDocument\DocumentModel.InOpenXml\CustomUI\ButtonRegular.cs","Visible","170"
"D:\OneDrive\VS\Projects\DocxDocument\DocumentModel.InOpenXml\CustomUI\CheckBox.cs","Description","44"
"D:\OneDrive\VS\Projects\DocxDocument\DocumentModel.InOpenXml\CustomUI\CheckBox.cs","Enabled","30"
"D:\OneDrive\VS\Projects\DocxDocument\DocumentModel.InOpenXml\CustomUI\CheckBox.cs","GetDescription","51"
"D:\OneDrive\VS\Projects\DocxDocument\DocumentModel.InOpenXml\CustomUI\CheckBox.cs","GetEnabled","37"
"D:\OneDrive\VS\Projects\DocxDocument\DocumentModel.InOpenXml\CustomUI\CheckBox.cs","GetKeytip","177"
"D:\OneDrive\VS\Projects\DocxDocument\DocumentModel.InOpenXml\CustomUI\CheckBox.cs","GetLabel","121"
"D:\OneDrive\VS\Projects\DocxDocument\DocumentModel.InOpenXml\CustomUI\CheckBox.cs","GetPressed","16"
"D:\OneDrive\VS\Projects\DocxDocument\DocumentModel.InOpenXml\CustomUI\CheckBox.cs","GetScreentip","93"
"D:\OneDrive\VS\Projects\DocxDocument\DocumentModel.InOpenXml\CustomUI\CheckBox.cs","GetSupertip","107"
"D:\OneDrive\VS\Projects\DocxDocument\DocumentModel.InOpenXml\CustomUI\CheckBox.cs","GetVisible","163"
"D:\OneDrive\VS\Projects\DocxDocument\DocumentModel.InOpenXml\CustomUI\CheckBox.cs","Id","58"
"D:\OneDrive\VS\Projects\DocxDocument\DocumentModel.InOpenXml\CustomUI\CheckBox.cs","IdMso","79"
"D:\OneDrive\VS\Projects\DocxDocument\DocumentModel.InOpenXml\CustomUI\CheckBox.cs","InsertAfterMso","128"
"D:\OneDrive\VS\Projects\DocxDocument\DocumentModel.InOpenXml\CustomUI\CheckBox.cs","InsertAfterQualifiedId","142"
"D:\OneDrive\VS\Projects\DocxDocument\DocumentModel.InOpenXml\CustomUI\CheckBox.cs","InsertBeforeMso","135"
"D:\OneDrive\VS\Projects\DocxDocument\DocumentModel.InOpenXml\CustomUI\CheckBox.cs","InsertBeforeQualifiedId","149"
"D:\OneDrive\VS\Projects\DocxDocument\DocumentModel.InOpenXml\CustomUI\CheckBox.cs","Keytip","170"
"D:\OneDrive\VS\Projects\DocxDocument\DocumentModel.InOpenXml\CustomUI\CheckBox.cs","Label","114"
"D:\OneDrive\VS\Projects\DocxDocument\DocumentModel.InOpenXml\CustomUI\CheckBox.cs","OnAction","23"
"D:\OneDrive\VS\Projects\DocxDocument\DocumentModel.InOpenXml\CustomUI\CheckBox.cs","QualifiedId","65"
"D:\OneDrive\VS\Projects\DocxDocument\DocumentModel.InOpenXml\CustomUI\CheckBox.cs","Screentip","86"
"D:\OneDrive\VS\Projects\DocxDocument\DocumentModel.InOpenXml\CustomUI\CheckBox.cs","Supertip","100"
"D:\OneDrive\VS\Projects\DocxDocument\DocumentModel.InOpenXml\CustomUI\CheckBox.cs","Tag","72"
"D:\OneDrive\VS\Projects\DocxDocument\DocumentModel.InOpenXml\CustomUI\CheckBox.cs","Visible","156"
"D:\OneDrive\VS\Projects\DocxDocument\DocumentModel.InOpenXml\CustomUI\ComboBox.cs","Enabled","85"
"D:\OneDrive\VS\Projects\DocxDocument\DocumentModel.InOpenXml\CustomUI\ComboBox.cs","GetEnabled","92"
"D:\OneDrive\VS\Projects\DocxDocument\DocumentModel.InOpenXml\CustomUI\ComboBox.cs","GetImage","113"
"D:\OneDrive\VS\Projects\DocxDocument\DocumentModel.InOpenXml\CustomUI\ComboBox.cs","GetItemCount","29"
"D:\OneDrive\VS\Projects\DocxDocument\DocumentModel.InOpenXml\CustomUI\ComboBox.cs","GetItemID","64"
"D:\OneDrive\VS\Projects\DocxDocument\DocumentModel.InOpenXml\CustomUI\ComboBox.cs","GetItemImage","57"
"D:\OneDrive\VS\Projects\DocxDocument\DocumentModel.InOpenXml\CustomUI\ComboBox.cs","GetItemLabel","36"
"D:\OneDrive\VS\Projects\DocxDocument\DocumentModel.InOpenXml\CustomUI\ComboBox.cs","GetItemScreentip","43"
"D:\OneDrive\VS\Projects\DocxDocument\DocumentModel.InOpenXml\CustomUI\ComboBox.cs","GetItemSupertip","50"
"D:\OneDrive\VS\Projects\DocxDocument\DocumentModel.InOpenXml\CustomUI\ComboBox.cs","GetKeytip","260"
"D:\OneDrive\VS\Projects\DocxDocument\DocumentModel.InOpenXml\CustomUI\ComboBox.cs","GetLabel","204"
"D:\OneDrive\VS\Projects\DocxDocument\DocumentModel.InOpenXml\CustomUI\ComboBox.cs","GetScreentip","176"
"D:\OneDrive\VS\Projects\DocxDocument\DocumentModel.InOpenXml\CustomUI\ComboBox.cs","GetShowImage","288"
"D:\OneDrive\VS\Projects\DocxDocument\DocumentModel.InOpenXml\CustomUI\ComboBox.cs","GetShowLabel","274"
"D:\OneDrive\VS\Projects\DocxDocument\DocumentModel.InOpenXml\CustomUI\ComboBox.cs","GetSupertip","190"
"D:\OneDrive\VS\Projects\DocxDocument\DocumentModel.InOpenXml\CustomUI\ComboBox.cs","GetText","127"
"D:\OneDrive\VS\Projects\DocxDocument\DocumentModel.InOpenXml\CustomUI\ComboBox.cs","GetVisible","246"
"D:\OneDrive\VS\Projects\DocxDocument\DocumentModel.InOpenXml\CustomUI\ComboBox.cs","Id","141"
"D:\OneDrive\VS\Projects\DocxDocument\DocumentModel.InOpenXml\CustomUI\ComboBox.cs","IdMso","162"
"D:\OneDrive\VS\Projects\DocxDocument\DocumentModel.InOpenXml\CustomUI\ComboBox.cs","Image","99"
"D:\OneDrive\VS\Projects\DocxDocument\DocumentModel.InOpenXml\CustomUI\ComboBox.cs","ImageMso","106"
"D:\OneDrive\VS\Projects\DocxDocument\DocumentModel.InOpenXml\CustomUI\ComboBox.cs","InsertAfterMso","211"
"D:\OneDrive\VS\Projects\DocxDocument\DocumentModel.InOpenXml\CustomUI\ComboBox.cs","InsertAfterQualifiedId","225"
"D:\OneDrive\VS\Projects\DocxDocument\DocumentModel.InOpenXml\CustomUI\ComboBox.cs","InsertBeforeMso","218"
"D:\OneDrive\VS\Projects\DocxDocument\DocumentModel.InOpenXml\CustomUI\ComboBox.cs","InsertBeforeQualifiedId","232"
"D:\OneDrive\VS\Projects\DocxDocument\DocumentModel.InOpenXml\CustomUI\ComboBox.cs","InvalidateContentOnDrop","78"
"D:\OneDrive\VS\Projects\DocxDocument\DocumentModel.InOpenXml\CustomUI\ComboBox.cs","Keytip","253"
"D:\OneDrive\VS\Projects\DocxDocument\DocumentModel.InOpenXml\CustomUI\ComboBox.cs","Label","197"
"D:\OneDrive\VS\Projects\DocxDocument\DocumentModel.InOpenXml\CustomUI\ComboBox.cs","MaxLength","120"
"D:\OneDrive\VS\Projects\DocxDocument\DocumentModel.InOpenXml\CustomUI\ComboBox.cs","OnChange","134"
"D:\OneDrive\VS\Projects\DocxDocument\DocumentModel.InOpenXml\CustomUI\ComboBox.cs","QualifiedId","148"
"D:\OneDrive\VS\Projects\DocxDocument\DocumentModel.InOpenXml\CustomUI\ComboBox.cs","Screentip","169"
"D:\OneDrive\VS\Projects\DocxDocument\DocumentModel.InOpenXml\CustomUI\ComboBox.cs","ShowImage","281"
"D:\OneDrive\VS\Projects\DocxDocument\DocumentModel.InOpenXml\CustomUI\ComboBox.cs","ShowItemImage","22"
"D:\OneDrive\VS\Projects\DocxDocument\DocumentModel.InOpenXml\CustomUI\ComboBox.cs","ShowLabel","267"
"D:\OneDrive\VS\Projects\DocxDocument\DocumentModel.InOpenXml\CustomUI\ComboBox.cs","SizeString","71"
"D:\OneDrive\VS\Projects\DocxDocument\DocumentModel.InOpenXml\CustomUI\ComboBox.cs","Supertip","183"
"D:\OneDrive\VS\Projects\DocxDocument\DocumentModel.InOpenXml\CustomUI\ComboBox.cs","Tag","155"
"D:\OneDrive\VS\Projects\DocxDocument\DocumentModel.InOpenXml\CustomUI\ComboBox.cs","Visible","239"
"D:\OneDrive\VS\Projects\DocxDocument\DocumentModel.InOpenXml\CustomUI\Command.cs","Enabled","23"
"D:\OneDrive\VS\Projects\DocxDocument\DocumentModel.InOpenXml\CustomUI\Command.cs","GetEnabled","30"
"D:\OneDrive\VS\Projects\DocxDocument\DocumentModel.InOpenXml\CustomUI\Command.cs","IdMso","37"
"D:\OneDrive\VS\Projects\DocxDocument\DocumentModel.InOpenXml\CustomUI\Command.cs","OnAction","16"
"D:\OneDrive\VS\Projects\DocxDocument\DocumentModel.InOpenXml\CustomUI\ContextMenu.cs","IdMso","30"
"D:\OneDrive\VS\Projects\DocxDocument\DocumentModel.InOpenXml\CustomUI\ControlClone.cs","Description","44"
"D:\OneDrive\VS\Projects\DocxDocument\DocumentModel.InOpenXml\CustomUI\ControlClone.cs","Enabled","30"
"D:\OneDrive\VS\Projects\DocxDocument\DocumentModel.InOpenXml\CustomUI\ControlClone.cs","GetDescription","51"
"D:\OneDrive\VS\Projects\DocxDocument\DocumentModel.InOpenXml\CustomUI\ControlClone.cs","GetEnabled","37"
"D:\OneDrive\VS\Projects\DocxDocument\DocumentModel.InOpenXml\CustomUI\ControlClone.cs","GetImage","72"
"D:\OneDrive\VS\Projects\DocxDocument\DocumentModel.InOpenXml\CustomUI\ControlClone.cs","GetKeytip","191"
"D:\OneDrive\VS\Projects\DocxDocument\DocumentModel.InOpenXml\CustomUI\ControlClone.cs","GetLabel","135"
"D:\OneDrive\VS\Projects\DocxDocument\DocumentModel.InOpenXml\CustomUI\ControlClone.cs","GetScreentip","107"
"D:\OneDrive\VS\Projects\DocxDocument\DocumentModel.InOpenXml\CustomUI\ControlClone.cs","GetShowImage","219"
"D:\OneDrive\VS\Projects\DocxDocument\DocumentModel.InOpenXml\CustomUI\ControlClone.cs","GetShowLabel","205"
"D:\OneDrive\VS\Projects\DocxDocument\DocumentModel.InOpenXml\CustomUI\ControlClone.cs","GetSize","23"
"D:\OneDrive\VS\Projects\DocxDocument\DocumentModel.InOpenXml\CustomUI\ControlClone.cs","GetSupertip","121"
"D:\OneDrive\VS\Projects\DocxDocument\DocumentModel.InOpenXml\CustomUI\ControlClone.cs","GetVisible","177"
"D:\OneDrive\VS\Projects\DocxDocument\DocumentModel.InOpenXml\CustomUI\ControlClone.cs","IdMso","93"
"D:\OneDrive\VS\Projects\DocxDocument\DocumentModel.InOpenXml\CustomUI\ControlClone.cs","Image","58"
"D:\OneDrive\VS\Projects\DocxDocument\DocumentModel.InOpenXml\CustomUI\ControlClone.cs","ImageMso","65"
"D:\OneDrive\VS\Projects\DocxDocument\DocumentModel.InOpenXml\CustomUI\ControlClone.cs","InsertAfterMso","142"
"D:\OneDrive\VS\Projects\DocxDocument\DocumentModel.InOpenXml\CustomUI\ControlClone.cs","InsertAfterQualifiedId","156"
"D:\OneDrive\VS\Projects\DocxDocument\DocumentModel.InOpenXml\CustomUI\ControlClone.cs","InsertBeforeMso","149"
"D:\OneDrive\VS\Projects\DocxDocument\DocumentModel.InOpenXml\CustomUI\ControlClone.cs","InsertBeforeQualifiedId","163"
"D:\OneDrive\VS\Projects\DocxDocument\DocumentModel.InOpenXml\CustomUI\ControlClone.cs","Keytip","184"
"D:\OneDrive\VS\Projects\DocxDocument\DocumentModel.InOpenXml\CustomUI\ControlClone.cs","Label","128"
"D:\OneDrive\VS\Projects\DocxDocument\DocumentModel.InOpenXml\CustomUI\ControlClone.cs","QualifiedId","79"
"D:\OneDrive\VS\Projects\DocxDocument\DocumentModel.InOpenXml\CustomUI\ControlClone.cs","Screentip","100"
"D:\OneDrive\VS\Projects\DocxDocument\DocumentModel.InOpenXml\CustomUI\ControlClone.cs","ShowImage","212"
"D:\OneDrive\VS\Projects\DocxDocument\DocumentModel.InOpenXml\CustomUI\ControlClone.cs","ShowLabel","198"
"D:\OneDrive\VS\Projects\DocxDocument\DocumentModel.InOpenXml\CustomUI\ControlClone.cs","Size","16"
"D:\OneDrive\VS\Projects\DocxDocument\DocumentModel.InOpenXml\CustomUI\ControlClone.cs","Supertip","114"
"D:\OneDrive\VS\Projects\DocxDocument\DocumentModel.InOpenXml\CustomUI\ControlClone.cs","Tag","86"
"D:\OneDrive\VS\Projects\DocxDocument\DocumentModel.InOpenXml\CustomUI\ControlClone.cs","Visible","170"
"D:\OneDrive\VS\Projects\DocxDocument\DocumentModel.InOpenXml\CustomUI\ControlCloneQat.cs","Description","37"
"D:\OneDrive\VS\Projects\DocxDocument\DocumentModel.InOpenXml\CustomUI\ControlCloneQat.cs","Enabled","114"
"D:\OneDrive\VS\Projects\DocxDocument\DocumentModel.InOpenXml\CustomUI\ControlCloneQat.cs","GetDescription","44"
"D:\OneDrive\VS\Projects\DocxDocument\DocumentModel.InOpenXml\CustomUI\ControlCloneQat.cs","GetEnabled","121"
"D:\OneDrive\VS\Projects\DocxDocument\DocumentModel.InOpenXml\CustomUI\ControlCloneQat.cs","GetImage","79"
"D:\OneDrive\VS\Projects\DocxDocument\DocumentModel.InOpenXml\CustomUI\ControlCloneQat.cs","GetKeytip","191"
"D:\OneDrive\VS\Projects\DocxDocument\DocumentModel.InOpenXml\CustomUI\ControlCloneQat.cs","GetLabel","135"
"D:\OneDrive\VS\Projects\DocxDocument\DocumentModel.InOpenXml\CustomUI\ControlCloneQat.cs","GetScreentip","93"
"D:\OneDrive\VS\Projects\DocxDocument\DocumentModel.InOpenXml\CustomUI\ControlCloneQat.cs","GetShowImage","219"
"D:\OneDrive\VS\Projects\DocxDocument\DocumentModel.InOpenXml\CustomUI\ControlCloneQat.cs","GetShowLabel","205"
"D:\OneDrive\VS\Projects\DocxDocument\DocumentModel.InOpenXml\CustomUI\ControlCloneQat.cs","GetSize","58"
"D:\OneDrive\VS\Projects\DocxDocument\DocumentModel.InOpenXml\CustomUI\ControlCloneQat.cs","GetSupertip","107"
"D:\OneDrive\VS\Projects\DocxDocument\DocumentModel.InOpenXml\CustomUI\ControlCloneQat.cs","GetVisible","177"
"D:\OneDrive\VS\Projects\DocxDocument\DocumentModel.InOpenXml\CustomUI\ControlCloneQat.cs","Id","16"
"D:\OneDrive\VS\Projects\DocxDocument\DocumentModel.InOpenXml\CustomUI\ControlCloneQat.cs","IdMso","30"
"D:\OneDrive\VS\Projects\DocxDocument\DocumentModel.InOpenXml\CustomUI\ControlCloneQat.cs","IdQ","23"
"D:\OneDrive\VS\Projects\DocxDocument\DocumentModel.InOpenXml\CustomUI\ControlCloneQat.cs","Image","65"
"D:\OneDrive\VS\Projects\DocxDocument\DocumentModel.InOpenXml\CustomUI\ControlCloneQat.cs","ImageMso","72"
"D:\OneDrive\VS\Projects\DocxDocument\DocumentModel.InOpenXml\CustomUI\ControlCloneQat.cs","InsertAfterMso","142"
"D:\OneDrive\VS\Projects\DocxDocument\DocumentModel.InOpenXml\CustomUI\ControlCloneQat.cs","InsertAfterQualifiedId","156"
"D:\OneDrive\VS\Projects\DocxDocument\DocumentModel.InOpenXml\CustomUI\ControlCloneQat.cs","InsertBeforeMso","149"
"D:\OneDrive\VS\Projects\DocxDocument\DocumentModel.InOpenXml\CustomUI\ControlCloneQat.cs","InsertBeforeQualifiedId","163"
"D:\OneDrive\VS\Projects\DocxDocument\DocumentModel.InOpenXml\CustomUI\ControlCloneQat.cs","Keytip","184"
"D:\OneDrive\VS\Projects\DocxDocument\DocumentModel.InOpenXml\CustomUI\ControlCloneQat.cs","Label","128"
"D:\OneDrive\VS\Projects\DocxDocument\DocumentModel.InOpenXml\CustomUI\ControlCloneQat.cs","Screentip","86"
"D:\OneDrive\VS\Projects\DocxDocument\DocumentModel.InOpenXml\CustomUI\ControlCloneQat.cs","ShowImage","212"
"D:\OneDrive\VS\Projects\DocxDocument\DocumentModel.InOpenXml\CustomUI\ControlCloneQat.cs","ShowLabel","198"
"D:\OneDrive\VS\Projects\DocxDocument\DocumentModel.InOpenXml\CustomUI\ControlCloneQat.cs","Size","51"
"D:\OneDrive\VS\Projects\DocxDocument\DocumentModel.InOpenXml\CustomUI\ControlCloneQat.cs","Supertip","100"
"D:\OneDrive\VS\Projects\DocxDocument\DocumentModel.InOpenXml\CustomUI\ControlCloneQat.cs","Visible","170"
"D:\OneDrive\VS\Projects\DocxDocument\DocumentModel.InOpenXml\CustomUI\ControlCloneRegular.cs","Enabled","86"
"D:\OneDrive\VS\Projects\DocxDocument\DocumentModel.InOpenXml\CustomUI\ControlCloneRegular.cs","GetEnabled","93"
"D:\OneDrive\VS\Projects\DocxDocument\DocumentModel.InOpenXml\CustomUI\ControlCloneRegular.cs","GetImage","51"
"D:\OneDrive\VS\Projects\DocxDocument\DocumentModel.InOpenXml\CustomUI\ControlCloneRegular.cs","GetKeytip","163"
"D:\OneDrive\VS\Projects\DocxDocument\DocumentModel.InOpenXml\CustomUI\ControlCloneRegular.cs","GetLabel","107"
"D:\OneDrive\VS\Projects\DocxDocument\DocumentModel.InOpenXml\CustomUI\ControlCloneRegular.cs","GetScreentip","65"
"D:\OneDrive\VS\Projects\DocxDocument\DocumentModel.InOpenXml\CustomUI\ControlCloneRegular.cs","GetShowImage","191"
"D:\OneDrive\VS\Projects\DocxDocument\DocumentModel.InOpenXml\CustomUI\ControlCloneRegular.cs","GetShowLabel","177"
"D:\OneDrive\VS\Projects\DocxDocument\DocumentModel.InOpenXml\CustomUI\ControlCloneRegular.cs","GetSupertip","79"
"D:\OneDrive\VS\Projects\DocxDocument\DocumentModel.InOpenXml\CustomUI\ControlCloneRegular.cs","GetVisible","149"
"D:\OneDrive\VS\Projects\DocxDocument\DocumentModel.InOpenXml\CustomUI\ControlCloneRegular.cs","IdMso","30"
"D:\OneDrive\VS\Projects\DocxDocument\DocumentModel.InOpenXml\CustomUI\ControlCloneRegular.cs","Image","37"
"D:\OneDrive\VS\Projects\DocxDocument\DocumentModel.InOpenXml\CustomUI\ControlCloneRegular.cs","ImageMso","44"
"D:\OneDrive\VS\Projects\DocxDocument\DocumentModel.InOpenXml\CustomUI\ControlCloneRegular.cs","InsertAfterMso","114"
"D:\OneDrive\VS\Projects\DocxDocument\DocumentModel.InOpenXml\CustomUI\ControlCloneRegular.cs","InsertAfterQualifiedId","128"
"D:\OneDrive\VS\Projects\DocxDocument\DocumentModel.InOpenXml\CustomUI\ControlCloneRegular.cs","InsertBeforeMso","121"
"D:\OneDrive\VS\Projects\DocxDocument\DocumentModel.InOpenXml\CustomUI\ControlCloneRegular.cs","InsertBeforeQualifiedId","135"
"D:\OneDrive\VS\Projects\DocxDocument\DocumentModel.InOpenXml\CustomUI\ControlCloneRegular.cs","Keytip","156"
"D:\OneDrive\VS\Projects\DocxDocument\DocumentModel.InOpenXml\CustomUI\ControlCloneRegular.cs","Label","100"
"D:\OneDrive\VS\Projects\DocxDocument\DocumentModel.InOpenXml\CustomUI\ControlCloneRegular.cs","QualifiedId","16"
"D:\OneDrive\VS\Projects\DocxDocument\DocumentModel.InOpenXml\CustomUI\ControlCloneRegular.cs","Screentip","58"
"D:\OneDrive\VS\Projects\DocxDocument\DocumentModel.InOpenXml\CustomUI\ControlCloneRegular.cs","ShowImage","184"
"D:\OneDrive\VS\Projects\DocxDocument\DocumentModel.InOpenXml\CustomUI\ControlCloneRegular.cs","ShowLabel","170"
"D:\OneDrive\VS\Projects\DocxDocument\DocumentModel.InOpenXml\CustomUI\ControlCloneRegular.cs","Supertip","72"
"D:\OneDrive\VS\Projects\DocxDocument\DocumentModel.InOpenXml\CustomUI\ControlCloneRegular.cs","Tag","23"
"D:\OneDrive\VS\Projects\DocxDocument\DocumentModel.InOpenXml\CustomUI\ControlCloneRegular.cs","Visible","142"
"D:\OneDrive\VS\Projects\DocxDocument\DocumentModel.InOpenXml\CustomUI\CustomUI.cs","Backstage","53"
"D:\OneDrive\VS\Projects\DocxDocument\DocumentModel.InOpenXml\CustomUI\CustomUI.cs","Commands","39"
"D:\OneDrive\VS\Projects\DocxDocument\DocumentModel.InOpenXml\CustomUI\CustomUI.cs","ContextMenus","60"
"D:\OneDrive\VS\Projects\DocxDocument\DocumentModel.InOpenXml\CustomUI\CustomUI.cs","LoadImage","32"
"D:\OneDrive\VS\Projects\DocxDocument\DocumentModel.InOpenXml\CustomUI\CustomUI.cs","OnLoad","25"
"D:\OneDrive\VS\Projects\DocxDocument\DocumentModel.InOpenXml\CustomUI\CustomUI.cs","Ribbon","46"
"D:\OneDrive\VS\Projects\DocxDocument\DocumentModel.InOpenXml\CustomUI\CustomUI.cs","RibbonAndBackstageCustomizationsPart","67"
"D:\OneDrive\VS\Projects\DocxDocument\DocumentModel.InOpenXml\CustomUI\DialogBoxLauncher.cs","ButtonRegular","22"
"D:\OneDrive\VS\Projects\DocxDocument\DocumentModel.InOpenXml\CustomUI\DropDownRegular.cs","Enabled","30"
"D:\OneDrive\VS\Projects\DocxDocument\DocumentModel.InOpenXml\CustomUI\DropDownRegular.cs","GetEnabled","37"
"D:\OneDrive\VS\Projects\DocxDocument\DocumentModel.InOpenXml\CustomUI\DropDownRegular.cs","GetImage","58"
"D:\OneDrive\VS\Projects\DocxDocument\DocumentModel.InOpenXml\CustomUI\DropDownRegular.cs","GetItemCount","72"
"D:\OneDrive\VS\Projects\DocxDocument\DocumentModel.InOpenXml\CustomUI\DropDownRegular.cs","GetItemID","107"
"D:\OneDrive\VS\Projects\DocxDocument\DocumentModel.InOpenXml\CustomUI\DropDownRegular.cs","GetItemImage","100"
"D:\OneDrive\VS\Projects\DocxDocument\DocumentModel.InOpenXml\CustomUI\DropDownRegular.cs","GetItemLabel","79"
"D:\OneDrive\VS\Projects\DocxDocument\DocumentModel.InOpenXml\CustomUI\DropDownRegular.cs","GetItemScreentip","86"
"D:\OneDrive\VS\Projects\DocxDocument\DocumentModel.InOpenXml\CustomUI\DropDownRegular.cs","GetItemSupertip","93"
"D:\OneDrive\VS\Projects\DocxDocument\DocumentModel.InOpenXml\CustomUI\DropDownRegular.cs","GetKeytip","261"
"D:\OneDrive\VS\Projects\DocxDocument\DocumentModel.InOpenXml\CustomUI\DropDownRegular.cs","GetLabel","205"
"D:\OneDrive\VS\Projects\DocxDocument\DocumentModel.InOpenXml\CustomUI\DropDownRegular.cs","GetScreentip","177"
"D:\OneDrive\VS\Projects\DocxDocument\DocumentModel.InOpenXml\CustomUI\DropDownRegular.cs","GetSelectedItemID","121"
"D:\OneDrive\VS\Projects\DocxDocument\DocumentModel.InOpenXml\CustomUI\DropDownRegular.cs","GetSelectedItemIndex","128"
"D:\OneDrive\VS\Projects\DocxDocument\DocumentModel.InOpenXml\CustomUI\DropDownRegular.cs","GetShowImage","289"
"D:\OneDrive\VS\Projects\DocxDocument\DocumentModel.InOpenXml\CustomUI\DropDownRegular.cs","GetShowLabel","275"
"D:\OneDrive\VS\Projects\DocxDocument\DocumentModel.InOpenXml\CustomUI\DropDownRegular.cs","GetSupertip","191"
"D:\OneDrive\VS\Projects\DocxDocument\DocumentModel.InOpenXml\CustomUI\DropDownRegular.cs","GetVisible","247"
"D:\OneDrive\VS\Projects\DocxDocument\DocumentModel.InOpenXml\CustomUI\DropDownRegular.cs","Id","142"
"D:\OneDrive\VS\Projects\DocxDocument\DocumentModel.InOpenXml\CustomUI\DropDownRegular.cs","IdMso","163"
"D:\OneDrive\VS\Projects\DocxDocument\DocumentModel.InOpenXml\CustomUI\DropDownRegular.cs","Image","44"
"D:\OneDrive\VS\Projects\DocxDocument\DocumentModel.InOpenXml\CustomUI\DropDownRegular.cs","ImageMso","51"
"D:\OneDrive\VS\Projects\DocxDocument\DocumentModel.InOpenXml\CustomUI\DropDownRegular.cs","InsertAfterMso","212"
"D:\OneDrive\VS\Projects\DocxDocument\DocumentModel.InOpenXml\CustomUI\DropDownRegular.cs","InsertAfterQualifiedId","226"
"D:\OneDrive\VS\Projects\DocxDocument\DocumentModel.InOpenXml\CustomUI\DropDownRegular.cs","InsertBeforeMso","219"
"D:\OneDrive\VS\Projects\DocxDocument\DocumentModel.InOpenXml\CustomUI\DropDownRegular.cs","InsertBeforeQualifiedId","233"
"D:\OneDrive\VS\Projects\DocxDocument\DocumentModel.InOpenXml\CustomUI\DropDownRegular.cs","Keytip","254"
"D:\OneDrive\VS\Projects\DocxDocument\DocumentModel.InOpenXml\CustomUI\DropDownRegular.cs","Label","198"
"D:\OneDrive\VS\Projects\DocxDocument\DocumentModel.InOpenXml\CustomUI\DropDownRegular.cs","OnAction","23"
"D:\OneDrive\VS\Projects\DocxDocument\DocumentModel.InOpenXml\CustomUI\DropDownRegular.cs","QualifiedId","149"
"D:\OneDrive\VS\Projects\DocxDocument\DocumentModel.InOpenXml\CustomUI\DropDownRegular.cs","Screentip","170"
"D:\OneDrive\VS\Projects\DocxDocument\DocumentModel.InOpenXml\CustomUI\DropDownRegular.cs","ShowImage","282"
"D:\OneDrive\VS\Projects\DocxDocument\DocumentModel.InOpenXml\CustomUI\DropDownRegular.cs","ShowItemImage","65"
"D:\OneDrive\VS\Projects\DocxDocument\DocumentModel.InOpenXml\CustomUI\DropDownRegular.cs","ShowItemLabel","135"
"D:\OneDrive\VS\Projects\DocxDocument\DocumentModel.InOpenXml\CustomUI\DropDownRegular.cs","ShowLabel","268"
"D:\OneDrive\VS\Projects\DocxDocument\DocumentModel.InOpenXml\CustomUI\DropDownRegular.cs","SizeString","114"
"D:\OneDrive\VS\Projects\DocxDocument\DocumentModel.InOpenXml\CustomUI\DropDownRegular.cs","Supertip","184"
"D:\OneDrive\VS\Projects\DocxDocument\DocumentModel.InOpenXml\CustomUI\DropDownRegular.cs","Tag","156"
"D:\OneDrive\VS\Projects\DocxDocument\DocumentModel.InOpenXml\CustomUI\DropDownRegular.cs","Visible","240"
"D:\OneDrive\VS\Projects\DocxDocument\DocumentModel.InOpenXml\CustomUI\DynamicMenu.cs","Description","30"
"D:\OneDrive\VS\Projects\DocxDocument\DocumentModel.InOpenXml\CustomUI\DynamicMenu.cs","Enabled","135"
"D:\OneDrive\VS\Projects\DocxDocument\DocumentModel.InOpenXml\CustomUI\DynamicMenu.cs","GetContent","72"
"D:\OneDrive\VS\Projects\DocxDocument\DocumentModel.InOpenXml\CustomUI\DynamicMenu.cs","GetDescription","37"
"D:\OneDrive\VS\Projects\DocxDocument\DocumentModel.InOpenXml\CustomUI\DynamicMenu.cs","GetEnabled","142"
"D:\OneDrive\VS\Projects\DocxDocument\DocumentModel.InOpenXml\CustomUI\DynamicMenu.cs","GetImage","100"
"D:\OneDrive\VS\Projects\DocxDocument\DocumentModel.InOpenXml\CustomUI\DynamicMenu.cs","GetKeytip","212"
"D:\OneDrive\VS\Projects\DocxDocument\DocumentModel.InOpenXml\CustomUI\DynamicMenu.cs","GetLabel","156"
"D:\OneDrive\VS\Projects\DocxDocument\DocumentModel.InOpenXml\CustomUI\DynamicMenu.cs","GetScreentip","114"
"D:\OneDrive\VS\Projects\DocxDocument\DocumentModel.InOpenXml\CustomUI\DynamicMenu.cs","GetShowImage","240"
"D:\OneDrive\VS\Projects\DocxDocument\DocumentModel.InOpenXml\CustomUI\DynamicMenu.cs","GetShowLabel","226"
"D:\OneDrive\VS\Projects\DocxDocument\DocumentModel.InOpenXml\CustomUI\DynamicMenu.cs","GetSize","23"
"D:\OneDrive\VS\Projects\DocxDocument\DocumentModel.InOpenXml\CustomUI\DynamicMenu.cs","GetSupertip","128"
"D:\OneDrive\VS\Projects\DocxDocument\DocumentModel.InOpenXml\CustomUI\DynamicMenu.cs","GetVisible","198"
"D:\OneDrive\VS\Projects\DocxDocument\DocumentModel.InOpenXml\CustomUI\DynamicMenu.cs","Id","44"
"D:\OneDrive\VS\Projects\DocxDocument\DocumentModel.InOpenXml\CustomUI\DynamicMenu.cs","IdMso","65"
"D:\OneDrive\VS\Projects\DocxDocument\DocumentModel.InOpenXml\CustomUI\DynamicMenu.cs","Image","86"
"D:\OneDrive\VS\Projects\DocxDocument\DocumentModel.InOpenXml\CustomUI\DynamicMenu.cs","ImageMso","93"
"D:\OneDrive\VS\Projects\DocxDocument\DocumentModel.InOpenXml\CustomUI\DynamicMenu.cs","InsertAfterMso","163"
"D:\OneDrive\VS\Projects\DocxDocument\DocumentModel.InOpenXml\CustomUI\DynamicMenu.cs","InsertAfterQualifiedId","177"
"D:\OneDrive\VS\Projects\DocxDocument\DocumentModel.InOpenXml\CustomUI\DynamicMenu.cs","InsertBeforeMso","170"
"D:\OneDrive\VS\Projects\DocxDocument\DocumentModel.InOpenXml\CustomUI\DynamicMenu.cs","InsertBeforeQualifiedId","184"
"D:\OneDrive\VS\Projects\DocxDocument\DocumentModel.InOpenXml\CustomUI\DynamicMenu.cs","InvalidateContentOnDrop","79"
"D:\OneDrive\VS\Projects\DocxDocument\DocumentModel.InOpenXml\CustomUI\DynamicMenu.cs","Keytip","205"
"D:\OneDrive\VS\Projects\DocxDocument\DocumentModel.InOpenXml\CustomUI\DynamicMenu.cs","Label","149"
"D:\OneDrive\VS\Projects\DocxDocument\DocumentModel.InOpenXml\CustomUI\DynamicMenu.cs","QualifiedId","51"
"D:\OneDrive\VS\Projects\DocxDocument\DocumentModel.InOpenXml\CustomUI\DynamicMenu.cs","Screentip","107"
"D:\OneDrive\VS\Projects\DocxDocument\DocumentModel.InOpenXml\CustomUI\DynamicMenu.cs","ShowImage","233"
"D:\OneDrive\VS\Projects\DocxDocument\DocumentModel.InOpenXml\CustomUI\DynamicMenu.cs","ShowLabel","219"
"D:\OneDrive\VS\Projects\DocxDocument\DocumentModel.InOpenXml\CustomUI\DynamicMenu.cs","Size","16"
"D:\OneDrive\VS\Projects\DocxDocument\DocumentModel.InOpenXml\CustomUI\DynamicMenu.cs","Supertip","121"
"D:\OneDrive\VS\Projects\DocxDocument\DocumentModel.InOpenXml\CustomUI\DynamicMenu.cs","Tag","58"
"D:\OneDrive\VS\Projects\DocxDocument\DocumentModel.InOpenXml\CustomUI\DynamicMenu.cs","Visible","191"
"D:\OneDrive\VS\Projects\DocxDocument\DocumentModel.InOpenXml\CustomUI\DynamicMenuRegular.cs","Description","16"
"D:\OneDrive\VS\Projects\DocxDocument\DocumentModel.InOpenXml\CustomUI\DynamicMenuRegular.cs","Enabled","121"
"D:\OneDrive\VS\Projects\DocxDocument\DocumentModel.InOpenXml\CustomUI\DynamicMenuRegular.cs","GetContent","58"
"D:\OneDrive\VS\Projects\DocxDocument\DocumentModel.InOpenXml\CustomUI\DynamicMenuRegular.cs","GetDescription","23"
"D:\OneDrive\VS\Projects\DocxDocument\DocumentModel.InOpenXml\CustomUI\DynamicMenuRegular.cs","GetEnabled","128"
"D:\OneDrive\VS\Projects\DocxDocument\DocumentModel.InOpenXml\CustomUI\DynamicMenuRegular.cs","GetImage","86"
"D:\OneDrive\VS\Projects\DocxDocument\DocumentModel.InOpenXml\CustomUI\DynamicMenuRegular.cs","GetKeytip","198"
"D:\OneDrive\VS\Projects\DocxDocument\DocumentModel.InOpenXml\CustomUI\DynamicMenuRegular.cs","GetLabel","142"
"D:\OneDrive\VS\Projects\DocxDocument\DocumentModel.InOpenXml\CustomUI\DynamicMenuRegular.cs","GetScreentip","100"
"D:\OneDrive\VS\Projects\DocxDocument\DocumentModel.InOpenXml\CustomUI\DynamicMenuRegular.cs","GetShowImage","226"
"D:\OneDrive\VS\Projects\DocxDocument\DocumentModel.InOpenXml\CustomUI\DynamicMenuRegular.cs","GetShowLabel","212"
"D:\OneDrive\VS\Projects\DocxDocument\DocumentModel.InOpenXml\CustomUI\DynamicMenuRegular.cs","GetSupertip","114"
"D:\OneDrive\VS\Projects\DocxDocument\DocumentModel.InOpenXml\CustomUI\DynamicMenuRegular.cs","GetVisible","184"
"D:\OneDrive\VS\Projects\DocxDocument\DocumentModel.InOpenXml\CustomUI\DynamicMenuRegular.cs","Id","30"
"D:\OneDrive\VS\Projects\DocxDocument\DocumentModel.InOpenXml\CustomUI\DynamicMenuRegular.cs","IdMso","51"
"D:\OneDrive\VS\Projects\DocxDocument\DocumentModel.InOpenXml\CustomUI\DynamicMenuRegular.cs","Image","72"
"D:\OneDrive\VS\Projects\DocxDocument\DocumentModel.InOpenXml\CustomUI\DynamicMenuRegular.cs","ImageMso","79"
"D:\OneDrive\VS\Projects\DocxDocument\DocumentModel.InOpenXml\CustomUI\DynamicMenuRegular.cs","InsertAfterMso","149"
"D:\OneDrive\VS\Projects\DocxDocument\DocumentModel.InOpenXml\CustomUI\DynamicMenuRegular.cs","InsertAfterQualifiedId","163"
"D:\OneDrive\VS\Projects\DocxDocument\DocumentModel.InOpenXml\CustomUI\DynamicMenuRegular.cs","InsertBeforeMso","156"
"D:\OneDrive\VS\Projects\DocxDocument\DocumentModel.InOpenXml\CustomUI\DynamicMenuRegular.cs","InsertBeforeQualifiedId","170"
"D:\OneDrive\VS\Projects\DocxDocument\DocumentModel.InOpenXml\CustomUI\DynamicMenuRegular.cs","InvalidateContentOnDrop","65"
"D:\OneDrive\VS\Projects\DocxDocument\DocumentModel.InOpenXml\CustomUI\DynamicMenuRegular.cs","Keytip","191"
"D:\OneDrive\VS\Projects\DocxDocument\DocumentModel.InOpenXml\CustomUI\DynamicMenuRegular.cs","Label","135"
"D:\OneDrive\VS\Projects\DocxDocument\DocumentModel.InOpenXml\CustomUI\DynamicMenuRegular.cs","QualifiedId","37"
"D:\OneDrive\VS\Projects\DocxDocument\DocumentModel.InOpenXml\CustomUI\DynamicMenuRegular.cs","Screentip","93"
"D:\OneDrive\VS\Projects\DocxDocument\DocumentModel.InOpenXml\CustomUI\DynamicMenuRegular.cs","ShowImage","219"
"D:\OneDrive\VS\Projects\DocxDocument\DocumentModel.InOpenXml\CustomUI\DynamicMenuRegular.cs","ShowLabel","205"
"D:\OneDrive\VS\Projects\DocxDocument\DocumentModel.InOpenXml\CustomUI\DynamicMenuRegular.cs","Supertip","107"
"D:\OneDrive\VS\Projects\DocxDocument\DocumentModel.InOpenXml\CustomUI\DynamicMenuRegular.cs","Tag","44"
"D:\OneDrive\VS\Projects\DocxDocument\DocumentModel.InOpenXml\CustomUI\DynamicMenuRegular.cs","Visible","177"
"D:\OneDrive\VS\Projects\DocxDocument\DocumentModel.InOpenXml\CustomUI\EditBox.cs","Enabled","16"
"D:\OneDrive\VS\Projects\DocxDocument\DocumentModel.InOpenXml\CustomUI\EditBox.cs","GetEnabled","23"
"D:\OneDrive\VS\Projects\DocxDocument\DocumentModel.InOpenXml\CustomUI\EditBox.cs","GetImage","44"
"D:\OneDrive\VS\Projects\DocxDocument\DocumentModel.InOpenXml\CustomUI\EditBox.cs","GetKeytip","198"
"D:\OneDrive\VS\Projects\DocxDocument\DocumentModel.InOpenXml\CustomUI\EditBox.cs","GetLabel","142"
"D:\OneDrive\VS\Projects\DocxDocument\DocumentModel.InOpenXml\CustomUI\EditBox.cs","GetScreentip","114"
"D:\OneDrive\VS\Projects\DocxDocument\DocumentModel.InOpenXml\CustomUI\EditBox.cs","GetShowImage","226"
"D:\OneDrive\VS\Projects\DocxDocument\DocumentModel.InOpenXml\CustomUI\EditBox.cs","GetShowLabel","212"
"D:\OneDrive\VS\Projects\DocxDocument\DocumentModel.InOpenXml\CustomUI\EditBox.cs","GetSupertip","128"
"D:\OneDrive\VS\Projects\DocxDocument\DocumentModel.InOpenXml\CustomUI\EditBox.cs","GetText","58"
"D:\OneDrive\VS\Projects\DocxDocument\DocumentModel.InOpenXml\CustomUI\EditBox.cs","GetVisible","184"
"D:\OneDrive\VS\Projects\DocxDocument\DocumentModel.InOpenXml\CustomUI\EditBox.cs","Id","79"
"D:\OneDrive\VS\Projects\DocxDocument\DocumentModel.InOpenXml\CustomUI\EditBox.cs","IdMso","100"
"D:\OneDrive\VS\Projects\DocxDocument\DocumentModel.InOpenXml\CustomUI\EditBox.cs","Image","30"
"D:\OneDrive\VS\Projects\DocxDocument\DocumentModel.InOpenXml\CustomUI\EditBox.cs","ImageMso","37"
"D:\OneDrive\VS\Projects\DocxDocument\DocumentModel.InOpenXml\CustomUI\EditBox.cs","InsertAfterMso","149"
"D:\OneDrive\VS\Projects\DocxDocument\DocumentModel.InOpenXml\CustomUI\EditBox.cs","InsertAfterQualifiedId","163"
"D:\OneDrive\VS\Projects\DocxDocument\DocumentModel.InOpenXml\CustomUI\EditBox.cs","InsertBeforeMso","156"
"D:\OneDrive\VS\Projects\DocxDocument\DocumentModel.InOpenXml\CustomUI\EditBox.cs","InsertBeforeQualifiedId","170"
"D:\OneDrive\VS\Projects\DocxDocument\DocumentModel.InOpenXml\CustomUI\EditBox.cs","Keytip","191"
"D:\OneDrive\VS\Projects\DocxDocument\DocumentModel.InOpenXml\CustomUI\EditBox.cs","Label","135"
"D:\OneDrive\VS\Projects\DocxDocument\DocumentModel.InOpenXml\CustomUI\EditBox.cs","MaxLength","51"
"D:\OneDrive\VS\Projects\DocxDocument\DocumentModel.InOpenXml\CustomUI\EditBox.cs","OnChange","65"
"D:\OneDrive\VS\Projects\DocxDocument\DocumentModel.InOpenXml\CustomUI\EditBox.cs","QualifiedId","86"
"D:\OneDrive\VS\Projects\DocxDocument\DocumentModel.InOpenXml\CustomUI\EditBox.cs","Screentip","107"
"D:\OneDrive\VS\Projects\DocxDocument\DocumentModel.InOpenXml\CustomUI\EditBox.cs","ShowImage","219"
"D:\OneDrive\VS\Projects\DocxDocument\DocumentModel.InOpenXml\CustomUI\EditBox.cs","ShowLabel","205"
"D:\OneDrive\VS\Projects\DocxDocument\DocumentModel.InOpenXml\CustomUI\EditBox.cs","SizeString","72"
"D:\OneDrive\VS\Projects\DocxDocument\DocumentModel.InOpenXml\CustomUI\EditBox.cs","Supertip","121"
"D:\OneDrive\VS\Projects\DocxDocument\DocumentModel.InOpenXml\CustomUI\EditBox.cs","Tag","93"
"D:\OneDrive\VS\Projects\DocxDocument\DocumentModel.InOpenXml\CustomUI\EditBox.cs","Visible","177"
"D:\OneDrive\VS\Projects\DocxDocument\DocumentModel.InOpenXml\CustomUI\Gallery.cs","Columns","58"
"D:\OneDrive\VS\Projects\DocxDocument\DocumentModel.InOpenXml\CustomUI\Gallery.cs","Description","37"
"D:\OneDrive\VS\Projects\DocxDocument\DocumentModel.InOpenXml\CustomUI\Gallery.cs","Enabled","121"
"D:\OneDrive\VS\Projects\DocxDocument\DocumentModel.InOpenXml\CustomUI\Gallery.cs","GetDescription","44"
"D:\OneDrive\VS\Projects\DocxDocument\DocumentModel.InOpenXml\CustomUI\Gallery.cs","GetEnabled","128"
"D:\OneDrive\VS\Projects\DocxDocument\DocumentModel.InOpenXml\CustomUI\Gallery.cs","GetImage","149"
"D:\OneDrive\VS\Projects\DocxDocument\DocumentModel.InOpenXml\CustomUI\Gallery.cs","GetItemCount","163"
"D:\OneDrive\VS\Projects\DocxDocument\DocumentModel.InOpenXml\CustomUI\Gallery.cs","GetItemHeight","93"
"D:\OneDrive\VS\Projects\DocxDocument\DocumentModel.InOpenXml\CustomUI\Gallery.cs","GetItemID","198"
"D:\OneDrive\VS\Projects\DocxDocument\DocumentModel.InOpenXml\CustomUI\Gallery.cs","GetItemImage","191"
"D:\OneDrive\VS\Projects\DocxDocument\DocumentModel.InOpenXml\CustomUI\Gallery.cs","GetItemLabel","170"
"D:\OneDrive\VS\Projects\DocxDocument\DocumentModel.InOpenXml\CustomUI\Gallery.cs","GetItemScreentip","177"
"D:\OneDrive\VS\Projects\DocxDocument\DocumentModel.InOpenXml\CustomUI\Gallery.cs","GetItemSupertip","184"
"D:\OneDrive\VS\Projects\DocxDocument\DocumentModel.InOpenXml\CustomUI\Gallery.cs","GetItemWidth","86"
"D:\OneDrive\VS\Projects\DocxDocument\DocumentModel.InOpenXml\CustomUI\Gallery.cs","GetKeytip","345"
"D:\OneDrive\VS\Projects\DocxDocument\DocumentModel.InOpenXml\CustomUI\Gallery.cs","GetLabel","289"
"D:\OneDrive\VS\Projects\DocxDocument\DocumentModel.InOpenXml\CustomUI\Gallery.cs","GetScreentip","261"
"D:\OneDrive\VS\Projects\DocxDocument\DocumentModel.InOpenXml\CustomUI\Gallery.cs","GetSelectedItemID","212"
"D:\OneDrive\VS\Projects\DocxDocument\DocumentModel.InOpenXml\CustomUI\Gallery.cs","GetSelectedItemIndex","219"
"D:\OneDrive\VS\Projects\DocxDocument\DocumentModel.InOpenXml\CustomUI\Gallery.cs","GetShowImage","373"
"D:\OneDrive\VS\Projects\DocxDocument\DocumentModel.InOpenXml\CustomUI\Gallery.cs","GetShowLabel","359"
"D:\OneDrive\VS\Projects\DocxDocument\DocumentModel.InOpenXml\CustomUI\Gallery.cs","GetSize","30"
"D:\OneDrive\VS\Projects\DocxDocument\DocumentModel.InOpenXml\CustomUI\Gallery.cs","GetSupertip","275"
"D:\OneDrive\VS\Projects\DocxDocument\DocumentModel.InOpenXml\CustomUI\Gallery.cs","GetVisible","331"
"D:\OneDrive\VS\Projects\DocxDocument\DocumentModel.InOpenXml\CustomUI\Gallery.cs","Id","226"
"D:\OneDrive\VS\Projects\DocxDocument\DocumentModel.InOpenXml\CustomUI\Gallery.cs","IdMso","247"
"D:\OneDrive\VS\Projects\DocxDocument\DocumentModel.InOpenXml\CustomUI\Gallery.cs","Image","135"
"D:\OneDrive\VS\Projects\DocxDocument\DocumentModel.InOpenXml\CustomUI\Gallery.cs","ImageMso","142"
"D:\OneDrive\VS\Projects\DocxDocument\DocumentModel.InOpenXml\CustomUI\Gallery.cs","InsertAfterMso","296"
"D:\OneDrive\VS\Projects\DocxDocument\DocumentModel.InOpenXml\CustomUI\Gallery.cs","InsertAfterQualifiedId","310"
"D:\OneDrive\VS\Projects\DocxDocument\DocumentModel.InOpenXml\CustomUI\Gallery.cs","InsertBeforeMso","303"
"D:\OneDrive\VS\Projects\DocxDocument\DocumentModel.InOpenXml\CustomUI\Gallery.cs","InsertBeforeQualifiedId","317"
"D:\OneDrive\VS\Projects\DocxDocument\DocumentModel.InOpenXml\CustomUI\Gallery.cs","InvalidateContentOnDrop","51"
"D:\OneDrive\VS\Projects\DocxDocument\DocumentModel.InOpenXml\CustomUI\Gallery.cs","ItemHeight","79"
"D:\OneDrive\VS\Projects\DocxDocument\DocumentModel.InOpenXml\CustomUI\Gallery.cs","ItemWidth","72"
"D:\OneDrive\VS\Projects\DocxDocument\DocumentModel.InOpenXml\CustomUI\Gallery.cs","Keytip","338"
"D:\OneDrive\VS\Projects\DocxDocument\DocumentModel.InOpenXml\CustomUI\Gallery.cs","Label","282"
"D:\OneDrive\VS\Projects\DocxDocument\DocumentModel.InOpenXml\CustomUI\Gallery.cs","OnAction","114"
"D:\OneDrive\VS\Projects\DocxDocument\DocumentModel.InOpenXml\CustomUI\Gallery.cs","QualifiedId","233"
"D:\OneDrive\VS\Projects\DocxDocument\DocumentModel.InOpenXml\CustomUI\Gallery.cs","Rows","65"
"D:\OneDrive\VS\Projects\DocxDocument\DocumentModel.InOpenXml\CustomUI\Gallery.cs","Screentip","254"
"D:\OneDrive\VS\Projects\DocxDocument\DocumentModel.InOpenXml\CustomUI\Gallery.cs","ShowImage","366"
"D:\OneDrive\VS\Projects\DocxDocument\DocumentModel.InOpenXml\CustomUI\Gallery.cs","ShowInRibbon","107"
"D:\OneDrive\VS\Projects\DocxDocument\DocumentModel.InOpenXml\CustomUI\Gallery.cs","ShowItemImage","156"
"D:\OneDrive\VS\Projects\DocxDocument\DocumentModel.InOpenXml\CustomUI\Gallery.cs","ShowItemLabel","100"
"D:\OneDrive\VS\Projects\DocxDocument\DocumentModel.InOpenXml\CustomUI\Gallery.cs","ShowLabel","352"
"D:\OneDrive\VS\Projects\DocxDocument\DocumentModel.InOpenXml\CustomUI\Gallery.cs","Size","23"
"D:\OneDrive\VS\Projects\DocxDocument\DocumentModel.InOpenXml\CustomUI\Gallery.cs","SizeString","205"
"D:\OneDrive\VS\Projects\DocxDocument\DocumentModel.InOpenXml\CustomUI\Gallery.cs","Supertip","268"
"D:\OneDrive\VS\Projects\DocxDocument\DocumentModel.InOpenXml\CustomUI\Gallery.cs","Tag","240"
"D:\OneDrive\VS\Projects\DocxDocument\DocumentModel.InOpenXml\CustomUI\Gallery.cs","Visible","324"
"D:\OneDrive\VS\Projects\DocxDocument\DocumentModel.InOpenXml\CustomUI\GalleryRegular.cs","Columns","44"
"D:\OneDrive\VS\Projects\DocxDocument\DocumentModel.InOpenXml\CustomUI\GalleryRegular.cs","Description","23"
"D:\OneDrive\VS\Projects\DocxDocument\DocumentModel.InOpenXml\CustomUI\GalleryRegular.cs","Enabled","107"
"D:\OneDrive\VS\Projects\DocxDocument\DocumentModel.InOpenXml\CustomUI\GalleryRegular.cs","GetDescription","30"
"D:\OneDrive\VS\Projects\DocxDocument\DocumentModel.InOpenXml\CustomUI\GalleryRegular.cs","GetEnabled","114"
"D:\OneDrive\VS\Projects\DocxDocument\DocumentModel.InOpenXml\CustomUI\GalleryRegular.cs","GetImage","135"
"D:\OneDrive\VS\Projects\DocxDocument\DocumentModel.InOpenXml\CustomUI\GalleryRegular.cs","GetItemCount","149"
"D:\OneDrive\VS\Projects\DocxDocument\DocumentModel.InOpenXml\CustomUI\GalleryRegular.cs","GetItemHeight","79"
"D:\OneDrive\VS\Projects\DocxDocument\DocumentModel.InOpenXml\CustomUI\GalleryRegular.cs","GetItemID","184"
"D:\OneDrive\VS\Projects\DocxDocument\DocumentModel.InOpenXml\CustomUI\GalleryRegular.cs","GetItemImage","177"
"D:\OneDrive\VS\Projects\DocxDocument\DocumentModel.InOpenXml\CustomUI\GalleryRegular.cs","GetItemLabel","156"
"D:\OneDrive\VS\Projects\DocxDocument\DocumentModel.InOpenXml\CustomUI\GalleryRegular.cs","GetItemScreentip","163"
"D:\OneDrive\VS\Projects\DocxDocument\DocumentModel.InOpenXml\CustomUI\GalleryRegular.cs","GetItemSupertip","170"
"D:\OneDrive\VS\Projects\DocxDocument\DocumentModel.InOpenXml\CustomUI\GalleryRegular.cs","GetItemWidth","72"
"D:\OneDrive\VS\Projects\DocxDocument\DocumentModel.InOpenXml\CustomUI\GalleryRegular.cs","GetKeytip","331"
"D:\OneDrive\VS\Projects\DocxDocument\DocumentModel.InOpenXml\CustomUI\GalleryRegular.cs","GetLabel","275"
"D:\OneDrive\VS\Projects\DocxDocument\DocumentModel.InOpenXml\CustomUI\GalleryRegular.cs","GetScreentip","247"
"D:\OneDrive\VS\Projects\DocxDocument\DocumentModel.InOpenXml\CustomUI\GalleryRegular.cs","GetSelectedItemID","198"
"D:\OneDrive\VS\Projects\DocxDocument\DocumentModel.InOpenXml\CustomUI\GalleryRegular.cs","GetSelectedItemIndex","205"
"D:\OneDrive\VS\Projects\DocxDocument\DocumentModel.InOpenXml\CustomUI\GalleryRegular.cs","GetShowImage","359"
"D:\OneDrive\VS\Projects\DocxDocument\DocumentModel.InOpenXml\CustomUI\GalleryRegular.cs","GetShowLabel","345"
"D:\OneDrive\VS\Projects\DocxDocument\DocumentModel.InOpenXml\CustomUI\GalleryRegular.cs","GetSupertip","261"
"D:\OneDrive\VS\Projects\DocxDocument\DocumentModel.InOpenXml\CustomUI\GalleryRegular.cs","GetVisible","317"
"D:\OneDrive\VS\Projects\DocxDocument\DocumentModel.InOpenXml\CustomUI\GalleryRegular.cs","Id","212"
"D:\OneDrive\VS\Projects\DocxDocument\DocumentModel.InOpenXml\CustomUI\GalleryRegular.cs","IdMso","233"
"D:\OneDrive\VS\Projects\DocxDocument\DocumentModel.InOpenXml\CustomUI\GalleryRegular.cs","Image","121"
"D:\OneDrive\VS\Projects\DocxDocument\DocumentModel.InOpenXml\CustomUI\GalleryRegular.cs","ImageMso","128"
"D:\OneDrive\VS\Projects\DocxDocument\DocumentModel.InOpenXml\CustomUI\GalleryRegular.cs","InsertAfterMso","282"
"D:\OneDrive\VS\Projects\DocxDocument\DocumentModel.InOpenXml\CustomUI\GalleryRegular.cs","InsertAfterQualifiedId","296"
"D:\OneDrive\VS\Projects\DocxDocument\DocumentModel.InOpenXml\CustomUI\GalleryRegular.cs","InsertBeforeMso","289"
"D:\OneDrive\VS\Projects\DocxDocument\DocumentModel.InOpenXml\CustomUI\GalleryRegular.cs","InsertBeforeQualifiedId","303"
"D:\OneDrive\VS\Projects\DocxDocument\DocumentModel.InOpenXml\CustomUI\GalleryRegular.cs","InvalidateContentOnDrop","37"
"D:\OneDrive\VS\Projects\DocxDocument\DocumentModel.InOpenXml\CustomUI\GalleryRegular.cs","ItemHeight","65"
"D:\OneDrive\VS\Projects\DocxDocument\DocumentModel.InOpenXml\CustomUI\GalleryRegular.cs","ItemWidth","58"
"D:\OneDrive\VS\Projects\DocxDocument\DocumentModel.InOpenXml\CustomUI\GalleryRegular.cs","Keytip","324"
"D:\OneDrive\VS\Projects\DocxDocument\DocumentModel.InOpenXml\CustomUI\GalleryRegular.cs","Label","268"
"D:\OneDrive\VS\Projects\DocxDocument\DocumentModel.InOpenXml\CustomUI\GalleryRegular.cs","OnAction","100"
"D:\OneDrive\VS\Projects\DocxDocument\DocumentModel.InOpenXml\CustomUI\GalleryRegular.cs","QualifiedId","219"
"D:\OneDrive\VS\Projects\DocxDocument\DocumentModel.InOpenXml\CustomUI\GalleryRegular.cs","Rows","51"
"D:\OneDrive\VS\Projects\DocxDocument\DocumentModel.InOpenXml\CustomUI\GalleryRegular.cs","Screentip","240"
"D:\OneDrive\VS\Projects\DocxDocument\DocumentModel.InOpenXml\CustomUI\GalleryRegular.cs","ShowImage","352"
"D:\OneDrive\VS\Projects\DocxDocument\DocumentModel.InOpenXml\CustomUI\GalleryRegular.cs","ShowInRibbon","93"
"D:\OneDrive\VS\Projects\DocxDocument\DocumentModel.InOpenXml\CustomUI\GalleryRegular.cs","ShowItemImage","142"
"D:\OneDrive\VS\Projects\DocxDocument\DocumentModel.InOpenXml\CustomUI\GalleryRegular.cs","ShowItemLabel","86"
"D:\OneDrive\VS\Projects\DocxDocument\DocumentModel.InOpenXml\CustomUI\GalleryRegular.cs","ShowLabel","338"
"D:\OneDrive\VS\Projects\DocxDocument\DocumentModel.InOpenXml\CustomUI\GalleryRegular.cs","SizeString","191"
"D:\OneDrive\VS\Projects\DocxDocument\DocumentModel.InOpenXml\CustomUI\GalleryRegular.cs","Supertip","254"
"D:\OneDrive\VS\Projects\DocxDocument\DocumentModel.InOpenXml\CustomUI\GalleryRegular.cs","Tag","226"
"D:\OneDrive\VS\Projects\DocxDocument\DocumentModel.InOpenXml\CustomUI\GalleryRegular.cs","Visible","310"
"D:\OneDrive\VS\Projects\DocxDocument\DocumentModel.InOpenXml\CustomUI\Group.cs","AutoScale","184"
"D:\OneDrive\VS\Projects\DocxDocument\DocumentModel.InOpenXml\CustomUI\Group.cs","CenterVertically","191"
"D:\OneDrive\VS\Projects\DocxDocument\DocumentModel.InOpenXml\CustomUI\Group.cs","GetImage","93"
"D:\OneDrive\VS\Projects\DocxDocument\DocumentModel.InOpenXml\CustomUI\Group.cs","GetKeytip","177"
"D:\OneDrive\VS\Projects\DocxDocument\DocumentModel.InOpenXml\CustomUI\Group.cs","GetLabel","72"
"D:\OneDrive\VS\Projects\DocxDocument\DocumentModel.InOpenXml\CustomUI\Group.cs","GetScreentip","135"
"D:\OneDrive\VS\Projects\DocxDocument\DocumentModel.InOpenXml\CustomUI\Group.cs","GetSupertip","149"
"D:\OneDrive\VS\Projects\DocxDocument\DocumentModel.InOpenXml\CustomUI\Group.cs","GetVisible","163"
"D:\OneDrive\VS\Projects\DocxDocument\DocumentModel.InOpenXml\CustomUI\Group.cs","Id","37"
"D:\OneDrive\VS\Projects\DocxDocument\DocumentModel.InOpenXml\CustomUI\Group.cs","IdMso","58"
"D:\OneDrive\VS\Projects\DocxDocument\DocumentModel.InOpenXml\CustomUI\Group.cs","Image","79"
"D:\OneDrive\VS\Projects\DocxDocument\DocumentModel.InOpenXml\CustomUI\Group.cs","ImageMso","86"
"D:\OneDrive\VS\Projects\DocxDocument\DocumentModel.InOpenXml\CustomUI\Group.cs","InsertAfterMso","100"
"D:\OneDrive\VS\Projects\DocxDocument\DocumentModel.InOpenXml\CustomUI\Group.cs","InsertAfterQualifiedId","114"
"D:\OneDrive\VS\Projects\DocxDocument\DocumentModel.InOpenXml\CustomUI\Group.cs","InsertBeforeMso","107"
"D:\OneDrive\VS\Projects\DocxDocument\DocumentModel.InOpenXml\CustomUI\Group.cs","InsertBeforeQualifiedId","121"
"D:\OneDrive\VS\Projects\DocxDocument\DocumentModel.InOpenXml\CustomUI\Group.cs","Keytip","170"
"D:\OneDrive\VS\Projects\DocxDocument\DocumentModel.InOpenXml\CustomUI\Group.cs","Label","65"
"D:\OneDrive\VS\Projects\DocxDocument\DocumentModel.InOpenXml\CustomUI\Group.cs","QualifiedId","44"
"D:\OneDrive\VS\Projects\DocxDocument\DocumentModel.InOpenXml\CustomUI\Group.cs","Screentip","128"
"D:\OneDrive\VS\Projects\DocxDocument\DocumentModel.InOpenXml\CustomUI\Group.cs","Supertip","142"
"D:\OneDrive\VS\Projects\DocxDocument\DocumentModel.InOpenXml\CustomUI\Group.cs","Tag","51"
"D:\OneDrive\VS\Projects\DocxDocument\DocumentModel.InOpenXml\CustomUI\Group.cs","Visible","156"
"D:\OneDrive\VS\Projects\DocxDocument\DocumentModel.InOpenXml\CustomUI\GroupBox.cs","Expand","53"
"D:\OneDrive\VS\Projects\DocxDocument\DocumentModel.InOpenXml\CustomUI\GroupBox.cs","GetLabel","67"
"D:\OneDrive\VS\Projects\DocxDocument\DocumentModel.InOpenXml\CustomUI\GroupBox.cs","Id","32"
"D:\OneDrive\VS\Projects\DocxDocument\DocumentModel.InOpenXml\CustomUI\GroupBox.cs","Label","60"
"D:\OneDrive\VS\Projects\DocxDocument\DocumentModel.InOpenXml\CustomUI\GroupBox.cs","QualifiedId","39"
"D:\OneDrive\VS\Projects\DocxDocument\DocumentModel.InOpenXml\CustomUI\GroupBox.cs","Tag","46"
"D:\OneDrive\VS\Projects\DocxDocument\DocumentModel.InOpenXml\CustomUI\Hyperlink.cs","AlignLabel","37"
"D:\OneDrive\VS\Projects\DocxDocument\DocumentModel.InOpenXml\CustomUI\Hyperlink.cs","Enabled","51"
"D:\OneDrive\VS\Projects\DocxDocument\DocumentModel.InOpenXml\CustomUI\Hyperlink.cs","Expand","44"
"D:\OneDrive\VS\Projects\DocxDocument\DocumentModel.InOpenXml\CustomUI\Hyperlink.cs","GetEnabled","58"
"D:\OneDrive\VS\Projects\DocxDocument\DocumentModel.InOpenXml\CustomUI\Hyperlink.cs","GetImage","128"
"D:\OneDrive\VS\Projects\DocxDocument\DocumentModel.InOpenXml\CustomUI\Hyperlink.cs","GetKeytip","86"
"D:\OneDrive\VS\Projects\DocxDocument\DocumentModel.InOpenXml\CustomUI\Hyperlink.cs","GetLabel","100"
"D:\OneDrive\VS\Projects\DocxDocument\DocumentModel.InOpenXml\CustomUI\Hyperlink.cs","GetScreentip","142"
"D:\OneDrive\VS\Projects\DocxDocument\DocumentModel.InOpenXml\CustomUI\Hyperlink.cs","GetSupertip","156"
"D:\OneDrive\VS\Projects\DocxDocument\DocumentModel.InOpenXml\CustomUI\Hyperlink.cs","GetTarget","170"
"D:\OneDrive\VS\Projects\DocxDocument\DocumentModel.InOpenXml\CustomUI\Hyperlink.cs","GetVisible","72"
"D:\OneDrive\VS\Projects\DocxDocument\DocumentModel.InOpenXml\CustomUI\Hyperlink.cs","Id","16"
"D:\OneDrive\VS\Projects\DocxDocument\DocumentModel.InOpenXml\CustomUI\Hyperlink.cs","Image","114"
"D:\OneDrive\VS\Projects\DocxDocument\DocumentModel.InOpenXml\CustomUI\Hyperlink.cs","ImageMso","121"
"D:\OneDrive\VS\Projects\DocxDocument\DocumentModel.InOpenXml\CustomUI\Hyperlink.cs","Keytip","79"
"D:\OneDrive\VS\Projects\DocxDocument\DocumentModel.InOpenXml\CustomUI\Hyperlink.cs","Label","93"
"D:\OneDrive\VS\Projects\DocxDocument\DocumentModel.InOpenXml\CustomUI\Hyperlink.cs","OnAction","107"
"D:\OneDrive\VS\Projects\DocxDocument\DocumentModel.InOpenXml\CustomUI\Hyperlink.cs","QualifiedId","23"
"D:\OneDrive\VS\Projects\DocxDocument\DocumentModel.InOpenXml\CustomUI\Hyperlink.cs","Screentip","135"
"D:\OneDrive\VS\Projects\DocxDocument\DocumentModel.InOpenXml\CustomUI\Hyperlink.cs","Supertip","149"
"D:\OneDrive\VS\Projects\DocxDocument\DocumentModel.InOpenXml\CustomUI\Hyperlink.cs","Tag","30"
"D:\OneDrive\VS\Projects\DocxDocument\DocumentModel.InOpenXml\CustomUI\Hyperlink.cs","Target","163"
"D:\OneDrive\VS\Projects\DocxDocument\DocumentModel.InOpenXml\CustomUI\Hyperlink.cs","Visible","65"
"D:\OneDrive\VS\Projects\DocxDocument\DocumentModel.InOpenXml\CustomUI\ImageControl.cs","AltText","86"
"D:\OneDrive\VS\Projects\DocxDocument\DocumentModel.InOpenXml\CustomUI\ImageControl.cs","Enabled","37"
"D:\OneDrive\VS\Projects\DocxDocument\DocumentModel.InOpenXml\CustomUI\ImageControl.cs","GetAltText","93"
"D:\OneDrive\VS\Projects\DocxDocument\DocumentModel.InOpenXml\CustomUI\ImageControl.cs","GetEnabled","44"
"D:\OneDrive\VS\Projects\DocxDocument\DocumentModel.InOpenXml\CustomUI\ImageControl.cs","GetImage","79"
"D:\OneDrive\VS\Projects\DocxDocument\DocumentModel.InOpenXml\CustomUI\ImageControl.cs","GetVisible","58"
"D:\OneDrive\VS\Projects\DocxDocument\DocumentModel.InOpenXml\CustomUI\ImageControl.cs","Id","16"
"D:\OneDrive\VS\Projects\DocxDocument\DocumentModel.InOpenXml\CustomUI\ImageControl.cs","Image","65"
"D:\OneDrive\VS\Projects\DocxDocument\DocumentModel.InOpenXml\CustomUI\ImageControl.cs","ImageMso","72"
"D:\OneDrive\VS\Projects\DocxDocument\DocumentModel.InOpenXml\CustomUI\ImageControl.cs","QualifiedId","23"
"D:\OneDrive\VS\Projects\DocxDocument\DocumentModel.InOpenXml\CustomUI\ImageControl.cs","Tag","30"
"D:\OneDrive\VS\Projects\DocxDocument\DocumentModel.InOpenXml\CustomUI\ImageControl.cs","Visible","51"
"D:\OneDrive\VS\Projects\DocxDocument\DocumentModel.InOpenXml\CustomUI\Item.cs","Id","16"
"D:\OneDrive\VS\Projects\DocxDocument\DocumentModel.InOpenXml\CustomUI\Item.cs","Image","30"
"D:\OneDrive\VS\Projects\DocxDocument\DocumentModel.InOpenXml\CustomUI\Item.cs","ImageMso","37"
"D:\OneDrive\VS\Projects\DocxDocument\DocumentModel.InOpenXml\CustomUI\Item.cs","Label","23"
"D:\OneDrive\VS\Projects\DocxDocument\DocumentModel.InOpenXml\CustomUI\Item.cs","Screentip","44"
"D:\OneDrive\VS\Projects\DocxDocument\DocumentModel.InOpenXml\CustomUI\Item.cs","Supertip","51"
"D:\OneDrive\VS\Projects\DocxDocument\DocumentModel.InOpenXml\CustomUI\LabelControl.cs","Enabled","72"
"D:\OneDrive\VS\Projects\DocxDocument\DocumentModel.InOpenXml\CustomUI\LabelControl.cs","GetEnabled","79"
"D:\OneDrive\VS\Projects\DocxDocument\DocumentModel.InOpenXml\CustomUI\LabelControl.cs","GetLabel","93"
"D:\OneDrive\VS\Projects\DocxDocument\DocumentModel.InOpenXml\CustomUI\LabelControl.cs","GetScreentip","51"
"D:\OneDrive\VS\Projects\DocxDocument\DocumentModel.InOpenXml\CustomUI\LabelControl.cs","GetShowLabel","149"
"D:\OneDrive\VS\Projects\DocxDocument\DocumentModel.InOpenXml\CustomUI\LabelControl.cs","GetSupertip","65"
"D:\OneDrive\VS\Projects\DocxDocument\DocumentModel.InOpenXml\CustomUI\LabelControl.cs","GetVisible","135"
"D:\OneDrive\VS\Projects\DocxDocument\DocumentModel.InOpenXml\CustomUI\LabelControl.cs","Id","16"
"D:\OneDrive\VS\Projects\DocxDocument\DocumentModel.InOpenXml\CustomUI\LabelControl.cs","IdMso","37"
"D:\OneDrive\VS\Projects\DocxDocument\DocumentModel.InOpenXml\CustomUI\LabelControl.cs","InsertAfterMso","100"
"D:\OneDrive\VS\Projects\DocxDocument\DocumentModel.InOpenXml\CustomUI\LabelControl.cs","InsertAfterQualifiedId","114"
"D:\OneDrive\VS\Projects\DocxDocument\DocumentModel.InOpenXml\CustomUI\LabelControl.cs","InsertBeforeMso","107"
"D:\OneDrive\VS\Projects\DocxDocument\DocumentModel.InOpenXml\CustomUI\LabelControl.cs","InsertBeforeQualifiedId","121"
"D:\OneDrive\VS\Projects\DocxDocument\DocumentModel.InOpenXml\CustomUI\LabelControl.cs","Label","86"
"D:\OneDrive\VS\Projects\DocxDocument\DocumentModel.InOpenXml\CustomUI\LabelControl.cs","QualifiedId","23"
"D:\OneDrive\VS\Projects\DocxDocument\DocumentModel.InOpenXml\CustomUI\LabelControl.cs","Screentip","44"
"D:\OneDrive\VS\Projects\DocxDocument\DocumentModel.InOpenXml\CustomUI\LabelControl.cs","ShowLabel","142"
"D:\OneDrive\VS\Projects\DocxDocument\DocumentModel.InOpenXml\CustomUI\LabelControl.cs","Supertip","58"
"D:\OneDrive\VS\Projects\DocxDocument\DocumentModel.InOpenXml\CustomUI\LabelControl.cs","Tag","30"
"D:\OneDrive\VS\Projects\DocxDocument\DocumentModel.InOpenXml\CustomUI\LabelControl.cs","Visible","128"
"D:\OneDrive\VS\Projects\DocxDocument\DocumentModel.InOpenXml\CustomUI\LayoutContainer.cs","Align","53"
"D:\OneDrive\VS\Projects\DocxDocument\DocumentModel.InOpenXml\CustomUI\LayoutContainer.cs","Expand","60"
"D:\OneDrive\VS\Projects\DocxDocument\DocumentModel.InOpenXml\CustomUI\LayoutContainer.cs","Id","32"
"D:\OneDrive\VS\Projects\DocxDocument\DocumentModel.InOpenXml\CustomUI\LayoutContainer.cs","LayoutChildren","67"
"D:\OneDrive\VS\Projects\DocxDocument\DocumentModel.InOpenXml\CustomUI\LayoutContainer.cs","QualifiedId","39"
"D:\OneDrive\VS\Projects\DocxDocument\DocumentModel.InOpenXml\CustomUI\LayoutContainer.cs","Tag","46"
"D:\OneDrive\VS\Projects\DocxDocument\DocumentModel.InOpenXml\CustomUI\Menu.cs","Description","51"
"D:\OneDrive\VS\Projects\DocxDocument\DocumentModel.InOpenXml\CustomUI\Menu.cs","Enabled","142"
"D:\OneDrive\VS\Projects\DocxDocument\DocumentModel.InOpenXml\CustomUI\Menu.cs","GetDescription","58"
"D:\OneDrive\VS\Projects\DocxDocument\DocumentModel.InOpenXml\CustomUI\Menu.cs","GetEnabled","149"
"D:\OneDrive\VS\Projects\DocxDocument\DocumentModel.InOpenXml\CustomUI\Menu.cs","GetImage","107"
"D:\OneDrive\VS\Projects\DocxDocument\DocumentModel.InOpenXml\CustomUI\Menu.cs","GetKeytip","219"
"D:\OneDrive\VS\Projects\DocxDocument\DocumentModel.InOpenXml\CustomUI\Menu.cs","GetLabel","163"
"D:\OneDrive\VS\Projects\DocxDocument\DocumentModel.InOpenXml\CustomUI\Menu.cs","GetScreentip","121"
"D:\OneDrive\VS\Projects\DocxDocument\DocumentModel.InOpenXml\CustomUI\Menu.cs","GetShowImage","247"
"D:\OneDrive\VS\Projects\DocxDocument\DocumentModel.InOpenXml\CustomUI\Menu.cs","GetShowLabel","233"
"D:\OneDrive\VS\Projects\DocxDocument\DocumentModel.InOpenXml\CustomUI\Menu.cs","GetSize","37"
"D:\OneDrive\VS\Projects\DocxDocument\DocumentModel.InOpenXml\CustomUI\Menu.cs","GetSupertip","135"
"D:\OneDrive\VS\Projects\DocxDocument\DocumentModel.InOpenXml\CustomUI\Menu.cs","GetVisible","205"
"D:\OneDrive\VS\Projects\DocxDocument\DocumentModel.InOpenXml\CustomUI\Menu.cs","Id","65"
"D:\OneDrive\VS\Projects\DocxDocument\DocumentModel.InOpenXml\CustomUI\Menu.cs","IdMso","86"
"D:\OneDrive\VS\Projects\DocxDocument\DocumentModel.InOpenXml\CustomUI\Menu.cs","Image","93"
"D:\OneDrive\VS\Projects\DocxDocument\DocumentModel.InOpenXml\CustomUI\Menu.cs","ImageMso","100"
"D:\OneDrive\VS\Projects\DocxDocument\DocumentModel.InOpenXml\CustomUI\Menu.cs","InsertAfterMso","170"
"D:\OneDrive\VS\Projects\DocxDocument\DocumentModel.InOpenXml\CustomUI\Menu.cs","InsertAfterQualifiedId","184"
"D:\OneDrive\VS\Projects\DocxDocument\DocumentModel.InOpenXml\CustomUI\Menu.cs","InsertBeforeMso","177"
"D:\OneDrive\VS\Projects\DocxDocument\DocumentModel.InOpenXml\CustomUI\Menu.cs","InsertBeforeQualifiedId","191"
"D:\OneDrive\VS\Projects\DocxDocument\DocumentModel.InOpenXml\CustomUI\Menu.cs","ItemSize","44"
"D:\OneDrive\VS\Projects\DocxDocument\DocumentModel.InOpenXml\CustomUI\Menu.cs","Keytip","212"
"D:\OneDrive\VS\Projects\DocxDocument\DocumentModel.InOpenXml\CustomUI\Menu.cs","Label","156"
"D:\OneDrive\VS\Projects\DocxDocument\DocumentModel.InOpenXml\CustomUI\Menu.cs","QualifiedId","72"
"D:\OneDrive\VS\Projects\DocxDocument\DocumentModel.InOpenXml\CustomUI\Menu.cs","Screentip","114"
"D:\OneDrive\VS\Projects\DocxDocument\DocumentModel.InOpenXml\CustomUI\Menu.cs","ShowImage","240"
"D:\OneDrive\VS\Projects\DocxDocument\DocumentModel.InOpenXml\CustomUI\Menu.cs","ShowLabel","226"
"D:\OneDrive\VS\Projects\DocxDocument\DocumentModel.InOpenXml\CustomUI\Menu.cs","Size","30"
"D:\OneDrive\VS\Projects\DocxDocument\DocumentModel.InOpenXml\CustomUI\Menu.cs","Supertip","128"
"D:\OneDrive\VS\Projects\DocxDocument\DocumentModel.InOpenXml\CustomUI\Menu.cs","Tag","79"
"D:\OneDrive\VS\Projects\DocxDocument\DocumentModel.InOpenXml\CustomUI\Menu.cs","Visible","198"
"D:\OneDrive\VS\Projects\DocxDocument\DocumentModel.InOpenXml\CustomUI\MenuRegular.cs","Description","37"
"D:\OneDrive\VS\Projects\DocxDocument\DocumentModel.InOpenXml\CustomUI\MenuRegular.cs","Enabled","128"
"D:\OneDrive\VS\Projects\DocxDocument\DocumentModel.InOpenXml\CustomUI\MenuRegular.cs","GetDescription","44"
"D:\OneDrive\VS\Projects\DocxDocument\DocumentModel.InOpenXml\CustomUI\MenuRegular.cs","GetEnabled","135"
"D:\OneDrive\VS\Projects\DocxDocument\DocumentModel.InOpenXml\CustomUI\MenuRegular.cs","GetImage","93"
"D:\OneDrive\VS\Projects\DocxDocument\DocumentModel.InOpenXml\CustomUI\MenuRegular.cs","GetKeytip","205"
"D:\OneDrive\VS\Projects\DocxDocument\DocumentModel.InOpenXml\CustomUI\MenuRegular.cs","GetLabel","149"
"D:\OneDrive\VS\Projects\DocxDocument\DocumentModel.InOpenXml\CustomUI\MenuRegular.cs","GetScreentip","107"
"D:\OneDrive\VS\Projects\DocxDocument\DocumentModel.InOpenXml\CustomUI\MenuRegular.cs","GetShowImage","233"
"D:\OneDrive\VS\Projects\DocxDocument\DocumentModel.InOpenXml\CustomUI\MenuRegular.cs","GetShowLabel","219"
"D:\OneDrive\VS\Projects\DocxDocument\DocumentModel.InOpenXml\CustomUI\MenuRegular.cs","GetSupertip","121"
"D:\OneDrive\VS\Projects\DocxDocument\DocumentModel.InOpenXml\CustomUI\MenuRegular.cs","GetVisible","191"
"D:\OneDrive\VS\Projects\DocxDocument\DocumentModel.InOpenXml\CustomUI\MenuRegular.cs","Id","51"
"D:\OneDrive\VS\Projects\DocxDocument\DocumentModel.InOpenXml\CustomUI\MenuRegular.cs","IdMso","72"
"D:\OneDrive\VS\Projects\DocxDocument\DocumentModel.InOpenXml\CustomUI\MenuRegular.cs","Image","79"
"D:\OneDrive\VS\Projects\DocxDocument\DocumentModel.InOpenXml\CustomUI\MenuRegular.cs","ImageMso","86"
"D:\OneDrive\VS\Projects\DocxDocument\DocumentModel.InOpenXml\CustomUI\MenuRegular.cs","InsertAfterMso","156"
"D:\OneDrive\VS\Projects\DocxDocument\DocumentModel.InOpenXml\CustomUI\MenuRegular.cs","InsertAfterQualifiedId","170"
"D:\OneDrive\VS\Projects\DocxDocument\DocumentModel.InOpenXml\CustomUI\MenuRegular.cs","InsertBeforeMso","163"
"D:\OneDrive\VS\Projects\DocxDocument\DocumentModel.InOpenXml\CustomUI\MenuRegular.cs","InsertBeforeQualifiedId","177"
"D:\OneDrive\VS\Projects\DocxDocument\DocumentModel.InOpenXml\CustomUI\MenuRegular.cs","ItemSize","30"
"D:\OneDrive\VS\Projects\DocxDocument\DocumentModel.InOpenXml\CustomUI\MenuRegular.cs","Keytip","198"
"D:\OneDrive\VS\Projects\DocxDocument\DocumentModel.InOpenXml\CustomUI\MenuRegular.cs","Label","142"
"D:\OneDrive\VS\Projects\DocxDocument\DocumentModel.InOpenXml\CustomUI\MenuRegular.cs","QualifiedId","58"
"D:\OneDrive\VS\Projects\DocxDocument\DocumentModel.InOpenXml\CustomUI\MenuRegular.cs","Screentip","100"
"D:\OneDrive\VS\Projects\DocxDocument\DocumentModel.InOpenXml\CustomUI\MenuRegular.cs","ShowImage","226"
"D:\OneDrive\VS\Projects\DocxDocument\DocumentModel.InOpenXml\CustomUI\MenuRegular.cs","ShowLabel","212"
"D:\OneDrive\VS\Projects\DocxDocument\DocumentModel.InOpenXml\CustomUI\MenuRegular.cs","Supertip","114"
"D:\OneDrive\VS\Projects\DocxDocument\DocumentModel.InOpenXml\CustomUI\MenuRegular.cs","Tag","65"
"D:\OneDrive\VS\Projects\DocxDocument\DocumentModel.InOpenXml\CustomUI\MenuRegular.cs","Visible","184"
"D:\OneDrive\VS\Projects\DocxDocument\DocumentModel.InOpenXml\CustomUI\MenuRoot.cs","GetTitle","37"
"D:\OneDrive\VS\Projects\DocxDocument\DocumentModel.InOpenXml\CustomUI\MenuRoot.cs","ItemSize","44"
"D:\OneDrive\VS\Projects\DocxDocument\DocumentModel.InOpenXml\CustomUI\MenuRoot.cs","Title","30"
"D:\OneDrive\VS\Projects\DocxDocument\DocumentModel.InOpenXml\CustomUI\MenuSeparator.cs","GetTitle","72"
"D:\OneDrive\VS\Projects\DocxDocument\DocumentModel.InOpenXml\CustomUI\MenuSeparator.cs","Id","16"
"D:\OneDrive\VS\Projects\DocxDocument\DocumentModel.InOpenXml\CustomUI\MenuSeparator.cs","InsertAfterMso","37"
"D:\OneDrive\VS\Projects\DocxDocument\DocumentModel.InOpenXml\CustomUI\MenuSeparator.cs","InsertAfterQualifiedId","51"
"D:\OneDrive\VS\Projects\DocxDocument\DocumentModel.InOpenXml\CustomUI\MenuSeparator.cs","InsertBeforeMso","44"
"D:\OneDrive\VS\Projects\DocxDocument\DocumentModel.InOpenXml\CustomUI\MenuSeparator.cs","InsertBeforeQualifiedId","58"
"D:\OneDrive\VS\Projects\DocxDocument\DocumentModel.InOpenXml\CustomUI\MenuSeparator.cs","QualifiedId","23"
"D:\OneDrive\VS\Projects\DocxDocument\DocumentModel.InOpenXml\CustomUI\MenuSeparator.cs","Tag","30"
"D:\OneDrive\VS\Projects\DocxDocument\DocumentModel.InOpenXml\CustomUI\MenuSeparator.cs","Title","65"
"D:\OneDrive\VS\Projects\DocxDocument\DocumentModel.InOpenXml\CustomUI\MenuSeparatorNoTitle.cs","Id","16"
"D:\OneDrive\VS\Projects\DocxDocument\DocumentModel.InOpenXml\CustomUI\MenuSeparatorNoTitle.cs","InsertAfterMso","37"
"D:\OneDrive\VS\Projects\DocxDocument\DocumentModel.InOpenXml\CustomUI\MenuSeparatorNoTitle.cs","InsertAfterQualifiedId","51"
"D:\OneDrive\VS\Projects\DocxDocument\DocumentModel.InOpenXml\CustomUI\MenuSeparatorNoTitle.cs","InsertBeforeMso","44"
"D:\OneDrive\VS\Projects\DocxDocument\DocumentModel.InOpenXml\CustomUI\MenuSeparatorNoTitle.cs","InsertBeforeQualifiedId","58"
"D:\OneDrive\VS\Projects\DocxDocument\DocumentModel.InOpenXml\CustomUI\MenuSeparatorNoTitle.cs","QualifiedId","23"
"D:\OneDrive\VS\Projects\DocxDocument\DocumentModel.InOpenXml\CustomUI\MenuSeparatorNoTitle.cs","Tag","30"
"D:\OneDrive\VS\Projects\DocxDocument\DocumentModel.InOpenXml\CustomUI\MenuWithTitle.cs","Enabled","128"
"D:\OneDrive\VS\Projects\DocxDocument\DocumentModel.InOpenXml\CustomUI\MenuWithTitle.cs","GetEnabled","135"
"D:\OneDrive\VS\Projects\DocxDocument\DocumentModel.InOpenXml\CustomUI\MenuWithTitle.cs","GetImage","93"
"D:\OneDrive\VS\Projects\DocxDocument\DocumentModel.InOpenXml\CustomUI\MenuWithTitle.cs","GetKeytip","205"
"D:\OneDrive\VS\Projects\DocxDocument\DocumentModel.InOpenXml\CustomUI\MenuWithTitle.cs","GetLabel","149"
"D:\OneDrive\VS\Projects\DocxDocument\DocumentModel.InOpenXml\CustomUI\MenuWithTitle.cs","GetScreentip","107"
"D:\OneDrive\VS\Projects\DocxDocument\DocumentModel.InOpenXml\CustomUI\MenuWithTitle.cs","GetShowImage","233"
"D:\OneDrive\VS\Projects\DocxDocument\DocumentModel.InOpenXml\CustomUI\MenuWithTitle.cs","GetShowLabel","219"
"D:\OneDrive\VS\Projects\DocxDocument\DocumentModel.InOpenXml\CustomUI\MenuWithTitle.cs","GetSupertip","121"
"D:\OneDrive\VS\Projects\DocxDocument\DocumentModel.InOpenXml\CustomUI\MenuWithTitle.cs","GetTitle","72"
"D:\OneDrive\VS\Projects\DocxDocument\DocumentModel.InOpenXml\CustomUI\MenuWithTitle.cs","GetVisible","191"
"D:\OneDrive\VS\Projects\DocxDocument\DocumentModel.InOpenXml\CustomUI\MenuWithTitle.cs","Id","30"
"D:\OneDrive\VS\Projects\DocxDocument\DocumentModel.InOpenXml\CustomUI\MenuWithTitle.cs","IdMso","51"
"D:\OneDrive\VS\Projects\DocxDocument\DocumentModel.InOpenXml\CustomUI\MenuWithTitle.cs","Image","79"
"D:\OneDrive\VS\Projects\DocxDocument\DocumentModel.InOpenXml\CustomUI\MenuWithTitle.cs","ImageMso","86"
"D:\OneDrive\VS\Projects\DocxDocument\DocumentModel.InOpenXml\CustomUI\MenuWithTitle.cs","InsertAfterMso","156"
"D:\OneDrive\VS\Projects\DocxDocument\DocumentModel.InOpenXml\CustomUI\MenuWithTitle.cs","InsertAfterQualifiedId","170"
"D:\OneDrive\VS\Projects\DocxDocument\DocumentModel.InOpenXml\CustomUI\MenuWithTitle.cs","InsertBeforeMso","163"
"D:\OneDrive\VS\Projects\DocxDocument\DocumentModel.InOpenXml\CustomUI\MenuWithTitle.cs","InsertBeforeQualifiedId","177"
"D:\OneDrive\VS\Projects\DocxDocument\DocumentModel.InOpenXml\CustomUI\MenuWithTitle.cs","ItemSize","58"
"D:\OneDrive\VS\Projects\DocxDocument\DocumentModel.InOpenXml\CustomUI\MenuWithTitle.cs","Keytip","198"
"D:\OneDrive\VS\Projects\DocxDocument\DocumentModel.InOpenXml\CustomUI\MenuWithTitle.cs","Label","142"
"D:\OneDrive\VS\Projects\DocxDocument\DocumentModel.InOpenXml\CustomUI\MenuWithTitle.cs","QualifiedId","37"
"D:\OneDrive\VS\Projects\DocxDocument\DocumentModel.InOpenXml\CustomUI\MenuWithTitle.cs","Screentip","100"
"D:\OneDrive\VS\Projects\DocxDocument\DocumentModel.InOpenXml\CustomUI\MenuWithTitle.cs","ShowImage","226"
"D:\OneDrive\VS\Projects\DocxDocument\DocumentModel.InOpenXml\CustomUI\MenuWithTitle.cs","ShowLabel","212"
"D:\OneDrive\VS\Projects\DocxDocument\DocumentModel.InOpenXml\CustomUI\MenuWithTitle.cs","Supertip","114"
"D:\OneDrive\VS\Projects\DocxDocument\DocumentModel.InOpenXml\CustomUI\MenuWithTitle.cs","Tag","44"
"D:\OneDrive\VS\Projects\DocxDocument\DocumentModel.InOpenXml\CustomUI\MenuWithTitle.cs","Title","65"
"D:\OneDrive\VS\Projects\DocxDocument\DocumentModel.InOpenXml\CustomUI\MenuWithTitle.cs","Visible","184"
"D:\OneDrive\VS\Projects\DocxDocument\DocumentModel.InOpenXml\CustomUI\PrimaryItem.cs","BackstagePrimaryMenu","30"
"D:\OneDrive\VS\Projects\DocxDocument\DocumentModel.InOpenXml\CustomUI\PrimaryItem.cs","BackstageRegularButton","23"
"D:\OneDrive\VS\Projects\DocxDocument\DocumentModel.InOpenXml\CustomUI\QuickAccessToolbar.cs","DocumentControlsQatItems","30"
"D:\OneDrive\VS\Projects\DocxDocument\DocumentModel.InOpenXml\CustomUI\QuickAccessToolbar.cs","SharedControlsQatItems","23"
"D:\OneDrive\VS\Projects\DocxDocument\DocumentModel.InOpenXml\CustomUI\RadioGroup.cs","AlignLabel","43"
"D:\OneDrive\VS\Projects\DocxDocument\DocumentModel.InOpenXml\CustomUI\RadioGroup.cs","Enabled","57"
"D:\OneDrive\VS\Projects\DocxDocument\DocumentModel.InOpenXml\CustomUI\RadioGroup.cs","Expand","50"
"D:\OneDrive\VS\Projects\DocxDocument\DocumentModel.InOpenXml\CustomUI\RadioGroup.cs","GetEnabled","64"
"D:\OneDrive\VS\Projects\DocxDocument\DocumentModel.InOpenXml\CustomUI\RadioGroup.cs","GetItemCount","127"
"D:\OneDrive\VS\Projects\DocxDocument\DocumentModel.InOpenXml\CustomUI\RadioGroup.cs","GetItemID","141"
"D:\OneDrive\VS\Projects\DocxDocument\DocumentModel.InOpenXml\CustomUI\RadioGroup.cs","GetItemLabel","134"
"D:\OneDrive\VS\Projects\DocxDocument\DocumentModel.InOpenXml\CustomUI\RadioGroup.cs","GetKeytip","113"
"D:\OneDrive\VS\Projects\DocxDocument\DocumentModel.InOpenXml\CustomUI\RadioGroup.cs","GetLabel","78"
"D:\OneDrive\VS\Projects\DocxDocument\DocumentModel.InOpenXml\CustomUI\RadioGroup.cs","GetSelectedItemIndex","120"
"D:\OneDrive\VS\Projects\DocxDocument\DocumentModel.InOpenXml\CustomUI\RadioGroup.cs","GetVisible","92"
"D:\OneDrive\VS\Projects\DocxDocument\DocumentModel.InOpenXml\CustomUI\RadioGroup.cs","Id","22"
"D:\OneDrive\VS\Projects\DocxDocument\DocumentModel.InOpenXml\CustomUI\RadioGroup.cs","Keytip","106"
"D:\OneDrive\VS\Projects\DocxDocument\DocumentModel.InOpenXml\CustomUI\RadioGroup.cs","Label","71"
"D:\OneDrive\VS\Projects\DocxDocument\DocumentModel.InOpenXml\CustomUI\RadioGroup.cs","OnAction","99"
"D:\OneDrive\VS\Projects\DocxDocument\DocumentModel.InOpenXml\CustomUI\RadioGroup.cs","QualifiedId","29"
"D:\OneDrive\VS\Projects\DocxDocument\DocumentModel.InOpenXml\CustomUI\RadioGroup.cs","Tag","36"
"D:\OneDrive\VS\Projects\DocxDocument\DocumentModel.InOpenXml\CustomUI\RadioGroup.cs","Visible","85"
"D:\OneDrive\VS\Projects\DocxDocument\DocumentModel.InOpenXml\CustomUI\Ribbon.cs","ContextualTabs","45"
"D:\OneDrive\VS\Projects\DocxDocument\DocumentModel.InOpenXml\CustomUI\Ribbon.cs","QuickAccessToolbar","31"
"D:\OneDrive\VS\Projects\DocxDocument\DocumentModel.InOpenXml\CustomUI\Ribbon.cs","StartFromScratch","24"
"D:\OneDrive\VS\Projects\DocxDocument\DocumentModel.InOpenXml\CustomUI\Ribbon.cs","Tabs","38"
"D:\OneDrive\VS\Projects\DocxDocument\DocumentModel.InOpenXml\CustomUI\Separator.cs","GetVisible","44"
"D:\OneDrive\VS\Projects\DocxDocument\DocumentModel.InOpenXml\CustomUI\Separator.cs","Id","16"
"D:\OneDrive\VS\Projects\DocxDocument\DocumentModel.InOpenXml\CustomUI\Separator.cs","InsertAfterMso","51"
"D:\OneDrive\VS\Projects\DocxDocument\DocumentModel.InOpenXml\CustomUI\Separator.cs","InsertAfterQualifiedId","65"
"D:\OneDrive\VS\Projects\DocxDocument\DocumentModel.InOpenXml\CustomUI\Separator.cs","InsertBeforeMso","58"
"D:\OneDrive\VS\Projects\DocxDocument\DocumentModel.InOpenXml\CustomUI\Separator.cs","InsertBeforeQualifiedId","72"
"D:\OneDrive\VS\Projects\DocxDocument\DocumentModel.InOpenXml\CustomUI\Separator.cs","QualifiedId","23"
"D:\OneDrive\VS\Projects\DocxDocument\DocumentModel.InOpenXml\CustomUI\Separator.cs","Tag","30"
"D:\OneDrive\VS\Projects\DocxDocument\DocumentModel.InOpenXml\CustomUI\Separator.cs","Visible","37"
"D:\OneDrive\VS\Projects\DocxDocument\DocumentModel.InOpenXml\CustomUI\SplitButton.cs","Enabled","38"
"D:\OneDrive\VS\Projects\DocxDocument\DocumentModel.InOpenXml\CustomUI\SplitButton.cs","GetEnabled","45"
"D:\OneDrive\VS\Projects\DocxDocument\DocumentModel.InOpenXml\CustomUI\SplitButton.cs","GetKeytip","129"
"D:\OneDrive\VS\Projects\DocxDocument\DocumentModel.InOpenXml\CustomUI\SplitButton.cs","GetShowLabel","143"
"D:\OneDrive\VS\Projects\DocxDocument\DocumentModel.InOpenXml\CustomUI\SplitButton.cs","GetSize","31"
"D:\OneDrive\VS\Projects\DocxDocument\DocumentModel.InOpenXml\CustomUI\SplitButton.cs","GetVisible","115"
"D:\OneDrive\VS\Projects\DocxDocument\DocumentModel.InOpenXml\CustomUI\SplitButton.cs","Id","52"
"D:\OneDrive\VS\Projects\DocxDocument\DocumentModel.InOpenXml\CustomUI\SplitButton.cs","IdMso","73"
"D:\OneDrive\VS\Projects\DocxDocument\DocumentModel.InOpenXml\CustomUI\SplitButton.cs","InsertAfterMso","80"
"D:\OneDrive\VS\Projects\DocxDocument\DocumentModel.InOpenXml\CustomUI\SplitButton.cs","InsertAfterQualifiedId","94"
"D:\OneDrive\VS\Projects\DocxDocument\DocumentModel.InOpenXml\CustomUI\SplitButton.cs","InsertBeforeMso","87"
"D:\OneDrive\VS\Projects\DocxDocument\DocumentModel.InOpenXml\CustomUI\SplitButton.cs","InsertBeforeQualifiedId","101"
"D:\OneDrive\VS\Projects\DocxDocument\DocumentModel.InOpenXml\CustomUI\SplitButton.cs","Keytip","122"
"D:\OneDrive\VS\Projects\DocxDocument\DocumentModel.InOpenXml\CustomUI\SplitButton.cs","QualifiedId","59"
"D:\OneDrive\VS\Projects\DocxDocument\DocumentModel.InOpenXml\CustomUI\SplitButton.cs","ShowLabel","136"
"D:\OneDrive\VS\Projects\DocxDocument\DocumentModel.InOpenXml\CustomUI\SplitButton.cs","Size","24"
"D:\OneDrive\VS\Projects\DocxDocument\DocumentModel.InOpenXml\CustomUI\SplitButton.cs","Tag","66"
"D:\OneDrive\VS\Projects\DocxDocument\DocumentModel.InOpenXml\CustomUI\SplitButton.cs","Visible","108"
"D:\OneDrive\VS\Projects\DocxDocument\DocumentModel.InOpenXml\CustomUI\SplitButtonRegular.cs","Enabled","24"
"D:\OneDrive\VS\Projects\DocxDocument\DocumentModel.InOpenXml\CustomUI\SplitButtonRegular.cs","GetEnabled","31"
"D:\OneDrive\VS\Projects\DocxDocument\DocumentModel.InOpenXml\CustomUI\SplitButtonRegular.cs","GetKeytip","115"
"D:\OneDrive\VS\Projects\DocxDocument\DocumentModel.InOpenXml\CustomUI\SplitButtonRegular.cs","GetShowLabel","129"
"D:\OneDrive\VS\Projects\DocxDocument\DocumentModel.InOpenXml\CustomUI\SplitButtonRegular.cs","GetVisible","101"
"D:\OneDrive\VS\Projects\DocxDocument\DocumentModel.InOpenXml\CustomUI\SplitButtonRegular.cs","Id","38"
"D:\OneDrive\VS\Projects\DocxDocument\DocumentModel.InOpenXml\CustomUI\SplitButtonRegular.cs","IdMso","59"
"D:\OneDrive\VS\Projects\DocxDocument\DocumentModel.InOpenXml\CustomUI\SplitButtonRegular.cs","InsertAfterMso","66"
"D:\OneDrive\VS\Projects\DocxDocument\DocumentModel.InOpenXml\CustomUI\SplitButtonRegular.cs","InsertAfterQualifiedId","80"
"D:\OneDrive\VS\Projects\DocxDocument\DocumentModel.InOpenXml\CustomUI\SplitButtonRegular.cs","InsertBeforeMso","73"
"D:\OneDrive\VS\Projects\DocxDocument\DocumentModel.InOpenXml\CustomUI\SplitButtonRegular.cs","InsertBeforeQualifiedId","87"
"D:\OneDrive\VS\Projects\DocxDocument\DocumentModel.InOpenXml\CustomUI\SplitButtonRegular.cs","Keytip","108"
"D:\OneDrive\VS\Projects\DocxDocument\DocumentModel.InOpenXml\CustomUI\SplitButtonRegular.cs","QualifiedId","45"
"D:\OneDrive\VS\Projects\DocxDocument\DocumentModel.InOpenXml\CustomUI\SplitButtonRegular.cs","ShowLabel","122"
"D:\OneDrive\VS\Projects\DocxDocument\DocumentModel.InOpenXml\CustomUI\SplitButtonRegular.cs","Tag","52"
"D:\OneDrive\VS\Projects\DocxDocument\DocumentModel.InOpenXml\CustomUI\SplitButtonRegular.cs","Visible","94"
"D:\OneDrive\VS\Projects\DocxDocument\DocumentModel.InOpenXml\CustomUI\SplitButtonWithTitle.cs","Enabled","24"
"D:\OneDrive\VS\Projects\DocxDocument\DocumentModel.InOpenXml\CustomUI\SplitButtonWithTitle.cs","GetEnabled","31"
"D:\OneDrive\VS\Projects\DocxDocument\DocumentModel.InOpenXml\CustomUI\SplitButtonWithTitle.cs","GetKeytip","115"
"D:\OneDrive\VS\Projects\DocxDocument\DocumentModel.InOpenXml\CustomUI\SplitButtonWithTitle.cs","GetShowLabel","129"
"D:\OneDrive\VS\Projects\DocxDocument\DocumentModel.InOpenXml\CustomUI\SplitButtonWithTitle.cs","GetVisible","101"
"D:\OneDrive\VS\Projects\DocxDocument\DocumentModel.InOpenXml\CustomUI\SplitButtonWithTitle.cs","Id","38"
"D:\OneDrive\VS\Projects\DocxDocument\DocumentModel.InOpenXml\CustomUI\SplitButtonWithTitle.cs","IdMso","59"
"D:\OneDrive\VS\Projects\DocxDocument\DocumentModel.InOpenXml\CustomUI\SplitButtonWithTitle.cs","InsertAfterMso","66"
"D:\OneDrive\VS\Projects\DocxDocument\DocumentModel.InOpenXml\CustomUI\SplitButtonWithTitle.cs","InsertAfterQualifiedId","80"
"D:\OneDrive\VS\Projects\DocxDocument\DocumentModel.InOpenXml\CustomUI\SplitButtonWithTitle.cs","InsertBeforeMso","73"
"D:\OneDrive\VS\Projects\DocxDocument\DocumentModel.InOpenXml\CustomUI\SplitButtonWithTitle.cs","InsertBeforeQualifiedId","87"
"D:\OneDrive\VS\Projects\DocxDocument\DocumentModel.InOpenXml\CustomUI\SplitButtonWithTitle.cs","Keytip","108"
"D:\OneDrive\VS\Projects\DocxDocument\DocumentModel.InOpenXml\CustomUI\SplitButtonWithTitle.cs","QualifiedId","45"
"D:\OneDrive\VS\Projects\DocxDocument\DocumentModel.InOpenXml\CustomUI\SplitButtonWithTitle.cs","ShowLabel","122"
"D:\OneDrive\VS\Projects\DocxDocument\DocumentModel.InOpenXml\CustomUI\SplitButtonWithTitle.cs","Tag","52"
"D:\OneDrive\VS\Projects\DocxDocument\DocumentModel.InOpenXml\CustomUI\SplitButtonWithTitle.cs","Visible","94"
"D:\OneDrive\VS\Projects\DocxDocument\DocumentModel.InOpenXml\CustomUI\Tab.cs","GetKeytip","113"
"D:\OneDrive\VS\Projects\DocxDocument\DocumentModel.InOpenXml\CustomUI\Tab.cs","GetLabel","57"
"D:\OneDrive\VS\Projects\DocxDocument\DocumentModel.InOpenXml\CustomUI\Tab.cs","GetVisible","99"
"D:\OneDrive\VS\Projects\DocxDocument\DocumentModel.InOpenXml\CustomUI\Tab.cs","Id","22"
"D:\OneDrive\VS\Projects\DocxDocument\DocumentModel.InOpenXml\CustomUI\Tab.cs","IdMso","43"
"D:\OneDrive\VS\Projects\DocxDocument\DocumentModel.InOpenXml\CustomUI\Tab.cs","InsertAfterMso","64"
"D:\OneDrive\VS\Projects\DocxDocument\DocumentModel.InOpenXml\CustomUI\Tab.cs","InsertAfterQualifiedId","78"
"D:\OneDrive\VS\Projects\DocxDocument\DocumentModel.InOpenXml\CustomUI\Tab.cs","InsertBeforeMso","71"
"D:\OneDrive\VS\Projects\DocxDocument\DocumentModel.InOpenXml\CustomUI\Tab.cs","InsertBeforeQualifiedId","85"
"D:\OneDrive\VS\Projects\DocxDocument\DocumentModel.InOpenXml\CustomUI\Tab.cs","Keytip","106"
"D:\OneDrive\VS\Projects\DocxDocument\DocumentModel.InOpenXml\CustomUI\Tab.cs","Label","50"
"D:\OneDrive\VS\Projects\DocxDocument\DocumentModel.InOpenXml\CustomUI\Tab.cs","QualifiedId","29"
"D:\OneDrive\VS\Projects\DocxDocument\DocumentModel.InOpenXml\CustomUI\Tab.cs","Tag","36"
"D:\OneDrive\VS\Projects\DocxDocument\DocumentModel.InOpenXml\CustomUI\Tab.cs","Visible","92"
"D:\OneDrive\VS\Projects\DocxDocument\DocumentModel.InOpenXml\CustomUI\TabSet.cs","GetVisible","36"
"D:\OneDrive\VS\Projects\DocxDocument\DocumentModel.InOpenXml\CustomUI\TabSet.cs","IdMso","22"
"D:\OneDrive\VS\Projects\DocxDocument\DocumentModel.InOpenXml\CustomUI\TabSet.cs","Visible","29"
"D:\OneDrive\VS\Projects\DocxDocument\DocumentModel.InOpenXml\CustomUI\TaskFormGroup.cs","AllowedTaskSizes","106"
"D:\OneDrive\VS\Projects\DocxDocument\DocumentModel.InOpenXml\CustomUI\TaskFormGroup.cs","GetHelperText","85"
"D:\OneDrive\VS\Projects\DocxDocument\DocumentModel.InOpenXml\CustomUI\TaskFormGroup.cs","GetLabel","57"
"D:\OneDrive\VS\Projects\DocxDocument\DocumentModel.InOpenXml\CustomUI\TaskFormGroup.cs","GetShowLabel","99"
"D:\OneDrive\VS\Projects\DocxDocument\DocumentModel.InOpenXml\CustomUI\TaskFormGroup.cs","GetVisible","71"
"D:\OneDrive\VS\Projects\DocxDocument\DocumentModel.InOpenXml\CustomUI\TaskFormGroup.cs","HelperText","78"
"D:\OneDrive\VS\Projects\DocxDocument\DocumentModel.InOpenXml\CustomUI\TaskFormGroup.cs","Id","22"
"D:\OneDrive\VS\Projects\DocxDocument\DocumentModel.InOpenXml\CustomUI\TaskFormGroup.cs","IdMso","43"
"D:\OneDrive\VS\Projects\DocxDocument\DocumentModel.InOpenXml\CustomUI\TaskFormGroup.cs","Label","50"
"D:\OneDrive\VS\Projects\DocxDocument\DocumentModel.InOpenXml\CustomUI\TaskFormGroup.cs","QualifiedId","29"
"D:\OneDrive\VS\Projects\DocxDocument\DocumentModel.InOpenXml\CustomUI\TaskFormGroup.cs","ShowLabel","92"
"D:\OneDrive\VS\Projects\DocxDocument\DocumentModel.InOpenXml\CustomUI\TaskFormGroup.cs","Tag","36"
"D:\OneDrive\VS\Projects\DocxDocument\DocumentModel.InOpenXml\CustomUI\TaskFormGroup.cs","Visible","64"
"D:\OneDrive\VS\Projects\DocxDocument\DocumentModel.InOpenXml\CustomUI\TaskFormGroupCategory.cs","GetLabel","99"
"D:\OneDrive\VS\Projects\DocxDocument\DocumentModel.InOpenXml\CustomUI\TaskFormGroupCategory.cs","GetVisible","85"
"D:\OneDrive\VS\Projects\DocxDocument\DocumentModel.InOpenXml\CustomUI\TaskFormGroupCategory.cs","Id","22"
"D:\OneDrive\VS\Projects\DocxDocument\DocumentModel.InOpenXml\CustomUI\TaskFormGroupCategory.cs","IdMso","43"
"D:\OneDrive\VS\Projects\DocxDocument\DocumentModel.InOpenXml\CustomUI\TaskFormGroupCategory.cs","InsertAfterMso","50"
"D:\OneDrive\VS\Projects\DocxDocument\DocumentModel.InOpenXml\CustomUI\TaskFormGroupCategory.cs","InsertAfterQualifiedId","64"
"D:\OneDrive\VS\Projects\DocxDocument\DocumentModel.InOpenXml\CustomUI\TaskFormGroupCategory.cs","InsertBeforeMso","57"
"D:\OneDrive\VS\Projects\DocxDocument\DocumentModel.InOpenXml\CustomUI\TaskFormGroupCategory.cs","InsertBeforeQualifiedId","71"
"D:\OneDrive\VS\Projects\DocxDocument\DocumentModel.InOpenXml\CustomUI\TaskFormGroupCategory.cs","Label","92"
"D:\OneDrive\VS\Projects\DocxDocument\DocumentModel.InOpenXml\CustomUI\TaskFormGroupCategory.cs","QualifiedId","29"
"D:\OneDrive\VS\Projects\DocxDocument\DocumentModel.InOpenXml\CustomUI\TaskFormGroupCategory.cs","Tag","36"
"D:\OneDrive\VS\Projects\DocxDocument\DocumentModel.InOpenXml\CustomUI\TaskFormGroupCategory.cs","Visible","78"
"D:\OneDrive\VS\Projects\DocxDocument\DocumentModel.InOpenXml\CustomUI\TaskFormGroupTask.cs","Description","141"
"D:\OneDrive\VS\Projects\DocxDocument\DocumentModel.InOpenXml\CustomUI\TaskFormGroupTask.cs","Enabled","99"
"D:\OneDrive\VS\Projects\DocxDocument\DocumentModel.InOpenXml\CustomUI\TaskFormGroupTask.cs","GetDescription","148"
"D:\OneDrive\VS\Projects\DocxDocument\DocumentModel.InOpenXml\CustomUI\TaskFormGroupTask.cs","GetEnabled","106"
"D:\OneDrive\VS\Projects\DocxDocument\DocumentModel.InOpenXml\CustomUI\TaskFormGroupTask.cs","GetImage","92"
"D:\OneDrive\VS\Projects\DocxDocument\DocumentModel.InOpenXml\CustomUI\TaskFormGroupTask.cs","GetKeytip","162"
"D:\OneDrive\VS\Projects\DocxDocument\DocumentModel.InOpenXml\CustomUI\TaskFormGroupTask.cs","GetLabel","120"
"D:\OneDrive\VS\Projects\DocxDocument\DocumentModel.InOpenXml\CustomUI\TaskFormGroupTask.cs","GetVisible","134"
"D:\OneDrive\VS\Projects\DocxDocument\DocumentModel.InOpenXml\CustomUI\TaskFormGroupTask.cs","Id","22"
"D:\OneDrive\VS\Projects\DocxDocument\DocumentModel.InOpenXml\CustomUI\TaskFormGroupTask.cs","IdMso","43"
"D:\OneDrive\VS\Projects\DocxDocument\DocumentModel.InOpenXml\CustomUI\TaskFormGroupTask.cs","Image","78"
"D:\OneDrive\VS\Projects\DocxDocument\DocumentModel.InOpenXml\CustomUI\TaskFormGroupTask.cs","ImageMso","85"
"D:\OneDrive\VS\Projects\DocxDocument\DocumentModel.InOpenXml\CustomUI\TaskFormGroupTask.cs","InsertAfterMso","50"
"D:\OneDrive\VS\Projects\DocxDocument\DocumentModel.InOpenXml\CustomUI\TaskFormGroupTask.cs","InsertAfterQualifiedId","64"
"D:\OneDrive\VS\Projects\DocxDocument\DocumentModel.InOpenXml\CustomUI\TaskFormGroupTask.cs","InsertBeforeMso","57"
"D:\OneDrive\VS\Projects\DocxDocument\DocumentModel.InOpenXml\CustomUI\TaskFormGroupTask.cs","InsertBeforeQualifiedId","71"
"D:\OneDrive\VS\Projects\DocxDocument\DocumentModel.InOpenXml\CustomUI\TaskFormGroupTask.cs","Keytip","155"
"D:\OneDrive\VS\Projects\DocxDocument\DocumentModel.InOpenXml\CustomUI\TaskFormGroupTask.cs","Label","113"
"D:\OneDrive\VS\Projects\DocxDocument\DocumentModel.InOpenXml\CustomUI\TaskFormGroupTask.cs","QualifiedId","29"
"D:\OneDrive\VS\Projects\DocxDocument\DocumentModel.InOpenXml\CustomUI\TaskFormGroupTask.cs","Tag","36"
"D:\OneDrive\VS\Projects\DocxDocument\DocumentModel.InOpenXml\CustomUI\TaskFormGroupTask.cs","Visible","127"
"D:\OneDrive\VS\Projects\DocxDocument\DocumentModel.InOpenXml\CustomUI\TaskGroup.cs","AllowedTaskSizes","134"
"D:\OneDrive\VS\Projects\DocxDocument\DocumentModel.InOpenXml\CustomUI\TaskGroup.cs","GetHelperText","113"
"D:\OneDrive\VS\Projects\DocxDocument\DocumentModel.InOpenXml\CustomUI\TaskGroup.cs","GetLabel","85"
"D:\OneDrive\VS\Projects\DocxDocument\DocumentModel.InOpenXml\CustomUI\TaskGroup.cs","GetShowLabel","127"
"D:\OneDrive\VS\Projects\DocxDocument\DocumentModel.InOpenXml\CustomUI\TaskGroup.cs","GetVisible","99"
"D:\OneDrive\VS\Projects\DocxDocument\DocumentModel.InOpenXml\CustomUI\TaskGroup.cs","HelperText","106"
"D:\OneDrive\VS\Projects\DocxDocument\DocumentModel.InOpenXml\CustomUI\TaskGroup.cs","Id","22"
"D:\OneDrive\VS\Projects\DocxDocument\DocumentModel.InOpenXml\CustomUI\TaskGroup.cs","IdMso","43"
"D:\OneDrive\VS\Projects\DocxDocument\DocumentModel.InOpenXml\CustomUI\TaskGroup.cs","InsertAfterMso","50"
"D:\OneDrive\VS\Projects\DocxDocument\DocumentModel.InOpenXml\CustomUI\TaskGroup.cs","InsertAfterQualifiedId","64"
"D:\OneDrive\VS\Projects\DocxDocument\DocumentModel.InOpenXml\CustomUI\TaskGroup.cs","InsertBeforeMso","57"
"D:\OneDrive\VS\Projects\DocxDocument\DocumentModel.InOpenXml\CustomUI\TaskGroup.cs","InsertBeforeQualifiedId","71"
"D:\OneDrive\VS\Projects\DocxDocument\DocumentModel.InOpenXml\CustomUI\TaskGroup.cs","Label","78"
"D:\OneDrive\VS\Projects\DocxDocument\DocumentModel.InOpenXml\CustomUI\TaskGroup.cs","QualifiedId","29"
"D:\OneDrive\VS\Projects\DocxDocument\DocumentModel.InOpenXml\CustomUI\TaskGroup.cs","ShowLabel","120"
"D:\OneDrive\VS\Projects\DocxDocument\DocumentModel.InOpenXml\CustomUI\TaskGroup.cs","Tag","36"
"D:\OneDrive\VS\Projects\DocxDocument\DocumentModel.InOpenXml\CustomUI\TaskGroup.cs","Visible","92"
"D:\OneDrive\VS\Projects\DocxDocument\DocumentModel.InOpenXml\CustomUI\TaskGroupCategory.cs","GetLabel","99"
"D:\OneDrive\VS\Projects\DocxDocument\DocumentModel.InOpenXml\CustomUI\TaskGroupCategory.cs","GetVisible","85"
"D:\OneDrive\VS\Projects\DocxDocument\DocumentModel.InOpenXml\CustomUI\TaskGroupCategory.cs","Id","22"
"D:\OneDrive\VS\Projects\DocxDocument\DocumentModel.InOpenXml\CustomUI\TaskGroupCategory.cs","IdMso","43"
"D:\OneDrive\VS\Projects\DocxDocument\DocumentModel.InOpenXml\CustomUI\TaskGroupCategory.cs","InsertAfterMso","50"
"D:\OneDrive\VS\Projects\DocxDocument\DocumentModel.InOpenXml\CustomUI\TaskGroupCategory.cs","InsertAfterQualifiedId","64"
"D:\OneDrive\VS\Projects\DocxDocument\DocumentModel.InOpenXml\CustomUI\TaskGroupCategory.cs","InsertBeforeMso","57"
"D:\OneDrive\VS\Projects\DocxDocument\DocumentModel.InOpenXml\CustomUI\TaskGroupCategory.cs","InsertBeforeQualifiedId","71"
"D:\OneDrive\VS\Projects\DocxDocument\DocumentModel.InOpenXml\CustomUI\TaskGroupCategory.cs","Label","92"
"D:\OneDrive\VS\Projects\DocxDocument\DocumentModel.InOpenXml\CustomUI\TaskGroupCategory.cs","QualifiedId","29"
"D:\OneDrive\VS\Projects\DocxDocument\DocumentModel.InOpenXml\CustomUI\TaskGroupCategory.cs","Tag","36"
"D:\OneDrive\VS\Projects\DocxDocument\DocumentModel.InOpenXml\CustomUI\TaskGroupCategory.cs","Visible","78"
"D:\OneDrive\VS\Projects\DocxDocument\DocumentModel.InOpenXml\CustomUI\TaskGroupTask.cs","Description","149"
"D:\OneDrive\VS\Projects\DocxDocument\DocumentModel.InOpenXml\CustomUI\TaskGroupTask.cs","Enabled","107"
"D:\OneDrive\VS\Projects\DocxDocument\DocumentModel.InOpenXml\CustomUI\TaskGroupTask.cs","GetDescription","156"
"D:\OneDrive\VS\Projects\DocxDocument\DocumentModel.InOpenXml\CustomUI\TaskGroupTask.cs","GetEnabled","114"
"D:\OneDrive\VS\Projects\DocxDocument\DocumentModel.InOpenXml\CustomUI\TaskGroupTask.cs","GetImage","100"
"D:\OneDrive\VS\Projects\DocxDocument\DocumentModel.InOpenXml\CustomUI\TaskGroupTask.cs","GetKeytip","170"
"D:\OneDrive\VS\Projects\DocxDocument\DocumentModel.InOpenXml\CustomUI\TaskGroupTask.cs","GetLabel","128"
"D:\OneDrive\VS\Projects\DocxDocument\DocumentModel.InOpenXml\CustomUI\TaskGroupTask.cs","GetVisible","142"
"D:\OneDrive\VS\Projects\DocxDocument\DocumentModel.InOpenXml\CustomUI\TaskGroupTask.cs","Id","16"
"D:\OneDrive\VS\Projects\DocxDocument\DocumentModel.InOpenXml\CustomUI\TaskGroupTask.cs","IdMso","37"
"D:\OneDrive\VS\Projects\DocxDocument\DocumentModel.InOpenXml\CustomUI\TaskGroupTask.cs","Image","86"
"D:\OneDrive\VS\Projects\DocxDocument\DocumentModel.InOpenXml\CustomUI\TaskGroupTask.cs","ImageMso","93"
"D:\OneDrive\VS\Projects\DocxDocument\DocumentModel.InOpenXml\CustomUI\TaskGroupTask.cs","InsertAfterMso","44"
"D:\OneDrive\VS\Projects\DocxDocument\DocumentModel.InOpenXml\CustomUI\TaskGroupTask.cs","InsertAfterQualifiedId","58"
"D:\OneDrive\VS\Projects\DocxDocument\DocumentModel.InOpenXml\CustomUI\TaskGroupTask.cs","InsertBeforeMso","51"
"D:\OneDrive\VS\Projects\DocxDocument\DocumentModel.InOpenXml\CustomUI\TaskGroupTask.cs","InsertBeforeQualifiedId","65"
"D:\OneDrive\VS\Projects\DocxDocument\DocumentModel.InOpenXml\CustomUI\TaskGroupTask.cs","IsDefinitive","79"
"D:\OneDrive\VS\Projects\DocxDocument\DocumentModel.InOpenXml\CustomUI\TaskGroupTask.cs","Keytip","163"
"D:\OneDrive\VS\Projects\DocxDocument\DocumentModel.InOpenXml\CustomUI\TaskGroupTask.cs","Label","121"
"D:\OneDrive\VS\Projects\DocxDocument\DocumentModel.InOpenXml\CustomUI\TaskGroupTask.cs","OnAction","72"
"D:\OneDrive\VS\Projects\DocxDocument\DocumentModel.InOpenXml\CustomUI\TaskGroupTask.cs","QualifiedId","23"
"D:\OneDrive\VS\Projects\DocxDocument\DocumentModel.InOpenXml\CustomUI\TaskGroupTask.cs","Tag","30"
"D:\OneDrive\VS\Projects\DocxDocument\DocumentModel.InOpenXml\CustomUI\TaskGroupTask.cs","Visible","135"
"D:\OneDrive\VS\Projects\DocxDocument\DocumentModel.InOpenXml\CustomUI\ToggleButton.cs","Description","58"
"D:\OneDrive\VS\Projects\DocxDocument\DocumentModel.InOpenXml\CustomUI\ToggleButton.cs","Enabled","44"
"D:\OneDrive\VS\Projects\DocxDocument\DocumentModel.InOpenXml\CustomUI\ToggleButton.cs","GetDescription","65"
"D:\OneDrive\VS\Projects\DocxDocument\DocumentModel.InOpenXml\CustomUI\ToggleButton.cs","GetEnabled","51"
"D:\OneDrive\VS\Projects\DocxDocument\DocumentModel.InOpenXml\CustomUI\ToggleButton.cs","GetImage","86"
"D:\OneDrive\VS\Projects\DocxDocument\DocumentModel.InOpenXml\CustomUI\ToggleButton.cs","GetKeytip","212"
"D:\OneDrive\VS\Projects\DocxDocument\DocumentModel.InOpenXml\CustomUI\ToggleButton.cs","GetLabel","156"
"D:\OneDrive\VS\Projects\DocxDocument\DocumentModel.InOpenXml\CustomUI\ToggleButton.cs","GetPressed","30"
"D:\OneDrive\VS\Projects\DocxDocument\DocumentModel.InOpenXml\CustomUI\ToggleButton.cs","GetScreentip","128"
"D:\OneDrive\VS\Projects\DocxDocument\DocumentModel.InOpenXml\CustomUI\ToggleButton.cs","GetShowImage","240"
"D:\OneDrive\VS\Projects\DocxDocument\DocumentModel.InOpenXml\CustomUI\ToggleButton.cs","GetShowLabel","226"
"D:\OneDrive\VS\Projects\DocxDocument\DocumentModel.InOpenXml\CustomUI\ToggleButton.cs","GetSize","23"
"D:\OneDrive\VS\Projects\DocxDocument\DocumentModel.InOpenXml\CustomUI\ToggleButton.cs","GetSupertip","142"
"D:\OneDrive\VS\Projects\DocxDocument\DocumentModel.InOpenXml\CustomUI\ToggleButton.cs","GetVisible","198"
"D:\OneDrive\VS\Projects\DocxDocument\DocumentModel.InOpenXml\CustomUI\ToggleButton.cs","Id","93"
"D:\OneDrive\VS\Projects\DocxDocument\DocumentModel.InOpenXml\CustomUI\ToggleButton.cs","IdMso","114"
"D:\OneDrive\VS\Projects\DocxDocument\DocumentModel.InOpenXml\CustomUI\ToggleButton.cs","Image","72"
"D:\OneDrive\VS\Projects\DocxDocument\DocumentModel.InOpenXml\CustomUI\ToggleButton.cs","ImageMso","79"
"D:\OneDrive\VS\Projects\DocxDocument\DocumentModel.InOpenXml\CustomUI\ToggleButton.cs","InsertAfterMso","163"
"D:\OneDrive\VS\Projects\DocxDocument\DocumentModel.InOpenXml\CustomUI\ToggleButton.cs","InsertAfterQualifiedId","177"
"D:\OneDrive\VS\Projects\DocxDocument\DocumentModel.InOpenXml\CustomUI\ToggleButton.cs","InsertBeforeMso","170"
"D:\OneDrive\VS\Projects\DocxDocument\DocumentModel.InOpenXml\CustomUI\ToggleButton.cs","InsertBeforeQualifiedId","184"
"D:\OneDrive\VS\Projects\DocxDocument\DocumentModel.InOpenXml\CustomUI\ToggleButton.cs","Keytip","205"
"D:\OneDrive\VS\Projects\DocxDocument\DocumentModel.InOpenXml\CustomUI\ToggleButton.cs","Label","149"
"D:\OneDrive\VS\Projects\DocxDocument\DocumentModel.InOpenXml\CustomUI\ToggleButton.cs","OnAction","37"
"D:\OneDrive\VS\Projects\DocxDocument\DocumentModel.InOpenXml\CustomUI\ToggleButton.cs","QualifiedId","100"
"D:\OneDrive\VS\Projects\DocxDocument\DocumentModel.InOpenXml\CustomUI\ToggleButton.cs","Screentip","121"
"D:\OneDrive\VS\Projects\DocxDocument\DocumentModel.InOpenXml\CustomUI\ToggleButton.cs","ShowImage","233"
"D:\OneDrive\VS\Projects\DocxDocument\DocumentModel.InOpenXml\CustomUI\ToggleButton.cs","ShowLabel","219"
"D:\OneDrive\VS\Projects\DocxDocument\DocumentModel.InOpenXml\CustomUI\ToggleButton.cs","Size","16"
"D:\OneDrive\VS\Projects\DocxDocument\DocumentModel.InOpenXml\CustomUI\ToggleButton.cs","Supertip","135"
"D:\OneDrive\VS\Projects\DocxDocument\DocumentModel.InOpenXml\CustomUI\ToggleButton.cs","Tag","107"
"D:\OneDrive\VS\Projects\DocxDocument\DocumentModel.InOpenXml\CustomUI\ToggleButton.cs","Visible","191"
"D:\OneDrive\VS\Projects\DocxDocument\DocumentModel.InOpenXml\CustomUI\ToggleButtonRegular.cs","Description","44"
"D:\OneDrive\VS\Projects\DocxDocument\DocumentModel.InOpenXml\CustomUI\ToggleButtonRegular.cs","Enabled","30"
"D:\OneDrive\VS\Projects\DocxDocument\DocumentModel.InOpenXml\CustomUI\ToggleButtonRegular.cs","GetDescription","51"
"D:\OneDrive\VS\Projects\DocxDocument\DocumentModel.InOpenXml\CustomUI\ToggleButtonRegular.cs","GetEnabled","37"
"D:\OneDrive\VS\Projects\DocxDocument\DocumentModel.InOpenXml\CustomUI\ToggleButtonRegular.cs","GetImage","72"
"D:\OneDrive\VS\Projects\DocxDocument\DocumentModel.InOpenXml\CustomUI\ToggleButtonRegular.cs","GetKeytip","198"
"D:\OneDrive\VS\Projects\DocxDocument\DocumentModel.InOpenXml\CustomUI\ToggleButtonRegular.cs","GetLabel","142"
"D:\OneDrive\VS\Projects\DocxDocument\DocumentModel.InOpenXml\CustomUI\ToggleButtonRegular.cs","GetPressed","16"
"D:\OneDrive\VS\Projects\DocxDocument\DocumentModel.InOpenXml\CustomUI\ToggleButtonRegular.cs","GetScreentip","114"
"D:\OneDrive\VS\Projects\DocxDocument\DocumentModel.InOpenXml\CustomUI\ToggleButtonRegular.cs","GetShowImage","226"
"D:\OneDrive\VS\Projects\DocxDocument\DocumentModel.InOpenXml\CustomUI\ToggleButtonRegular.cs","GetShowLabel","212"
"D:\OneDrive\VS\Projects\DocxDocument\DocumentModel.InOpenXml\CustomUI\ToggleButtonRegular.cs","GetSupertip","128"
"D:\OneDrive\VS\Projects\DocxDocument\DocumentModel.InOpenXml\CustomUI\ToggleButtonRegular.cs","GetVisible","184"
"D:\OneDrive\VS\Projects\DocxDocument\DocumentModel.InOpenXml\CustomUI\ToggleButtonRegular.cs","Id","79"
"D:\OneDrive\VS\Projects\DocxDocument\DocumentModel.InOpenXml\CustomUI\ToggleButtonRegular.cs","IdMso","100"
"D:\OneDrive\VS\Projects\DocxDocument\DocumentModel.InOpenXml\CustomUI\ToggleButtonRegular.cs","Image","58"
"D:\OneDrive\VS\Projects\DocxDocument\DocumentModel.InOpenXml\CustomUI\ToggleButtonRegular.cs","ImageMso","65"
"D:\OneDrive\VS\Projects\DocxDocument\DocumentModel.InOpenXml\CustomUI\ToggleButtonRegular.cs","InsertAfterMso","149"
"D:\OneDrive\VS\Projects\DocxDocument\DocumentModel.InOpenXml\CustomUI\ToggleButtonRegular.cs","InsertAfterQualifiedId","163"
"D:\OneDrive\VS\Projects\DocxDocument\DocumentModel.InOpenXml\CustomUI\ToggleButtonRegular.cs","InsertBeforeMso","156"
"D:\OneDrive\VS\Projects\DocxDocument\DocumentModel.InOpenXml\CustomUI\ToggleButtonRegular.cs","InsertBeforeQualifiedId","170"
"D:\OneDrive\VS\Projects\DocxDocument\DocumentModel.InOpenXml\CustomUI\ToggleButtonRegular.cs","Keytip","191"
"D:\OneDrive\VS\Projects\DocxDocument\DocumentModel.InOpenXml\CustomUI\ToggleButtonRegular.cs","Label","135"
"D:\OneDrive\VS\Projects\DocxDocument\DocumentModel.InOpenXml\CustomUI\ToggleButtonRegular.cs","OnAction","23"
"D:\OneDrive\VS\Projects\DocxDocument\DocumentModel.InOpenXml\CustomUI\ToggleButtonRegular.cs","QualifiedId","86"
"D:\OneDrive\VS\Projects\DocxDocument\DocumentModel.InOpenXml\CustomUI\ToggleButtonRegular.cs","Screentip","107"
"D:\OneDrive\VS\Projects\DocxDocument\DocumentModel.InOpenXml\CustomUI\ToggleButtonRegular.cs","ShowImage","219"
"D:\OneDrive\VS\Projects\DocxDocument\DocumentModel.InOpenXml\CustomUI\ToggleButtonRegular.cs","ShowLabel","205"
"D:\OneDrive\VS\Projects\DocxDocument\DocumentModel.InOpenXml\CustomUI\ToggleButtonRegular.cs","Supertip","121"
"D:\OneDrive\VS\Projects\DocxDocument\DocumentModel.InOpenXml\CustomUI\ToggleButtonRegular.cs","Tag","93"
"D:\OneDrive\VS\Projects\DocxDocument\DocumentModel.InOpenXml\CustomUI\ToggleButtonRegular.cs","Visible","177"
"D:\OneDrive\VS\Projects\DocxDocument\DocumentModel.InOpenXml\CustomUI\VisibleButton.cs","Description","37"
"D:\OneDrive\VS\Projects\DocxDocument\DocumentModel.InOpenXml\CustomUI\VisibleButton.cs","Enabled","23"
"D:\OneDrive\VS\Projects\DocxDocument\DocumentModel.InOpenXml\CustomUI\VisibleButton.cs","GetDescription","44"
"D:\OneDrive\VS\Projects\DocxDocument\DocumentModel.InOpenXml\CustomUI\VisibleButton.cs","GetEnabled","30"
"D:\OneDrive\VS\Projects\DocxDocument\DocumentModel.InOpenXml\CustomUI\VisibleButton.cs","GetImage","65"
"D:\OneDrive\VS\Projects\DocxDocument\DocumentModel.InOpenXml\CustomUI\VisibleButton.cs","GetKeytip","177"
"D:\OneDrive\VS\Projects\DocxDocument\DocumentModel.InOpenXml\CustomUI\VisibleButton.cs","GetLabel","135"
"D:\OneDrive\VS\Projects\DocxDocument\DocumentModel.InOpenXml\CustomUI\VisibleButton.cs","GetScreentip","107"
"D:\OneDrive\VS\Projects\DocxDocument\DocumentModel.InOpenXml\CustomUI\VisibleButton.cs","GetShowImage","205"
"D:\OneDrive\VS\Projects\DocxDocument\DocumentModel.InOpenXml\CustomUI\VisibleButton.cs","GetShowLabel","191"
"D:\OneDrive\VS\Projects\DocxDocument\DocumentModel.InOpenXml\CustomUI\VisibleButton.cs","GetSupertip","121"
"D:\OneDrive\VS\Projects\DocxDocument\DocumentModel.InOpenXml\CustomUI\VisibleButton.cs","Id","72"
"D:\OneDrive\VS\Projects\DocxDocument\DocumentModel.InOpenXml\CustomUI\VisibleButton.cs","IdMso","93"
"D:\OneDrive\VS\Projects\DocxDocument\DocumentModel.InOpenXml\CustomUI\VisibleButton.cs","Image","51"
"D:\OneDrive\VS\Projects\DocxDocument\DocumentModel.InOpenXml\CustomUI\VisibleButton.cs","ImageMso","58"
"D:\OneDrive\VS\Projects\DocxDocument\DocumentModel.InOpenXml\CustomUI\VisibleButton.cs","InsertAfterMso","142"
"D:\OneDrive\VS\Projects\DocxDocument\DocumentModel.InOpenXml\CustomUI\VisibleButton.cs","InsertAfterQualifiedId","156"
"D:\OneDrive\VS\Projects\DocxDocument\DocumentModel.InOpenXml\CustomUI\VisibleButton.cs","InsertBeforeMso","149"
"D:\OneDrive\VS\Projects\DocxDocument\DocumentModel.InOpenXml\CustomUI\VisibleButton.cs","InsertBeforeQualifiedId","163"
"D:\OneDrive\VS\Projects\DocxDocument\DocumentModel.InOpenXml\CustomUI\VisibleButton.cs","Keytip","170"
"D:\OneDrive\VS\Projects\DocxDocument\DocumentModel.InOpenXml\CustomUI\VisibleButton.cs","Label","128"
"D:\OneDrive\VS\Projects\DocxDocument\DocumentModel.InOpenXml\CustomUI\VisibleButton.cs","OnAction","16"
"D:\OneDrive\VS\Projects\DocxDocument\DocumentModel.InOpenXml\CustomUI\VisibleButton.cs","QualifiedId","79"
"D:\OneDrive\VS\Projects\DocxDocument\DocumentModel.InOpenXml\CustomUI\VisibleButton.cs","Screentip","100"
"D:\OneDrive\VS\Projects\DocxDocument\DocumentModel.InOpenXml\CustomUI\VisibleButton.cs","ShowImage","198"
"D:\OneDrive\VS\Projects\DocxDocument\DocumentModel.InOpenXml\CustomUI\VisibleButton.cs","ShowLabel","184"
"D:\OneDrive\VS\Projects\DocxDocument\DocumentModel.InOpenXml\CustomUI\VisibleButton.cs","Supertip","114"
"D:\OneDrive\VS\Projects\DocxDocument\DocumentModel.InOpenXml\CustomUI\VisibleButton.cs","Tag","86"
"D:\OneDrive\VS\Projects\DocxDocument\DocumentModel.InOpenXml\CustomUI\VisibleToggleButton.cs","Description","44"
"D:\OneDrive\VS\Projects\DocxDocument\DocumentModel.InOpenXml\CustomUI\VisibleToggleButton.cs","Enabled","30"
"D:\OneDrive\VS\Projects\DocxDocument\DocumentModel.InOpenXml\CustomUI\VisibleToggleButton.cs","GetDescription","51"
"D:\OneDrive\VS\Projects\DocxDocument\DocumentModel.InOpenXml\CustomUI\VisibleToggleButton.cs","GetEnabled","37"
"D:\OneDrive\VS\Projects\DocxDocument\DocumentModel.InOpenXml\CustomUI\VisibleToggleButton.cs","GetImage","72"
"D:\OneDrive\VS\Projects\DocxDocument\DocumentModel.InOpenXml\CustomUI\VisibleToggleButton.cs","GetKeytip","184"
"D:\OneDrive\VS\Projects\DocxDocument\DocumentModel.InOpenXml\CustomUI\VisibleToggleButton.cs","GetLabel","142"
"D:\OneDrive\VS\Projects\DocxDocument\DocumentModel.InOpenXml\CustomUI\VisibleToggleButton.cs","GetPressed","16"
"D:\OneDrive\VS\Projects\DocxDocument\DocumentModel.InOpenXml\CustomUI\VisibleToggleButton.cs","GetScreentip","114"
"D:\OneDrive\VS\Projects\DocxDocument\DocumentModel.InOpenXml\CustomUI\VisibleToggleButton.cs","GetShowImage","212"
"D:\OneDrive\VS\Projects\DocxDocument\DocumentModel.InOpenXml\CustomUI\VisibleToggleButton.cs","GetShowLabel","198"
"D:\OneDrive\VS\Projects\DocxDocument\DocumentModel.InOpenXml\CustomUI\VisibleToggleButton.cs","GetSupertip","128"
"D:\OneDrive\VS\Projects\DocxDocument\DocumentModel.InOpenXml\CustomUI\VisibleToggleButton.cs","Id","79"
"D:\OneDrive\VS\Projects\DocxDocument\DocumentModel.InOpenXml\CustomUI\VisibleToggleButton.cs","IdMso","100"
"D:\OneDrive\VS\Projects\DocxDocument\DocumentModel.InOpenXml\CustomUI\VisibleToggleButton.cs","Image","58"
"D:\OneDrive\VS\Projects\DocxDocument\DocumentModel.InOpenXml\CustomUI\VisibleToggleButton.cs","ImageMso","65"
"D:\OneDrive\VS\Projects\DocxDocument\DocumentModel.InOpenXml\CustomUI\VisibleToggleButton.cs","InsertAfterMso","149"
"D:\OneDrive\VS\Projects\DocxDocument\DocumentModel.InOpenXml\CustomUI\VisibleToggleButton.cs","InsertAfterQualifiedId","163"
"D:\OneDrive\VS\Projects\DocxDocument\DocumentModel.InOpenXml\CustomUI\VisibleToggleButton.cs","InsertBeforeMso","156"
"D:\OneDrive\VS\Projects\DocxDocument\DocumentModel.InOpenXml\CustomUI\VisibleToggleButton.cs","InsertBeforeQualifiedId","170"
"D:\OneDrive\VS\Projects\DocxDocument\DocumentModel.InOpenXml\CustomUI\VisibleToggleButton.cs","Keytip","177"
"D:\OneDrive\VS\Projects\DocxDocument\DocumentModel.InOpenXml\CustomUI\VisibleToggleButton.cs","Label","135"
"D:\OneDrive\VS\Projects\DocxDocument\DocumentModel.InOpenXml\CustomUI\VisibleToggleButton.cs","OnAction","23"
"D:\OneDrive\VS\Projects\DocxDocument\DocumentModel.InOpenXml\CustomUI\VisibleToggleButton.cs","QualifiedId","86"
"D:\OneDrive\VS\Projects\DocxDocument\DocumentModel.InOpenXml\CustomUI\VisibleToggleButton.cs","Screentip","107"
"D:\OneDrive\VS\Projects\DocxDocument\DocumentModel.InOpenXml\CustomUI\VisibleToggleButton.cs","ShowImage","205"
"D:\OneDrive\VS\Projects\DocxDocument\DocumentModel.InOpenXml\CustomUI\VisibleToggleButton.cs","ShowLabel","191"
"D:\OneDrive\VS\Projects\DocxDocument\DocumentModel.InOpenXml\CustomUI\VisibleToggleButton.cs","Supertip","121"
"D:\OneDrive\VS\Projects\DocxDocument\DocumentModel.InOpenXml\CustomUI\VisibleToggleButton.cs","Tag","93"
"D:\OneDrive\VS\Projects\DocxDocument\DocumentModel.InOpenXml\Drawings.ChartDrawing\Graphical elements\ConnectionShape.cs","Macro","22"
"D:\OneDrive\VS\Projects\DocxDocument\DocumentModel.InOpenXml\Drawings.ChartDrawing\Graphical elements\ConnectionShape.cs","Published","29"
"D:\OneDrive\VS\Projects\DocxDocument\DocumentModel.InOpenXml\Drawings.ChartDrawing\Graphical elements\GraphicFrame.cs","Macro","22"
"D:\OneDrive\VS\Projects\DocxDocument\DocumentModel.InOpenXml\Drawings.ChartDrawing\Graphical elements\GraphicFrame.cs","Published","29"
"D:\OneDrive\VS\Projects\DocxDocument\DocumentModel.InOpenXml\Drawings.ChartDrawing\Graphical elements\GroupShapeProperties.cs","BlackWhiteMode","30"
"D:\OneDrive\VS\Projects\DocxDocument\DocumentModel.InOpenXml\Drawings.ChartDrawing\Graphical elements\GroupShapeProperties.cs","TransformGroup","37"
"D:\OneDrive\VS\Projects\DocxDocument\DocumentModel.InOpenXml\Drawings.ChartDrawing\Graphical elements\Picture.cs","Macro","23"
"D:\OneDrive\VS\Projects\DocxDocument\DocumentModel.InOpenXml\Drawings.ChartDrawing\Graphical elements\Picture.cs","Published","30"
"D:\OneDrive\VS\Projects\DocxDocument\DocumentModel.InOpenXml\Drawings.ChartDrawing\Graphical elements\Shape.cs","LockText","37"
"D:\OneDrive\VS\Projects\DocxDocument\DocumentModel.InOpenXml\Drawings.ChartDrawing\Graphical elements\Shape.cs","Macro","23"
"D:\OneDrive\VS\Projects\DocxDocument\DocumentModel.InOpenXml\Drawings.ChartDrawing\Graphical elements\Shape.cs","Published","44"
"D:\OneDrive\VS\Projects\DocxDocument\DocumentModel.InOpenXml\Drawings.ChartDrawing\Graphical elements\Shape.cs","TextLink","30"
"D:\OneDrive\VS\Projects\DocxDocument\DocumentModel.InOpenXml\Drawings.ChartDrawing\Non-visual properties\NonVisualConnectionShapeProperties.cs","ConnectionShapeLocks","14"
"D:\OneDrive\VS\Projects\DocxDocument\DocumentModel.InOpenXml\Drawings.ChartDrawing\Non-visual properties\NonVisualConnectionShapeProperties.cs","EndConnection","28"
"D:\OneDrive\VS\Projects\DocxDocument\DocumentModel.InOpenXml\Drawings.ChartDrawing\Non-visual properties\NonVisualConnectionShapeProperties.cs","StartConnection","21"
"D:\OneDrive\VS\Projects\DocxDocument\DocumentModel.InOpenXml\Drawings.ChartDrawing\Non-visual properties\NonVisualConnectorShapeDrawingProperties.cs","NonVisualConnectionShapeProperties","21"
"D:\OneDrive\VS\Projects\DocxDocument\DocumentModel.InOpenXml\Drawings.ChartDrawing\Non-visual properties\NonVisualConnectorShapeDrawingProperties.cs","NonVisualDrawingProperties","14"
"D:\OneDrive\VS\Projects\DocxDocument\DocumentModel.InOpenXml\Drawings.ChartDrawing\Non-visual properties\NonVisualDrawingProperties.cs","Description","28"
"D:\OneDrive\VS\Projects\DocxDocument\DocumentModel.InOpenXml\Drawings.ChartDrawing\Non-visual properties\NonVisualDrawingProperties.cs","Hidden","35"
"D:\OneDrive\VS\Projects\DocxDocument\DocumentModel.InOpenXml\Drawings.ChartDrawing\Non-visual properties\NonVisualDrawingProperties.cs","HyperlinkOnClick","49"
"D:\OneDrive\VS\Projects\DocxDocument\DocumentModel.InOpenXml\Drawings.ChartDrawing\Non-visual properties\NonVisualDrawingProperties.cs","HyperlinkOnHover","56"
"D:\OneDrive\VS\Projects\DocxDocument\DocumentModel.InOpenXml\Drawings.ChartDrawing\Non-visual properties\NonVisualDrawingProperties.cs","Id","14"
"D:\OneDrive\VS\Projects\DocxDocument\DocumentModel.InOpenXml\Drawings.ChartDrawing\Non-visual properties\NonVisualDrawingProperties.cs","Name","21"
"D:\OneDrive\VS\Projects\DocxDocument\DocumentModel.InOpenXml\Drawings.ChartDrawing\Non-visual properties\NonVisualDrawingProperties.cs","NonVisualDrawingPropertiesExtensionList","63"
"D:\OneDrive\VS\Projects\DocxDocument\DocumentModel.InOpenXml\Drawings.ChartDrawing\Non-visual properties\NonVisualDrawingProperties.cs","Title","42"
"D:\OneDrive\VS\Projects\DocxDocument\DocumentModel.InOpenXml\Drawings.ChartDrawing\Non-visual properties\NonVisualGraphicFrameDrawingProperties.cs","GraphicFrameLocks","14"
"D:\OneDrive\VS\Projects\DocxDocument\DocumentModel.InOpenXml\Drawings.ChartDrawing\Non-visual properties\NonVisualGraphicFrameProperties.cs","NonVisualDrawingProperties","14"
"D:\OneDrive\VS\Projects\DocxDocument\DocumentModel.InOpenXml\Drawings.ChartDrawing\Non-visual properties\NonVisualGraphicFrameProperties.cs","NonVisualGraphicFrameDrawingProperties","21"
"D:\OneDrive\VS\Projects\DocxDocument\DocumentModel.InOpenXml\Drawings.ChartDrawing\Non-visual properties\NonVisualGroupShapeDrawingProperties.cs","GroupShapeLocks","14"
"D:\OneDrive\VS\Projects\DocxDocument\DocumentModel.InOpenXml\Drawings.ChartDrawing\Non-visual properties\NonVisualGroupShapeDrawingProperties.cs","NonVisualGroupDrawingShapePropsExtensionList","21"
"D:\OneDrive\VS\Projects\DocxDocument\DocumentModel.InOpenXml\Drawings.ChartDrawing\Non-visual properties\NonVisualGroupShapeProperties.cs","NonVisualDrawingProperties","14"
"D:\OneDrive\VS\Projects\DocxDocument\DocumentModel.InOpenXml\Drawings.ChartDrawing\Non-visual properties\NonVisualGroupShapeProperties.cs","NonVisualGroupShapeDrawingProperties","21"
"D:\OneDrive\VS\Projects\DocxDocument\DocumentModel.InOpenXml\Drawings.ChartDrawing\Non-visual properties\NonVisualPictureDrawingProperties.cs","NonVisualPicturePropertiesExtensionList","28"
"D:\OneDrive\VS\Projects\DocxDocument\DocumentModel.InOpenXml\Drawings.ChartDrawing\Non-visual properties\NonVisualPictureDrawingProperties.cs","PictureLocks","21"
"D:\OneDrive\VS\Projects\DocxDocument\DocumentModel.InOpenXml\Drawings.ChartDrawing\Non-visual properties\NonVisualPictureDrawingProperties.cs","PreferRelativeResize","14"
"D:\OneDrive\VS\Projects\DocxDocument\DocumentModel.InOpenXml\Drawings.ChartDrawing\Non-visual properties\NonVisualPictureProperties.cs","NonVisualDrawingProperties","14"
"D:\OneDrive\VS\Projects\DocxDocument\DocumentModel.InOpenXml\Drawings.ChartDrawing\Non-visual properties\NonVisualPictureProperties.cs","NonVisualPictureDrawingProperties","21"
"D:\OneDrive\VS\Projects\DocxDocument\DocumentModel.InOpenXml\Drawings.ChartDrawing\Non-visual properties\NonVisualShapeDrawingProperties.cs","ShapeLocks","21"
"D:\OneDrive\VS\Projects\DocxDocument\DocumentModel.InOpenXml\Drawings.ChartDrawing\Non-visual properties\NonVisualShapeDrawingProperties.cs","TextBox","14"
"D:\OneDrive\VS\Projects\DocxDocument\DocumentModel.InOpenXml\Drawings.ChartDrawing\Non-visual properties\NonVisualShapeProperties.cs","NonVisualDrawingProperties","14"
"D:\OneDrive\VS\Projects\DocxDocument\DocumentModel.InOpenXml\Drawings.ChartDrawing\Non-visual properties\NonVisualShapeProperties.cs","NonVisualShapeDrawingProperties","21"
"D:\OneDrive\VS\Projects\DocxDocument\DocumentModel.InOpenXml\Drawings.ChartDrawing\Visual properties and styling\Style.cs","EffectReference","28"
"D:\OneDrive\VS\Projects\DocxDocument\DocumentModel.InOpenXml\Drawings.ChartDrawing\Visual properties and styling\Style.cs","FillReference","21"
"D:\OneDrive\VS\Projects\DocxDocument\DocumentModel.InOpenXml\Drawings.ChartDrawing\Visual properties and styling\Style.cs","FontReference","35"
"D:\OneDrive\VS\Projects\DocxDocument\DocumentModel.InOpenXml\Drawings.ChartDrawing\Visual properties and styling\Style.cs","LineReference","14"
"D:\OneDrive\VS\Projects\DocxDocument\DocumentModel.InOpenXml\Drawings.ChartDrawing\Visual properties and styling\Transform.cs","Extents","42"
"D:\OneDrive\VS\Projects\DocxDocument\DocumentModel.InOpenXml\Drawings.ChartDrawing\Visual properties and styling\Transform.cs","HorizontalFlip","21"
"D:\OneDrive\VS\Projects\DocxDocument\DocumentModel.InOpenXml\Drawings.ChartDrawing\Visual properties and styling\Transform.cs","Offset","35"
"D:\OneDrive\VS\Projects\DocxDocument\DocumentModel.InOpenXml\Drawings.ChartDrawing\Visual properties and styling\Transform.cs","Rotation","14"
"D:\OneDrive\VS\Projects\DocxDocument\DocumentModel.InOpenXml\Drawings.ChartDrawing\Visual properties and styling\Transform.cs","VerticalFlip","28"
"D:\OneDrive\VS\Projects\DocxDocument\DocumentModel.InOpenXml\Drawings.ChartDrawings\Address.cs","Address1","23"
"D:\OneDrive\VS\Projects\DocxDocument\DocumentModel.InOpenXml\Drawings.ChartDrawings\Address.cs","AdminDistrict1","37"
"D:\OneDrive\VS\Projects\DocxDocument\DocumentModel.InOpenXml\Drawings.ChartDrawings\Address.cs","AdminDistrict2","44"
"D:\OneDrive\VS\Projects\DocxDocument\DocumentModel.InOpenXml\Drawings.ChartDrawings\Address.cs","CountryRegion","30"
"D:\OneDrive\VS\Projects\DocxDocument\DocumentModel.InOpenXml\Drawings.ChartDrawings\Address.cs","IsoCountryCode","65"
"D:\OneDrive\VS\Projects\DocxDocument\DocumentModel.InOpenXml\Drawings.ChartDrawings\Address.cs","Locality","58"
"D:\OneDrive\VS\Projects\DocxDocument\DocumentModel.InOpenXml\Drawings.ChartDrawings\Address.cs","PostalCode","51"
"D:\OneDrive\VS\Projects\DocxDocument\DocumentModel.InOpenXml\Drawings.ChartDrawings\ApplicationNonVisualDrawingProperties.cs","Macro","22"
"D:\OneDrive\VS\Projects\DocxDocument\DocumentModel.InOpenXml\Drawings.ChartDrawings\ApplicationNonVisualDrawingProperties.cs","Published","29"
"D:\OneDrive\VS\Projects\DocxDocument\DocumentModel.InOpenXml\Drawings.ChartDrawings\Axis.cs","Hidden","29"
"D:\OneDrive\VS\Projects\DocxDocument\DocumentModel.InOpenXml\Drawings.ChartDrawings\Axis.cs","Id","22"
"D:\OneDrive\VS\Projects\DocxDocument\DocumentModel.InOpenXml\Drawings.ChartDrawings\AxisTitle.cs","ExtensionList","44"
"D:\OneDrive\VS\Projects\DocxDocument\DocumentModel.InOpenXml\Drawings.ChartDrawings\AxisTitle.cs","ShapeProperties","30"
"D:\OneDrive\VS\Projects\DocxDocument\DocumentModel.InOpenXml\Drawings.ChartDrawings\AxisTitle.cs","Text","23"
"D:\OneDrive\VS\Projects\DocxDocument\DocumentModel.InOpenXml\Drawings.ChartDrawings\AxisTitle.cs","TxPrTextBody","37"
"D:\OneDrive\VS\Projects\DocxDocument\DocumentModel.InOpenXml\Drawings.ChartDrawings\AxisUnits.cs","AxisUnitsLabel","32"
"D:\OneDrive\VS\Projects\DocxDocument\DocumentModel.InOpenXml\Drawings.ChartDrawings\AxisUnits.cs","ExtensionList","39"
"D:\OneDrive\VS\Projects\DocxDocument\DocumentModel.InOpenXml\Drawings.ChartDrawings\AxisUnits.cs","Unit","25"
"D:\OneDrive\VS\Projects\DocxDocument\DocumentModel.InOpenXml\Drawings.ChartDrawings\AxisUnitsLabel.cs","ExtensionList","45"
"D:\OneDrive\VS\Projects\DocxDocument\DocumentModel.InOpenXml\Drawings.ChartDrawings\AxisUnitsLabel.cs","ShapeProperties","31"
"D:\OneDrive\VS\Projects\DocxDocument\DocumentModel.InOpenXml\Drawings.ChartDrawings\AxisUnitsLabel.cs","Text","24"
"D:\OneDrive\VS\Projects\DocxDocument\DocumentModel.InOpenXml\Drawings.ChartDrawings\AxisUnitsLabel.cs","TxPrTextBody","38"
"D:\OneDrive\VS\Projects\DocxDocument\DocumentModel.InOpenXml\Drawings.ChartDrawings\Binning.cs","BinCountXsdunsignedInt","53"
"D:\OneDrive\VS\Projects\DocxDocument\DocumentModel.InOpenXml\Drawings.ChartDrawings\Binning.cs","IntervalClosed","25"
"D:\OneDrive\VS\Projects\DocxDocument\DocumentModel.InOpenXml\Drawings.ChartDrawings\Binning.cs","Overflow","39"
"D:\OneDrive\VS\Projects\DocxDocument\DocumentModel.InOpenXml\Drawings.ChartDrawings\Binning.cs","Underflow","32"
"D:\OneDrive\VS\Projects\DocxDocument\DocumentModel.InOpenXml\Drawings.ChartDrawings\Binning.cs","Xsddouble","46"
"D:\OneDrive\VS\Projects\DocxDocument\DocumentModel.InOpenXml\Drawings.ChartDrawings\CategoryAxisScaling.cs","GapWidth","25"
"D:\OneDrive\VS\Projects\DocxDocument\DocumentModel.InOpenXml\Drawings.ChartDrawings\Chart.cs","ChartTitle","25"
"D:\OneDrive\VS\Projects\DocxDocument\DocumentModel.InOpenXml\Drawings.ChartDrawings\Chart.cs","ExtensionList","46"
"D:\OneDrive\VS\Projects\DocxDocument\DocumentModel.InOpenXml\Drawings.ChartDrawings\Chart.cs","Legend","39"
"D:\OneDrive\VS\Projects\DocxDocument\DocumentModel.InOpenXml\Drawings.ChartDrawings\Chart.cs","PlotArea","32"
"D:\OneDrive\VS\Projects\DocxDocument\DocumentModel.InOpenXml\Drawings.ChartDrawings\ChartData.cs","ExternalData","25"
"D:\OneDrive\VS\Projects\DocxDocument\DocumentModel.InOpenXml\Drawings.ChartDrawings\ChartSpace.cs","Chart","32"
"D:\OneDrive\VS\Projects\DocxDocument\DocumentModel.InOpenXml\Drawings.ChartDrawings\ChartSpace.cs","ChartData","25"
"D:\OneDrive\VS\Projects\DocxDocument\DocumentModel.InOpenXml\Drawings.ChartDrawings\ChartSpace.cs","ColorMappingType","53"
"D:\OneDrive\VS\Projects\DocxDocument\DocumentModel.InOpenXml\Drawings.ChartDrawings\ChartSpace.cs","ExtensionList","74"
"D:\OneDrive\VS\Projects\DocxDocument\DocumentModel.InOpenXml\Drawings.ChartDrawings\ChartSpace.cs","FormatOverrides","60"
"D:\OneDrive\VS\Projects\DocxDocument\DocumentModel.InOpenXml\Drawings.ChartDrawings\ChartSpace.cs","PrintSettings","67"
"D:\OneDrive\VS\Projects\DocxDocument\DocumentModel.InOpenXml\Drawings.ChartDrawings\ChartSpace.cs","ShapeProperties","39"
"D:\OneDrive\VS\Projects\DocxDocument\DocumentModel.InOpenXml\Drawings.ChartDrawings\ChartSpace.cs","TxPrTextBody","46"
"D:\OneDrive\VS\Projects\DocxDocument\DocumentModel.InOpenXml\Drawings.ChartDrawings\ChartStringValue.cs","Index","25"
"D:\OneDrive\VS\Projects\DocxDocument\DocumentModel.InOpenXml\Drawings.ChartDrawings\ChartTitle.cs","Align","33"
"D:\OneDrive\VS\Projects\DocxDocument\DocumentModel.InOpenXml\Drawings.ChartDrawings\ChartTitle.cs","ExtensionList","68"
"D:\OneDrive\VS\Projects\DocxDocument\DocumentModel.InOpenXml\Drawings.ChartDrawings\ChartTitle.cs","Overlay","40"
"D:\OneDrive\VS\Projects\DocxDocument\DocumentModel.InOpenXml\Drawings.ChartDrawings\ChartTitle.cs","Pos","26"
"D:\OneDrive\VS\Projects\DocxDocument\DocumentModel.InOpenXml\Drawings.ChartDrawings\ChartTitle.cs","ShapeProperties","54"
"D:\OneDrive\VS\Projects\DocxDocument\DocumentModel.InOpenXml\Drawings.ChartDrawings\ChartTitle.cs","Text","47"
"D:\OneDrive\VS\Projects\DocxDocument\DocumentModel.InOpenXml\Drawings.ChartDrawings\ChartTitle.cs","TxPrTextBody","61"
"D:\OneDrive\VS\Projects\DocxDocument\DocumentModel.InOpenXml\Drawings.ChartDrawings\Clear.cs","GeoChildEntitiesQueryResults","47"
"D:\OneDrive\VS\Projects\DocxDocument\DocumentModel.InOpenXml\Drawings.ChartDrawings\Clear.cs","GeoDataEntityQueryResults","33"
"D:\OneDrive\VS\Projects\DocxDocument\DocumentModel.InOpenXml\Drawings.ChartDrawings\Clear.cs","GeoDataPointToEntityQueryResults","40"
"D:\OneDrive\VS\Projects\DocxDocument\DocumentModel.InOpenXml\Drawings.ChartDrawings\Clear.cs","GeoLocationQueryResults","26"
"D:\OneDrive\VS\Projects\DocxDocument\DocumentModel.InOpenXml\Drawings.ChartDrawings\Clear.cs","GeoParentEntitiesQueryResults","54"
"D:\OneDrive\VS\Projects\DocxDocument\DocumentModel.InOpenXml\Drawings.ChartDrawings\ColorMappingType.cs","Accent1","55"
"D:\OneDrive\VS\Projects\DocxDocument\DocumentModel.InOpenXml\Drawings.ChartDrawings\ColorMappingType.cs","Accent2","62"
"D:\OneDrive\VS\Projects\DocxDocument\DocumentModel.InOpenXml\Drawings.ChartDrawings\ColorMappingType.cs","Accent3","69"
"D:\OneDrive\VS\Projects\DocxDocument\DocumentModel.InOpenXml\Drawings.ChartDrawings\ColorMappingType.cs","Accent4","76"
"D:\OneDrive\VS\Projects\DocxDocument\DocumentModel.InOpenXml\Drawings.ChartDrawings\ColorMappingType.cs","Accent5","83"
"D:\OneDrive\VS\Projects\DocxDocument\DocumentModel.InOpenXml\Drawings.ChartDrawings\ColorMappingType.cs","Accent6","90"
"D:\OneDrive\VS\Projects\DocxDocument\DocumentModel.InOpenXml\Drawings.ChartDrawings\ColorMappingType.cs","Background1","27"
"D:\OneDrive\VS\Projects\DocxDocument\DocumentModel.InOpenXml\Drawings.ChartDrawings\ColorMappingType.cs","Background2","41"
"D:\OneDrive\VS\Projects\DocxDocument\DocumentModel.InOpenXml\Drawings.ChartDrawings\ColorMappingType.cs","ExtensionList","111"
"D:\OneDrive\VS\Projects\DocxDocument\DocumentModel.InOpenXml\Drawings.ChartDrawings\ColorMappingType.cs","FollowedHyperlink","104"
"D:\OneDrive\VS\Projects\DocxDocument\DocumentModel.InOpenXml\Drawings.ChartDrawings\ColorMappingType.cs","Hyperlink","97"
"D:\OneDrive\VS\Projects\DocxDocument\DocumentModel.InOpenXml\Drawings.ChartDrawings\ColorMappingType.cs","Text1","34"
"D:\OneDrive\VS\Projects\DocxDocument\DocumentModel.InOpenXml\Drawings.ChartDrawings\ColorMappingType.cs","Text2","48"
"D:\OneDrive\VS\Projects\DocxDocument\DocumentModel.InOpenXml\Drawings.ChartDrawings\ContentPart.cs","ApplicationNonVisualDrawingProperties","46"
"D:\OneDrive\VS\Projects\DocxDocument\DocumentModel.InOpenXml\Drawings.ChartDrawings\ContentPart.cs","BlackWhiteMode","32"
"D:\OneDrive\VS\Projects\DocxDocument\DocumentModel.InOpenXml\Drawings.ChartDrawings\ContentPart.cs","NonVisualContentPartProperties","39"
"D:\OneDrive\VS\Projects\DocxDocument\DocumentModel.InOpenXml\Drawings.ChartDrawings\ContentPart.cs","RelationshipId","25"
"D:\OneDrive\VS\Projects\DocxDocument\DocumentModel.InOpenXml\Drawings.ChartDrawings\ContentPart.cs","Transform2D","53"
"D:\OneDrive\VS\Projects\DocxDocument\DocumentModel.InOpenXml\Drawings.ChartDrawings\Data.cs","Id","27"
"D:\OneDrive\VS\Projects\DocxDocument\DocumentModel.InOpenXml\Drawings.ChartDrawings\DataLabel.cs","DataLabelVisibilities","64"
"D:\OneDrive\VS\Projects\DocxDocument\DocumentModel.InOpenXml\Drawings.ChartDrawings\DataLabel.cs","ExtensionList","78"
"D:\OneDrive\VS\Projects\DocxDocument\DocumentModel.InOpenXml\Drawings.ChartDrawings\DataLabel.cs","Idx","29"
"D:\OneDrive\VS\Projects\DocxDocument\DocumentModel.InOpenXml\Drawings.ChartDrawings\DataLabel.cs","NumberFormat","43"
"D:\OneDrive\VS\Projects\DocxDocument\DocumentModel.InOpenXml\Drawings.ChartDrawings\DataLabel.cs","Pos","36"
"D:\OneDrive\VS\Projects\DocxDocument\DocumentModel.InOpenXml\Drawings.ChartDrawings\DataLabel.cs","SeparatorXsdString","71"
"D:\OneDrive\VS\Projects\DocxDocument\DocumentModel.InOpenXml\Drawings.ChartDrawings\DataLabel.cs","ShapeProperties","50"
"D:\OneDrive\VS\Projects\DocxDocument\DocumentModel.InOpenXml\Drawings.ChartDrawings\DataLabel.cs","TxPrTextBody","57"
"D:\OneDrive\VS\Projects\DocxDocument\DocumentModel.InOpenXml\Drawings.ChartDrawings\DataLabelHidden.cs","Idx","26"
"D:\OneDrive\VS\Projects\DocxDocument\DocumentModel.InOpenXml\Drawings.ChartDrawings\DataLabelVisibilities.cs","CategoryName","36"
"D:\OneDrive\VS\Projects\DocxDocument\DocumentModel.InOpenXml\Drawings.ChartDrawings\DataLabelVisibilities.cs","SeriesName","29"
"D:\OneDrive\VS\Projects\DocxDocument\DocumentModel.InOpenXml\Drawings.ChartDrawings\DataLabelVisibilities.cs","Value","43"
"D:\OneDrive\VS\Projects\DocxDocument\DocumentModel.InOpenXml\Drawings.ChartDrawings\DataPoint.cs","ExtensionList","44"
"D:\OneDrive\VS\Projects\DocxDocument\DocumentModel.InOpenXml\Drawings.ChartDrawings\DataPoint.cs","Idx","30"
"D:\OneDrive\VS\Projects\DocxDocument\DocumentModel.InOpenXml\Drawings.ChartDrawings\DataPoint.cs","ShapeProperties","37"
"D:\OneDrive\VS\Projects\DocxDocument\DocumentModel.InOpenXml\Drawings.ChartDrawings\ExternalData.cs","AutoUpdate","40"
"D:\OneDrive\VS\Projects\DocxDocument\DocumentModel.InOpenXml\Drawings.ChartDrawings\ExternalData.cs","Id","33"
"D:\OneDrive\VS\Projects\DocxDocument\DocumentModel.InOpenXml\Drawings.ChartDrawings\FormatOverride.cs","ExtensionList","46"
"D:\OneDrive\VS\Projects\DocxDocument\DocumentModel.InOpenXml\Drawings.ChartDrawings\FormatOverride.cs","Idx","32"
"D:\OneDrive\VS\Projects\DocxDocument\DocumentModel.InOpenXml\Drawings.ChartDrawings\FormatOverride.cs","ShapeProperties","39"
"D:\OneDrive\VS\Projects\DocxDocument\DocumentModel.InOpenXml\Drawings.ChartDrawings\GeoCache.cs","Provider","32"
"D:\OneDrive\VS\Projects\DocxDocument\DocumentModel.InOpenXml\Drawings.ChartDrawings\GeoChildEntitiesQuery.cs","EntityId","32"
"D:\OneDrive\VS\Projects\DocxDocument\DocumentModel.InOpenXml\Drawings.ChartDrawings\GeoChildEntitiesQueryResult.cs","GeoChildEntities","40"
"D:\OneDrive\VS\Projects\DocxDocument\DocumentModel.InOpenXml\Drawings.ChartDrawings\GeoChildEntitiesQueryResult.cs","GeoChildEntitiesQuery","33"
"D:\OneDrive\VS\Projects\DocxDocument\DocumentModel.InOpenXml\Drawings.ChartDrawings\GeoData.cs","Copyrights","83"
"D:\OneDrive\VS\Projects\DocxDocument\DocumentModel.InOpenXml\Drawings.ChartDrawings\GeoData.cs","East","48"
"D:\OneDrive\VS\Projects\DocxDocument\DocumentModel.InOpenXml\Drawings.ChartDrawings\GeoData.cs","EntityId","41"
"D:\OneDrive\VS\Projects\DocxDocument\DocumentModel.InOpenXml\Drawings.ChartDrawings\GeoData.cs","EntityName","34"
"D:\OneDrive\VS\Projects\DocxDocument\DocumentModel.InOpenXml\Drawings.ChartDrawings\GeoData.cs","GeoPolygons","76"
"D:\OneDrive\VS\Projects\DocxDocument\DocumentModel.InOpenXml\Drawings.ChartDrawings\GeoData.cs","North","62"
"D:\OneDrive\VS\Projects\DocxDocument\DocumentModel.InOpenXml\Drawings.ChartDrawings\GeoData.cs","South","69"
"D:\OneDrive\VS\Projects\DocxDocument\DocumentModel.InOpenXml\Drawings.ChartDrawings\GeoData.cs","West","55"
"D:\OneDrive\VS\Projects\DocxDocument\DocumentModel.InOpenXml\Drawings.ChartDrawings\GeoDataEntityQuery.cs","EntityId","42"
"D:\OneDrive\VS\Projects\DocxDocument\DocumentModel.InOpenXml\Drawings.ChartDrawings\GeoDataEntityQuery.cs","EntityType","35"
"D:\OneDrive\VS\Projects\DocxDocument\DocumentModel.InOpenXml\Drawings.ChartDrawings\GeoDataEntityQueryResult.cs","GeoData","42"
"D:\OneDrive\VS\Projects\DocxDocument\DocumentModel.InOpenXml\Drawings.ChartDrawings\GeoDataEntityQueryResult.cs","GeoDataEntityQuery","35"
"D:\OneDrive\VS\Projects\DocxDocument\DocumentModel.InOpenXml\Drawings.ChartDrawings\GeoDataPointQuery.cs","EntityType","36"
"D:\OneDrive\VS\Projects\DocxDocument\DocumentModel.InOpenXml\Drawings.ChartDrawings\GeoDataPointQuery.cs","Latitude","43"
"D:\OneDrive\VS\Projects\DocxDocument\DocumentModel.InOpenXml\Drawings.ChartDrawings\GeoDataPointQuery.cs","Longitude","50"
"D:\OneDrive\VS\Projects\DocxDocument\DocumentModel.InOpenXml\Drawings.ChartDrawings\GeoDataPointToEntityQuery.cs","EntityId","44"
"D:\OneDrive\VS\Projects\DocxDocument\DocumentModel.InOpenXml\Drawings.ChartDrawings\GeoDataPointToEntityQuery.cs","EntityType","37"
"D:\OneDrive\VS\Projects\DocxDocument\DocumentModel.InOpenXml\Drawings.ChartDrawings\GeoDataPointToEntityQueryResult.cs","GeoDataPointQuery","34"
"D:\OneDrive\VS\Projects\DocxDocument\DocumentModel.InOpenXml\Drawings.ChartDrawings\GeoDataPointToEntityQueryResult.cs","GeoDataPointToEntityQuery","41"
"D:\OneDrive\VS\Projects\DocxDocument\DocumentModel.InOpenXml\Drawings.ChartDrawings\GeoEntity.cs","EntityName","35"
"D:\OneDrive\VS\Projects\DocxDocument\DocumentModel.InOpenXml\Drawings.ChartDrawings\GeoEntity.cs","EntityType","42"
"D:\OneDrive\VS\Projects\DocxDocument\DocumentModel.InOpenXml\Drawings.ChartDrawings\Geography.cs","Attribution","64"
"D:\OneDrive\VS\Projects\DocxDocument\DocumentModel.InOpenXml\Drawings.ChartDrawings\Geography.cs","CultureLanguage","50"
"D:\OneDrive\VS\Projects\DocxDocument\DocumentModel.InOpenXml\Drawings.ChartDrawings\Geography.cs","CultureRegion","57"
"D:\OneDrive\VS\Projects\DocxDocument\DocumentModel.InOpenXml\Drawings.ChartDrawings\Geography.cs","GeoCache","71"
"D:\OneDrive\VS\Projects\DocxDocument\DocumentModel.InOpenXml\Drawings.ChartDrawings\Geography.cs","ProjectionType","36"
"D:\OneDrive\VS\Projects\DocxDocument\DocumentModel.InOpenXml\Drawings.ChartDrawings\Geography.cs","ViewedRegionType","43"
"D:\OneDrive\VS\Projects\DocxDocument\DocumentModel.InOpenXml\Drawings.ChartDrawings\GeoHierarchyEntity.cs","EntityId","44"
"D:\OneDrive\VS\Projects\DocxDocument\DocumentModel.InOpenXml\Drawings.ChartDrawings\GeoHierarchyEntity.cs","EntityName","37"
"D:\OneDrive\VS\Projects\DocxDocument\DocumentModel.InOpenXml\Drawings.ChartDrawings\GeoHierarchyEntity.cs","EntityType","51"
"D:\OneDrive\VS\Projects\DocxDocument\DocumentModel.InOpenXml\Drawings.ChartDrawings\GeoLocation.cs","Address","65"
"D:\OneDrive\VS\Projects\DocxDocument\DocumentModel.InOpenXml\Drawings.ChartDrawings\GeoLocation.cs","EntityName","51"
"D:\OneDrive\VS\Projects\DocxDocument\DocumentModel.InOpenXml\Drawings.ChartDrawings\GeoLocation.cs","EntityType","58"
"D:\OneDrive\VS\Projects\DocxDocument\DocumentModel.InOpenXml\Drawings.ChartDrawings\GeoLocation.cs","Latitude","37"
"D:\OneDrive\VS\Projects\DocxDocument\DocumentModel.InOpenXml\Drawings.ChartDrawings\GeoLocation.cs","Longitude","44"
"D:\OneDrive\VS\Projects\DocxDocument\DocumentModel.InOpenXml\Drawings.ChartDrawings\GeoLocationQuery.cs","AdminDistrict1","45"
"D:\OneDrive\VS\Projects\DocxDocument\DocumentModel.InOpenXml\Drawings.ChartDrawings\GeoLocationQuery.cs","AdminDistrict2","52"
"D:\OneDrive\VS\Projects\DocxDocument\DocumentModel.InOpenXml\Drawings.ChartDrawings\GeoLocationQuery.cs","CountryRegion","38"
"D:\OneDrive\VS\Projects\DocxDocument\DocumentModel.InOpenXml\Drawings.ChartDrawings\GeoLocationQuery.cs","EntityType","66"
"D:\OneDrive\VS\Projects\DocxDocument\DocumentModel.InOpenXml\Drawings.ChartDrawings\GeoLocationQuery.cs","PostalCode","59"
"D:\OneDrive\VS\Projects\DocxDocument\DocumentModel.InOpenXml\Drawings.ChartDrawings\GeoLocationQueryResult.cs","GeoLocationQuery","35"
"D:\OneDrive\VS\Projects\DocxDocument\DocumentModel.InOpenXml\Drawings.ChartDrawings\GeoLocationQueryResult.cs","GeoLocations","42"
"D:\OneDrive\VS\Projects\DocxDocument\DocumentModel.InOpenXml\Drawings.ChartDrawings\GeoParentEntitiesQuery.cs","EntityId","34"
"D:\OneDrive\VS\Projects\DocxDocument\DocumentModel.InOpenXml\Drawings.ChartDrawings\GeoParentEntitiesQueryResult.cs","GeoEntity","43"
"D:\OneDrive\VS\Projects\DocxDocument\DocumentModel.InOpenXml\Drawings.ChartDrawings\GeoParentEntitiesQueryResult.cs","GeoParentEntitiesQuery","36"
"D:\OneDrive\VS\Projects\DocxDocument\DocumentModel.InOpenXml\Drawings.ChartDrawings\GeoParentEntitiesQueryResult.cs","GeoParentEntity","50"
"D:\OneDrive\VS\Projects\DocxDocument\DocumentModel.InOpenXml\Drawings.ChartDrawings\GeoParentEntity.cs","EntityId","36"
"D:\OneDrive\VS\Projects\DocxDocument\DocumentModel.InOpenXml\Drawings.ChartDrawings\GeoPolygon.cs","NumPoints","40"
"D:\OneDrive\VS\Projects\DocxDocument\DocumentModel.InOpenXml\Drawings.ChartDrawings\GeoPolygon.cs","PcaRings","47"
"D:\OneDrive\VS\Projects\DocxDocument\DocumentModel.InOpenXml\Drawings.ChartDrawings\GeoPolygon.cs","PolygonId","33"
"D:\OneDrive\VS\Projects\DocxDocument\DocumentModel.InOpenXml\Drawings.ChartDrawings\HeaderFooter.cs","AlignWithMargins","31"
"D:\OneDrive\VS\Projects\DocxDocument\DocumentModel.InOpenXml\Drawings.ChartDrawings\HeaderFooter.cs","DifferentFirst","45"
"D:\OneDrive\VS\Projects\DocxDocument\DocumentModel.InOpenXml\Drawings.ChartDrawings\HeaderFooter.cs","DifferentOddEven","38"
"D:\OneDrive\VS\Projects\DocxDocument\DocumentModel.InOpenXml\Drawings.ChartDrawings\HeaderFooter.cs","EvenFooterXsdString","73"
"D:\OneDrive\VS\Projects\DocxDocument\DocumentModel.InOpenXml\Drawings.ChartDrawings\HeaderFooter.cs","EvenHeaderXsdString","66"
"D:\OneDrive\VS\Projects\DocxDocument\DocumentModel.InOpenXml\Drawings.ChartDrawings\HeaderFooter.cs","FirstFooterXsdString","87"
"D:\OneDrive\VS\Projects\DocxDocument\DocumentModel.InOpenXml\Drawings.ChartDrawings\HeaderFooter.cs","FirstHeaderXsdString","80"
"D:\OneDrive\VS\Projects\DocxDocument\DocumentModel.InOpenXml\Drawings.ChartDrawings\HeaderFooter.cs","OddFooterXsdString","59"
"D:\OneDrive\VS\Projects\DocxDocument\DocumentModel.InOpenXml\Drawings.ChartDrawings\HeaderFooter.cs","OddHeaderXsdString","52"
"D:\OneDrive\VS\Projects\DocxDocument\DocumentModel.InOpenXml\Drawings.ChartDrawings\Legend.cs","Align","23"
"D:\OneDrive\VS\Projects\DocxDocument\DocumentModel.InOpenXml\Drawings.ChartDrawings\Legend.cs","Overlay","30"
"D:\OneDrive\VS\Projects\DocxDocument\DocumentModel.InOpenXml\Drawings.ChartDrawings\Legend.cs","Pos","16"
"D:\OneDrive\VS\Projects\DocxDocument\DocumentModel.InOpenXml\Drawings.ChartDrawings\Legend.cs","ShapeProperties","37"
"D:\OneDrive\VS\Projects\DocxDocument\DocumentModel.InOpenXml\Drawings.ChartDrawings\Legend.cs","TxPrTextBody","44"
"D:\OneDrive\VS\Projects\DocxDocument\DocumentModel.InOpenXml\Drawings.ChartDrawings\MajorGridlinesGridlines.cs","ExtensionList","21"
"D:\OneDrive\VS\Projects\DocxDocument\DocumentModel.InOpenXml\Drawings.ChartDrawings\MajorGridlinesGridlines.cs","ShapeProperties","14"
"D:\OneDrive\VS\Projects\DocxDocument\DocumentModel.InOpenXml\Drawings.ChartDrawings\MajorTickMarksTickMarks.cs","ExtensionList","14"
"D:\OneDrive\VS\Projects\DocxDocument\DocumentModel.InOpenXml\Drawings.ChartDrawings\MaxValueColorEndPosition.cs","ExtremeValueColorPosition","14"
"D:\OneDrive\VS\Projects\DocxDocument\DocumentModel.InOpenXml\Drawings.ChartDrawings\MaxValueColorEndPosition.cs","NumberColorPosition","21"
"D:\OneDrive\VS\Projects\DocxDocument\DocumentModel.InOpenXml\Drawings.ChartDrawings\MaxValueColorEndPosition.cs","PercentageColorPosition","28"
"D:\OneDrive\VS\Projects\DocxDocument\DocumentModel.InOpenXml\Drawings.ChartDrawings\MinorGridlinesGridlines.cs","ExtensionList","21"
"D:\OneDrive\VS\Projects\DocxDocument\DocumentModel.InOpenXml\Drawings.ChartDrawings\MinorGridlinesGridlines.cs","ShapeProperties","14"
"D:\OneDrive\VS\Projects\DocxDocument\DocumentModel.InOpenXml\Drawings.ChartDrawings\MinorTickMarksTickMarks.cs","ExtensionList","14"
"D:\OneDrive\VS\Projects\DocxDocument\DocumentModel.InOpenXml\Drawings.ChartDrawings\MinValueColorEndPosition.cs","ExtremeValueColorPosition","14"
"D:\OneDrive\VS\Projects\DocxDocument\DocumentModel.InOpenXml\Drawings.ChartDrawings\MinValueColorEndPosition.cs","NumberColorPosition","21"
"D:\OneDrive\VS\Projects\DocxDocument\DocumentModel.InOpenXml\Drawings.ChartDrawings\MinValueColorEndPosition.cs","PercentageColorPosition","28"
"D:\OneDrive\VS\Projects\DocxDocument\DocumentModel.InOpenXml\Drawings.ChartDrawings\NonVisualContentPartProperties.cs","NonVisualDrawingProperties","14"
"D:\OneDrive\VS\Projects\DocxDocument\DocumentModel.InOpenXml\Drawings.ChartDrawings\NonVisualContentPartProperties.cs","NonVisualInkContentPartProperties","21"
"D:\OneDrive\VS\Projects\DocxDocument\DocumentModel.InOpenXml\Drawings.ChartDrawings\NonVisualDrawingProperties.cs","Description","28"
"D:\OneDrive\VS\Projects\DocxDocument\DocumentModel.InOpenXml\Drawings.ChartDrawings\NonVisualDrawingProperties.cs","Hidden","35"
"D:\OneDrive\VS\Projects\DocxDocument\DocumentModel.InOpenXml\Drawings.ChartDrawings\NonVisualDrawingProperties.cs","HyperlinkOnClick","49"
"D:\OneDrive\VS\Projects\DocxDocument\DocumentModel.InOpenXml\Drawings.ChartDrawings\NonVisualDrawingProperties.cs","HyperlinkOnHover","56"
"D:\OneDrive\VS\Projects\DocxDocument\DocumentModel.InOpenXml\Drawings.ChartDrawings\NonVisualDrawingProperties.cs","Id","14"
"D:\OneDrive\VS\Projects\DocxDocument\DocumentModel.InOpenXml\Drawings.ChartDrawings\NonVisualDrawingProperties.cs","Name","21"
"D:\OneDrive\VS\Projects\DocxDocument\DocumentModel.InOpenXml\Drawings.ChartDrawings\NonVisualDrawingProperties.cs","NonVisualDrawingPropertiesExtensionList","63"
"D:\OneDrive\VS\Projects\DocxDocument\DocumentModel.InOpenXml\Drawings.ChartDrawings\NonVisualDrawingProperties.cs","Title","42"
"D:\OneDrive\VS\Projects\DocxDocument\DocumentModel.InOpenXml\Drawings.ChartDrawings\NonVisualInkContentPartProperties.cs","ContentPartLocks","21"
"D:\OneDrive\VS\Projects\DocxDocument\DocumentModel.InOpenXml\Drawings.ChartDrawings\NonVisualInkContentPartProperties.cs","IsComment","14"
"D:\OneDrive\VS\Projects\DocxDocument\DocumentModel.InOpenXml\Drawings.ChartDrawings\NonVisualInkContentPartProperties.cs","OfficeArtExtensionList","28"
"D:\OneDrive\VS\Projects\DocxDocument\DocumentModel.InOpenXml\Drawings.ChartDrawings\NumberFormat.cs","FormatCode","14"
"D:\OneDrive\VS\Projects\DocxDocument\DocumentModel.InOpenXml\Drawings.ChartDrawings\NumberFormat.cs","SourceLinked","21"
"D:\OneDrive\VS\Projects\DocxDocument\DocumentModel.InOpenXml\Drawings.ChartDrawings\NumericLevel.cs","FormatCode","21"
"D:\OneDrive\VS\Projects\DocxDocument\DocumentModel.InOpenXml\Drawings.ChartDrawings\NumericLevel.cs","Name","28"
"D:\OneDrive\VS\Projects\DocxDocument\DocumentModel.InOpenXml\Drawings.ChartDrawings\NumericLevel.cs","PtCount","14"
"D:\OneDrive\VS\Projects\DocxDocument\DocumentModel.InOpenXml\Drawings.ChartDrawings\NumericValue.cs","Idx","14"
"D:\OneDrive\VS\Projects\DocxDocument\DocumentModel.InOpenXml\Drawings.ChartDrawings\OpenXmlFormulaElement.cs","Dir","16"
"D:\OneDrive\VS\Projects\DocxDocument\DocumentModel.InOpenXml\Drawings.ChartDrawings\OpenXmlGridlinesElement.cs","ExtensionList","21"
"D:\OneDrive\VS\Projects\DocxDocument\DocumentModel.InOpenXml\Drawings.ChartDrawings\OpenXmlGridlinesElement.cs","ShapeProperties","14"
"D:\OneDrive\VS\Projects\DocxDocument\DocumentModel.InOpenXml\Drawings.ChartDrawings\OpenXmlTickMarksElement.cs","ExtensionList","23"
"D:\OneDrive\VS\Projects\DocxDocument\DocumentModel.InOpenXml\Drawings.ChartDrawings\OpenXmlTickMarksElement.cs","Type","16"
"D:\OneDrive\VS\Projects\DocxDocument\DocumentModel.InOpenXml\Drawings.ChartDrawings\OpenXmlValueColorEndPositionElement.cs","ExtremeValueColorPosition","14"
"D:\OneDrive\VS\Projects\DocxDocument\DocumentModel.InOpenXml\Drawings.ChartDrawings\OpenXmlValueColorEndPositionElement.cs","NumberColorPosition","21"
"D:\OneDrive\VS\Projects\DocxDocument\DocumentModel.InOpenXml\Drawings.ChartDrawings\OpenXmlValueColorEndPositionElement.cs","PercentageColorPosition","28"
"D:\OneDrive\VS\Projects\DocxDocument\DocumentModel.InOpenXml\Drawings.ChartDrawings\PageMargins.cs","B","35"
"D:\OneDrive\VS\Projects\DocxDocument\DocumentModel.InOpenXml\Drawings.ChartDrawings\PageMargins.cs","Footer","49"
"D:\OneDrive\VS\Projects\DocxDocument\DocumentModel.InOpenXml\Drawings.ChartDrawings\PageMargins.cs","Header","42"
"D:\OneDrive\VS\Projects\DocxDocument\DocumentModel.InOpenXml\Drawings.ChartDrawings\PageMargins.cs","L","14"
"D:\OneDrive\VS\Projects\DocxDocument\DocumentModel.InOpenXml\Drawings.ChartDrawings\PageMargins.cs","R","21"
"D:\OneDrive\VS\Projects\DocxDocument\DocumentModel.InOpenXml\Drawings.ChartDrawings\PageMargins.cs","T","28"
"D:\OneDrive\VS\Projects\DocxDocument\DocumentModel.InOpenXml\Drawings.ChartDrawings\PageSetup.cs","BlackAndWhite","37"
"D:\OneDrive\VS\Projects\DocxDocument\DocumentModel.InOpenXml\Drawings.ChartDrawings\PageSetup.cs","Copies","72"
"D:\OneDrive\VS\Projects\DocxDocument\DocumentModel.InOpenXml\Drawings.ChartDrawings\PageSetup.cs","Draft","44"
"D:\OneDrive\VS\Projects\DocxDocument\DocumentModel.InOpenXml\Drawings.ChartDrawings\PageSetup.cs","FirstPageNumber","23"
"D:\OneDrive\VS\Projects\DocxDocument\DocumentModel.InOpenXml\Drawings.ChartDrawings\PageSetup.cs","HorizontalDpi","58"
"D:\OneDrive\VS\Projects\DocxDocument\DocumentModel.InOpenXml\Drawings.ChartDrawings\PageSetup.cs","Orientation","30"
"D:\OneDrive\VS\Projects\DocxDocument\DocumentModel.InOpenXml\Drawings.ChartDrawings\PageSetup.cs","PaperSize","16"
"D:\OneDrive\VS\Projects\DocxDocument\DocumentModel.InOpenXml\Drawings.ChartDrawings\PageSetup.cs","UseFirstPageNumber","51"
"D:\OneDrive\VS\Projects\DocxDocument\DocumentModel.InOpenXml\Drawings.ChartDrawings\PageSetup.cs","VerticalDpi","65"
"D:\OneDrive\VS\Projects\DocxDocument\DocumentModel.InOpenXml\Drawings.ChartDrawings\ParentLabelLayout.cs","ParentLabelLayoutVal","16"
"D:\OneDrive\VS\Projects\DocxDocument\DocumentModel.InOpenXml\Drawings.ChartDrawings\PlotArea.cs","PlotAreaRegion","14"
"D:\OneDrive\VS\Projects\DocxDocument\DocumentModel.InOpenXml\Drawings.ChartDrawings\PlotAreaRegion.cs","PlotSurface","14"
"D:\OneDrive\VS\Projects\DocxDocument\DocumentModel.InOpenXml\Drawings.ChartDrawings\PlotSurface.cs","ExtensionList","21"
"D:\OneDrive\VS\Projects\DocxDocument\DocumentModel.InOpenXml\Drawings.ChartDrawings\PlotSurface.cs","ShapeProperties","14"
"D:\OneDrive\VS\Projects\DocxDocument\DocumentModel.InOpenXml\Drawings.ChartDrawings\PrintSettings.cs","HeaderFooter","14"
"D:\OneDrive\VS\Projects\DocxDocument\DocumentModel.InOpenXml\Drawings.ChartDrawings\PrintSettings.cs","PageMargins","21"
"D:\OneDrive\VS\Projects\DocxDocument\DocumentModel.InOpenXml\Drawings.ChartDrawings\PrintSettings.cs","PageSetup","28"
"D:\OneDrive\VS\Projects\DocxDocument\DocumentModel.InOpenXml\Drawings.ChartDrawings\RichTextBody.cs","BodyProperties","14"
"D:\OneDrive\VS\Projects\DocxDocument\DocumentModel.InOpenXml\Drawings.ChartDrawings\RichTextBody.cs","ListStyle","21"
"D:\OneDrive\VS\Projects\DocxDocument\DocumentModel.InOpenXml\Drawings.ChartDrawings\Series.cs","FormatIdx","44"
"D:\OneDrive\VS\Projects\DocxDocument\DocumentModel.InOpenXml\Drawings.ChartDrawings\Series.cs","Hidden","23"
"D:\OneDrive\VS\Projects\DocxDocument\DocumentModel.InOpenXml\Drawings.ChartDrawings\Series.cs","LayoutId","16"
"D:\OneDrive\VS\Projects\DocxDocument\DocumentModel.InOpenXml\Drawings.ChartDrawings\Series.cs","OwnerIdx","30"
"D:\OneDrive\VS\Projects\DocxDocument\DocumentModel.InOpenXml\Drawings.ChartDrawings\Series.cs","ShapeProperties","58"
"D:\OneDrive\VS\Projects\DocxDocument\DocumentModel.InOpenXml\Drawings.ChartDrawings\Series.cs","Text","51"
"D:\OneDrive\VS\Projects\DocxDocument\DocumentModel.InOpenXml\Drawings.ChartDrawings\Series.cs","UniqueId","37"
"D:\OneDrive\VS\Projects\DocxDocument\DocumentModel.InOpenXml\Drawings.ChartDrawings\Series.cs","ValueColorPositions","72"
"D:\OneDrive\VS\Projects\DocxDocument\DocumentModel.InOpenXml\Drawings.ChartDrawings\Series.cs","ValueColors","65"
"D:\OneDrive\VS\Projects\DocxDocument\DocumentModel.InOpenXml\Drawings.ChartDrawings\SeriesElementVisibilities.cs","ConnectorLines","14"
"D:\OneDrive\VS\Projects\DocxDocument\DocumentModel.InOpenXml\Drawings.ChartDrawings\SeriesElementVisibilities.cs","MeanLine","21"
"D:\OneDrive\VS\Projects\DocxDocument\DocumentModel.InOpenXml\Drawings.ChartDrawings\SeriesElementVisibilities.cs","MeanMarker","28"
"D:\OneDrive\VS\Projects\DocxDocument\DocumentModel.InOpenXml\Drawings.ChartDrawings\SeriesElementVisibilities.cs","Nonoutliers","35"
"D:\OneDrive\VS\Projects\DocxDocument\DocumentModel.InOpenXml\Drawings.ChartDrawings\SeriesElementVisibilities.cs","Outliers","42"
"D:\OneDrive\VS\Projects\DocxDocument\DocumentModel.InOpenXml\Drawings.ChartDrawings\SeriesLayoutProperties.cs","ParentLabelLayout","16"
"D:\OneDrive\VS\Projects\DocxDocument\DocumentModel.InOpenXml\Drawings.ChartDrawings\SeriesLayoutProperties.cs","RegionLabelLayout","23"
"D:\OneDrive\VS\Projects\DocxDocument\DocumentModel.InOpenXml\Drawings.ChartDrawings\SeriesLayoutProperties.cs","SeriesElementVisibilities","30"
"D:\OneDrive\VS\Projects\DocxDocument\DocumentModel.InOpenXml\Drawings.ChartDrawings\ShapeProperties.cs","BlackWhiteMode","14"
"D:\OneDrive\VS\Projects\DocxDocument\DocumentModel.InOpenXml\Drawings.ChartDrawings\ShapeProperties.cs","Transform2D","21"
"D:\OneDrive\VS\Projects\DocxDocument\DocumentModel.InOpenXml\Drawings.ChartDrawings\Statistics.cs","QuartileMethod","16"
"D:\OneDrive\VS\Projects\DocxDocument\DocumentModel.InOpenXml\Drawings.ChartDrawings\StringLevel.cs","Name","21"
"D:\OneDrive\VS\Projects\DocxDocument\DocumentModel.InOpenXml\Drawings.ChartDrawings\StringLevel.cs","PtCount","14"
"D:\OneDrive\VS\Projects\DocxDocument\DocumentModel.InOpenXml\Drawings.ChartDrawings\Text.cs","RichTextBody","21"
"D:\OneDrive\VS\Projects\DocxDocument\DocumentModel.InOpenXml\Drawings.ChartDrawings\Text.cs","TextData","14"
"D:\OneDrive\VS\Projects\DocxDocument\DocumentModel.InOpenXml\Drawings.ChartDrawings\TextBodyType.cs","BodyProperties","14"
"D:\OneDrive\VS\Projects\DocxDocument\DocumentModel.InOpenXml\Drawings.ChartDrawings\TextBodyType.cs","ListStyle","21"
"D:\OneDrive\VS\Projects\DocxDocument\DocumentModel.InOpenXml\Drawings.ChartDrawings\TickLabels.cs","ExtensionList","14"
"D:\OneDrive\VS\Projects\DocxDocument\DocumentModel.InOpenXml\Drawings.ChartDrawings\Transform2D.cs","Extents","42"
"D:\OneDrive\VS\Projects\DocxDocument\DocumentModel.InOpenXml\Drawings.ChartDrawings\Transform2D.cs","HorizontalFlip","21"
"D:\OneDrive\VS\Projects\DocxDocument\DocumentModel.InOpenXml\Drawings.ChartDrawings\Transform2D.cs","Offset","35"
"D:\OneDrive\VS\Projects\DocxDocument\DocumentModel.InOpenXml\Drawings.ChartDrawings\Transform2D.cs","Rotation","14"
"D:\OneDrive\VS\Projects\DocxDocument\DocumentModel.InOpenXml\Drawings.ChartDrawings\Transform2D.cs","VerticalFlip","28"
"D:\OneDrive\VS\Projects\DocxDocument\DocumentModel.InOpenXml\Drawings.ChartDrawings\TxPrTextBody.cs","BodyProperties","14"
"D:\OneDrive\VS\Projects\DocxDocument\DocumentModel.InOpenXml\Drawings.ChartDrawings\TxPrTextBody.cs","ListStyle","21"
"D:\OneDrive\VS\Projects\DocxDocument\DocumentModel.InOpenXml\Drawings.ChartDrawings\ValueAxisScaling.cs","MajorUnit","28"
"D:\OneDrive\VS\Projects\DocxDocument\DocumentModel.InOpenXml\Drawings.ChartDrawings\ValueAxisScaling.cs","Max","14"
"D:\OneDrive\VS\Projects\DocxDocument\DocumentModel.InOpenXml\Drawings.ChartDrawings\ValueAxisScaling.cs","Min","21"
"D:\OneDrive\VS\Projects\DocxDocument\DocumentModel.InOpenXml\Drawings.ChartDrawings\ValueAxisScaling.cs","MinorUnit","35"
"D:\OneDrive\VS\Projects\DocxDocument\DocumentModel.InOpenXml\Drawings.ChartDrawings\ValueColorMiddlePosition.cs","NumberColorPosition","14"
"D:\OneDrive\VS\Projects\DocxDocument\DocumentModel.InOpenXml\Drawings.ChartDrawings\ValueColorMiddlePosition.cs","PercentageColorPosition","21"
"D:\OneDrive\VS\Projects\DocxDocument\DocumentModel.InOpenXml\Drawings.ChartDrawings\ValueColorPositions.cs","Count","14"
"D:\OneDrive\VS\Projects\DocxDocument\DocumentModel.InOpenXml\Drawings.ChartDrawings\ValueColorPositions.cs","MaxValueColorEndPosition","35"
"D:\OneDrive\VS\Projects\DocxDocument\DocumentModel.InOpenXml\Drawings.ChartDrawings\ValueColorPositions.cs","MinValueColorEndPosition","21"
"D:\OneDrive\VS\Projects\DocxDocument\DocumentModel.InOpenXml\Drawings.ChartDrawings\ValueColorPositions.cs","ValueColorMiddlePosition","28"
"D:\OneDrive\VS\Projects\DocxDocument\DocumentModel.InOpenXml\Drawings.ChartDrawings\ValueColors.cs","MaxColorSolidColorFillProperties","28"
"D:\OneDrive\VS\Projects\DocxDocument\DocumentModel.InOpenXml\Drawings.ChartDrawings\ValueColors.cs","MidColorSolidColorFillProperties","21"
"D:\OneDrive\VS\Projects\DocxDocument\DocumentModel.InOpenXml\Drawings.ChartDrawings\ValueColors.cs","MinColorSolidColorFillProperties","14"
"D:\OneDrive\VS\Projects\DocxDocument\DocumentModel.InOpenXml\Drawings.Charts\Base\Chart.cs","AutoTitleDeleted","21"
"D:\OneDrive\VS\Projects\DocxDocument\DocumentModel.InOpenXml\Drawings.Charts\Base\Chart.cs","BackWall","56"
"D:\OneDrive\VS\Projects\DocxDocument\DocumentModel.InOpenXml\Drawings.Charts\Base\Chart.cs","DisplayBlanksAs","84"
"D:\OneDrive\VS\Projects\DocxDocument\DocumentModel.InOpenXml\Drawings.Charts\Base\Chart.cs","Floor","42"
"D:\OneDrive\VS\Projects\DocxDocument\DocumentModel.InOpenXml\Drawings.Charts\Base\Chart.cs","Legend","70"
"D:\OneDrive\VS\Projects\DocxDocument\DocumentModel.InOpenXml\Drawings.Charts\Base\Chart.cs","PivotFormats","28"
"D:\OneDrive\VS\Projects\DocxDocument\DocumentModel.InOpenXml\Drawings.Charts\Base\Chart.cs","PlotArea","63"
"D:\OneDrive\VS\Projects\DocxDocument\DocumentModel.InOpenXml\Drawings.Charts\Base\Chart.cs","PlotVisibleOnly","77"
"D:\OneDrive\VS\Projects\DocxDocument\DocumentModel.InOpenXml\Drawings.Charts\Base\Chart.cs","ShowDataLabelsOverMaximum","91"
"D:\OneDrive\VS\Projects\DocxDocument\DocumentModel.InOpenXml\Drawings.Charts\Base\Chart.cs","SideWall","49"
"D:\OneDrive\VS\Projects\DocxDocument\DocumentModel.InOpenXml\Drawings.Charts\Base\Chart.cs","Title","14"
"D:\OneDrive\VS\Projects\DocxDocument\DocumentModel.InOpenXml\Drawings.Charts\Base\Chart.cs","View3D","35"
"D:\OneDrive\VS\Projects\DocxDocument\DocumentModel.InOpenXml\Drawings.Charts\Base\ChartSpace.cs","Date1904","14"
"D:\OneDrive\VS\Projects\DocxDocument\DocumentModel.InOpenXml\Drawings.Charts\Base\ChartSpace.cs","EditingLanguage","21"
"D:\OneDrive\VS\Projects\DocxDocument\DocumentModel.InOpenXml\Drawings.Charts\Base\ChartSpace.cs","RoundedCorners","28"
"D:\OneDrive\VS\Projects\DocxDocument\DocumentModel.InOpenXml\Drawings.Charts\Common\ChartComponents\ChartLinesType.cs","ChartShapeProperties","14"
"D:\OneDrive\VS\Projects\DocxDocument\DocumentModel.InOpenXml\Drawings.Charts\Common\ChartComponents\DownBars.cs","ChartShapeProperties","14"
"D:\OneDrive\VS\Projects\DocxDocument\DocumentModel.InOpenXml\Drawings.Charts\Common\ChartComponents\DropLines.cs","ChartShapeProperties","14"
"D:\OneDrive\VS\Projects\DocxDocument\DocumentModel.InOpenXml\Drawings.Charts\Common\ChartComponents\HighLowLines.cs","ChartShapeProperties","14"
"D:\OneDrive\VS\Projects\DocxDocument\DocumentModel.InOpenXml\Drawings.Charts\Common\ChartComponents\LeaderLines.cs","ChartShapeProperties","14"
"D:\OneDrive\VS\Projects\DocxDocument\DocumentModel.InOpenXml\Drawings.Charts\Common\ChartComponents\UpBars.cs","ChartShapeProperties","14"
"D:\OneDrive\VS\Projects\DocxDocument\DocumentModel.InOpenXml\Drawings.Charts\Common\ChartComponents\UpDownBars.cs","DownBars","28"
"D:\OneDrive\VS\Projects\DocxDocument\DocumentModel.InOpenXml\Drawings.Charts\Common\ChartComponents\UpDownBars.cs","ExtensionList","35"
"D:\OneDrive\VS\Projects\DocxDocument\DocumentModel.InOpenXml\Drawings.Charts\Common\ChartComponents\UpDownBars.cs","GapWidth","14"
"D:\OneDrive\VS\Projects\DocxDocument\DocumentModel.InOpenXml\Drawings.Charts\Common\ChartComponents\UpDownBars.cs","UpBars","21"
"D:\OneDrive\VS\Projects\DocxDocument\DocumentModel.InOpenXml\Drawings.Charts\Common\ChartComponents\UpDownBarType.cs","ChartShapeProperties","14"
"D:\OneDrive\VS\Projects\DocxDocument\DocumentModel.InOpenXml\Drawings.Charts\Common\Exceptions\CategoryFilterException.cs","Bubble3D","43"
"D:\OneDrive\VS\Projects\DocxDocument\DocumentModel.InOpenXml\Drawings.Charts\Common\Exceptions\CategoryFilterException.cs","DataLabel","57"
"D:\OneDrive\VS\Projects\DocxDocument\DocumentModel.InOpenXml\Drawings.Charts\Common\Exceptions\CategoryFilterException.cs","Explosion","29"
"D:\OneDrive\VS\Projects\DocxDocument\DocumentModel.InOpenXml\Drawings.Charts\Common\Exceptions\CategoryFilterException.cs","InvertIfNegativeBoolean","36"
"D:\OneDrive\VS\Projects\DocxDocument\DocumentModel.InOpenXml\Drawings.Charts\Common\Exceptions\CategoryFilterException.cs","Marker","50"
"D:\OneDrive\VS\Projects\DocxDocument\DocumentModel.InOpenXml\Drawings.Charts\Common\Exceptions\CategoryFilterException.cs","SequenceOfReferences","14"
"D:\OneDrive\VS\Projects\DocxDocument\DocumentModel.InOpenXml\Drawings.Charts\Common\Layout\BackWall.cs","ExtensionList","38"
"D:\OneDrive\VS\Projects\DocxDocument\DocumentModel.InOpenXml\Drawings.Charts\Common\Layout\BackWall.cs","PictureOptions","31"
"D:\OneDrive\VS\Projects\DocxDocument\DocumentModel.InOpenXml\Drawings.Charts\Common\Layout\BackWall.cs","ShapeProperties","24"
"D:\OneDrive\VS\Projects\DocxDocument\DocumentModel.InOpenXml\Drawings.Charts\Common\Layout\BackWall.cs","Thickness","17"
"D:\OneDrive\VS\Projects\DocxDocument\DocumentModel.InOpenXml\Drawings.Charts\Common\Layout\Floor.cs","ExtensionList","38"
"D:\OneDrive\VS\Projects\DocxDocument\DocumentModel.InOpenXml\Drawings.Charts\Common\Layout\Floor.cs","PictureOptions","31"
"D:\OneDrive\VS\Projects\DocxDocument\DocumentModel.InOpenXml\Drawings.Charts\Common\Layout\Floor.cs","ShapeProperties","24"
"D:\OneDrive\VS\Projects\DocxDocument\DocumentModel.InOpenXml\Drawings.Charts\Common\Layout\Floor.cs","Thickness","17"
"D:\OneDrive\VS\Projects\DocxDocument\DocumentModel.InOpenXml\Drawings.Charts\Common\Layout\HeaderFooter.cs","AlignWithMargins","14"
"D:\OneDrive\VS\Projects\DocxDocument\DocumentModel.InOpenXml\Drawings.Charts\Common\Layout\HeaderFooter.cs","DifferentFirst","28"
"D:\OneDrive\VS\Projects\DocxDocument\DocumentModel.InOpenXml\Drawings.Charts\Common\Layout\HeaderFooter.cs","DifferentOddEven","21"
"D:\OneDrive\VS\Projects\DocxDocument\DocumentModel.InOpenXml\Drawings.Charts\Common\Layout\HeaderFooter.cs","EvenFooter","56"
"D:\OneDrive\VS\Projects\DocxDocument\DocumentModel.InOpenXml\Drawings.Charts\Common\Layout\HeaderFooter.cs","EvenHeader","49"
"D:\OneDrive\VS\Projects\DocxDocument\DocumentModel.InOpenXml\Drawings.Charts\Common\Layout\HeaderFooter.cs","FirstFooter","70"
"D:\OneDrive\VS\Projects\DocxDocument\DocumentModel.InOpenXml\Drawings.Charts\Common\Layout\HeaderFooter.cs","FirstHeader","63"
"D:\OneDrive\VS\Projects\DocxDocument\DocumentModel.InOpenXml\Drawings.Charts\Common\Layout\HeaderFooter.cs","OddFooter","42"
"D:\OneDrive\VS\Projects\DocxDocument\DocumentModel.InOpenXml\Drawings.Charts\Common\Layout\HeaderFooter.cs","OddHeader","35"
"D:\OneDrive\VS\Projects\DocxDocument\DocumentModel.InOpenXml\Drawings.Charts\Common\Layout\Layout.cs","ExtensionList","23"
"D:\OneDrive\VS\Projects\DocxDocument\DocumentModel.InOpenXml\Drawings.Charts\Common\Layout\Layout.cs","ManualLayout","16"
"D:\OneDrive\VS\Projects\DocxDocument\DocumentModel.InOpenXml\Drawings.Charts\Common\Layout\Legend.cs","LegendPosition","14"
"D:\OneDrive\VS\Projects\DocxDocument\DocumentModel.InOpenXml\Drawings.Charts\Common\Layout\LegendEntry.cs","Index","14"
"D:\OneDrive\VS\Projects\DocxDocument\DocumentModel.InOpenXml\Drawings.Charts\Common\Layout\ManualLayout.cs","ExtensionList","77"
"D:\OneDrive\VS\Projects\DocxDocument\DocumentModel.InOpenXml\Drawings.Charts\Common\Layout\ManualLayout.cs","Height","70"
"D:\OneDrive\VS\Projects\DocxDocument\DocumentModel.InOpenXml\Drawings.Charts\Common\Layout\ManualLayout.cs","HeightMode","42"
"D:\OneDrive\VS\Projects\DocxDocument\DocumentModel.InOpenXml\Drawings.Charts\Common\Layout\ManualLayout.cs","LayoutTarget","14"
"D:\OneDrive\VS\Projects\DocxDocument\DocumentModel.InOpenXml\Drawings.Charts\Common\Layout\ManualLayout.cs","Left","49"
"D:\OneDrive\VS\Projects\DocxDocument\DocumentModel.InOpenXml\Drawings.Charts\Common\Layout\ManualLayout.cs","LeftMode","21"
"D:\OneDrive\VS\Projects\DocxDocument\DocumentModel.InOpenXml\Drawings.Charts\Common\Layout\ManualLayout.cs","Top","56"
"D:\OneDrive\VS\Projects\DocxDocument\DocumentModel.InOpenXml\Drawings.Charts\Common\Layout\ManualLayout.cs","TopMode","28"
"D:\OneDrive\VS\Projects\DocxDocument\DocumentModel.InOpenXml\Drawings.Charts\Common\Layout\ManualLayout.cs","Width","63"
"D:\OneDrive\VS\Projects\DocxDocument\DocumentModel.InOpenXml\Drawings.Charts\Common\Layout\ManualLayout.cs","WidthMode","35"
"D:\OneDrive\VS\Projects\DocxDocument\DocumentModel.InOpenXml\Drawings.Charts\Common\Layout\PageMargins.cs","Bottom","35"
"D:\OneDrive\VS\Projects\DocxDocument\DocumentModel.InOpenXml\Drawings.Charts\Common\Layout\PageMargins.cs","Footer","49"
"D:\OneDrive\VS\Projects\DocxDocument\DocumentModel.InOpenXml\Drawings.Charts\Common\Layout\PageMargins.cs","Header","42"
"D:\OneDrive\VS\Projects\DocxDocument\DocumentModel.InOpenXml\Drawings.Charts\Common\Layout\PageMargins.cs","Left","14"
"D:\OneDrive\VS\Projects\DocxDocument\DocumentModel.InOpenXml\Drawings.Charts\Common\Layout\PageMargins.cs","Right","21"
"D:\OneDrive\VS\Projects\DocxDocument\DocumentModel.InOpenXml\Drawings.Charts\Common\Layout\PageMargins.cs","Top","28"
"D:\OneDrive\VS\Projects\DocxDocument\DocumentModel.InOpenXml\Drawings.Charts\Common\Layout\PageSetup.cs","BlackAndWhite","35"
"D:\OneDrive\VS\Projects\DocxDocument\DocumentModel.InOpenXml\Drawings.Charts\Common\Layout\PageSetup.cs","Copies","70"
"D:\OneDrive\VS\Projects\DocxDocument\DocumentModel.InOpenXml\Drawings.Charts\Common\Layout\PageSetup.cs","Draft","42"
"D:\OneDrive\VS\Projects\DocxDocument\DocumentModel.InOpenXml\Drawings.Charts\Common\Layout\PageSetup.cs","FirstPageNumber","21"
"D:\OneDrive\VS\Projects\DocxDocument\DocumentModel.InOpenXml\Drawings.Charts\Common\Layout\PageSetup.cs","HorizontalDpi","56"
"D:\OneDrive\VS\Projects\DocxDocument\DocumentModel.InOpenXml\Drawings.Charts\Common\Layout\PageSetup.cs","Orientation","28"
"D:\OneDrive\VS\Projects\DocxDocument\DocumentModel.InOpenXml\Drawings.Charts\Common\Layout\PageSetup.cs","PaperSize","14"
"D:\OneDrive\VS\Projects\DocxDocument\DocumentModel.InOpenXml\Drawings.Charts\Common\Layout\PageSetup.cs","UseFirstPageNumber","49"
"D:\OneDrive\VS\Projects\DocxDocument\DocumentModel.InOpenXml\Drawings.Charts\Common\Layout\PageSetup.cs","VerticalDpi","63"
"D:\OneDrive\VS\Projects\DocxDocument\DocumentModel.InOpenXml\Drawings.Charts\Common\Layout\PrintSettings.cs","HeaderFooter","14"
"D:\OneDrive\VS\Projects\DocxDocument\DocumentModel.InOpenXml\Drawings.Charts\Common\Layout\PrintSettings.cs","LegacyDrawingHeaderFooter","35"
"D:\OneDrive\VS\Projects\DocxDocument\DocumentModel.InOpenXml\Drawings.Charts\Common\Layout\PrintSettings.cs","PageMargins","21"
"D:\OneDrive\VS\Projects\DocxDocument\DocumentModel.InOpenXml\Drawings.Charts\Common\Layout\PrintSettings.cs","PageSetup","28"
"D:\OneDrive\VS\Projects\DocxDocument\DocumentModel.InOpenXml\Drawings.Charts\Common\Layout\SideWall.cs","ExtensionList","38"
"D:\OneDrive\VS\Projects\DocxDocument\DocumentModel.InOpenXml\Drawings.Charts\Common\Layout\SideWall.cs","PictureOptions","31"
"D:\OneDrive\VS\Projects\DocxDocument\DocumentModel.InOpenXml\Drawings.Charts\Common\Layout\SideWall.cs","ShapeProperties","24"
"D:\OneDrive\VS\Projects\DocxDocument\DocumentModel.InOpenXml\Drawings.Charts\Common\Layout\SideWall.cs","Thickness","17"
"D:\OneDrive\VS\Projects\DocxDocument\DocumentModel.InOpenXml\Drawings.Charts\Common\Layout\Title.cs","ChartShapeProperties","35"
"D:\OneDrive\VS\Projects\DocxDocument\DocumentModel.InOpenXml\Drawings.Charts\Common\Layout\Title.cs","ChartText","14"
"D:\OneDrive\VS\Projects\DocxDocument\DocumentModel.InOpenXml\Drawings.Charts\Common\Layout\Title.cs","ExtensionList","49"
"D:\OneDrive\VS\Projects\DocxDocument\DocumentModel.InOpenXml\Drawings.Charts\Common\Layout\Title.cs","Layout","21"
"D:\OneDrive\VS\Projects\DocxDocument\DocumentModel.InOpenXml\Drawings.Charts\Common\Layout\Title.cs","Overlay","28"
"D:\OneDrive\VS\Projects\DocxDocument\DocumentModel.InOpenXml\Drawings.Charts\Common\Layout\Title.cs","TextProperties","42"
"D:\OneDrive\VS\Projects\DocxDocument\DocumentModel.InOpenXml\Drawings.Charts\Common\Layout\View3D.cs","DepthPercent","35"
"D:\OneDrive\VS\Projects\DocxDocument\DocumentModel.InOpenXml\Drawings.Charts\Common\Layout\View3D.cs","ExtensionList","56"
"D:\OneDrive\VS\Projects\DocxDocument\DocumentModel.InOpenXml\Drawings.Charts\Common\Layout\View3D.cs","HeightPercent","21"
"D:\OneDrive\VS\Projects\DocxDocument\DocumentModel.InOpenXml\Drawings.Charts\Common\Layout\View3D.cs","Perspective","49"
"D:\OneDrive\VS\Projects\DocxDocument\DocumentModel.InOpenXml\Drawings.Charts\Common\Layout\View3D.cs","RightAngleAxes","42"
"D:\OneDrive\VS\Projects\DocxDocument\DocumentModel.InOpenXml\Drawings.Charts\Common\Layout\View3D.cs","RotateX","14"
"D:\OneDrive\VS\Projects\DocxDocument\DocumentModel.InOpenXml\Drawings.Charts\Common\Layout\View3D.cs","RotateY","28"
"D:\OneDrive\VS\Projects\DocxDocument\DocumentModel.InOpenXml\Drawings.Charts\Common\PivotOptions.cs","DropZoneCategories","21"
"D:\OneDrive\VS\Projects\DocxDocument\DocumentModel.InOpenXml\Drawings.Charts\Common\PivotOptions.cs","DropZoneData","28"
"D:\OneDrive\VS\Projects\DocxDocument\DocumentModel.InOpenXml\Drawings.Charts\Common\PivotOptions.cs","DropZoneFilter","14"
"D:\OneDrive\VS\Projects\DocxDocument\DocumentModel.InOpenXml\Drawings.Charts\Common\PivotOptions.cs","DropZoneSeries","35"
"D:\OneDrive\VS\Projects\DocxDocument\DocumentModel.InOpenXml\Drawings.Charts\Common\PivotOptions.cs","DropZonesVisible","42"
"D:\OneDrive\VS\Projects\DocxDocument\DocumentModel.InOpenXml\Drawings.Charts\Common\PivotSource.cs","ExtensionList","28"
"D:\OneDrive\VS\Projects\DocxDocument\DocumentModel.InOpenXml\Drawings.Charts\Common\PivotSource.cs","FormatId","21"
"D:\OneDrive\VS\Projects\DocxDocument\DocumentModel.InOpenXml\Drawings.Charts\Common\PivotSource.cs","PivotTableName","14"
"D:\OneDrive\VS\Projects\DocxDocument\DocumentModel.InOpenXml\Drawings.Charts\Common\Protection.cs","ChartObject","14"
"D:\OneDrive\VS\Projects\DocxDocument\DocumentModel.InOpenXml\Drawings.Charts\Common\Protection.cs","Data","21"
"D:\OneDrive\VS\Projects\DocxDocument\DocumentModel.InOpenXml\Drawings.Charts\Common\Protection.cs","Formatting","28"
"D:\OneDrive\VS\Projects\DocxDocument\DocumentModel.InOpenXml\Drawings.Charts\Common\Protection.cs","Selection","35"
"D:\OneDrive\VS\Projects\DocxDocument\DocumentModel.InOpenXml\Drawings.Charts\Common\RelationshipIdType.cs","Id","14"
"D:\OneDrive\VS\Projects\DocxDocument\DocumentModel.InOpenXml\Drawings.Charts\Data\ChartText.cs","RichText","23"
"D:\OneDrive\VS\Projects\DocxDocument\DocumentModel.InOpenXml\Drawings.Charts\Data\ChartText.cs","StringLiteral","30"
"D:\OneDrive\VS\Projects\DocxDocument\DocumentModel.InOpenXml\Drawings.Charts\Data\ChartText.cs","StringReference","16"
"D:\OneDrive\VS\Projects\DocxDocument\DocumentModel.InOpenXml\Drawings.Charts\Data\DataLabel.cs","Index","16"
"D:\OneDrive\VS\Projects\DocxDocument\DocumentModel.InOpenXml\Drawings.Charts\Data\DataLabelFieldTableCache.cs","PointCount","16"
"D:\OneDrive\VS\Projects\DocxDocument\DocumentModel.InOpenXml\Drawings.Charts\Data\DataLabelFieldTableEntry.cs","DataLabelFieldTableCache","29"
"D:\OneDrive\VS\Projects\DocxDocument\DocumentModel.InOpenXml\Drawings.Charts\Data\DataLabelFieldTableEntry.cs","Formula","22"
"D:\OneDrive\VS\Projects\DocxDocument\DocumentModel.InOpenXml\Drawings.Charts\Data\DataLabelFieldTableEntry.cs","TextFieldGuid","15"
"D:\OneDrive\VS\Projects\DocxDocument\DocumentModel.InOpenXml\Drawings.Charts\Data\DataLabelsRange.cs","Formula","15"
"D:\OneDrive\VS\Projects\DocxDocument\DocumentModel.InOpenXml\Drawings.Charts\Data\DataLabelsRangeCache.cs","PointCount","16"
"D:\OneDrive\VS\Projects\DocxDocument\DocumentModel.InOpenXml\Drawings.Charts\Data\DataPoint.cs","Bubble3D","37"
"D:\OneDrive\VS\Projects\DocxDocument\DocumentModel.InOpenXml\Drawings.Charts\Data\DataPoint.cs","ChartShapeProperties","51"
"D:\OneDrive\VS\Projects\DocxDocument\DocumentModel.InOpenXml\Drawings.Charts\Data\DataPoint.cs","Explosion","44"
"D:\OneDrive\VS\Projects\DocxDocument\DocumentModel.InOpenXml\Drawings.Charts\Data\DataPoint.cs","ExtensionList","65"
"D:\OneDrive\VS\Projects\DocxDocument\DocumentModel.InOpenXml\Drawings.Charts\Data\DataPoint.cs","Index","16"
"D:\OneDrive\VS\Projects\DocxDocument\DocumentModel.InOpenXml\Drawings.Charts\Data\DataPoint.cs","InvertIfNegative","23"
"D:\OneDrive\VS\Projects\DocxDocument\DocumentModel.InOpenXml\Drawings.Charts\Data\DataPoint.cs","Marker","30"
"D:\OneDrive\VS\Projects\DocxDocument\DocumentModel.InOpenXml\Drawings.Charts\Data\DataPoint.cs","PictureOptions","58"
"D:\OneDrive\VS\Projects\DocxDocument\DocumentModel.InOpenXml\Drawings.Charts\Data\DataTable.cs","ChartShapeProperties","44"
"D:\OneDrive\VS\Projects\DocxDocument\DocumentModel.InOpenXml\Drawings.Charts\Data\DataTable.cs","ExtensionList","58"
"D:\OneDrive\VS\Projects\DocxDocument\DocumentModel.InOpenXml\Drawings.Charts\Data\DataTable.cs","ShowHorizontalBorder","16"
"D:\OneDrive\VS\Projects\DocxDocument\DocumentModel.InOpenXml\Drawings.Charts\Data\DataTable.cs","ShowKeys","37"
"D:\OneDrive\VS\Projects\DocxDocument\DocumentModel.InOpenXml\Drawings.Charts\Data\DataTable.cs","ShowOutlineBorder","30"
"D:\OneDrive\VS\Projects\DocxDocument\DocumentModel.InOpenXml\Drawings.Charts\Data\DataTable.cs","ShowVerticalBorder","23"
"D:\OneDrive\VS\Projects\DocxDocument\DocumentModel.InOpenXml\Drawings.Charts\Data\DataTable.cs","TextProperties","51"
"D:\OneDrive\VS\Projects\DocxDocument\DocumentModel.InOpenXml\Drawings.Charts\Data\ExternalData.cs","AutoUpdate","22"
"D:\OneDrive\VS\Projects\DocxDocument\DocumentModel.InOpenXml\Drawings.Charts\Data\ExternalData.cs","Id","15"
"D:\OneDrive\VS\Projects\DocxDocument\DocumentModel.InOpenXml\Drawings.Charts\Data\FormulaReference.cs","SequenceOfReferences","14"
"D:\OneDrive\VS\Projects\DocxDocument\DocumentModel.InOpenXml\Drawings.Charts\Data\FullReference.cs","SequenceOfReferences","14"
"D:\OneDrive\VS\Projects\DocxDocument\DocumentModel.InOpenXml\Drawings.Charts\Data\LevelReference.cs","SequenceOfReferences","14"
"D:\OneDrive\VS\Projects\DocxDocument\DocumentModel.InOpenXml\Drawings.Charts\Data\MultiLevelStringCache.cs","PointCount","14"
"D:\OneDrive\VS\Projects\DocxDocument\DocumentModel.InOpenXml\Drawings.Charts\Data\MultiLevelStringReference.cs","Formula","14"
"D:\OneDrive\VS\Projects\DocxDocument\DocumentModel.InOpenXml\Drawings.Charts\Data\MultiLevelStringReference.cs","MultiLevelStringCache","21"
"D:\OneDrive\VS\Projects\DocxDocument\DocumentModel.InOpenXml\Drawings.Charts\Data\MultiLevelStringReference.cs","MultiLvlStrRefExtensionList","28"
"D:\OneDrive\VS\Projects\DocxDocument\DocumentModel.InOpenXml\Drawings.Charts\Data\NumberDataSourceType.cs","NumberLiteral","22"
"D:\OneDrive\VS\Projects\DocxDocument\DocumentModel.InOpenXml\Drawings.Charts\Data\NumberDataSourceType.cs","NumberReference","15"
"D:\OneDrive\VS\Projects\DocxDocument\DocumentModel.InOpenXml\Drawings.Charts\Data\NumberDataType.cs","FormatCode","14"
"D:\OneDrive\VS\Projects\DocxDocument\DocumentModel.InOpenXml\Drawings.Charts\Data\NumberDataType.cs","PointCount","21"
"D:\OneDrive\VS\Projects\DocxDocument\DocumentModel.InOpenXml\Drawings.Charts\Data\NumberingCache.cs","FormatCode","14"
"D:\OneDrive\VS\Projects\DocxDocument\DocumentModel.InOpenXml\Drawings.Charts\Data\NumberingCache.cs","PointCount","21"
"D:\OneDrive\VS\Projects\DocxDocument\DocumentModel.InOpenXml\Drawings.Charts\Data\NumberLiteral.cs","FormatCode","14"
"D:\OneDrive\VS\Projects\DocxDocument\DocumentModel.InOpenXml\Drawings.Charts\Data\NumberLiteral.cs","PointCount","21"
"D:\OneDrive\VS\Projects\DocxDocument\DocumentModel.InOpenXml\Drawings.Charts\Data\NumberReference.cs","Formula","14"
"D:\OneDrive\VS\Projects\DocxDocument\DocumentModel.InOpenXml\Drawings.Charts\Data\NumberReference.cs","NumberingCache","21"
"D:\OneDrive\VS\Projects\DocxDocument\DocumentModel.InOpenXml\Drawings.Charts\Data\NumericPoints.cs","FormatCode","21"
"D:\OneDrive\VS\Projects\DocxDocument\DocumentModel.InOpenXml\Drawings.Charts\Data\NumericPoints.cs","Index","14"
"D:\OneDrive\VS\Projects\DocxDocument\DocumentModel.InOpenXml\Drawings.Charts\Data\NumericPoints.cs","NumericValue","28"
"D:\OneDrive\VS\Projects\DocxDocument\DocumentModel.InOpenXml\Drawings.Charts\Data\RichText.cs","BodyProperties","15"
"D:\OneDrive\VS\Projects\DocxDocument\DocumentModel.InOpenXml\Drawings.Charts\Data\RichText.cs","ListStyle","22"
"D:\OneDrive\VS\Projects\DocxDocument\DocumentModel.InOpenXml\Drawings.Charts\Data\SeriesText.cs","NumericValue","22"
"D:\OneDrive\VS\Projects\DocxDocument\DocumentModel.InOpenXml\Drawings.Charts\Data\SeriesText.cs","StringReference","15"
"D:\OneDrive\VS\Projects\DocxDocument\DocumentModel.InOpenXml\Drawings.Charts\Data\StringCache.cs","PointCount","15"
"D:\OneDrive\VS\Projects\DocxDocument\DocumentModel.InOpenXml\Drawings.Charts\Data\StringDataType.cs","PointCount","14"
"D:\OneDrive\VS\Projects\DocxDocument\DocumentModel.InOpenXml\Drawings.Charts\Data\StringLiteral.cs","PointCount","15"
"D:\OneDrive\VS\Projects\DocxDocument\DocumentModel.InOpenXml\Drawings.Charts\Data\StringPoint.cs","Index","14"
"D:\OneDrive\VS\Projects\DocxDocument\DocumentModel.InOpenXml\Drawings.Charts\Data\StringPoint.cs","NumericValue","21"
"D:\OneDrive\VS\Projects\DocxDocument\DocumentModel.InOpenXml\Drawings.Charts\Data\StringReference.cs","Formula","15"
"D:\OneDrive\VS\Projects\DocxDocument\DocumentModel.InOpenXml\Drawings.Charts\Data\StringReference.cs","StringCache","22"
"D:\OneDrive\VS\Projects\DocxDocument\DocumentModel.InOpenXml\Drawings.Charts\Data\Values.cs","NumberLiteral","22"
"D:\OneDrive\VS\Projects\DocxDocument\DocumentModel.InOpenXml\Drawings.Charts\Data\Values.cs","NumberReference","15"
"D:\OneDrive\VS\Projects\DocxDocument\DocumentModel.InOpenXml\Drawings.Charts\Data\XValues.cs","MultiLevelStringReference","14"
"D:\OneDrive\VS\Projects\DocxDocument\DocumentModel.InOpenXml\Drawings.Charts\Data\XValues.cs","NumberLiteral","28"
"D:\OneDrive\VS\Projects\DocxDocument\DocumentModel.InOpenXml\Drawings.Charts\Data\XValues.cs","NumberReference","21"
"D:\OneDrive\VS\Projects\DocxDocument\DocumentModel.InOpenXml\Drawings.Charts\Data\XValues.cs","StringLiteral","42"
"D:\OneDrive\VS\Projects\DocxDocument\DocumentModel.InOpenXml\Drawings.Charts\Data\XValues.cs","StringReference","35"
"D:\OneDrive\VS\Projects\DocxDocument\DocumentModel.InOpenXml\Drawings.Charts\Data\YValues.cs","NumberLiteral","21"
"D:\OneDrive\VS\Projects\DocxDocument\DocumentModel.InOpenXml\Drawings.Charts\Data\YValues.cs","NumberReference","14"
"D:\OneDrive\VS\Projects\DocxDocument\DocumentModel.InOpenXml\Drawings.Charts\Formatting\BandFormat.cs","ChartShapeProperties","22"
"D:\OneDrive\VS\Projects\DocxDocument\DocumentModel.InOpenXml\Drawings.Charts\Formatting\BandFormat.cs","Index","15"
"D:\OneDrive\VS\Projects\DocxDocument\DocumentModel.InOpenXml\Drawings.Charts\Formatting\ChartShapeProperties.cs","BlackWhiteMode","34"
"D:\OneDrive\VS\Projects\DocxDocument\DocumentModel.InOpenXml\Drawings.Charts\Formatting\ChartShapeProperties.cs","Transform2D","41"
"D:\OneDrive\VS\Projects\DocxDocument\DocumentModel.InOpenXml\Drawings.Charts\Formatting\OverrideColorMapping.cs","Accent1","43"
"D:\OneDrive\VS\Projects\DocxDocument\DocumentModel.InOpenXml\Drawings.Charts\Formatting\OverrideColorMapping.cs","Accent2","50"
"D:\OneDrive\VS\Projects\DocxDocument\DocumentModel.InOpenXml\Drawings.Charts\Formatting\OverrideColorMapping.cs","Accent3","57"
"D:\OneDrive\VS\Projects\DocxDocument\DocumentModel.InOpenXml\Drawings.Charts\Formatting\OverrideColorMapping.cs","Accent4","64"
"D:\OneDrive\VS\Projects\DocxDocument\DocumentModel.InOpenXml\Drawings.Charts\Formatting\OverrideColorMapping.cs","Accent5","71"
"D:\OneDrive\VS\Projects\DocxDocument\DocumentModel.InOpenXml\Drawings.Charts\Formatting\OverrideColorMapping.cs","Accent6","78"
"D:\OneDrive\VS\Projects\DocxDocument\DocumentModel.InOpenXml\Drawings.Charts\Formatting\OverrideColorMapping.cs","Background1","15"
"D:\OneDrive\VS\Projects\DocxDocument\DocumentModel.InOpenXml\Drawings.Charts\Formatting\OverrideColorMapping.cs","Background2","29"
"D:\OneDrive\VS\Projects\DocxDocument\DocumentModel.InOpenXml\Drawings.Charts\Formatting\OverrideColorMapping.cs","FollowedHyperlink","92"
"D:\OneDrive\VS\Projects\DocxDocument\DocumentModel.InOpenXml\Drawings.Charts\Formatting\OverrideColorMapping.cs","Hyperlink","85"
"D:\OneDrive\VS\Projects\DocxDocument\DocumentModel.InOpenXml\Drawings.Charts\Formatting\OverrideColorMapping.cs","Text1","22"
"D:\OneDrive\VS\Projects\DocxDocument\DocumentModel.InOpenXml\Drawings.Charts\Formatting\OverrideColorMapping.cs","Text2","36"
"D:\OneDrive\VS\Projects\DocxDocument\DocumentModel.InOpenXml\Drawings.Charts\Formatting\PictureOptions.cs","ApplyToEnd","29"
"D:\OneDrive\VS\Projects\DocxDocument\DocumentModel.InOpenXml\Drawings.Charts\Formatting\PictureOptions.cs","ApplyToFront","15"
"D:\OneDrive\VS\Projects\DocxDocument\DocumentModel.InOpenXml\Drawings.Charts\Formatting\PictureOptions.cs","ApplyToSides","22"
"D:\OneDrive\VS\Projects\DocxDocument\DocumentModel.InOpenXml\Drawings.Charts\Formatting\PictureOptions.cs","PictureFormat","36"
"D:\OneDrive\VS\Projects\DocxDocument\DocumentModel.InOpenXml\Drawings.Charts\Formatting\PictureOptions.cs","PictureStackUnit","43"
"D:\OneDrive\VS\Projects\DocxDocument\DocumentModel.InOpenXml\Drawings.Charts\Formatting\PivotFormat.cs","DataLabel","35"
"D:\OneDrive\VS\Projects\DocxDocument\DocumentModel.InOpenXml\Drawings.Charts\Formatting\PivotFormat.cs","ExtensionList","42"
"D:\OneDrive\VS\Projects\DocxDocument\DocumentModel.InOpenXml\Drawings.Charts\Formatting\PivotFormat.cs","Index","14"
"D:\OneDrive\VS\Projects\DocxDocument\DocumentModel.InOpenXml\Drawings.Charts\Formatting\PivotFormat.cs","Marker","28"
"D:\OneDrive\VS\Projects\DocxDocument\DocumentModel.InOpenXml\Drawings.Charts\Formatting\PivotFormat.cs","ShapeProperties","21"
"D:\OneDrive\VS\Projects\DocxDocument\DocumentModel.InOpenXml\Drawings.Charts\Formatting\SketchOptions.cs","InSketchMode","14"
"D:\OneDrive\VS\Projects\DocxDocument\DocumentModel.InOpenXml\Drawings.Charts\Formatting\SketchOptions.cs","ShowSketchButton","21"
"D:\OneDrive\VS\Projects\DocxDocument\DocumentModel.InOpenXml\Drawings.Charts\Formatting\TextBodyType.cs","BodyProperties","14"
"D:\OneDrive\VS\Projects\DocxDocument\DocumentModel.InOpenXml\Drawings.Charts\Formatting\TextBodyType.cs","ListStyle","21"
"D:\OneDrive\VS\Projects\DocxDocument\DocumentModel.InOpenXml\Drawings.Charts\Formatting\TextProperties.cs","BodyProperties","15"
"D:\OneDrive\VS\Projects\DocxDocument\DocumentModel.InOpenXml\Drawings.Charts\Formatting\TextProperties.cs","ListStyle","22"
"D:\OneDrive\VS\Projects\DocxDocument\DocumentModel.InOpenXml\Drawings.Charts\Specific chart types\Area charts\Area3DChart.cs","Grouping","14"
"D:\OneDrive\VS\Projects\DocxDocument\DocumentModel.InOpenXml\Drawings.Charts\Specific chart types\Area charts\Area3DChart.cs","VaryColors","21"
"D:\OneDrive\VS\Projects\DocxDocument\DocumentModel.InOpenXml\Drawings.Charts\Specific chart types\Area charts\AreaChart.cs","Grouping","14"
"D:\OneDrive\VS\Projects\DocxDocument\DocumentModel.InOpenXml\Drawings.Charts\Specific chart types\Area charts\AreaChart.cs","VaryColors","21"
"D:\OneDrive\VS\Projects\DocxDocument\DocumentModel.InOpenXml\Drawings.Charts\Specific chart types\Area charts\AreaChartSeries.cs","Index","31"
"D:\OneDrive\VS\Projects\DocxDocument\DocumentModel.InOpenXml\Drawings.Charts\Specific chart types\Area charts\AreaChartSeries.cs","Order","38"
"D:\OneDrive\VS\Projects\DocxDocument\DocumentModel.InOpenXml\Drawings.Charts\Specific chart types\Area charts\AreaChartSeries.cs","SeriesText","45"
"D:\OneDrive\VS\Projects\DocxDocument\DocumentModel.InOpenXml\Drawings.Charts\Specific chart types\Bar charts\Bar3DChart.cs","BarDirection","14"
"D:\OneDrive\VS\Projects\DocxDocument\DocumentModel.InOpenXml\Drawings.Charts\Specific chart types\Bar charts\Bar3DChart.cs","BarGrouping","21"
"D:\OneDrive\VS\Projects\DocxDocument\DocumentModel.InOpenXml\Drawings.Charts\Specific chart types\Bar charts\Bar3DChart.cs","VaryColors","28"
"D:\OneDrive\VS\Projects\DocxDocument\DocumentModel.InOpenXml\Drawings.Charts\Specific chart types\Bar charts\BarChart.cs","BarDirection","14"
"D:\OneDrive\VS\Projects\DocxDocument\DocumentModel.InOpenXml\Drawings.Charts\Specific chart types\Bar charts\BarChart.cs","BarGrouping","21"
"D:\OneDrive\VS\Projects\DocxDocument\DocumentModel.InOpenXml\Drawings.Charts\Specific chart types\Bar charts\BarChart.cs","VaryColors","28"
"D:\OneDrive\VS\Projects\DocxDocument\DocumentModel.InOpenXml\Drawings.Charts\Specific chart types\Bar charts\BarChartSeries.cs","ChartShapeProperties","35"
"D:\OneDrive\VS\Projects\DocxDocument\DocumentModel.InOpenXml\Drawings.Charts\Specific chart types\Bar charts\BarChartSeries.cs","Index","14"
"D:\OneDrive\VS\Projects\DocxDocument\DocumentModel.InOpenXml\Drawings.Charts\Specific chart types\Bar charts\BarChartSeries.cs","InvertIfNegative","42"
"D:\OneDrive\VS\Projects\DocxDocument\DocumentModel.InOpenXml\Drawings.Charts\Specific chart types\Bar charts\BarChartSeries.cs","Order","21"
"D:\OneDrive\VS\Projects\DocxDocument\DocumentModel.InOpenXml\Drawings.Charts\Specific chart types\Bar charts\BarChartSeries.cs","PictureOptions","49"
"D:\OneDrive\VS\Projects\DocxDocument\DocumentModel.InOpenXml\Drawings.Charts\Specific chart types\Bar charts\BarChartSeries.cs","SeriesText","28"
"D:\OneDrive\VS\Projects\DocxDocument\DocumentModel.InOpenXml\Drawings.Charts\Specific chart types\Bar charts\FilteredBarSeries.cs","BarChartSeries","14"
"D:\OneDrive\VS\Projects\DocxDocument\DocumentModel.InOpenXml\Drawings.Charts\Specific chart types\Bubble charts\BubbleChartSeries.cs","ChartShapeProperties","35"
"D:\OneDrive\VS\Projects\DocxDocument\DocumentModel.InOpenXml\Drawings.Charts\Specific chart types\Bubble charts\BubbleChartSeries.cs","Index","14"
"D:\OneDrive\VS\Projects\DocxDocument\DocumentModel.InOpenXml\Drawings.Charts\Specific chart types\Bubble charts\BubbleChartSeries.cs","InvertIfNegative","49"
"D:\OneDrive\VS\Projects\DocxDocument\DocumentModel.InOpenXml\Drawings.Charts\Specific chart types\Bubble charts\BubbleChartSeries.cs","Order","21"
"D:\OneDrive\VS\Projects\DocxDocument\DocumentModel.InOpenXml\Drawings.Charts\Specific chart types\Bubble charts\BubbleChartSeries.cs","PictureOptions","42"
"D:\OneDrive\VS\Projects\DocxDocument\DocumentModel.InOpenXml\Drawings.Charts\Specific chart types\Bubble charts\BubbleChartSeries.cs","SeriesText","28"
"D:\OneDrive\VS\Projects\DocxDocument\DocumentModel.InOpenXml\Drawings.Charts\Specific chart types\Line charts\LineChart.cs","Grouping","14"
"D:\OneDrive\VS\Projects\DocxDocument\DocumentModel.InOpenXml\Drawings.Charts\Specific chart types\Line charts\LineChart.cs","VaryColors","21"
"D:\OneDrive\VS\Projects\DocxDocument\DocumentModel.InOpenXml\Drawings.Charts\Specific chart types\Line charts\LineChartSeries.cs","ChartShapeProperties","35"
"D:\OneDrive\VS\Projects\DocxDocument\DocumentModel.InOpenXml\Drawings.Charts\Specific chart types\Line charts\LineChartSeries.cs","Index","14"
"D:\OneDrive\VS\Projects\DocxDocument\DocumentModel.InOpenXml\Drawings.Charts\Specific chart types\Line charts\LineChartSeries.cs","Marker","42"
"D:\OneDrive\VS\Projects\DocxDocument\DocumentModel.InOpenXml\Drawings.Charts\Specific chart types\Line charts\LineChartSeries.cs","Order","21"
"D:\OneDrive\VS\Projects\DocxDocument\DocumentModel.InOpenXml\Drawings.Charts\Specific chart types\Line charts\LineChartSeries.cs","PictureOptions","49"
"D:\OneDrive\VS\Projects\DocxDocument\DocumentModel.InOpenXml\Drawings.Charts\Specific chart types\Line charts\LineChartSeries.cs","SeriesText","28"
"D:\OneDrive\VS\Projects\DocxDocument\DocumentModel.InOpenXml\Drawings.Charts\Specific chart types\Pie charts\DoughnutChart.cs","VaryColors","14"
"D:\OneDrive\VS\Projects\DocxDocument\DocumentModel.InOpenXml\Drawings.Charts\Specific chart types\Pie charts\OfPieChart.cs","OfPieType","14"
"D:\OneDrive\VS\Projects\DocxDocument\DocumentModel.InOpenXml\Drawings.Charts\Specific chart types\Pie charts\OfPieChart.cs","VaryColors","21"
"D:\OneDrive\VS\Projects\DocxDocument\DocumentModel.InOpenXml\Drawings.Charts\Specific chart types\Pie charts\Pie3DChart.cs","VaryColors","14"
"D:\OneDrive\VS\Projects\DocxDocument\DocumentModel.InOpenXml\Drawings.Charts\Specific chart types\Pie charts\PieChart.cs","VaryColors","14"
"D:\OneDrive\VS\Projects\DocxDocument\DocumentModel.InOpenXml\Drawings.Charts\Specific chart types\Pie charts\PieChartSeries.cs","ChartShapeProperties","35"
"D:\OneDrive\VS\Projects\DocxDocument\DocumentModel.InOpenXml\Drawings.Charts\Specific chart types\Pie charts\PieChartSeries.cs","Explosion","49"
"D:\OneDrive\VS\Projects\DocxDocument\DocumentModel.InOpenXml\Drawings.Charts\Specific chart types\Pie charts\PieChartSeries.cs","Index","14"
"D:\OneDrive\VS\Projects\DocxDocument\DocumentModel.InOpenXml\Drawings.Charts\Specific chart types\Pie charts\PieChartSeries.cs","Order","21"
"D:\OneDrive\VS\Projects\DocxDocument\DocumentModel.InOpenXml\Drawings.Charts\Specific chart types\Pie charts\PieChartSeries.cs","PictureOptions","42"
"D:\OneDrive\VS\Projects\DocxDocument\DocumentModel.InOpenXml\Drawings.Charts\Specific chart types\Pie charts\PieChartSeries.cs","SeriesText","28"
"D:\OneDrive\VS\Projects\DocxDocument\DocumentModel.InOpenXml\Drawings.Charts\Specific chart types\Radar charts\RadarChart.cs","RadarStyle","14"
"D:\OneDrive\VS\Projects\DocxDocument\DocumentModel.InOpenXml\Drawings.Charts\Specific chart types\Radar charts\RadarChart.cs","VaryColors","21"
"D:\OneDrive\VS\Projects\DocxDocument\DocumentModel.InOpenXml\Drawings.Charts\Specific chart types\Radar charts\RadarChartSeries.cs","ChartShapeProperties","35"
"D:\OneDrive\VS\Projects\DocxDocument\DocumentModel.InOpenXml\Drawings.Charts\Specific chart types\Radar charts\RadarChartSeries.cs","Index","14"
"D:\OneDrive\VS\Projects\DocxDocument\DocumentModel.InOpenXml\Drawings.Charts\Specific chart types\Radar charts\RadarChartSeries.cs","Marker","49"
"D:\OneDrive\VS\Projects\DocxDocument\DocumentModel.InOpenXml\Drawings.Charts\Specific chart types\Radar charts\RadarChartSeries.cs","Order","21"
"D:\OneDrive\VS\Projects\DocxDocument\DocumentModel.InOpenXml\Drawings.Charts\Specific chart types\Radar charts\RadarChartSeries.cs","PictureOptions","42"
"D:\OneDrive\VS\Projects\DocxDocument\DocumentModel.InOpenXml\Drawings.Charts\Specific chart types\Radar charts\RadarChartSeries.cs","SeriesText","28"
"D:\OneDrive\VS\Projects\DocxDocument\DocumentModel.InOpenXml\Drawings.Charts\Specific chart types\Scatter charts\ScatterChart.cs","ScatterStyle","14"
"D:\OneDrive\VS\Projects\DocxDocument\DocumentModel.InOpenXml\Drawings.Charts\Specific chart types\Scatter charts\ScatterChart.cs","VaryColors","21"
"D:\OneDrive\VS\Projects\DocxDocument\DocumentModel.InOpenXml\Drawings.Charts\Specific chart types\Scatter charts\ScatterChartSeries.cs","ChartShapeProperties","35"
"D:\OneDrive\VS\Projects\DocxDocument\DocumentModel.InOpenXml\Drawings.Charts\Specific chart types\Scatter charts\ScatterChartSeries.cs","Index","14"
"D:\OneDrive\VS\Projects\DocxDocument\DocumentModel.InOpenXml\Drawings.Charts\Specific chart types\Scatter charts\ScatterChartSeries.cs","Marker","42"
"D:\OneDrive\VS\Projects\DocxDocument\DocumentModel.InOpenXml\Drawings.Charts\Specific chart types\Scatter charts\ScatterChartSeries.cs","Order","21"
"D:\OneDrive\VS\Projects\DocxDocument\DocumentModel.InOpenXml\Drawings.Charts\Specific chart types\Scatter charts\ScatterChartSeries.cs","SeriesText","28"
"D:\OneDrive\VS\Projects\DocxDocument\DocumentModel.InOpenXml\Drawings.Charts\Specific chart types\Surface charts\Surface3DChart.cs","VaryColors","21"
"D:\OneDrive\VS\Projects\DocxDocument\DocumentModel.InOpenXml\Drawings.Charts\Specific chart types\Surface charts\Surface3DChart.cs","Wireframe","14"
"D:\OneDrive\VS\Projects\DocxDocument\DocumentModel.InOpenXml\Drawings.Charts\Specific chart types\Surface charts\SurfaceChart.cs","Wireframe","14"
"D:\OneDrive\VS\Projects\DocxDocument\DocumentModel.InOpenXml\Drawings.Charts\Specific chart types\Surface charts\SurfaceChartSeries.cs","Bubble3D","63"
"D:\OneDrive\VS\Projects\DocxDocument\DocumentModel.InOpenXml\Drawings.Charts\Specific chart types\Surface charts\SurfaceChartSeries.cs","CategoryAxisData","49"
"D:\OneDrive\VS\Projects\DocxDocument\DocumentModel.InOpenXml\Drawings.Charts\Specific chart types\Surface charts\SurfaceChartSeries.cs","ChartShapeProperties","35"
"D:\OneDrive\VS\Projects\DocxDocument\DocumentModel.InOpenXml\Drawings.Charts\Specific chart types\Surface charts\SurfaceChartSeries.cs","Index","14"
"D:\OneDrive\VS\Projects\DocxDocument\DocumentModel.InOpenXml\Drawings.Charts\Specific chart types\Surface charts\SurfaceChartSeries.cs","Order","21"
"D:\OneDrive\VS\Projects\DocxDocument\DocumentModel.InOpenXml\Drawings.Charts\Specific chart types\Surface charts\SurfaceChartSeries.cs","PictureOptions","42"
"D:\OneDrive\VS\Projects\DocxDocument\DocumentModel.InOpenXml\Drawings.Charts\Specific chart types\Surface charts\SurfaceChartSeries.cs","SeriesText","28"
"D:\OneDrive\VS\Projects\DocxDocument\DocumentModel.InOpenXml\Drawings.Charts\Specific chart types\Surface charts\SurfaceChartSeries.cs","SurfaceSerExtensionList","70"
"D:\OneDrive\VS\Projects\DocxDocument\DocumentModel.InOpenXml\Drawings.Charts\Specific chart types\Surface charts\SurfaceChartSeries.cs","Values","56"
"D:\OneDrive\VS\Projects\DocxDocument\DocumentModel.InOpenXml\Drawings.ChartsStyle\Common\StyleColor.cs","Val","14"
"D:\OneDrive\VS\Projects\DocxDocument\DocumentModel.InOpenXml\Drawings.ChartsStyle\Common\TextBodyProperties.cs","Anchor","112"
"D:\OneDrive\VS\Projects\DocxDocument\DocumentModel.InOpenXml\Drawings.ChartsStyle\Common\TextBodyProperties.cs","AnchorCenter","119"
"D:\OneDrive\VS\Projects\DocxDocument\DocumentModel.InOpenXml\Drawings.ChartsStyle\Common\TextBodyProperties.cs","BottomInset","77"
"D:\OneDrive\VS\Projects\DocxDocument\DocumentModel.InOpenXml\Drawings.ChartsStyle\Common\TextBodyProperties.cs","ColumnCount","84"
"D:\OneDrive\VS\Projects\DocxDocument\DocumentModel.InOpenXml\Drawings.ChartsStyle\Common\TextBodyProperties.cs","ColumnSpacing","91"
"D:\OneDrive\VS\Projects\DocxDocument\DocumentModel.InOpenXml\Drawings.ChartsStyle\Common\TextBodyProperties.cs","CompatibleLineSpacing","140"
"D:\OneDrive\VS\Projects\DocxDocument\DocumentModel.InOpenXml\Drawings.ChartsStyle\Common\TextBodyProperties.cs","ForceAntiAlias","126"
"D:\OneDrive\VS\Projects\DocxDocument\DocumentModel.InOpenXml\Drawings.ChartsStyle\Common\TextBodyProperties.cs","FromWordArt","105"
"D:\OneDrive\VS\Projects\DocxDocument\DocumentModel.InOpenXml\Drawings.ChartsStyle\Common\TextBodyProperties.cs","HorizontalOverflow","35"
"D:\OneDrive\VS\Projects\DocxDocument\DocumentModel.InOpenXml\Drawings.ChartsStyle\Common\TextBodyProperties.cs","LeftInset","56"
"D:\OneDrive\VS\Projects\DocxDocument\DocumentModel.InOpenXml\Drawings.ChartsStyle\Common\TextBodyProperties.cs","RightInset","70"
"D:\OneDrive\VS\Projects\DocxDocument\DocumentModel.InOpenXml\Drawings.ChartsStyle\Common\TextBodyProperties.cs","RightToLeftColumns","98"
"D:\OneDrive\VS\Projects\DocxDocument\DocumentModel.InOpenXml\Drawings.ChartsStyle\Common\TextBodyProperties.cs","Rotation","14"
"D:\OneDrive\VS\Projects\DocxDocument\DocumentModel.InOpenXml\Drawings.ChartsStyle\Common\TextBodyProperties.cs","TopInset","63"
"D:\OneDrive\VS\Projects\DocxDocument\DocumentModel.InOpenXml\Drawings.ChartsStyle\Common\TextBodyProperties.cs","UpRight","133"
"D:\OneDrive\VS\Projects\DocxDocument\DocumentModel.InOpenXml\Drawings.ChartsStyle\Common\TextBodyProperties.cs","UseParagraphSpacing","21"
"D:\OneDrive\VS\Projects\DocxDocument\DocumentModel.InOpenXml\Drawings.ChartsStyle\Common\TextBodyProperties.cs","Vertical","42"
"D:\OneDrive\VS\Projects\DocxDocument\DocumentModel.InOpenXml\Drawings.ChartsStyle\Common\TextBodyProperties.cs","VerticalOverflow","28"
"D:\OneDrive\VS\Projects\DocxDocument\DocumentModel.InOpenXml\Drawings.ChartsStyle\Common\TextBodyProperties.cs","Wrap","49"
"D:\OneDrive\VS\Projects\DocxDocument\DocumentModel.InOpenXml\Drawings.ChartsStyle\Common\TextCharacterPropertiesType.cs","AlternativeLanguage","42"
"D:\OneDrive\VS\Projects\DocxDocument\DocumentModel.InOpenXml\Drawings.ChartsStyle\Common\TextCharacterPropertiesType.cs","Baseline","112"
"D:\OneDrive\VS\Projects\DocxDocument\DocumentModel.InOpenXml\Drawings.ChartsStyle\Common\TextCharacterPropertiesType.cs","Bold","56"
"D:\OneDrive\VS\Projects\DocxDocument\DocumentModel.InOpenXml\Drawings.ChartsStyle\Common\TextCharacterPropertiesType.cs","Bookmark","154"
"D:\OneDrive\VS\Projects\DocxDocument\DocumentModel.InOpenXml\Drawings.ChartsStyle\Common\TextCharacterPropertiesType.cs","Capital","91"
"D:\OneDrive\VS\Projects\DocxDocument\DocumentModel.InOpenXml\Drawings.ChartsStyle\Common\TextCharacterPropertiesType.cs","Dirty","126"
"D:\OneDrive\VS\Projects\DocxDocument\DocumentModel.InOpenXml\Drawings.ChartsStyle\Common\TextCharacterPropertiesType.cs","FontSize","49"
"D:\OneDrive\VS\Projects\DocxDocument\DocumentModel.InOpenXml\Drawings.ChartsStyle\Common\TextCharacterPropertiesType.cs","Italic","63"
"D:\OneDrive\VS\Projects\DocxDocument\DocumentModel.InOpenXml\Drawings.ChartsStyle\Common\TextCharacterPropertiesType.cs","Kerning","84"
"D:\OneDrive\VS\Projects\DocxDocument\DocumentModel.InOpenXml\Drawings.ChartsStyle\Common\TextCharacterPropertiesType.cs","Kumimoji","28"
"D:\OneDrive\VS\Projects\DocxDocument\DocumentModel.InOpenXml\Drawings.ChartsStyle\Common\TextCharacterPropertiesType.cs","Language","35"
"D:\OneDrive\VS\Projects\DocxDocument\DocumentModel.InOpenXml\Drawings.ChartsStyle\Common\TextCharacterPropertiesType.cs","NoProof","119"
"D:\OneDrive\VS\Projects\DocxDocument\DocumentModel.InOpenXml\Drawings.ChartsStyle\Common\TextCharacterPropertiesType.cs","NormalizeHeight","105"
"D:\OneDrive\VS\Projects\DocxDocument\DocumentModel.InOpenXml\Drawings.ChartsStyle\Common\TextCharacterPropertiesType.cs","Outline","161"
"D:\OneDrive\VS\Projects\DocxDocument\DocumentModel.InOpenXml\Drawings.ChartsStyle\Common\TextCharacterPropertiesType.cs","SmartTagClean","140"
"D:\OneDrive\VS\Projects\DocxDocument\DocumentModel.InOpenXml\Drawings.ChartsStyle\Common\TextCharacterPropertiesType.cs","SmartTagId","147"
"D:\OneDrive\VS\Projects\DocxDocument\DocumentModel.InOpenXml\Drawings.ChartsStyle\Common\TextCharacterPropertiesType.cs","Spacing","98"
"D:\OneDrive\VS\Projects\DocxDocument\DocumentModel.InOpenXml\Drawings.ChartsStyle\Common\TextCharacterPropertiesType.cs","SpellingError","133"
"D:\OneDrive\VS\Projects\DocxDocument\DocumentModel.InOpenXml\Drawings.ChartsStyle\Common\TextCharacterPropertiesType.cs","Strike","77"
"D:\OneDrive\VS\Projects\DocxDocument\DocumentModel.InOpenXml\Drawings.ChartsStyle\Common\TextCharacterPropertiesType.cs","Underline","70"
"D:\OneDrive\VS\Projects\DocxDocument\DocumentModel.InOpenXml\Drawings.Diagrams\Adjust.cs","Index","14"
"D:\OneDrive\VS\Projects\DocxDocument\DocumentModel.InOpenXml\Drawings.Diagrams\Adjust.cs","Val","21"
"D:\OneDrive\VS\Projects\DocxDocument\DocumentModel.InOpenXml\Drawings.Diagrams\Algorithm.cs","Revision","21"
"D:\OneDrive\VS\Projects\DocxDocument\DocumentModel.InOpenXml\Drawings.Diagrams\Algorithm.cs","Type","14"
"D:\OneDrive\VS\Projects\DocxDocument\DocumentModel.InOpenXml\Drawings.Diagrams\BuildDiagram.cs","Build","14"
"D:\OneDrive\VS\Projects\DocxDocument\DocumentModel.InOpenXml\Drawings.Diagrams\BuildDiagram.cs","ReverseAnimation","21"
"D:\OneDrive\VS\Projects\DocxDocument\DocumentModel.InOpenXml\Drawings.Diagrams\Category.cs","Priority","21"
"D:\OneDrive\VS\Projects\DocxDocument\DocumentModel.InOpenXml\Drawings.Diagrams\Category.cs","Type","14"
"D:\OneDrive\VS\Projects\DocxDocument\DocumentModel.InOpenXml\Drawings.Diagrams\Choose.cs","Name","14"
"D:\OneDrive\VS\Projects\DocxDocument\DocumentModel.InOpenXml\Drawings.Diagrams\ColorDefinition.cs","MinVersion","21"
"D:\OneDrive\VS\Projects\DocxDocument\DocumentModel.InOpenXml\Drawings.Diagrams\ColorDefinition.cs","UniqueId","14"
"D:\OneDrive\VS\Projects\DocxDocument\DocumentModel.InOpenXml\Drawings.Diagrams\ColorDefinitionTitle.cs","Language","14"
"D:\OneDrive\VS\Projects\DocxDocument\DocumentModel.InOpenXml\Drawings.Diagrams\ColorDefinitionTitle.cs","Val","21"
"D:\OneDrive\VS\Projects\DocxDocument\DocumentModel.InOpenXml\Drawings.Diagrams\ColorTransformCategory.cs","Priority","21"
"D:\OneDrive\VS\Projects\DocxDocument\DocumentModel.InOpenXml\Drawings.Diagrams\ColorTransformCategory.cs","Type","14"
"D:\OneDrive\VS\Projects\DocxDocument\DocumentModel.InOpenXml\Drawings.Diagrams\ColorTransformDescription.cs","Language","14"
"D:\OneDrive\VS\Projects\DocxDocument\DocumentModel.InOpenXml\Drawings.Diagrams\ColorTransformDescription.cs","Val","21"
"D:\OneDrive\VS\Projects\DocxDocument\DocumentModel.InOpenXml\Drawings.Diagrams\ColorTransformStyleLabel.cs","EffectColorList","35"
"D:\OneDrive\VS\Projects\DocxDocument\DocumentModel.InOpenXml\Drawings.Diagrams\ColorTransformStyleLabel.cs","ExtensionList","63"
"D:\OneDrive\VS\Projects\DocxDocument\DocumentModel.InOpenXml\Drawings.Diagrams\ColorTransformStyleLabel.cs","FillColorList","21"
"D:\OneDrive\VS\Projects\DocxDocument\DocumentModel.InOpenXml\Drawings.Diagrams\ColorTransformStyleLabel.cs","LineColorList","28"
"D:\OneDrive\VS\Projects\DocxDocument\DocumentModel.InOpenXml\Drawings.Diagrams\ColorTransformStyleLabel.cs","Name","14"
"D:\OneDrive\VS\Projects\DocxDocument\DocumentModel.InOpenXml\Drawings.Diagrams\ColorTransformStyleLabel.cs","TextEffectColorList","56"
"D:\OneDrive\VS\Projects\DocxDocument\DocumentModel.InOpenXml\Drawings.Diagrams\ColorTransformStyleLabel.cs","TextFillColorList","49"
"D:\OneDrive\VS\Projects\DocxDocument\DocumentModel.InOpenXml\Drawings.Diagrams\ColorTransformStyleLabel.cs","TextLineColorList","42"
"D:\OneDrive\VS\Projects\DocxDocument\DocumentModel.InOpenXml\Drawings.Diagrams\ColorType.cs","HueDirection","21"
"D:\OneDrive\VS\Projects\DocxDocument\DocumentModel.InOpenXml\Drawings.Diagrams\ColorType.cs","Method","14"
"D:\OneDrive\VS\Projects\DocxDocument\DocumentModel.InOpenXml\Drawings.Diagrams\Connection.cs","DestinationId","35"
"D:\OneDrive\VS\Projects\DocxDocument\DocumentModel.InOpenXml\Drawings.Diagrams\Connection.cs","DestinationPosition","49"
"D:\OneDrive\VS\Projects\DocxDocument\DocumentModel.InOpenXml\Drawings.Diagrams\Connection.cs","ExtensionList","77"
"D:\OneDrive\VS\Projects\DocxDocument\DocumentModel.InOpenXml\Drawings.Diagrams\Connection.cs","ModelId","14"
"D:\OneDrive\VS\Projects\DocxDocument\DocumentModel.InOpenXml\Drawings.Diagrams\Connection.cs","ParentTransitionId","56"
"D:\OneDrive\VS\Projects\DocxDocument\DocumentModel.InOpenXml\Drawings.Diagrams\Connection.cs","PresentationId","70"
"D:\OneDrive\VS\Projects\DocxDocument\DocumentModel.InOpenXml\Drawings.Diagrams\Connection.cs","SiblingTransitionId","63"
"D:\OneDrive\VS\Projects\DocxDocument\DocumentModel.InOpenXml\Drawings.Diagrams\Connection.cs","SourceId","28"
"D:\OneDrive\VS\Projects\DocxDocument\DocumentModel.InOpenXml\Drawings.Diagrams\Connection.cs","SourcePosition","42"
"D:\OneDrive\VS\Projects\DocxDocument\DocumentModel.InOpenXml\Drawings.Diagrams\Connection.cs","Type","21"
"D:\OneDrive\VS\Projects\DocxDocument\DocumentModel.InOpenXml\Drawings.Diagrams\Constraint.cs","ExtensionList","91"
"D:\OneDrive\VS\Projects\DocxDocument\DocumentModel.InOpenXml\Drawings.Diagrams\Constraint.cs","Fact","84"
"D:\OneDrive\VS\Projects\DocxDocument\DocumentModel.InOpenXml\Drawings.Diagrams\Constraint.cs","For","21"
"D:\OneDrive\VS\Projects\DocxDocument\DocumentModel.InOpenXml\Drawings.Diagrams\Constraint.cs","ForName","28"
"D:\OneDrive\VS\Projects\DocxDocument\DocumentModel.InOpenXml\Drawings.Diagrams\Constraint.cs","Operator","70"
"D:\OneDrive\VS\Projects\DocxDocument\DocumentModel.InOpenXml\Drawings.Diagrams\Constraint.cs","PointType","35"
"D:\OneDrive\VS\Projects\DocxDocument\DocumentModel.InOpenXml\Drawings.Diagrams\Constraint.cs","ReferenceFor","49"
"D:\OneDrive\VS\Projects\DocxDocument\DocumentModel.InOpenXml\Drawings.Diagrams\Constraint.cs","ReferenceForName","56"
"D:\OneDrive\VS\Projects\DocxDocument\DocumentModel.InOpenXml\Drawings.Diagrams\Constraint.cs","ReferencePointType","63"
"D:\OneDrive\VS\Projects\DocxDocument\DocumentModel.InOpenXml\Drawings.Diagrams\Constraint.cs","ReferenceType","42"
"D:\OneDrive\VS\Projects\DocxDocument\DocumentModel.InOpenXml\Drawings.Diagrams\Constraint.cs","Type","14"
"D:\OneDrive\VS\Projects\DocxDocument\DocumentModel.InOpenXml\Drawings.Diagrams\Constraint.cs","Val","77"
"D:\OneDrive\VS\Projects\DocxDocument\DocumentModel.InOpenXml\Drawings.Diagrams\DataModel.cs","Background","28"
"D:\OneDrive\VS\Projects\DocxDocument\DocumentModel.InOpenXml\Drawings.Diagrams\DataModel.cs","ConnectionList","21"
"D:\OneDrive\VS\Projects\DocxDocument\DocumentModel.InOpenXml\Drawings.Diagrams\DataModel.cs","DataModelExtensionList","42"
"D:\OneDrive\VS\Projects\DocxDocument\DocumentModel.InOpenXml\Drawings.Diagrams\DataModel.cs","PointList","14"
"D:\OneDrive\VS\Projects\DocxDocument\DocumentModel.InOpenXml\Drawings.Diagrams\DataModel.cs","Whole","35"
"D:\OneDrive\VS\Projects\DocxDocument\DocumentModel.InOpenXml\Drawings.Diagrams\DataModelRoot.cs","Background","28"
"D:\OneDrive\VS\Projects\DocxDocument\DocumentModel.InOpenXml\Drawings.Diagrams\DataModelRoot.cs","ConnectionList","21"
"D:\OneDrive\VS\Projects\DocxDocument\DocumentModel.InOpenXml\Drawings.Diagrams\DataModelRoot.cs","DataModelExtensionList","42"
"D:\OneDrive\VS\Projects\DocxDocument\DocumentModel.InOpenXml\Drawings.Diagrams\DataModelRoot.cs","PointList","14"
"D:\OneDrive\VS\Projects\DocxDocument\DocumentModel.InOpenXml\Drawings.Diagrams\DataModelRoot.cs","Whole","35"
"D:\OneDrive\VS\Projects\DocxDocument\DocumentModel.InOpenXml\Drawings.Diagrams\Description.cs","Language","14"
"D:\OneDrive\VS\Projects\DocxDocument\DocumentModel.InOpenXml\Drawings.Diagrams\Description.cs","Val","21"
"D:\OneDrive\VS\Projects\DocxDocument\DocumentModel.InOpenXml\Drawings.Diagrams\Diagram.cs","BuildStep","21"
"D:\OneDrive\VS\Projects\DocxDocument\DocumentModel.InOpenXml\Drawings.Diagrams\Diagram.cs","Id","14"
"D:\OneDrive\VS\Projects\DocxDocument\DocumentModel.InOpenXml\Drawings.Diagrams\DiagramAutoBullet.cs","AutoBulletPrefix","14"
"D:\OneDrive\VS\Projects\DocxDocument\DocumentModel.InOpenXml\Drawings.Diagrams\DiagramAutoBullet.cs","AutoNumberedBullet","35"
"D:\OneDrive\VS\Projects\DocxDocument\DocumentModel.InOpenXml\Drawings.Diagrams\DiagramAutoBullet.cs","CharacterBullet","42"
"D:\OneDrive\VS\Projects\DocxDocument\DocumentModel.InOpenXml\Drawings.Diagrams\DiagramAutoBullet.cs","LeadZeros","21"
"D:\OneDrive\VS\Projects\DocxDocument\DocumentModel.InOpenXml\Drawings.Diagrams\DiagramAutoBullet.cs","NoBullet","28"
"D:\OneDrive\VS\Projects\DocxDocument\DocumentModel.InOpenXml\Drawings.Diagrams\DiagramAutoBullet.cs","PictureBullet","49"
"D:\OneDrive\VS\Projects\DocxDocument\DocumentModel.InOpenXml\Drawings.Diagrams\DiagramChooseElse.cs","Name","14"
"D:\OneDrive\VS\Projects\DocxDocument\DocumentModel.InOpenXml\Drawings.Diagrams\DiagramChooseIf.cs","Argument","70"
"D:\OneDrive\VS\Projects\DocxDocument\DocumentModel.InOpenXml\Drawings.Diagrams\DiagramChooseIf.cs","Function","63"
"D:\OneDrive\VS\Projects\DocxDocument\DocumentModel.InOpenXml\Drawings.Diagrams\DiagramChooseIf.cs","Name","14"
"D:\OneDrive\VS\Projects\DocxDocument\DocumentModel.InOpenXml\Drawings.Diagrams\DiagramChooseIf.cs","Operator","77"
"D:\OneDrive\VS\Projects\DocxDocument\DocumentModel.InOpenXml\Drawings.Diagrams\DiagramChooseIf.cs","Val","84"
"D:\OneDrive\VS\Projects\DocxDocument\DocumentModel.InOpenXml\Drawings.Diagrams\ForEach.cs","Name","14"
"D:\OneDrive\VS\Projects\DocxDocument\DocumentModel.InOpenXml\Drawings.Diagrams\ForEach.cs","Reference","21"
"D:\OneDrive\VS\Projects\DocxDocument\DocumentModel.InOpenXml\Drawings.Diagrams\LayoutDefinition.cs","DefaultStyle","28"
"D:\OneDrive\VS\Projects\DocxDocument\DocumentModel.InOpenXml\Drawings.Diagrams\LayoutDefinition.cs","MinVersion","21"
"D:\OneDrive\VS\Projects\DocxDocument\DocumentModel.InOpenXml\Drawings.Diagrams\LayoutDefinition.cs","UniqueId","14"
"D:\OneDrive\VS\Projects\DocxDocument\DocumentModel.InOpenXml\Drawings.Diagrams\LayoutNode.cs","ChildOrder","28"
"D:\OneDrive\VS\Projects\DocxDocument\DocumentModel.InOpenXml\Drawings.Diagrams\LayoutNode.cs","MoveWith","35"
"D:\OneDrive\VS\Projects\DocxDocument\DocumentModel.InOpenXml\Drawings.Diagrams\LayoutNode.cs","Name","14"
"D:\OneDrive\VS\Projects\DocxDocument\DocumentModel.InOpenXml\Drawings.Diagrams\LayoutNode.cs","StyleLabel","21"
"D:\OneDrive\VS\Projects\DocxDocument\DocumentModel.InOpenXml\Drawings.Diagrams\LayoutVariablePropertySetType.cs","AnimateOneByOne","56"
"D:\OneDrive\VS\Projects\DocxDocument\DocumentModel.InOpenXml\Drawings.Diagrams\LayoutVariablePropertySetType.cs","AnimationLevel","63"
"D:\OneDrive\VS\Projects\DocxDocument\DocumentModel.InOpenXml\Drawings.Diagrams\LayoutVariablePropertySetType.cs","BulletEnabled","35"
"D:\OneDrive\VS\Projects\DocxDocument\DocumentModel.InOpenXml\Drawings.Diagrams\LayoutVariablePropertySetType.cs","Direction","42"
"D:\OneDrive\VS\Projects\DocxDocument\DocumentModel.InOpenXml\Drawings.Diagrams\LayoutVariablePropertySetType.cs","HierarchyBranch","49"
"D:\OneDrive\VS\Projects\DocxDocument\DocumentModel.InOpenXml\Drawings.Diagrams\LayoutVariablePropertySetType.cs","MaxNumberOfChildren","21"
"D:\OneDrive\VS\Projects\DocxDocument\DocumentModel.InOpenXml\Drawings.Diagrams\LayoutVariablePropertySetType.cs","OrganizationChart","14"
"D:\OneDrive\VS\Projects\DocxDocument\DocumentModel.InOpenXml\Drawings.Diagrams\LayoutVariablePropertySetType.cs","PreferredNumberOfChildren","28"
"D:\OneDrive\VS\Projects\DocxDocument\DocumentModel.InOpenXml\Drawings.Diagrams\LayoutVariablePropertySetType.cs","ResizeHandles","70"
"D:\OneDrive\VS\Projects\DocxDocument\DocumentModel.InOpenXml\Drawings.Diagrams\NonVisualDrawingProperties.cs","Description","28"
"D:\OneDrive\VS\Projects\DocxDocument\DocumentModel.InOpenXml\Drawings.Diagrams\NonVisualDrawingProperties.cs","Hidden","35"
"D:\OneDrive\VS\Projects\DocxDocument\DocumentModel.InOpenXml\Drawings.Diagrams\NonVisualDrawingProperties.cs","HyperlinkOnClick","49"
"D:\OneDrive\VS\Projects\DocxDocument\DocumentModel.InOpenXml\Drawings.Diagrams\NonVisualDrawingProperties.cs","HyperlinkOnHover","56"
"D:\OneDrive\VS\Projects\DocxDocument\DocumentModel.InOpenXml\Drawings.Diagrams\NonVisualDrawingProperties.cs","Id","14"
"D:\OneDrive\VS\Projects\DocxDocument\DocumentModel.InOpenXml\Drawings.Diagrams\NonVisualDrawingProperties.cs","Name","21"
"D:\OneDrive\VS\Projects\DocxDocument\DocumentModel.InOpenXml\Drawings.Diagrams\NonVisualDrawingProperties.cs","NonVisualDrawingPropertiesExtensionList","63"
"D:\OneDrive\VS\Projects\DocxDocument\DocumentModel.InOpenXml\Drawings.Diagrams\NonVisualDrawingProperties.cs","Title","42"
"D:\OneDrive\VS\Projects\DocxDocument\DocumentModel.InOpenXml\Drawings.Diagrams\NumberDiagramInfo.cs","DiagramAutoBullet","30"
"D:\OneDrive\VS\Projects\DocxDocument\DocumentModel.InOpenXml\Drawings.Diagrams\NumberDiagramInfo.cs","Lvl","16"
"D:\OneDrive\VS\Projects\DocxDocument\DocumentModel.InOpenXml\Drawings.Diagrams\NumberDiagramInfo.cs","PtType","23"
"D:\OneDrive\VS\Projects\DocxDocument\DocumentModel.InOpenXml\Drawings.Diagrams\Parameter.cs","Type","14"
"D:\OneDrive\VS\Projects\DocxDocument\DocumentModel.InOpenXml\Drawings.Diagrams\Parameter.cs","Val","21"
"D:\OneDrive\VS\Projects\DocxDocument\DocumentModel.InOpenXml\Drawings.Diagrams\PictureBullet.cs","Blip","14"
"D:\OneDrive\VS\Projects\DocxDocument\DocumentModel.InOpenXml\Drawings.Diagrams\Point.cs","ConnectionId","28"
"D:\OneDrive\VS\Projects\DocxDocument\DocumentModel.InOpenXml\Drawings.Diagrams\Point.cs","ModelId","14"
"D:\OneDrive\VS\Projects\DocxDocument\DocumentModel.InOpenXml\Drawings.Diagrams\Point.cs","PropertySet","35"
"D:\OneDrive\VS\Projects\DocxDocument\DocumentModel.InOpenXml\Drawings.Diagrams\Point.cs","PtExtensionList","56"
"D:\OneDrive\VS\Projects\DocxDocument\DocumentModel.InOpenXml\Drawings.Diagrams\Point.cs","ShapeProperties","42"
"D:\OneDrive\VS\Projects\DocxDocument\DocumentModel.InOpenXml\Drawings.Diagrams\Point.cs","TextBody","49"
"D:\OneDrive\VS\Projects\DocxDocument\DocumentModel.InOpenXml\Drawings.Diagrams\Point.cs","Type","21"
"D:\OneDrive\VS\Projects\DocxDocument\DocumentModel.InOpenXml\Drawings.Diagrams\PresentationOf.cs","ExtensionList","56"
"D:\OneDrive\VS\Projects\DocxDocument\DocumentModel.InOpenXml\Drawings.Diagrams\PropertySet.cs","Coherent3D","91"
"D:\OneDrive\VS\Projects\DocxDocument\DocumentModel.InOpenXml\Drawings.Diagrams\PropertySet.cs","ColorCategoryId","84"
"D:\OneDrive\VS\Projects\DocxDocument\DocumentModel.InOpenXml\Drawings.Diagrams\PropertySet.cs","ColorType","77"
"D:\OneDrive\VS\Projects\DocxDocument\DocumentModel.InOpenXml\Drawings.Diagrams\PropertySet.cs","FactorHeight","175"
"D:\OneDrive\VS\Projects\DocxDocument\DocumentModel.InOpenXml\Drawings.Diagrams\PropertySet.cs","FactorWidth","168"
"D:\OneDrive\VS\Projects\DocxDocument\DocumentModel.InOpenXml\Drawings.Diagrams\PropertySet.cs","FixedHeightOverride","140"
"D:\OneDrive\VS\Projects\DocxDocument\DocumentModel.InOpenXml\Drawings.Diagrams\PropertySet.cs","FixedWidthOverride","133"
"D:\OneDrive\VS\Projects\DocxDocument\DocumentModel.InOpenXml\Drawings.Diagrams\PropertySet.cs","HorizontalFlip","126"
"D:\OneDrive\VS\Projects\DocxDocument\DocumentModel.InOpenXml\Drawings.Diagrams\PropertySet.cs","IncludeAngleScale","203"
"D:\OneDrive\VS\Projects\DocxDocument\DocumentModel.InOpenXml\Drawings.Diagrams\PropertySet.cs","LayoutCategoryId","56"
"D:\OneDrive\VS\Projects\DocxDocument\DocumentModel.InOpenXml\Drawings.Diagrams\PropertySet.cs","LayoutTypeId","49"
"D:\OneDrive\VS\Projects\DocxDocument\DocumentModel.InOpenXml\Drawings.Diagrams\PropertySet.cs","NeighborOffsetHeight","189"
"D:\OneDrive\VS\Projects\DocxDocument\DocumentModel.InOpenXml\Drawings.Diagrams\PropertySet.cs","NeighborOffsetWidth","182"
"D:\OneDrive\VS\Projects\DocxDocument\DocumentModel.InOpenXml\Drawings.Diagrams\PropertySet.cs","Placeholder","105"
"D:\OneDrive\VS\Projects\DocxDocument\DocumentModel.InOpenXml\Drawings.Diagrams\PropertySet.cs","PlaceholderText","98"
"D:\OneDrive\VS\Projects\DocxDocument\DocumentModel.InOpenXml\Drawings.Diagrams\PropertySet.cs","PresentationElementId","14"
"D:\OneDrive\VS\Projects\DocxDocument\DocumentModel.InOpenXml\Drawings.Diagrams\PropertySet.cs","PresentationLayoutVariables","210"
"D:\OneDrive\VS\Projects\DocxDocument\DocumentModel.InOpenXml\Drawings.Diagrams\PropertySet.cs","PresentationName","21"
"D:\OneDrive\VS\Projects\DocxDocument\DocumentModel.InOpenXml\Drawings.Diagrams\PropertySet.cs","PresentationStyleCount","42"
"D:\OneDrive\VS\Projects\DocxDocument\DocumentModel.InOpenXml\Drawings.Diagrams\PropertySet.cs","PresentationStyleIndex","35"
"D:\OneDrive\VS\Projects\DocxDocument\DocumentModel.InOpenXml\Drawings.Diagrams\PropertySet.cs","PresentationStyleLabel","28"
"D:\OneDrive\VS\Projects\DocxDocument\DocumentModel.InOpenXml\Drawings.Diagrams\PropertySet.cs","QuickStyleCategoryId","70"
"D:\OneDrive\VS\Projects\DocxDocument\DocumentModel.InOpenXml\Drawings.Diagrams\PropertySet.cs","QuickStyleTypeId","63"
"D:\OneDrive\VS\Projects\DocxDocument\DocumentModel.InOpenXml\Drawings.Diagrams\PropertySet.cs","RadiusScale","196"
"D:\OneDrive\VS\Projects\DocxDocument\DocumentModel.InOpenXml\Drawings.Diagrams\PropertySet.cs","Rotation","112"
"D:\OneDrive\VS\Projects\DocxDocument\DocumentModel.InOpenXml\Drawings.Diagrams\PropertySet.cs","Style","217"
"D:\OneDrive\VS\Projects\DocxDocument\DocumentModel.InOpenXml\Drawings.Diagrams\PropertySet.cs","TextChanged","161"
"D:\OneDrive\VS\Projects\DocxDocument\DocumentModel.InOpenXml\Drawings.Diagrams\PropertySet.cs","VerticalFlip","119"
"D:\OneDrive\VS\Projects\DocxDocument\DocumentModel.InOpenXml\Drawings.Diagrams\PropertySet.cs","WidthScale","147"
"D:\OneDrive\VS\Projects\DocxDocument\DocumentModel.InOpenXml\Drawings.Diagrams\Rule.cs","ExtensionList","63"
"D:\OneDrive\VS\Projects\DocxDocument\DocumentModel.InOpenXml\Drawings.Diagrams\Rule.cs","Fact","49"
"D:\OneDrive\VS\Projects\DocxDocument\DocumentModel.InOpenXml\Drawings.Diagrams\Rule.cs","For","21"
"D:\OneDrive\VS\Projects\DocxDocument\DocumentModel.InOpenXml\Drawings.Diagrams\Rule.cs","ForName","28"
"D:\OneDrive\VS\Projects\DocxDocument\DocumentModel.InOpenXml\Drawings.Diagrams\Rule.cs","Max","56"
"D:\OneDrive\VS\Projects\DocxDocument\DocumentModel.InOpenXml\Drawings.Diagrams\Rule.cs","PointType","35"
"D:\OneDrive\VS\Projects\DocxDocument\DocumentModel.InOpenXml\Drawings.Diagrams\Rule.cs","Type","14"
"D:\OneDrive\VS\Projects\DocxDocument\DocumentModel.InOpenXml\Drawings.Diagrams\Rule.cs","Val","42"
"D:\OneDrive\VS\Projects\DocxDocument\DocumentModel.InOpenXml\Drawings.Diagrams\SampleDataType.cs","DataModel","21"
"D:\OneDrive\VS\Projects\DocxDocument\DocumentModel.InOpenXml\Drawings.Diagrams\SampleDataType.cs","UseDefault","14"
"D:\OneDrive\VS\Projects\DocxDocument\DocumentModel.InOpenXml\Drawings.Diagrams\Shape.cs","AdjustList","63"
"D:\OneDrive\VS\Projects\DocxDocument\DocumentModel.InOpenXml\Drawings.Diagrams\Shape.cs","Blip","28"
"D:\OneDrive\VS\Projects\DocxDocument\DocumentModel.InOpenXml\Drawings.Diagrams\Shape.cs","BlipPlaceholder","56"
"D:\OneDrive\VS\Projects\DocxDocument\DocumentModel.InOpenXml\Drawings.Diagrams\Shape.cs","ExtensionList","70"
"D:\OneDrive\VS\Projects\DocxDocument\DocumentModel.InOpenXml\Drawings.Diagrams\Shape.cs","HideGeometry","42"
"D:\OneDrive\VS\Projects\DocxDocument\DocumentModel.InOpenXml\Drawings.Diagrams\Shape.cs","LockedText","49"
"D:\OneDrive\VS\Projects\DocxDocument\DocumentModel.InOpenXml\Drawings.Diagrams\Shape.cs","Rotation","14"
"D:\OneDrive\VS\Projects\DocxDocument\DocumentModel.InOpenXml\Drawings.Diagrams\Shape.cs","Type","21"
"D:\OneDrive\VS\Projects\DocxDocument\DocumentModel.InOpenXml\Drawings.Diagrams\Shape.cs","ZOrderOffset","35"
"D:\OneDrive\VS\Projects\DocxDocument\DocumentModel.InOpenXml\Drawings.Diagrams\ShapeProperties.cs","BlackWhiteMode","14"
"D:\OneDrive\VS\Projects\DocxDocument\DocumentModel.InOpenXml\Drawings.Diagrams\ShapeProperties.cs","Transform2D","21"
"D:\OneDrive\VS\Projects\DocxDocument\DocumentModel.InOpenXml\Drawings.Diagrams\Style.cs","EffectReference","28"
"D:\OneDrive\VS\Projects\DocxDocument\DocumentModel.InOpenXml\Drawings.Diagrams\Style.cs","FillReference","21"
"D:\OneDrive\VS\Projects\DocxDocument\DocumentModel.InOpenXml\Drawings.Diagrams\Style.cs","FontReference","35"
"D:\OneDrive\VS\Projects\DocxDocument\DocumentModel.InOpenXml\Drawings.Diagrams\Style.cs","LineReference","14"
"D:\OneDrive\VS\Projects\DocxDocument\DocumentModel.InOpenXml\Drawings.Diagrams\StyleDefinition.cs","MinVersion","21"
"D:\OneDrive\VS\Projects\DocxDocument\DocumentModel.InOpenXml\Drawings.Diagrams\StyleDefinition.cs","UniqueId","14"
"D:\OneDrive\VS\Projects\DocxDocument\DocumentModel.InOpenXml\Drawings.Diagrams\StyleDefinitionTitle.cs","Language","14"
"D:\OneDrive\VS\Projects\DocxDocument\DocumentModel.InOpenXml\Drawings.Diagrams\StyleDefinitionTitle.cs","Val","21"
"D:\OneDrive\VS\Projects\DocxDocument\DocumentModel.InOpenXml\Drawings.Diagrams\StyleDisplayCategory.cs","Priority","21"
"D:\OneDrive\VS\Projects\DocxDocument\DocumentModel.InOpenXml\Drawings.Diagrams\StyleDisplayCategory.cs","Type","14"
"D:\OneDrive\VS\Projects\DocxDocument\DocumentModel.InOpenXml\Drawings.Diagrams\StyleLabel.cs","ExtensionList","49"
"D:\OneDrive\VS\Projects\DocxDocument\DocumentModel.InOpenXml\Drawings.Diagrams\StyleLabel.cs","Name","14"
"D:\OneDrive\VS\Projects\DocxDocument\DocumentModel.InOpenXml\Drawings.Diagrams\StyleLabel.cs","Scene3D","21"
"D:\OneDrive\VS\Projects\DocxDocument\DocumentModel.InOpenXml\Drawings.Diagrams\StyleLabel.cs","Shape3D","28"
"D:\OneDrive\VS\Projects\DocxDocument\DocumentModel.InOpenXml\Drawings.Diagrams\StyleLabel.cs","Style","42"
"D:\OneDrive\VS\Projects\DocxDocument\DocumentModel.InOpenXml\Drawings.Diagrams\StyleLabel.cs","TextProperties","35"
"D:\OneDrive\VS\Projects\DocxDocument\DocumentModel.InOpenXml\Drawings.Diagrams\StyleLabelDescription.cs","Language","14"
"D:\OneDrive\VS\Projects\DocxDocument\DocumentModel.InOpenXml\Drawings.Diagrams\StyleLabelDescription.cs","Val","21"
"D:\OneDrive\VS\Projects\DocxDocument\DocumentModel.InOpenXml\Drawings.Diagrams\TextBody.cs","BodyProperties","14"
"D:\OneDrive\VS\Projects\DocxDocument\DocumentModel.InOpenXml\Drawings.Diagrams\TextBody.cs","ListStyle","21"
"D:\OneDrive\VS\Projects\DocxDocument\DocumentModel.InOpenXml\Drawings.Diagrams\TextProperties.cs","FlatText","21"
"D:\OneDrive\VS\Projects\DocxDocument\DocumentModel.InOpenXml\Drawings.Diagrams\TextProperties.cs","Shape3DType","14"
"D:\OneDrive\VS\Projects\DocxDocument\DocumentModel.InOpenXml\Drawings.Diagrams\Title.cs","Language","14"
"D:\OneDrive\VS\Projects\DocxDocument\DocumentModel.InOpenXml\Drawings.Diagrams\Title.cs","Val","21"
"D:\OneDrive\VS\Projects\DocxDocument\DocumentModel.InOpenXml\Drawings.Diagrams\Whole.cs","Outline","14"
"D:\OneDrive\VS\Projects\DocxDocument\DocumentModel.InOpenXml\Drawings.Office.OEmbed\OEmbedShared.cs","OfficeArtExtensionList","28"
"D:\OneDrive\VS\Projects\DocxDocument\DocumentModel.InOpenXml\Drawings.Office.OEmbed\OEmbedShared.cs","SrcUrl","14"
"D:\OneDrive\VS\Projects\DocxDocument\DocumentModel.InOpenXml\Drawings.Office.OEmbed\OEmbedShared.cs","Type","21"
"D:\OneDrive\VS\Projects\DocxDocument\DocumentModel.InOpenXml\Drawings.Office\DataModelExtensionBlock.cs","MinVer","21"
"D:\OneDrive\VS\Projects\DocxDocument\DocumentModel.InOpenXml\Drawings.Office\DataModelExtensionBlock.cs","RelId","14"
"D:\OneDrive\VS\Projects\DocxDocument\DocumentModel.InOpenXml\Drawings.Office\Drawing.cs","ShapeTree","14"
"D:\OneDrive\VS\Projects\DocxDocument\DocumentModel.InOpenXml\Drawings.Office\GroupShape.cs","GroupShapeNonVisualProperties","15"
"D:\OneDrive\VS\Projects\DocxDocument\DocumentModel.InOpenXml\Drawings.Office\GroupShape.cs","GroupShapeProperties","22"
"D:\OneDrive\VS\Projects\DocxDocument\DocumentModel.InOpenXml\Drawings.Office\GroupShapeNonVisualProperties.cs","NonVisualDrawingProperties","14"
"D:\OneDrive\VS\Projects\DocxDocument\DocumentModel.InOpenXml\Drawings.Office\GroupShapeNonVisualProperties.cs","NonVisualGroupDrawingShapeProperties","21"
"D:\OneDrive\VS\Projects\DocxDocument\DocumentModel.InOpenXml\Drawings.Office\GroupShapeProperties.cs","BlackWhiteMode","14"
"D:\OneDrive\VS\Projects\DocxDocument\DocumentModel.InOpenXml\Drawings.Office\GroupShapeProperties.cs","TransformGroup","21"
"D:\OneDrive\VS\Projects\DocxDocument\DocumentModel.InOpenXml\Drawings.Office\GroupShapeType.cs","GroupShapeNonVisualProperties","14"
"D:\OneDrive\VS\Projects\DocxDocument\DocumentModel.InOpenXml\Drawings.Office\GroupShapeType.cs","GroupShapeProperties","21"
"D:\OneDrive\VS\Projects\DocxDocument\DocumentModel.InOpenXml\Drawings.Office\Shape.cs","ModelId","14"
"D:\OneDrive\VS\Projects\DocxDocument\DocumentModel.InOpenXml\Drawings.Office\Shape.cs","OfficeArtExtensionList","56"
"D:\OneDrive\VS\Projects\DocxDocument\DocumentModel.InOpenXml\Drawings.Office\Shape.cs","ShapeNonVisualProperties","21"
"D:\OneDrive\VS\Projects\DocxDocument\DocumentModel.InOpenXml\Drawings.Office\Shape.cs","ShapeProperties","28"
"D:\OneDrive\VS\Projects\DocxDocument\DocumentModel.InOpenXml\Drawings.Office\Shape.cs","ShapeStyle","35"
"D:\OneDrive\VS\Projects\DocxDocument\DocumentModel.InOpenXml\Drawings.Office\Shape.cs","TextBody","42"
"D:\OneDrive\VS\Projects\DocxDocument\DocumentModel.InOpenXml\Drawings.Office\Shape.cs","Transform2D","49"
"D:\OneDrive\VS\Projects\DocxDocument\DocumentModel.InOpenXml\Drawings.Office\ShapeNonVisualProperties.cs","NonVisualDrawingProperties","14"
"D:\OneDrive\VS\Projects\DocxDocument\DocumentModel.InOpenXml\Drawings.Office\ShapeNonVisualProperties.cs","NonVisualDrawingShapeProperties","21"
"D:\OneDrive\VS\Projects\DocxDocument\DocumentModel.InOpenXml\Drawings.Office\ShapeProperties.cs","BlackWhiteMode","15"
"D:\OneDrive\VS\Projects\DocxDocument\DocumentModel.InOpenXml\Drawings.Office\ShapeProperties.cs","Transform2D","22"
"D:\OneDrive\VS\Projects\DocxDocument\DocumentModel.InOpenXml\Drawings.Office\ShapeTree.cs","GroupShapeNonVisualProperties","15"
"D:\OneDrive\VS\Projects\DocxDocument\DocumentModel.InOpenXml\Drawings.Office\ShapeTree.cs","GroupShapeProperties","22"
"D:\OneDrive\VS\Projects\DocxDocument\DocumentModel.InOpenXml\Drawings.Office\TextBody.cs","BodyProperties","15"
"D:\OneDrive\VS\Projects\DocxDocument\DocumentModel.InOpenXml\Drawings.Office\TextBody.cs","ListStyle","22"
"D:\OneDrive\VS\Projects\DocxDocument\DocumentModel.InOpenXml\Drawings.Pictures\BlipFill.cs","Blip","29"
"D:\OneDrive\VS\Projects\DocxDocument\DocumentModel.InOpenXml\Drawings.Pictures\BlipFill.cs","Dpi","15"
"D:\OneDrive\VS\Projects\DocxDocument\DocumentModel.InOpenXml\Drawings.Pictures\BlipFill.cs","RotateWithShape","22"
"D:\OneDrive\VS\Projects\DocxDocument\DocumentModel.InOpenXml\Drawings.Pictures\BlipFill.cs","SourceRectangle","36"
"D:\OneDrive\VS\Projects\DocxDocument\DocumentModel.InOpenXml\Drawings.Pictures\ShapeProperties.cs","BlackWhiteMode","15"
"D:\OneDrive\VS\Projects\DocxDocument\DocumentModel.InOpenXml\Drawings.Pictures\ShapeProperties.cs","Transform2D","22"
"D:\OneDrive\VS\Projects\DocxDocument\DocumentModel.InOpenXml\Drawings.SVG\SVGBlip.cs","Embed","14"
"D:\OneDrive\VS\Projects\DocxDocument\DocumentModel.InOpenXml\Drawings.SVG\SVGBlip.cs","Link","21"
"D:\OneDrive\VS\Projects\DocxDocument\DocumentModel.InOpenXml\Drawings\3D\Anchor.cs","X","75"
"D:\OneDrive\VS\Projects\DocxDocument\DocumentModel.InOpenXml\Drawings\3D\Anchor.cs","Y","107"
"D:\OneDrive\VS\Projects\DocxDocument\DocumentModel.InOpenXml\Drawings\3D\Anchor.cs","Z","144"
"D:\OneDrive\VS\Projects\DocxDocument\DocumentModel.InOpenXml\Drawings\3D\Backdrop.cs","Anchor","14"
"D:\OneDrive\VS\Projects\DocxDocument\DocumentModel.InOpenXml\Drawings\3D\Backdrop.cs","ExtensionList","35"
"D:\OneDrive\VS\Projects\DocxDocument\DocumentModel.InOpenXml\Drawings\3D\Backdrop.cs","Normal","21"
"D:\OneDrive\VS\Projects\DocxDocument\DocumentModel.InOpenXml\Drawings\3D\Backdrop.cs","UpVector","28"
"D:\OneDrive\VS\Projects\DocxDocument\DocumentModel.InOpenXml\Drawings\3D\Bevel.cs","Height","21"
"D:\OneDrive\VS\Projects\DocxDocument\DocumentModel.InOpenXml\Drawings\3D\Bevel.cs","Preset","28"
"D:\OneDrive\VS\Projects\DocxDocument\DocumentModel.InOpenXml\Drawings\3D\Bevel.cs","Width","14"
"D:\OneDrive\VS\Projects\DocxDocument\DocumentModel.InOpenXml\Drawings\3D\Camera.cs","FieldOfView","21"
"D:\OneDrive\VS\Projects\DocxDocument\DocumentModel.InOpenXml\Drawings\3D\Camera.cs","Preset","14"
"D:\OneDrive\VS\Projects\DocxDocument\DocumentModel.InOpenXml\Drawings\3D\Camera.cs","Rotation","35"
"D:\OneDrive\VS\Projects\DocxDocument\DocumentModel.InOpenXml\Drawings\3D\Camera.cs","Zoom","28"
"D:\OneDrive\VS\Projects\DocxDocument\DocumentModel.InOpenXml\Drawings\3D\CameraTool.cs","CellRange","14"
"D:\OneDrive\VS\Projects\DocxDocument\DocumentModel.InOpenXml\Drawings\3D\CameraTool.cs","ShapeId","21"
"D:\OneDrive\VS\Projects\DocxDocument\DocumentModel.InOpenXml\Drawings\3D\HiddenScene3D.cs","Backdrop","28"
"D:\OneDrive\VS\Projects\DocxDocument\DocumentModel.InOpenXml\Drawings\3D\HiddenScene3D.cs","Camera","14"
"D:\OneDrive\VS\Projects\DocxDocument\DocumentModel.InOpenXml\Drawings\3D\HiddenScene3D.cs","ExtensionList","35"
"D:\OneDrive\VS\Projects\DocxDocument\DocumentModel.InOpenXml\Drawings\3D\HiddenScene3D.cs","LightRig","21"
"D:\OneDrive\VS\Projects\DocxDocument\DocumentModel.InOpenXml\Drawings\3D\HiddenShape3D.cs","BevelBottom","49"
"D:\OneDrive\VS\Projects\DocxDocument\DocumentModel.InOpenXml\Drawings\3D\HiddenShape3D.cs","BevelTop","42"
"D:\OneDrive\VS\Projects\DocxDocument\DocumentModel.InOpenXml\Drawings\3D\HiddenShape3D.cs","ContourColor","63"
"D:\OneDrive\VS\Projects\DocxDocument\DocumentModel.InOpenXml\Drawings\3D\HiddenShape3D.cs","ContourWidth","28"
"D:\OneDrive\VS\Projects\DocxDocument\DocumentModel.InOpenXml\Drawings\3D\HiddenShape3D.cs","ExtensionList","70"
"D:\OneDrive\VS\Projects\DocxDocument\DocumentModel.InOpenXml\Drawings\3D\HiddenShape3D.cs","ExtrusionColor","56"
"D:\OneDrive\VS\Projects\DocxDocument\DocumentModel.InOpenXml\Drawings\3D\HiddenShape3D.cs","ExtrusionHeight","21"
"D:\OneDrive\VS\Projects\DocxDocument\DocumentModel.InOpenXml\Drawings\3D\HiddenShape3D.cs","PresetMaterial","35"
"D:\OneDrive\VS\Projects\DocxDocument\DocumentModel.InOpenXml\Drawings\3D\HiddenShape3D.cs","Z","14"
"D:\OneDrive\VS\Projects\DocxDocument\DocumentModel.InOpenXml\Drawings\3D\LightRig.cs","Direction","21"
"D:\OneDrive\VS\Projects\DocxDocument\DocumentModel.InOpenXml\Drawings\3D\LightRig.cs","Rig","14"
"D:\OneDrive\VS\Projects\DocxDocument\DocumentModel.InOpenXml\Drawings\3D\LightRig.cs","Rotation","28"
"D:\OneDrive\VS\Projects\DocxDocument\DocumentModel.InOpenXml\Drawings\3D\Scene3D.cs","Camera","14"
"D:\OneDrive\VS\Projects\DocxDocument\DocumentModel.InOpenXml\Drawings\3D\Scene3D.cs","LightRig","21"
"D:\OneDrive\VS\Projects\DocxDocument\DocumentModel.InOpenXml\Drawings\3D\Scene3DType.cs","Backdrop","28"
"D:\OneDrive\VS\Projects\DocxDocument\DocumentModel.InOpenXml\Drawings\3D\Scene3DType.cs","Camera","14"
"D:\OneDrive\VS\Projects\DocxDocument\DocumentModel.InOpenXml\Drawings\3D\Scene3DType.cs","ExtensionList","35"
"D:\OneDrive\VS\Projects\DocxDocument\DocumentModel.InOpenXml\Drawings\3D\Scene3DType.cs","LightRig","21"
"D:\OneDrive\VS\Projects\DocxDocument\DocumentModel.InOpenXml\Drawings\3D\Shape3D.cs","BevelBottom","49"
"D:\OneDrive\VS\Projects\DocxDocument\DocumentModel.InOpenXml\Drawings\3D\Shape3D.cs","BevelTop","42"
"D:\OneDrive\VS\Projects\DocxDocument\DocumentModel.InOpenXml\Drawings\3D\Shape3D.cs","ContourColor","63"
"D:\OneDrive\VS\Projects\DocxDocument\DocumentModel.InOpenXml\Drawings\3D\Shape3D.cs","ContourWidth","28"
"D:\OneDrive\VS\Projects\DocxDocument\DocumentModel.InOpenXml\Drawings\3D\Shape3D.cs","ExtensionList","70"
"D:\OneDrive\VS\Projects\DocxDocument\DocumentModel.InOpenXml\Drawings\3D\Shape3D.cs","ExtrusionColor","56"
"D:\OneDrive\VS\Projects\DocxDocument\DocumentModel.InOpenXml\Drawings\3D\Shape3D.cs","ExtrusionHeight","21"
"D:\OneDrive\VS\Projects\DocxDocument\DocumentModel.InOpenXml\Drawings\3D\Shape3D.cs","PresetMaterial","35"
"D:\OneDrive\VS\Projects\DocxDocument\DocumentModel.InOpenXml\Drawings\3D\Shape3D.cs","Z","14"
"D:\OneDrive\VS\Projects\DocxDocument\DocumentModel.InOpenXml\Drawings\3D\Shape3DType.cs","BevelBottom","49"
"D:\OneDrive\VS\Projects\DocxDocument\DocumentModel.InOpenXml\Drawings\3D\Shape3DType.cs","BevelTop","42"
"D:\OneDrive\VS\Projects\DocxDocument\DocumentModel.InOpenXml\Drawings\3D\Shape3DType.cs","ContourColor","63"
"D:\OneDrive\VS\Projects\DocxDocument\DocumentModel.InOpenXml\Drawings\3D\Shape3DType.cs","ContourWidth","28"
"D:\OneDrive\VS\Projects\DocxDocument\DocumentModel.InOpenXml\Drawings\3D\Shape3DType.cs","ExtensionList","70"
"D:\OneDrive\VS\Projects\DocxDocument\DocumentModel.InOpenXml\Drawings\3D\Shape3DType.cs","ExtrusionColor","56"
"D:\OneDrive\VS\Projects\DocxDocument\DocumentModel.InOpenXml\Drawings\3D\Shape3DType.cs","ExtrusionHeight","21"
"D:\OneDrive\VS\Projects\DocxDocument\DocumentModel.InOpenXml\Drawings\3D\Shape3DType.cs","PresetMaterial","35"
"D:\OneDrive\VS\Projects\DocxDocument\DocumentModel.InOpenXml\Drawings\3D\Shape3DType.cs","Z","14"
"D:\OneDrive\VS\Projects\DocxDocument\DocumentModel.InOpenXml\Drawings\3D\Vector3DType.cs","Dx","14"
"D:\OneDrive\VS\Projects\DocxDocument\DocumentModel.InOpenXml\Drawings\3D\Vector3DType.cs","Dy","21"
"D:\OneDrive\VS\Projects\DocxDocument\DocumentModel.InOpenXml\Drawings\3D\Vector3DType.cs","Dz","28"
"D:\OneDrive\VS\Projects\DocxDocument\DocumentModel.InOpenXml\Drawings\Adjust handles\AdjustHandlePolar.cs","AngleAdjustmentGuide","35"
"D:\OneDrive\VS\Projects\DocxDocument\DocumentModel.InOpenXml\Drawings\Adjust handles\AdjustHandlePolar.cs","MaxAngle","49"
"D:\OneDrive\VS\Projects\DocxDocument\DocumentModel.InOpenXml\Drawings\Adjust handles\AdjustHandlePolar.cs","MaxRadial","28"
"D:\OneDrive\VS\Projects\DocxDocument\DocumentModel.InOpenXml\Drawings\Adjust handles\AdjustHandlePolar.cs","MinAngle","42"
"D:\OneDrive\VS\Projects\DocxDocument\DocumentModel.InOpenXml\Drawings\Adjust handles\AdjustHandlePolar.cs","MinRadial","21"
"D:\OneDrive\VS\Projects\DocxDocument\DocumentModel.InOpenXml\Drawings\Adjust handles\AdjustHandlePolar.cs","Position","56"
"D:\OneDrive\VS\Projects\DocxDocument\DocumentModel.InOpenXml\Drawings\Adjust handles\AdjustHandlePolar.cs","RadialAdjustmentGuide","14"
"D:\OneDrive\VS\Projects\DocxDocument\DocumentModel.InOpenXml\Drawings\Adjust handles\AdjustHandleXY.cs","MaxX","28"
"D:\OneDrive\VS\Projects\DocxDocument\DocumentModel.InOpenXml\Drawings\Adjust handles\AdjustHandleXY.cs","MaxY","49"
"D:\OneDrive\VS\Projects\DocxDocument\DocumentModel.InOpenXml\Drawings\Adjust handles\AdjustHandleXY.cs","MinX","21"
"D:\OneDrive\VS\Projects\DocxDocument\DocumentModel.InOpenXml\Drawings\Adjust handles\AdjustHandleXY.cs","MinY","42"
"D:\OneDrive\VS\Projects\DocxDocument\DocumentModel.InOpenXml\Drawings\Adjust handles\AdjustHandleXY.cs","Position","56"
"D:\OneDrive\VS\Projects\DocxDocument\DocumentModel.InOpenXml\Drawings\Adjust handles\AdjustHandleXY.cs","XAdjustmentGuide","14"
"D:\OneDrive\VS\Projects\DocxDocument\DocumentModel.InOpenXml\Drawings\Adjust handles\AdjustHandleXY.cs","YAdjustmentGuide","35"
"D:\OneDrive\VS\Projects\DocxDocument\DocumentModel.InOpenXml\Drawings\Alpha operations\AlphaBiLevel.cs","Threshold","14"
"D:\OneDrive\VS\Projects\DocxDocument\DocumentModel.InOpenXml\Drawings\Alpha operations\AlphaModulationEffect.cs","EffectContainer","14"
"D:\OneDrive\VS\Projects\DocxDocument\DocumentModel.InOpenXml\Drawings\Alpha operations\AlphaModulationFixed.cs","Amount","14"
"D:\OneDrive\VS\Projects\DocxDocument\DocumentModel.InOpenXml\Drawings\Alpha operations\AlphaOutset.cs","Radius","14"
"D:\OneDrive\VS\Projects\DocxDocument\DocumentModel.InOpenXml\Drawings\Alpha operations\AlphaReplace.cs","Alpha","14"
"D:\OneDrive\VS\Projects\DocxDocument\DocumentModel.InOpenXml\Drawings\Artistic drawings\ArtisticBlur.cs","Radius","14"
"D:\OneDrive\VS\Projects\DocxDocument\DocumentModel.InOpenXml\Drawings\Artistic drawings\ArtisticCement.cs","CrackSpacing","21"
"D:\OneDrive\VS\Projects\DocxDocument\DocumentModel.InOpenXml\Drawings\Artistic drawings\ArtisticCement.cs","Transparency","14"
"D:\OneDrive\VS\Projects\DocxDocument\DocumentModel.InOpenXml\Drawings\Artistic drawings\ArtisticCrisscrossEtching.cs","Pressure","20"
"D:\OneDrive\VS\Projects\DocxDocument\DocumentModel.InOpenXml\Drawings\Artistic drawings\ArtisticCutout.cs","NumberOfShades","20"
"D:\OneDrive\VS\Projects\DocxDocument\DocumentModel.InOpenXml\Drawings\Artistic drawings\ArtisticFilmGrain.cs","GrainSize","20"
"D:\OneDrive\VS\Projects\DocxDocument\DocumentModel.InOpenXml\Drawings\Artistic drawings\ArtisticGlass.cs","Scaling","20"
"D:\OneDrive\VS\Projects\DocxDocument\DocumentModel.InOpenXml\Drawings\Artistic drawings\ArtisticGlowDiffused.cs","Intensity","20"
"D:\OneDrive\VS\Projects\DocxDocument\DocumentModel.InOpenXml\Drawings\Artistic drawings\ArtisticGlowEdges.cs","Smoothness","20"
"D:\OneDrive\VS\Projects\DocxDocument\DocumentModel.InOpenXml\Drawings\Artistic drawings\ArtisticLightScreen.cs","GridSize","20"
"D:\OneDrive\VS\Projects\DocxDocument\DocumentModel.InOpenXml\Drawings\Artistic drawings\ArtisticLineDrawing.cs","PencilSize","20"
"D:\OneDrive\VS\Projects\DocxDocument\DocumentModel.InOpenXml\Drawings\Artistic drawings\ArtisticMarker.cs","Size","20"
"D:\OneDrive\VS\Projects\DocxDocument\DocumentModel.InOpenXml\Drawings\Artistic drawings\ArtisticMosaicBubbles.cs","Pressure","20"
"D:\OneDrive\VS\Projects\DocxDocument\DocumentModel.InOpenXml\Drawings\Artistic drawings\ArtisticPaintBrush.cs","BrushSize","20"
"D:\OneDrive\VS\Projects\DocxDocument\DocumentModel.InOpenXml\Drawings\Artistic drawings\ArtisticPaintStrokes.cs","Intensity","20"
"D:\OneDrive\VS\Projects\DocxDocument\DocumentModel.InOpenXml\Drawings\Artistic drawings\ArtisticPastelsSmooth.cs","BrushSize","20"
"D:\OneDrive\VS\Projects\DocxDocument\DocumentModel.InOpenXml\Drawings\Artistic drawings\ArtisticPencilGrayscale.cs","BrushSize","20"
"D:\OneDrive\VS\Projects\DocxDocument\DocumentModel.InOpenXml\Drawings\Artistic drawings\ArtisticPencilSketch.cs","Pressure","20"
"D:\OneDrive\VS\Projects\DocxDocument\DocumentModel.InOpenXml\Drawings\Artistic drawings\ArtisticPhotocopy.cs","Detail","20"
"D:\OneDrive\VS\Projects\DocxDocument\DocumentModel.InOpenXml\Drawings\Artistic drawings\ArtisticPlasticWrap.cs","Smoothness","20"
"D:\OneDrive\VS\Projects\DocxDocument\DocumentModel.InOpenXml\Drawings\Artistic drawings\ArtisticTexturizer.cs","Scaling","20"
"D:\OneDrive\VS\Projects\DocxDocument\DocumentModel.InOpenXml\Drawings\Artistic drawings\ArtisticWatercolorSponge.cs","BrushSize","20"
"D:\OneDrive\VS\Projects\DocxDocument\DocumentModel.InOpenXml\Drawings\Audio-video\AudioCDTimeType.cs","Time","21"
"D:\OneDrive\VS\Projects\DocxDocument\DocumentModel.InOpenXml\Drawings\Audio-video\AudioCDTimeType.cs","Track","14"
"D:\OneDrive\VS\Projects\DocxDocument\DocumentModel.InOpenXml\Drawings\Audio-video\AudioFromCD.cs","EndTime","21"
"D:\OneDrive\VS\Projects\DocxDocument\DocumentModel.InOpenXml\Drawings\Audio-video\AudioFromCD.cs","StartTime","14"
"D:\OneDrive\VS\Projects\DocxDocument\DocumentModel.InOpenXml\Drawings\Audio-video\AudioFromFile.cs","ExtensionList","22"
"D:\OneDrive\VS\Projects\DocxDocument\DocumentModel.InOpenXml\Drawings\Audio-video\AudioFromFile.cs","Link","15"
"D:\OneDrive\VS\Projects\DocxDocument\DocumentModel.InOpenXml\Drawings\Audio-video\QuickTimeFromFile.cs","ExtensionList","21"
"D:\OneDrive\VS\Projects\DocxDocument\DocumentModel.InOpenXml\Drawings\Audio-video\QuickTimeFromFile.cs","Link","14"
"D:\OneDrive\VS\Projects\DocxDocument\DocumentModel.InOpenXml\Drawings\Audio-video\VideoFromFile.cs","ExtensionList","21"
"D:\OneDrive\VS\Projects\DocxDocument\DocumentModel.InOpenXml\Drawings\Audio-video\VideoFromFile.cs","Link","14"
"D:\OneDrive\VS\Projects\DocxDocument\DocumentModel.InOpenXml\Drawings\Autonumbering\AutoNumberedBullet.cs","StartAt","21"
"D:\OneDrive\VS\Projects\DocxDocument\DocumentModel.InOpenXml\Drawings\Autonumbering\AutoNumberedBullet.cs","Type","14"
"D:\OneDrive\VS\Projects\DocxDocument\DocumentModel.InOpenXml\Drawings\Autonumbering\CharacterBullet.cs","Char","14"
"D:\OneDrive\VS\Projects\DocxDocument\DocumentModel.InOpenXml\Drawings\Background properties\BackgroundBlurProperties.cs","OfficeArtExtensionList","14"
"D:\OneDrive\VS\Projects\DocxDocument\DocumentModel.InOpenXml\Drawings\Background properties\BackgroundMark.cs","FirstXCoordinate","14"
"D:\OneDrive\VS\Projects\DocxDocument\DocumentModel.InOpenXml\Drawings\Background properties\BackgroundMark.cs","FirstYCoordinate","21"
"D:\OneDrive\VS\Projects\DocxDocument\DocumentModel.InOpenXml\Drawings\Background properties\BackgroundMark.cs","SecondXCoordinate","28"
"D:\OneDrive\VS\Projects\DocxDocument\DocumentModel.InOpenXml\Drawings\Background properties\BackgroundMark.cs","SecondYCoordinate","35"
"D:\OneDrive\VS\Projects\DocxDocument\DocumentModel.InOpenXml\Drawings\Background properties\BackgroundNormalProperties.cs","OfficeArtExtensionList","14"
"D:\OneDrive\VS\Projects\DocxDocument\DocumentModel.InOpenXml\Drawings\Background properties\BackgroundProperties.cs","Mode","14"
"D:\OneDrive\VS\Projects\DocxDocument\DocumentModel.InOpenXml\Drawings\Background properties\BackgroundProperties.cs","Normal","28"
"D:\OneDrive\VS\Projects\DocxDocument\DocumentModel.InOpenXml\Drawings\Background properties\BackgroundProperties.cs","Pure","21"
"D:\OneDrive\VS\Projects\DocxDocument\DocumentModel.InOpenXml\Drawings\Background properties\BackgroundProperties.cs","TargetScreenSize","35"
"D:\OneDrive\VS\Projects\DocxDocument\DocumentModel.InOpenXml\Drawings\Background properties\BackgroundRemoval.cs","MarqueeBottom","21"
"D:\OneDrive\VS\Projects\DocxDocument\DocumentModel.InOpenXml\Drawings\Background properties\BackgroundRemoval.cs","MarqueeLeft","28"
"D:\OneDrive\VS\Projects\DocxDocument\DocumentModel.InOpenXml\Drawings\Background properties\BackgroundRemoval.cs","MarqueeRight","35"
"D:\OneDrive\VS\Projects\DocxDocument\DocumentModel.InOpenXml\Drawings\Background properties\BackgroundRemoval.cs","MarqueeTop","14"
"D:\OneDrive\VS\Projects\DocxDocument\DocumentModel.InOpenXml\Drawings\Background properties\BackgroundRemovedProperties.cs","OfficeArtExtensionList","14"
"D:\OneDrive\VS\Projects\DocxDocument\DocumentModel.InOpenXml\Drawings\Background properties\ForegroundMark.cs","FirstXCoordinate","14"
"D:\OneDrive\VS\Projects\DocxDocument\DocumentModel.InOpenXml\Drawings\Background properties\ForegroundMark.cs","FirstYCoordinate","21"
"D:\OneDrive\VS\Projects\DocxDocument\DocumentModel.InOpenXml\Drawings\Background properties\ForegroundMark.cs","SecondXCoordinate","28"
"D:\OneDrive\VS\Projects\DocxDocument\DocumentModel.InOpenXml\Drawings\Background properties\ForegroundMark.cs","SecondYCoordinate","35"
"D:\OneDrive\VS\Projects\DocxDocument\DocumentModel.InOpenXml\Drawings\Colors\ColorChange.cs","ColorFrom","21"
"D:\OneDrive\VS\Projects\DocxDocument\DocumentModel.InOpenXml\Drawings\Colors\ColorChange.cs","ColorTo","28"
"D:\OneDrive\VS\Projects\DocxDocument\DocumentModel.InOpenXml\Drawings\Colors\ColorChange.cs","UseAlpha","14"
"D:\OneDrive\VS\Projects\DocxDocument\DocumentModel.InOpenXml\Drawings\Colors\ColorMap.cs","Accent1","42"
"D:\OneDrive\VS\Projects\DocxDocument\DocumentModel.InOpenXml\Drawings\Colors\ColorMap.cs","Accent2","49"
"D:\OneDrive\VS\Projects\DocxDocument\DocumentModel.InOpenXml\Drawings\Colors\ColorMap.cs","Accent3","56"
"D:\OneDrive\VS\Projects\DocxDocument\DocumentModel.InOpenXml\Drawings\Colors\ColorMap.cs","Accent4","63"
"D:\OneDrive\VS\Projects\DocxDocument\DocumentModel.InOpenXml\Drawings\Colors\ColorMap.cs","Accent5","70"
"D:\OneDrive\VS\Projects\DocxDocument\DocumentModel.InOpenXml\Drawings\Colors\ColorMap.cs","Accent6","77"
"D:\OneDrive\VS\Projects\DocxDocument\DocumentModel.InOpenXml\Drawings\Colors\ColorMap.cs","Background1","14"
"D:\OneDrive\VS\Projects\DocxDocument\DocumentModel.InOpenXml\Drawings\Colors\ColorMap.cs","Background2","28"
"D:\OneDrive\VS\Projects\DocxDocument\DocumentModel.InOpenXml\Drawings\Colors\ColorMap.cs","FollowedHyperlink","91"
"D:\OneDrive\VS\Projects\DocxDocument\DocumentModel.InOpenXml\Drawings\Colors\ColorMap.cs","Hyperlink","84"
"D:\OneDrive\VS\Projects\DocxDocument\DocumentModel.InOpenXml\Drawings\Colors\ColorMap.cs","Text1","21"
"D:\OneDrive\VS\Projects\DocxDocument\DocumentModel.InOpenXml\Drawings\Colors\ColorMap.cs","Text2","35"
"D:\OneDrive\VS\Projects\DocxDocument\DocumentModel.InOpenXml\Drawings\Colors\ColorMappingType.cs","ExtensionList","21"
"D:\OneDrive\VS\Projects\DocxDocument\DocumentModel.InOpenXml\Drawings\Colors\HslColor.cs","Hue","21"
"D:\OneDrive\VS\Projects\DocxDocument\DocumentModel.InOpenXml\Drawings\Colors\HslColor.cs","Luminance","51"
"D:\OneDrive\VS\Projects\DocxDocument\DocumentModel.InOpenXml\Drawings\Colors\HslColor.cs","Saturation","36"
"D:\OneDrive\VS\Projects\DocxDocument\DocumentModel.InOpenXml\Drawings\Colors\PresetColor.cs","Index","32"
"D:\OneDrive\VS\Projects\DocxDocument\DocumentModel.InOpenXml\Drawings\Colors\RgbColorModelPercentage.cs","Blue","54"
"D:\OneDrive\VS\Projects\DocxDocument\DocumentModel.InOpenXml\Drawings\Colors\RgbColorModelPercentage.cs","Green","39"
"D:\OneDrive\VS\Projects\DocxDocument\DocumentModel.InOpenXml\Drawings\Colors\RgbColorModelPercentage.cs","Red","24"
"D:\OneDrive\VS\Projects\DocxDocument\DocumentModel.InOpenXml\Drawings\Colors\SchemeColor.cs","Index","21"
"D:\OneDrive\VS\Projects\DocxDocument\DocumentModel.InOpenXml\Drawings\Colors\SystemColor.cs","Index","17"
"D:\OneDrive\VS\Projects\DocxDocument\DocumentModel.InOpenXml\Drawings\Colors\SystemColor.cs","LastColor","50"
"D:\OneDrive\VS\Projects\DocxDocument\DocumentModel.InOpenXml\Drawings\Connectors\ConnectionShapeLocks.cs","ConnectorLockingExtensionList","84"
"D:\OneDrive\VS\Projects\DocxDocument\DocumentModel.InOpenXml\Drawings\Connectors\ConnectionShapeLocks.cs","NoAdjustHandles","63"
"D:\OneDrive\VS\Projects\DocxDocument\DocumentModel.InOpenXml\Drawings\Connectors\ConnectionShapeLocks.cs","NoChangeArrowheads","70"
"D:\OneDrive\VS\Projects\DocxDocument\DocumentModel.InOpenXml\Drawings\Connectors\ConnectionShapeLocks.cs","NoChangeAspect","35"
"D:\OneDrive\VS\Projects\DocxDocument\DocumentModel.InOpenXml\Drawings\Connectors\ConnectionShapeLocks.cs","NoChangeShapeType","77"
"D:\OneDrive\VS\Projects\DocxDocument\DocumentModel.InOpenXml\Drawings\Connectors\ConnectionShapeLocks.cs","NoEditPoints","56"
"D:\OneDrive\VS\Projects\DocxDocument\DocumentModel.InOpenXml\Drawings\Connectors\ConnectionShapeLocks.cs","NoGrouping","14"
"D:\OneDrive\VS\Projects\DocxDocument\DocumentModel.InOpenXml\Drawings\Connectors\ConnectionShapeLocks.cs","NoMove","42"
"D:\OneDrive\VS\Projects\DocxDocument\DocumentModel.InOpenXml\Drawings\Connectors\ConnectionShapeLocks.cs","NoResize","49"
"D:\OneDrive\VS\Projects\DocxDocument\DocumentModel.InOpenXml\Drawings\Connectors\ConnectionShapeLocks.cs","NoRotation","28"
"D:\OneDrive\VS\Projects\DocxDocument\DocumentModel.InOpenXml\Drawings\Connectors\ConnectionShapeLocks.cs","NoSelection","21"
"D:\OneDrive\VS\Projects\DocxDocument\DocumentModel.InOpenXml\Drawings\Connectors\ConnectionSite.cs","Angle","14"
"D:\OneDrive\VS\Projects\DocxDocument\DocumentModel.InOpenXml\Drawings\Connectors\ConnectionSite.cs","Position","21"
"D:\OneDrive\VS\Projects\DocxDocument\DocumentModel.InOpenXml\Drawings\Connectors\ConnectionType.cs","Id","14"
"D:\OneDrive\VS\Projects\DocxDocument\DocumentModel.InOpenXml\Drawings\Connectors\ConnectionType.cs","Index","21"
"D:\OneDrive\VS\Projects\DocxDocument\DocumentModel.InOpenXml\Drawings\Connectors\ConnectorLockingExtension.cs","Uri","20"
"D:\OneDrive\VS\Projects\DocxDocument\DocumentModel.InOpenXml\Drawings\Custom geometry\AdjustPoint2DType.cs","X","24"
"D:\OneDrive\VS\Projects\DocxDocument\DocumentModel.InOpenXml\Drawings\Custom geometry\AdjustPoint2DType.cs","Y","31"
"D:\OneDrive\VS\Projects\DocxDocument\DocumentModel.InOpenXml\Drawings\Custom geometry\ArcTo.cs","HeightRadius","73"
"D:\OneDrive\VS\Projects\DocxDocument\DocumentModel.InOpenXml\Drawings\Custom geometry\ArcTo.cs","StartAngle","106"
"D:\OneDrive\VS\Projects\DocxDocument\DocumentModel.InOpenXml\Drawings\Custom geometry\ArcTo.cs","SwingAngle","140"
"D:\OneDrive\VS\Projects\DocxDocument\DocumentModel.InOpenXml\Drawings\Custom geometry\ArcTo.cs","WidthRadius","48"
"D:\OneDrive\VS\Projects\DocxDocument\DocumentModel.InOpenXml\Drawings\Custom geometry\CustomGeometry.cs","AdjustHandleList","28"
"D:\OneDrive\VS\Projects\DocxDocument\DocumentModel.InOpenXml\Drawings\Custom geometry\CustomGeometry.cs","AdjustValueList","14"
"D:\OneDrive\VS\Projects\DocxDocument\DocumentModel.InOpenXml\Drawings\Custom geometry\CustomGeometry.cs","ConnectionSiteList","35"
"D:\OneDrive\VS\Projects\DocxDocument\DocumentModel.InOpenXml\Drawings\Custom geometry\CustomGeometry.cs","PathList","49"
"D:\OneDrive\VS\Projects\DocxDocument\DocumentModel.InOpenXml\Drawings\Custom geometry\CustomGeometry.cs","Rectangle","42"
"D:\OneDrive\VS\Projects\DocxDocument\DocumentModel.InOpenXml\Drawings\Custom geometry\CustomGeometry.cs","ShapeGuideList","21"
"D:\OneDrive\VS\Projects\DocxDocument\DocumentModel.InOpenXml\Drawings\Custom geometry\LineTo.cs","Point","14"
"D:\OneDrive\VS\Projects\DocxDocument\DocumentModel.InOpenXml\Drawings\Custom geometry\MoveTo.cs","Point","14"
"D:\OneDrive\VS\Projects\DocxDocument\DocumentModel.InOpenXml\Drawings\Custom geometry\Path.cs","ExtrusionOk","42"
"D:\OneDrive\VS\Projects\DocxDocument\DocumentModel.InOpenXml\Drawings\Custom geometry\Path.cs","Fill","28"
"D:\OneDrive\VS\Projects\DocxDocument\DocumentModel.InOpenXml\Drawings\Custom geometry\Path.cs","Height","21"
"D:\OneDrive\VS\Projects\DocxDocument\DocumentModel.InOpenXml\Drawings\Custom geometry\Path.cs","Stroke","35"
"D:\OneDrive\VS\Projects\DocxDocument\DocumentModel.InOpenXml\Drawings\Custom geometry\Path.cs","Width","14"
"D:\OneDrive\VS\Projects\DocxDocument\DocumentModel.InOpenXml\Drawings\Custom geometry\Rectangle.cs","Bottom","41"
"D:\OneDrive\VS\Projects\DocxDocument\DocumentModel.InOpenXml\Drawings\Custom geometry\Rectangle.cs","Left","20"
"D:\OneDrive\VS\Projects\DocxDocument\DocumentModel.InOpenXml\Drawings\Custom geometry\Rectangle.cs","Right","34"
"D:\OneDrive\VS\Projects\DocxDocument\DocumentModel.InOpenXml\Drawings\Custom geometry\Rectangle.cs","Top","27"
"D:\OneDrive\VS\Projects\DocxDocument\DocumentModel.InOpenXml\Drawings\Drawing properties for document objects\Extent.cs","Cx","14"
"D:\OneDrive\VS\Projects\DocxDocument\DocumentModel.InOpenXml\Drawings\Drawing properties for document objects\Extent.cs","Cy","21"
"D:\OneDrive\VS\Projects\DocxDocument\DocumentModel.InOpenXml\Drawings\Effects\BiLevel.cs","Threshold","14"
"D:\OneDrive\VS\Projects\DocxDocument\DocumentModel.InOpenXml\Drawings\Effects\Blend.cs","BlendMode","14"
"D:\OneDrive\VS\Projects\DocxDocument\DocumentModel.InOpenXml\Drawings\Effects\Blend.cs","EffectContainer","21"
"D:\OneDrive\VS\Projects\DocxDocument\DocumentModel.InOpenXml\Drawings\Effects\Blur.cs","Grow","21"
"D:\OneDrive\VS\Projects\DocxDocument\DocumentModel.InOpenXml\Drawings\Effects\Blur.cs","Radius","14"
"D:\OneDrive\VS\Projects\DocxDocument\DocumentModel.InOpenXml\Drawings\Effects\Effect.cs","Reference","14"
"D:\OneDrive\VS\Projects\DocxDocument\DocumentModel.InOpenXml\Drawings\Effects\EffectContainerType.cs","Name","51"
"D:\OneDrive\VS\Projects\DocxDocument\DocumentModel.InOpenXml\Drawings\Effects\EffectContainerType.cs","Type","29"
"D:\OneDrive\VS\Projects\DocxDocument\DocumentModel.InOpenXml\Drawings\Effects\EffectList.cs","Blur","14"
"D:\OneDrive\VS\Projects\DocxDocument\DocumentModel.InOpenXml\Drawings\Effects\EffectList.cs","FillOverlay","21"
"D:\OneDrive\VS\Projects\DocxDocument\DocumentModel.InOpenXml\Drawings\Effects\EffectList.cs","Glow","28"
"D:\OneDrive\VS\Projects\DocxDocument\DocumentModel.InOpenXml\Drawings\Effects\EffectList.cs","InnerShadow","35"
"D:\OneDrive\VS\Projects\DocxDocument\DocumentModel.InOpenXml\Drawings\Effects\EffectList.cs","OuterShadow","42"
"D:\OneDrive\VS\Projects\DocxDocument\DocumentModel.InOpenXml\Drawings\Effects\EffectList.cs","PresetShadow","49"
"D:\OneDrive\VS\Projects\DocxDocument\DocumentModel.InOpenXml\Drawings\Effects\EffectList.cs","Reflection","56"
"D:\OneDrive\VS\Projects\DocxDocument\DocumentModel.InOpenXml\Drawings\Effects\EffectList.cs","SoftEdge","63"
"D:\OneDrive\VS\Projects\DocxDocument\DocumentModel.InOpenXml\Drawings\Effects\EffectReference.cs","Color","14"
"D:\OneDrive\VS\Projects\DocxDocument\DocumentModel.InOpenXml\Drawings\Effects\Glow.cs","Color","21"
"D:\OneDrive\VS\Projects\DocxDocument\DocumentModel.InOpenXml\Drawings\Effects\Glow.cs","Radius","14"
"D:\OneDrive\VS\Projects\DocxDocument\DocumentModel.InOpenXml\Drawings\Effects\HiddenEffectsProperties.cs","EffectDag","21"
"D:\OneDrive\VS\Projects\DocxDocument\DocumentModel.InOpenXml\Drawings\Effects\HiddenEffectsProperties.cs","EffectList","14"
"D:\OneDrive\VS\Projects\DocxDocument\DocumentModel.InOpenXml\Drawings\Effects\Reflection.cs","Alignment","98"
"D:\OneDrive\VS\Projects\DocxDocument\DocumentModel.InOpenXml\Drawings\Effects\Reflection.cs","BlurRadius","14"
"D:\OneDrive\VS\Projects\DocxDocument\DocumentModel.InOpenXml\Drawings\Effects\Reflection.cs","Direction","56"
"D:\OneDrive\VS\Projects\DocxDocument\DocumentModel.InOpenXml\Drawings\Effects\Reflection.cs","Distance","49"
"D:\OneDrive\VS\Projects\DocxDocument\DocumentModel.InOpenXml\Drawings\Effects\Reflection.cs","EndAlpha","35"
"D:\OneDrive\VS\Projects\DocxDocument\DocumentModel.InOpenXml\Drawings\Effects\Reflection.cs","EndPosition","42"
"D:\OneDrive\VS\Projects\DocxDocument\DocumentModel.InOpenXml\Drawings\Effects\Reflection.cs","FadeDirection","63"
"D:\OneDrive\VS\Projects\DocxDocument\DocumentModel.InOpenXml\Drawings\Effects\Reflection.cs","HorizontalRatio","70"
"D:\OneDrive\VS\Projects\DocxDocument\DocumentModel.InOpenXml\Drawings\Effects\Reflection.cs","HorizontalSkew","84"
"D:\OneDrive\VS\Projects\DocxDocument\DocumentModel.InOpenXml\Drawings\Effects\Reflection.cs","RotateWithShape","105"
"D:\OneDrive\VS\Projects\DocxDocument\DocumentModel.InOpenXml\Drawings\Effects\Reflection.cs","StartOpacity","21"
"D:\OneDrive\VS\Projects\DocxDocument\DocumentModel.InOpenXml\Drawings\Effects\Reflection.cs","StartPosition","28"
"D:\OneDrive\VS\Projects\DocxDocument\DocumentModel.InOpenXml\Drawings\Effects\Reflection.cs","VerticalRatio","77"
"D:\OneDrive\VS\Projects\DocxDocument\DocumentModel.InOpenXml\Drawings\Effects\Reflection.cs","VerticalSkew","91"
"D:\OneDrive\VS\Projects\DocxDocument\DocumentModel.InOpenXml\Drawings\Extensibility\CompatExtension.cs","ShapeId","15"
"D:\OneDrive\VS\Projects\DocxDocument\DocumentModel.InOpenXml\Drawings\Fill types\Blip.cs","CompressionState","30"
"D:\OneDrive\VS\Projects\DocxDocument\DocumentModel.InOpenXml\Drawings\Fill types\Blip.cs","Embed","16"
"D:\OneDrive\VS\Projects\DocxDocument\DocumentModel.InOpenXml\Drawings\Fill types\Blip.cs","Link","23"
"D:\OneDrive\VS\Projects\DocxDocument\DocumentModel.InOpenXml\Drawings\Fill types\BlipExtension.cs","Uri","60"
"D:\OneDrive\VS\Projects\DocxDocument\DocumentModel.InOpenXml\Drawings\Fill types\FillOverlay.cs","Blend","14"
"D:\OneDrive\VS\Projects\DocxDocument\DocumentModel.InOpenXml\Drawings\Fill types\ForegroundColor.cs","Color","14"
"D:\OneDrive\VS\Projects\DocxDocument\DocumentModel.InOpenXml\Drawings\Fill types\GradientStop.cs","Color","21"
"D:\OneDrive\VS\Projects\DocxDocument\DocumentModel.InOpenXml\Drawings\Fill types\GradientStop.cs","Position","14"
"D:\OneDrive\VS\Projects\DocxDocument\DocumentModel.InOpenXml\Drawings\Fill types\PatternFill.cs","BackgroundColor","28"
"D:\OneDrive\VS\Projects\DocxDocument\DocumentModel.InOpenXml\Drawings\Fill types\PatternFill.cs","ForegroundColor","21"
"D:\OneDrive\VS\Projects\DocxDocument\DocumentModel.InOpenXml\Drawings\Fill types\PatternFill.cs","Preset","14"
"D:\OneDrive\VS\Projects\DocxDocument\DocumentModel.InOpenXml\Drawings\Fill types\PictureAttributionSourceURL.cs","Id","14"
"D:\OneDrive\VS\Projects\DocxDocument\DocumentModel.InOpenXml\Drawings\Fill types\SolidFill.cs","Color","14"
"D:\OneDrive\VS\Projects\DocxDocument\DocumentModel.InOpenXml\Drawings\Graphic data\Graphic.cs","GraphicData","14"
"D:\OneDrive\VS\Projects\DocxDocument\DocumentModel.InOpenXml\Drawings\Graphic data\GraphicFrameLocks.cs","ExtensionList","56"
"D:\OneDrive\VS\Projects\DocxDocument\DocumentModel.InOpenXml\Drawings\Graphic data\GraphicFrameLocks.cs","NoChangeAspect","35"
"D:\OneDrive\VS\Projects\DocxDocument\DocumentModel.InOpenXml\Drawings\Graphic data\GraphicFrameLocks.cs","NoDrilldown","21"
"D:\OneDrive\VS\Projects\DocxDocument\DocumentModel.InOpenXml\Drawings\Graphic data\GraphicFrameLocks.cs","NoGrouping","14"
"D:\OneDrive\VS\Projects\DocxDocument\DocumentModel.InOpenXml\Drawings\Graphic data\GraphicFrameLocks.cs","NoMove","42"
"D:\OneDrive\VS\Projects\DocxDocument\DocumentModel.InOpenXml\Drawings\Graphic data\GraphicFrameLocks.cs","NoResize","49"
"D:\OneDrive\VS\Projects\DocxDocument\DocumentModel.InOpenXml\Drawings\Graphic data\GraphicFrameLocks.cs","NoSelection","28"
"D:\OneDrive\VS\Projects\DocxDocument\DocumentModel.InOpenXml\Drawings\Hyperlinks\EmbeddedWavAudioFileType.cs","BuiltIn","28"
"D:\OneDrive\VS\Projects\DocxDocument\DocumentModel.InOpenXml\Drawings\Hyperlinks\EmbeddedWavAudioFileType.cs","Embed","14"
"D:\OneDrive\VS\Projects\DocxDocument\DocumentModel.InOpenXml\Drawings\Hyperlinks\EmbeddedWavAudioFileType.cs","Name","21"
"D:\OneDrive\VS\Projects\DocxDocument\DocumentModel.InOpenXml\Drawings\Hyperlinks\HyperlinkOnClick.cs","HyperlinkExtensionList","22"
"D:\OneDrive\VS\Projects\DocxDocument\DocumentModel.InOpenXml\Drawings\Hyperlinks\HyperlinkOnClick.cs","HyperlinkSound","15"
"D:\OneDrive\VS\Projects\DocxDocument\DocumentModel.InOpenXml\Drawings\Hyperlinks\HyperlinkOnHover.cs","HyperlinkExtensionList","22"
"D:\OneDrive\VS\Projects\DocxDocument\DocumentModel.InOpenXml\Drawings\Hyperlinks\HyperlinkOnHover.cs","HyperlinkSound","15"
"D:\OneDrive\VS\Projects\DocxDocument\DocumentModel.InOpenXml\Drawings\Hyperlinks\HyperlinkOnMouseOver.cs","HyperlinkExtensionList","22"
"D:\OneDrive\VS\Projects\DocxDocument\DocumentModel.InOpenXml\Drawings\Hyperlinks\HyperlinkOnMouseOver.cs","HyperlinkSound","15"
"D:\OneDrive\VS\Projects\DocxDocument\DocumentModel.InOpenXml\Drawings\Hyperlinks\HyperlinkType.cs","Action","29"
"D:\OneDrive\VS\Projects\DocxDocument\DocumentModel.InOpenXml\Drawings\Hyperlinks\HyperlinkType.cs","EndSound","64"
"D:\OneDrive\VS\Projects\DocxDocument\DocumentModel.InOpenXml\Drawings\Hyperlinks\HyperlinkType.cs","HighlightClick","57"
"D:\OneDrive\VS\Projects\DocxDocument\DocumentModel.InOpenXml\Drawings\Hyperlinks\HyperlinkType.cs","History","50"
"D:\OneDrive\VS\Projects\DocxDocument\DocumentModel.InOpenXml\Drawings\Hyperlinks\HyperlinkType.cs","HyperlinkExtensionList","78"
"D:\OneDrive\VS\Projects\DocxDocument\DocumentModel.InOpenXml\Drawings\Hyperlinks\HyperlinkType.cs","HyperlinkSound","71"
"D:\OneDrive\VS\Projects\DocxDocument\DocumentModel.InOpenXml\Drawings\Hyperlinks\HyperlinkType.cs","Id","15"
"D:\OneDrive\VS\Projects\DocxDocument\DocumentModel.InOpenXml\Drawings\Hyperlinks\HyperlinkType.cs","InvalidUrl","22"
"D:\OneDrive\VS\Projects\DocxDocument\DocumentModel.InOpenXml\Drawings\Hyperlinks\HyperlinkType.cs","TargetFrame","36"
"D:\OneDrive\VS\Projects\DocxDocument\DocumentModel.InOpenXml\Drawings\Hyperlinks\HyperlinkType.cs","Tooltip","43"
"D:\OneDrive\VS\Projects\DocxDocument\DocumentModel.InOpenXml\Drawings\Image properties\BrightnessContrast.cs","Bright","14"
"D:\OneDrive\VS\Projects\DocxDocument\DocumentModel.InOpenXml\Drawings\Image properties\BrightnessContrast.cs","Contrast","21"
"D:\OneDrive\VS\Projects\DocxDocument\DocumentModel.InOpenXml\Drawings\Image properties\ColorTemperature.cs","ColorTemperatureValue","14"
"D:\OneDrive\VS\Projects\DocxDocument\DocumentModel.InOpenXml\Drawings\Image properties\ImageEffect.cs","ArtisticBlur","21"
"D:\OneDrive\VS\Projects\DocxDocument\DocumentModel.InOpenXml\Drawings\Image properties\ImageEffect.cs","ArtisticCement","28"
"D:\OneDrive\VS\Projects\DocxDocument\DocumentModel.InOpenXml\Drawings\Image properties\ImageEffect.cs","ArtisticChalkSketch","35"
"D:\OneDrive\VS\Projects\DocxDocument\DocumentModel.InOpenXml\Drawings\Image properties\ImageEffect.cs","ArtisticCrisscrossEtching","42"
"D:\OneDrive\VS\Projects\DocxDocument\DocumentModel.InOpenXml\Drawings\Image properties\ImageEffect.cs","ArtisticCutout","49"
"D:\OneDrive\VS\Projects\DocxDocument\DocumentModel.InOpenXml\Drawings\Image properties\ImageEffect.cs","ArtisticFilmGrain","56"
"D:\OneDrive\VS\Projects\DocxDocument\DocumentModel.InOpenXml\Drawings\Image properties\ImageEffect.cs","ArtisticGlass","63"
"D:\OneDrive\VS\Projects\DocxDocument\DocumentModel.InOpenXml\Drawings\Image properties\ImageEffect.cs","ArtisticGlowDiffused","70"
"D:\OneDrive\VS\Projects\DocxDocument\DocumentModel.InOpenXml\Drawings\Image properties\ImageEffect.cs","ArtisticGlowEdges","77"
"D:\OneDrive\VS\Projects\DocxDocument\DocumentModel.InOpenXml\Drawings\Image properties\ImageEffect.cs","ArtisticLightScreen","84"
"D:\OneDrive\VS\Projects\DocxDocument\DocumentModel.InOpenXml\Drawings\Image properties\ImageEffect.cs","ArtisticLineDrawing","91"
"D:\OneDrive\VS\Projects\DocxDocument\DocumentModel.InOpenXml\Drawings\Image properties\ImageEffect.cs","ArtisticMarker","98"
"D:\OneDrive\VS\Projects\DocxDocument\DocumentModel.InOpenXml\Drawings\Image properties\ImageEffect.cs","ArtisticMosaicBubbles","105"
"D:\OneDrive\VS\Projects\DocxDocument\DocumentModel.InOpenXml\Drawings\Image properties\ImageEffect.cs","ArtisticPaintBrush","119"
"D:\OneDrive\VS\Projects\DocxDocument\DocumentModel.InOpenXml\Drawings\Image properties\ImageEffect.cs","ArtisticPaintStrokes","112"
"D:\OneDrive\VS\Projects\DocxDocument\DocumentModel.InOpenXml\Drawings\Image properties\ImageEffect.cs","ArtisticPastelsSmooth","126"
"D:\OneDrive\VS\Projects\DocxDocument\DocumentModel.InOpenXml\Drawings\Image properties\ImageEffect.cs","ArtisticPencilGrayscale","133"
"D:\OneDrive\VS\Projects\DocxDocument\DocumentModel.InOpenXml\Drawings\Image properties\ImageEffect.cs","ArtisticPencilSketch","140"
"D:\OneDrive\VS\Projects\DocxDocument\DocumentModel.InOpenXml\Drawings\Image properties\ImageEffect.cs","ArtisticPhotocopy","147"
"D:\OneDrive\VS\Projects\DocxDocument\DocumentModel.InOpenXml\Drawings\Image properties\ImageEffect.cs","ArtisticPlasticWrap","154"
"D:\OneDrive\VS\Projects\DocxDocument\DocumentModel.InOpenXml\Drawings\Image properties\ImageEffect.cs","ArtisticTexturizer","161"
"D:\OneDrive\VS\Projects\DocxDocument\DocumentModel.InOpenXml\Drawings\Image properties\ImageEffect.cs","ArtisticWatercolorSponge","168"
"D:\OneDrive\VS\Projects\DocxDocument\DocumentModel.InOpenXml\Drawings\Image properties\ImageEffect.cs","BackgroundRemoval","175"
"D:\OneDrive\VS\Projects\DocxDocument\DocumentModel.InOpenXml\Drawings\Image properties\ImageEffect.cs","BrightnessContrast","182"
"D:\OneDrive\VS\Projects\DocxDocument\DocumentModel.InOpenXml\Drawings\Image properties\ImageEffect.cs","ColorTemperature","189"
"D:\OneDrive\VS\Projects\DocxDocument\DocumentModel.InOpenXml\Drawings\Image properties\ImageEffect.cs","Saturation","196"
"D:\OneDrive\VS\Projects\DocxDocument\DocumentModel.InOpenXml\Drawings\Image properties\ImageEffect.cs","SharpenSoften","203"
"D:\OneDrive\VS\Projects\DocxDocument\DocumentModel.InOpenXml\Drawings\Image properties\ImageEffect.cs","Visible","14"
"D:\OneDrive\VS\Projects\DocxDocument\DocumentModel.InOpenXml\Drawings\Image properties\ImageProperties.cs","ImageLayer","14"
"D:\OneDrive\VS\Projects\DocxDocument\DocumentModel.InOpenXml\Drawings\Line properties\DashStop.cs","DashLength","14"
"D:\OneDrive\VS\Projects\DocxDocument\DocumentModel.InOpenXml\Drawings\Line properties\DashStop.cs","SpaceLength","21"
"D:\OneDrive\VS\Projects\DocxDocument\DocumentModel.InOpenXml\Drawings\Line properties\HiddenLineProperties.cs","Alignment","35"
"D:\OneDrive\VS\Projects\DocxDocument\DocumentModel.InOpenXml\Drawings\Line properties\HiddenLineProperties.cs","CapType","21"
"D:\OneDrive\VS\Projects\DocxDocument\DocumentModel.InOpenXml\Drawings\Line properties\HiddenLineProperties.cs","CompoundLineType","28"
"D:\OneDrive\VS\Projects\DocxDocument\DocumentModel.InOpenXml\Drawings\Line properties\HiddenLineProperties.cs","Width","14"
"D:\OneDrive\VS\Projects\DocxDocument\DocumentModel.InOpenXml\Drawings\Line properties\LineDefault.cs","BodyProperties","21"
"D:\OneDrive\VS\Projects\DocxDocument\DocumentModel.InOpenXml\Drawings\Line properties\LineDefault.cs","ExtensionList","42"
"D:\OneDrive\VS\Projects\DocxDocument\DocumentModel.InOpenXml\Drawings\Line properties\LineDefault.cs","ListStyle","28"
"D:\OneDrive\VS\Projects\DocxDocument\DocumentModel.InOpenXml\Drawings\Line properties\LineDefault.cs","ShapeProperties","14"
"D:\OneDrive\VS\Projects\DocxDocument\DocumentModel.InOpenXml\Drawings\Line properties\LineDefault.cs","ShapeStyle","35"
"D:\OneDrive\VS\Projects\DocxDocument\DocumentModel.InOpenXml\Drawings\Line properties\LinePropertiesExtension.cs","Uri","20"
"D:\OneDrive\VS\Projects\DocxDocument\DocumentModel.InOpenXml\Drawings\Line properties\LineSketchStyleProperties.cs","Sd","15"
"D:\OneDrive\VS\Projects\DocxDocument\DocumentModel.InOpenXml\Drawings\Non-visual properties\ClassificationOutcome.cs","ClassificationOutcomeType","14"
"D:\OneDrive\VS\Projects\DocxDocument\DocumentModel.InOpenXml\Drawings\Non-visual properties\ContentPartLocks.cs","NoAdjustHandles","64"
"D:\OneDrive\VS\Projects\DocxDocument\DocumentModel.InOpenXml\Drawings\Non-visual properties\ContentPartLocks.cs","NoChangeArrowheads","71"
"D:\OneDrive\VS\Projects\DocxDocument\DocumentModel.InOpenXml\Drawings\Non-visual properties\ContentPartLocks.cs","NoChangeAspect","36"
"D:\OneDrive\VS\Projects\DocxDocument\DocumentModel.InOpenXml\Drawings\Non-visual properties\ContentPartLocks.cs","NoChangeShapeType","78"
"D:\OneDrive\VS\Projects\DocxDocument\DocumentModel.InOpenXml\Drawings\Non-visual properties\ContentPartLocks.cs","NoEditPoints","57"
"D:\OneDrive\VS\Projects\DocxDocument\DocumentModel.InOpenXml\Drawings\Non-visual properties\ContentPartLocks.cs","NoGrouping","15"
"D:\OneDrive\VS\Projects\DocxDocument\DocumentModel.InOpenXml\Drawings\Non-visual properties\ContentPartLocks.cs","NoMove","43"
"D:\OneDrive\VS\Projects\DocxDocument\DocumentModel.InOpenXml\Drawings\Non-visual properties\ContentPartLocks.cs","NoResize","50"
"D:\OneDrive\VS\Projects\DocxDocument\DocumentModel.InOpenXml\Drawings\Non-visual properties\ContentPartLocks.cs","NoRotation","29"
"D:\OneDrive\VS\Projects\DocxDocument\DocumentModel.InOpenXml\Drawings\Non-visual properties\ContentPartLocks.cs","NoSelection","22"
"D:\OneDrive\VS\Projects\DocxDocument\DocumentModel.InOpenXml\Drawings\Non-visual properties\ContentPartLocks.cs","OfficeArtExtensionList","85"
"D:\OneDrive\VS\Projects\DocxDocument\DocumentModel.InOpenXml\Drawings\Non-visual properties\CreationId.cs","Id","14"
"D:\OneDrive\VS\Projects\DocxDocument\DocumentModel.InOpenXml\Drawings\Non-visual properties\GroupShapeLocks.cs","ExtensionList","63"
"D:\OneDrive\VS\Projects\DocxDocument\DocumentModel.InOpenXml\Drawings\Non-visual properties\GroupShapeLocks.cs","NoChangeAspect","42"
"D:\OneDrive\VS\Projects\DocxDocument\DocumentModel.InOpenXml\Drawings\Non-visual properties\GroupShapeLocks.cs","NoGrouping","14"
"D:\OneDrive\VS\Projects\DocxDocument\DocumentModel.InOpenXml\Drawings\Non-visual properties\GroupShapeLocks.cs","NoMove","49"
"D:\OneDrive\VS\Projects\DocxDocument\DocumentModel.InOpenXml\Drawings\Non-visual properties\GroupShapeLocks.cs","NoResize","56"
"D:\OneDrive\VS\Projects\DocxDocument\DocumentModel.InOpenXml\Drawings\Non-visual properties\GroupShapeLocks.cs","NoRotation","35"
"D:\OneDrive\VS\Projects\DocxDocument\DocumentModel.InOpenXml\Drawings\Non-visual properties\GroupShapeLocks.cs","NoSelection","28"
"D:\OneDrive\VS\Projects\DocxDocument\DocumentModel.InOpenXml\Drawings\Non-visual properties\GroupShapeLocks.cs","NoUngrouping","21"
"D:\OneDrive\VS\Projects\DocxDocument\DocumentModel.InOpenXml\Drawings\Non-visual properties\LiveFeedProperties.cs","LiveFeedBackgroundProperties","15"
"D:\OneDrive\VS\Projects\DocxDocument\DocumentModel.InOpenXml\Drawings\Non-visual properties\LiveFeedProperties.cs","OfficeArtExtensionList","22"
"D:\OneDrive\VS\Projects\DocxDocument\DocumentModel.InOpenXml\Drawings\Non-visual properties\NonVisualDrawingProperties.cs","Description","28"
"D:\OneDrive\VS\Projects\DocxDocument\DocumentModel.InOpenXml\Drawings\Non-visual properties\NonVisualDrawingProperties.cs","Hidden","35"
"D:\OneDrive\VS\Projects\DocxDocument\DocumentModel.InOpenXml\Drawings\Non-visual properties\NonVisualDrawingProperties.cs","HyperlinkOnClick","49"
"D:\OneDrive\VS\Projects\DocxDocument\DocumentModel.InOpenXml\Drawings\Non-visual properties\NonVisualDrawingProperties.cs","HyperlinkOnHover","56"
"D:\OneDrive\VS\Projects\DocxDocument\DocumentModel.InOpenXml\Drawings\Non-visual properties\NonVisualDrawingProperties.cs","Id","14"
"D:\OneDrive\VS\Projects\DocxDocument\DocumentModel.InOpenXml\Drawings\Non-visual properties\NonVisualDrawingProperties.cs","Name","21"
"D:\OneDrive\VS\Projects\DocxDocument\DocumentModel.InOpenXml\Drawings\Non-visual properties\NonVisualDrawingProperties.cs","NonVisualDrawingPropertiesExtensionList","63"
"D:\OneDrive\VS\Projects\DocxDocument\DocumentModel.InOpenXml\Drawings\Non-visual properties\NonVisualDrawingProperties.cs","Title","42"
"D:\OneDrive\VS\Projects\DocxDocument\DocumentModel.InOpenXml\Drawings\Non-visual properties\NonVisualDrawingPropertiesExtension.cs","Uri","58"
"D:\OneDrive\VS\Projects\DocxDocument\DocumentModel.InOpenXml\Drawings\Non-visual properties\NonVisualDrawingPropertiesExtensionList.cs","Uri","58"
"D:\OneDrive\VS\Projects\DocxDocument\DocumentModel.InOpenXml\Drawings\Non-visual properties\NonVisualDrawingShapeProperties.cs","ExtensionList","28"
"D:\OneDrive\VS\Projects\DocxDocument\DocumentModel.InOpenXml\Drawings\Non-visual properties\NonVisualDrawingShapeProperties.cs","ShapeLocks","21"
"D:\OneDrive\VS\Projects\DocxDocument\DocumentModel.InOpenXml\Drawings\Non-visual properties\NonVisualDrawingShapeProperties.cs","TextBox","14"
"D:\OneDrive\VS\Projects\DocxDocument\DocumentModel.InOpenXml\Drawings\Non-visual properties\NonVisualGroupDrawingShapeProperties.cs","GroupShapeLocks","14"
"D:\OneDrive\VS\Projects\DocxDocument\DocumentModel.InOpenXml\Drawings\Non-visual properties\NonVisualGroupDrawingShapeProperties.cs","NonVisualGroupDrawingShapePropsExtensionList","21"
"D:\OneDrive\VS\Projects\DocxDocument\DocumentModel.InOpenXml\Drawings\Non-visual properties\NonVisualGroupDrawingShapePropsExtension.cs","Uri","21"
"D:\OneDrive\VS\Projects\DocxDocument\DocumentModel.InOpenXml\Drawings\Non-visual properties\NonVisualGroupProperties.cs","IsLegacyGroup","14"
"D:\OneDrive\VS\Projects\DocxDocument\DocumentModel.InOpenXml\Drawings\Non-visual properties\NonVisualPicturePropertiesExtension.cs","Uri","39"
"D:\OneDrive\VS\Projects\DocxDocument\DocumentModel.InOpenXml\Drawings\Non-visual properties\ObjectProperties.cs","Id","14"
"D:\OneDrive\VS\Projects\DocxDocument\DocumentModel.InOpenXml\Drawings\Non-visual properties\ObjectProperties.cs","IsActiveX","21"
"D:\OneDrive\VS\Projects\DocxDocument\DocumentModel.InOpenXml\Drawings\Non-visual properties\ObjectProperties.cs","LinkType","28"
"D:\OneDrive\VS\Projects\DocxDocument\DocumentModel.InOpenXml\Drawings\Non-visual properties\PictureLocks.cs","ExtensionList","91"
"D:\OneDrive\VS\Projects\DocxDocument\DocumentModel.InOpenXml\Drawings\Non-visual properties\PictureLocks.cs","NoAdjustHandles","63"
"D:\OneDrive\VS\Projects\DocxDocument\DocumentModel.InOpenXml\Drawings\Non-visual properties\PictureLocks.cs","NoChangeArrowheads","70"
"D:\OneDrive\VS\Projects\DocxDocument\DocumentModel.InOpenXml\Drawings\Non-visual properties\PictureLocks.cs","NoChangeAspect","35"
"D:\OneDrive\VS\Projects\DocxDocument\DocumentModel.InOpenXml\Drawings\Non-visual properties\PictureLocks.cs","NoChangeShapeType","77"
"D:\OneDrive\VS\Projects\DocxDocument\DocumentModel.InOpenXml\Drawings\Non-visual properties\PictureLocks.cs","NoCrop","84"
"D:\OneDrive\VS\Projects\DocxDocument\DocumentModel.InOpenXml\Drawings\Non-visual properties\PictureLocks.cs","NoEditPoints","56"
"D:\OneDrive\VS\Projects\DocxDocument\DocumentModel.InOpenXml\Drawings\Non-visual properties\PictureLocks.cs","NoGrouping","14"
"D:\OneDrive\VS\Projects\DocxDocument\DocumentModel.InOpenXml\Drawings\Non-visual properties\PictureLocks.cs","NoMove","42"
"D:\OneDrive\VS\Projects\DocxDocument\DocumentModel.InOpenXml\Drawings\Non-visual properties\PictureLocks.cs","NoResize","49"
"D:\OneDrive\VS\Projects\DocxDocument\DocumentModel.InOpenXml\Drawings\Non-visual properties\PictureLocks.cs","NoRotation","28"
"D:\OneDrive\VS\Projects\DocxDocument\DocumentModel.InOpenXml\Drawings\Non-visual properties\PictureLocks.cs","NoSelection","21"
"D:\OneDrive\VS\Projects\DocxDocument\DocumentModel.InOpenXml\Drawings\Non-visual properties\ScriptLink.cs","OfficeArtExtensionList","21"
"D:\OneDrive\VS\Projects\DocxDocument\DocumentModel.InOpenXml\Drawings\Non-visual properties\ScriptLink.cs","Val","14"
"D:\OneDrive\VS\Projects\DocxDocument\DocumentModel.InOpenXml\Drawings\Non-visual properties\SignatureLine.cs","AdditionalXml","84"
"D:\OneDrive\VS\Projects\DocxDocument\DocumentModel.InOpenXml\Drawings\Non-visual properties\SignatureLine.cs","AllowComments","42"
"D:\OneDrive\VS\Projects\DocxDocument\DocumentModel.InOpenXml\Drawings\Non-visual properties\SignatureLine.cs","Id","21"
"D:\OneDrive\VS\Projects\DocxDocument\DocumentModel.InOpenXml\Drawings\Non-visual properties\SignatureLine.cs","IsSignatureLine","14"
"D:\OneDrive\VS\Projects\DocxDocument\DocumentModel.InOpenXml\Drawings\Non-visual properties\SignatureLine.cs","ProviderId","28"
"D:\OneDrive\VS\Projects\DocxDocument\DocumentModel.InOpenXml\Drawings\Non-visual properties\SignatureLine.cs","ShowSignDate","49"
"D:\OneDrive\VS\Projects\DocxDocument\DocumentModel.InOpenXml\Drawings\Non-visual properties\SignatureLine.cs","SignatureProviderUrl","91"
"D:\OneDrive\VS\Projects\DocxDocument\DocumentModel.InOpenXml\Drawings\Non-visual properties\SignatureLine.cs","SigningInstructions","77"
"D:\OneDrive\VS\Projects\DocxDocument\DocumentModel.InOpenXml\Drawings\Non-visual properties\SignatureLine.cs","SigningInstructionsSet","35"
"D:\OneDrive\VS\Projects\DocxDocument\DocumentModel.InOpenXml\Drawings\Non-visual properties\SignatureLine.cs","SuggestedSigner","56"
"D:\OneDrive\VS\Projects\DocxDocument\DocumentModel.InOpenXml\Drawings\Non-visual properties\SignatureLine.cs","SuggestedSigner2","63"
"D:\OneDrive\VS\Projects\DocxDocument\DocumentModel.InOpenXml\Drawings\Non-visual properties\SignatureLine.cs","SuggestedSignerEmail","70"
"D:\OneDrive\VS\Projects\DocxDocument\DocumentModel.InOpenXml\Drawings\Shape properties\DefaultShapeDefinitionType.cs","BodyProperties","21"
"D:\OneDrive\VS\Projects\DocxDocument\DocumentModel.InOpenXml\Drawings\Shape properties\DefaultShapeDefinitionType.cs","ExtensionList","42"
"D:\OneDrive\VS\Projects\DocxDocument\DocumentModel.InOpenXml\Drawings\Shape properties\DefaultShapeDefinitionType.cs","ListStyle","28"
"D:\OneDrive\VS\Projects\DocxDocument\DocumentModel.InOpenXml\Drawings\Shape properties\DefaultShapeDefinitionType.cs","ShapeProperties","14"
"D:\OneDrive\VS\Projects\DocxDocument\DocumentModel.InOpenXml\Drawings\Shape properties\DefaultShapeDefinitionType.cs","ShapeStyle","35"
"D:\OneDrive\VS\Projects\DocxDocument\DocumentModel.InOpenXml\Drawings\Shape properties\Point2DType.cs","X","14"
"D:\OneDrive\VS\Projects\DocxDocument\DocumentModel.InOpenXml\Drawings\Shape properties\Point2DType.cs","Y","21"
"D:\OneDrive\VS\Projects\DocxDocument\DocumentModel.InOpenXml\Drawings\Shape properties\PositiveSize2DType.cs","Cx","14"
"D:\OneDrive\VS\Projects\DocxDocument\DocumentModel.InOpenXml\Drawings\Shape properties\PositiveSize2DType.cs","Cy","21"
"D:\OneDrive\VS\Projects\DocxDocument\DocumentModel.InOpenXml\Drawings\Shape properties\PresetGeometry.cs","AdjustValueList","21"
"D:\OneDrive\VS\Projects\DocxDocument\DocumentModel.InOpenXml\Drawings\Shape properties\PresetGeometry.cs","Preset","14"
"D:\OneDrive\VS\Projects\DocxDocument\DocumentModel.InOpenXml\Drawings\Shape properties\PresetShadow.cs","Color","35"
"D:\OneDrive\VS\Projects\DocxDocument\DocumentModel.InOpenXml\Drawings\Shape properties\PresetShadow.cs","Direction","28"
"D:\OneDrive\VS\Projects\DocxDocument\DocumentModel.InOpenXml\Drawings\Shape properties\PresetShadow.cs","Distance","21"
"D:\OneDrive\VS\Projects\DocxDocument\DocumentModel.InOpenXml\Drawings\Shape properties\PresetShadow.cs","Preset","14"
"D:\OneDrive\VS\Projects\DocxDocument\DocumentModel.InOpenXml\Drawings\Shape properties\ShapeDefault.cs","BodyProperties","21"
"D:\OneDrive\VS\Projects\DocxDocument\DocumentModel.InOpenXml\Drawings\Shape properties\ShapeDefault.cs","ExtensionList","42"
"D:\OneDrive\VS\Projects\DocxDocument\DocumentModel.InOpenXml\Drawings\Shape properties\ShapeDefault.cs","ListStyle","28"
"D:\OneDrive\VS\Projects\DocxDocument\DocumentModel.InOpenXml\Drawings\Shape properties\ShapeDefault.cs","ShapeProperties","14"
"D:\OneDrive\VS\Projects\DocxDocument\DocumentModel.InOpenXml\Drawings\Shape properties\ShapeDefault.cs","ShapeStyle","35"
"D:\OneDrive\VS\Projects\DocxDocument\DocumentModel.InOpenXml\Drawings\Shape properties\ShapeGuide.cs","Formula","21"
"D:\OneDrive\VS\Projects\DocxDocument\DocumentModel.InOpenXml\Drawings\Shape properties\ShapeGuide.cs","Name","14"
"D:\OneDrive\VS\Projects\DocxDocument\DocumentModel.InOpenXml\Drawings\Shape properties\ShapeLocks.cs","ExtensionList","91"
"D:\OneDrive\VS\Projects\DocxDocument\DocumentModel.InOpenXml\Drawings\Shape properties\ShapeLocks.cs","NoAdjustHandles","63"
"D:\OneDrive\VS\Projects\DocxDocument\DocumentModel.InOpenXml\Drawings\Shape properties\ShapeLocks.cs","NoChangeArrowheads","70"
"D:\OneDrive\VS\Projects\DocxDocument\DocumentModel.InOpenXml\Drawings\Shape properties\ShapeLocks.cs","NoChangeAspect","35"
"D:\OneDrive\VS\Projects\DocxDocument\DocumentModel.InOpenXml\Drawings\Shape properties\ShapeLocks.cs","NoChangeShapeType","77"
"D:\OneDrive\VS\Projects\DocxDocument\DocumentModel.InOpenXml\Drawings\Shape properties\ShapeLocks.cs","NoEditPoints","56"
"D:\OneDrive\VS\Projects\DocxDocument\DocumentModel.InOpenXml\Drawings\Shape properties\ShapeLocks.cs","NoGrouping","14"
"D:\OneDrive\VS\Projects\DocxDocument\DocumentModel.InOpenXml\Drawings\Shape properties\ShapeLocks.cs","NoMove","42"
"D:\OneDrive\VS\Projects\DocxDocument\DocumentModel.InOpenXml\Drawings\Shape properties\ShapeLocks.cs","NoResize","49"
"D:\OneDrive\VS\Projects\DocxDocument\DocumentModel.InOpenXml\Drawings\Shape properties\ShapeLocks.cs","NoRotation","28"
"D:\OneDrive\VS\Projects\DocxDocument\DocumentModel.InOpenXml\Drawings\Shape properties\ShapeLocks.cs","NoSelection","21"
"D:\OneDrive\VS\Projects\DocxDocument\DocumentModel.InOpenXml\Drawings\Shape properties\ShapeLocks.cs","NoTextEdit","84"
"D:\OneDrive\VS\Projects\DocxDocument\DocumentModel.InOpenXml\Drawings\Shape properties\ShapeProperties.cs","BlackWhiteMode","14"
"D:\OneDrive\VS\Projects\DocxDocument\DocumentModel.InOpenXml\Drawings\Shape properties\ShapeProperties.cs","Transform2D","21"
"D:\OneDrive\VS\Projects\DocxDocument\DocumentModel.InOpenXml\Drawings\Shape properties\ShapePropertiesExtension.cs","Uri","50"
"D:\OneDrive\VS\Projects\DocxDocument\DocumentModel.InOpenXml\Drawings\Shape properties\ShapeStyle.cs","EffectReference","28"
"D:\OneDrive\VS\Projects\DocxDocument\DocumentModel.InOpenXml\Drawings\Shape properties\ShapeStyle.cs","FillReference","21"
"D:\OneDrive\VS\Projects\DocxDocument\DocumentModel.InOpenXml\Drawings\Shape properties\ShapeStyle.cs","FontReference","35"
"D:\OneDrive\VS\Projects\DocxDocument\DocumentModel.InOpenXml\Drawings\Shape properties\ShapeStyle.cs","LineReference","14"
"D:\OneDrive\VS\Projects\DocxDocument\DocumentModel.InOpenXml\Drawings\Shape properties\Transform2D.cs","Extents","41"
"D:\OneDrive\VS\Projects\DocxDocument\DocumentModel.InOpenXml\Drawings\Shape properties\Transform2D.cs","HorizontalFlip","20"
"D:\OneDrive\VS\Projects\DocxDocument\DocumentModel.InOpenXml\Drawings\Shape properties\Transform2D.cs","Offset","34"
"D:\OneDrive\VS\Projects\DocxDocument\DocumentModel.InOpenXml\Drawings\Shape properties\Transform2D.cs","Rotation","13"
"D:\OneDrive\VS\Projects\DocxDocument\DocumentModel.InOpenXml\Drawings\Shape properties\Transform2D.cs","VerticalFlip","27"
"D:\OneDrive\VS\Projects\DocxDocument\DocumentModel.InOpenXml\Drawings\Shape properties\TransformGroup.cs","ChildExtents","56"
"D:\OneDrive\VS\Projects\DocxDocument\DocumentModel.InOpenXml\Drawings\Shape properties\TransformGroup.cs","ChildOffset","49"
"D:\OneDrive\VS\Projects\DocxDocument\DocumentModel.InOpenXml\Drawings\Shape properties\TransformGroup.cs","Extents","42"
"D:\OneDrive\VS\Projects\DocxDocument\DocumentModel.InOpenXml\Drawings\Shape properties\TransformGroup.cs","HorizontalFlip","21"
"D:\OneDrive\VS\Projects\DocxDocument\DocumentModel.InOpenXml\Drawings\Shape properties\TransformGroup.cs","Offset","35"
"D:\OneDrive\VS\Projects\DocxDocument\DocumentModel.InOpenXml\Drawings\Shape properties\TransformGroup.cs","Rotation","14"
"D:\OneDrive\VS\Projects\DocxDocument\DocumentModel.InOpenXml\Drawings\Shape properties\TransformGroup.cs","VerticalFlip","28"
"D:\OneDrive\VS\Projects\DocxDocument\DocumentModel.InOpenXml\Drawings\Text elements and properties\DefaultRunProperties.cs","Outline","14"
"D:\OneDrive\VS\Projects\DocxDocument\DocumentModel.InOpenXml\Drawings\Text elements and properties\DefaultRunProperties.cs","Underline","51"
"D:\OneDrive\VS\Projects\DocxDocument\DocumentModel.InOpenXml\Drawings\Text elements and properties\EndParagraphRunProperties.cs","Outline","16"
"D:\OneDrive\VS\Projects\DocxDocument\DocumentModel.InOpenXml\Drawings\Text elements and properties\EndParagraphRunProperties.cs","Underline","53"
"D:\OneDrive\VS\Projects\DocxDocument\DocumentModel.InOpenXml\Drawings\Text elements and properties\Field.cs","Id","18"
"D:\OneDrive\VS\Projects\DocxDocument\DocumentModel.InOpenXml\Drawings\Text elements and properties\Field.cs","ParagraphProperties","39"
"D:\OneDrive\VS\Projects\DocxDocument\DocumentModel.InOpenXml\Drawings\Text elements and properties\Field.cs","RunProperties","32"
"D:\OneDrive\VS\Projects\DocxDocument\DocumentModel.InOpenXml\Drawings\Text elements and properties\Field.cs","Text","46"
"D:\OneDrive\VS\Projects\DocxDocument\DocumentModel.InOpenXml\Drawings\Text elements and properties\Field.cs","Type","25"
"D:\OneDrive\VS\Projects\DocxDocument\DocumentModel.InOpenXml\Drawings\Text elements and properties\FontCollectionType.cs","ComplexScriptFont","27"
"D:\OneDrive\VS\Projects\DocxDocument\DocumentModel.InOpenXml\Drawings\Text elements and properties\FontCollectionType.cs","EastAsianFont","20"
"D:\OneDrive\VS\Projects\DocxDocument\DocumentModel.InOpenXml\Drawings\Text elements and properties\FontCollectionType.cs","LatinFont","13"
"D:\OneDrive\VS\Projects\DocxDocument\DocumentModel.InOpenXml\Drawings\Text elements and properties\FontReference.cs","Color","21"
"D:\OneDrive\VS\Projects\DocxDocument\DocumentModel.InOpenXml\Drawings\Text elements and properties\FontReference.cs","Index","14"
"D:\OneDrive\VS\Projects\DocxDocument\DocumentModel.InOpenXml\Drawings\Text elements and properties\FontScheme.cs","ExtensionList","37"
"D:\OneDrive\VS\Projects\DocxDocument\DocumentModel.InOpenXml\Drawings\Text elements and properties\FontScheme.cs","MajorFont","23"
"D:\OneDrive\VS\Projects\DocxDocument\DocumentModel.InOpenXml\Drawings\Text elements and properties\FontScheme.cs","MinorFont","30"
"D:\OneDrive\VS\Projects\DocxDocument\DocumentModel.InOpenXml\Drawings\Text elements and properties\NormalAutoFit.cs","FontScale","14"
"D:\OneDrive\VS\Projects\DocxDocument\DocumentModel.InOpenXml\Drawings\Text elements and properties\NormalAutoFit.cs","LineSpaceReduction","21"
"D:\OneDrive\VS\Projects\DocxDocument\DocumentModel.InOpenXml\Drawings\Text elements and properties\Paragraph.cs","ParagraphProperties","14"
"D:\OneDrive\VS\Projects\DocxDocument\DocumentModel.InOpenXml\Drawings\Text elements and properties\ParagraphProperties.cs","Alignment","42"
"D:\OneDrive\VS\Projects\DocxDocument\DocumentModel.InOpenXml\Drawings\Text elements and properties\ParagraphProperties.cs","DefaultTabSize","49"
"D:\OneDrive\VS\Projects\DocxDocument\DocumentModel.InOpenXml\Drawings\Text elements and properties\ParagraphProperties.cs","EastAsianLineBreak","63"
"D:\OneDrive\VS\Projects\DocxDocument\DocumentModel.InOpenXml\Drawings\Text elements and properties\ParagraphProperties.cs","FontAlignment","70"
"D:\OneDrive\VS\Projects\DocxDocument\DocumentModel.InOpenXml\Drawings\Text elements and properties\ParagraphProperties.cs","Height","84"
"D:\OneDrive\VS\Projects\DocxDocument\DocumentModel.InOpenXml\Drawings\Text elements and properties\ParagraphProperties.cs","Indent","35"
"D:\OneDrive\VS\Projects\DocxDocument\DocumentModel.InOpenXml\Drawings\Text elements and properties\ParagraphProperties.cs","LatinLineBreak","77"
"D:\OneDrive\VS\Projects\DocxDocument\DocumentModel.InOpenXml\Drawings\Text elements and properties\ParagraphProperties.cs","LeftMargin","14"
"D:\OneDrive\VS\Projects\DocxDocument\DocumentModel.InOpenXml\Drawings\Text elements and properties\ParagraphProperties.cs","Level","28"
"D:\OneDrive\VS\Projects\DocxDocument\DocumentModel.InOpenXml\Drawings\Text elements and properties\ParagraphProperties.cs","LineSpacing","91"
"D:\OneDrive\VS\Projects\DocxDocument\DocumentModel.InOpenXml\Drawings\Text elements and properties\ParagraphProperties.cs","RightMargin","21"
"D:\OneDrive\VS\Projects\DocxDocument\DocumentModel.InOpenXml\Drawings\Text elements and properties\ParagraphProperties.cs","RightToLeft","56"
"D:\OneDrive\VS\Projects\DocxDocument\DocumentModel.InOpenXml\Drawings\Text elements and properties\ParagraphProperties.cs","SpaceAfter","105"
"D:\OneDrive\VS\Projects\DocxDocument\DocumentModel.InOpenXml\Drawings\Text elements and properties\ParagraphProperties.cs","SpaceBefore","98"
"D:\OneDrive\VS\Projects\DocxDocument\DocumentModel.InOpenXml\Drawings\Text elements and properties\Run.cs","RunProperties","14"
"D:\OneDrive\VS\Projects\DocxDocument\DocumentModel.InOpenXml\Drawings\Text elements and properties\Run.cs","Text","21"
"D:\OneDrive\VS\Projects\DocxDocument\DocumentModel.InOpenXml\Drawings\Text elements and properties\RunProperties.cs","Outline","14"
"D:\OneDrive\VS\Projects\DocxDocument\DocumentModel.InOpenXml\Drawings\Text elements and properties\RunProperties.cs","Underline","51"
"D:\OneDrive\VS\Projects\DocxDocument\DocumentModel.InOpenXml\Drawings\Text elements and properties\TabStop.cs","Alignment","21"
"D:\OneDrive\VS\Projects\DocxDocument\DocumentModel.InOpenXml\Drawings\Text elements and properties\TabStop.cs","Position","14"
"D:\OneDrive\VS\Projects\DocxDocument\DocumentModel.InOpenXml\Drawings\Text elements and properties\TextCharacterPropertiesType.cs","AlternativeLanguage","40"
"D:\OneDrive\VS\Projects\DocxDocument\DocumentModel.InOpenXml\Drawings\Text elements and properties\TextCharacterPropertiesType.cs","Baseline","110"
"D:\OneDrive\VS\Projects\DocxDocument\DocumentModel.InOpenXml\Drawings\Text elements and properties\TextCharacterPropertiesType.cs","Bold","54"
"D:\OneDrive\VS\Projects\DocxDocument\DocumentModel.InOpenXml\Drawings\Text elements and properties\TextCharacterPropertiesType.cs","Bookmark","152"
"D:\OneDrive\VS\Projects\DocxDocument\DocumentModel.InOpenXml\Drawings\Text elements and properties\TextCharacterPropertiesType.cs","Capital","89"
"D:\OneDrive\VS\Projects\DocxDocument\DocumentModel.InOpenXml\Drawings\Text elements and properties\TextCharacterPropertiesType.cs","Dirty","124"
"D:\OneDrive\VS\Projects\DocxDocument\DocumentModel.InOpenXml\Drawings\Text elements and properties\TextCharacterPropertiesType.cs","FontSize","47"
"D:\OneDrive\VS\Projects\DocxDocument\DocumentModel.InOpenXml\Drawings\Text elements and properties\TextCharacterPropertiesType.cs","Italic","61"
"D:\OneDrive\VS\Projects\DocxDocument\DocumentModel.InOpenXml\Drawings\Text elements and properties\TextCharacterPropertiesType.cs","Kerning","82"
"D:\OneDrive\VS\Projects\DocxDocument\DocumentModel.InOpenXml\Drawings\Text elements and properties\TextCharacterPropertiesType.cs","Kumimoji","26"
"D:\OneDrive\VS\Projects\DocxDocument\DocumentModel.InOpenXml\Drawings\Text elements and properties\TextCharacterPropertiesType.cs","Language","33"
"D:\OneDrive\VS\Projects\DocxDocument\DocumentModel.InOpenXml\Drawings\Text elements and properties\TextCharacterPropertiesType.cs","NoProof","117"
"D:\OneDrive\VS\Projects\DocxDocument\DocumentModel.InOpenXml\Drawings\Text elements and properties\TextCharacterPropertiesType.cs","NormalizeHeight","103"
"D:\OneDrive\VS\Projects\DocxDocument\DocumentModel.InOpenXml\Drawings\Text elements and properties\TextCharacterPropertiesType.cs","Outline","159"
"D:\OneDrive\VS\Projects\DocxDocument\DocumentModel.InOpenXml\Drawings\Text elements and properties\TextCharacterPropertiesType.cs","SmartTagClean","138"
"D:\OneDrive\VS\Projects\DocxDocument\DocumentModel.InOpenXml\Drawings\Text elements and properties\TextCharacterPropertiesType.cs","SmartTagId","145"
"D:\OneDrive\VS\Projects\DocxDocument\DocumentModel.InOpenXml\Drawings\Text elements and properties\TextCharacterPropertiesType.cs","Spacing","96"
"D:\OneDrive\VS\Projects\DocxDocument\DocumentModel.InOpenXml\Drawings\Text elements and properties\TextCharacterPropertiesType.cs","SpellingError","131"
"D:\OneDrive\VS\Projects\DocxDocument\DocumentModel.InOpenXml\Drawings\Text elements and properties\TextCharacterPropertiesType.cs","Strike","75"
"D:\OneDrive\VS\Projects\DocxDocument\DocumentModel.InOpenXml\Drawings\Text elements and properties\TextCharacterPropertiesType.cs","Underline","68"
"D:\OneDrive\VS\Projects\DocxDocument\DocumentModel.InOpenXml\Drawings\Text elements and properties\TextDefault.cs","BodyProperties","21"
"D:\OneDrive\VS\Projects\DocxDocument\DocumentModel.InOpenXml\Drawings\Text elements and properties\TextDefault.cs","ExtensionList","42"
"D:\OneDrive\VS\Projects\DocxDocument\DocumentModel.InOpenXml\Drawings\Text elements and properties\TextDefault.cs","ListStyle","28"
"D:\OneDrive\VS\Projects\DocxDocument\DocumentModel.InOpenXml\Drawings\Text elements and properties\TextDefault.cs","ShapeProperties","14"
"D:\OneDrive\VS\Projects\DocxDocument\DocumentModel.InOpenXml\Drawings\Text elements and properties\TextDefault.cs","ShapeStyle","35"
"D:\OneDrive\VS\Projects\DocxDocument\DocumentModel.InOpenXml\Drawings\Text elements and properties\TextFontType.cs","Charset","36"
"D:\OneDrive\VS\Projects\DocxDocument\DocumentModel.InOpenXml\Drawings\Text elements and properties\TextFontType.cs","Panose","22"
"D:\OneDrive\VS\Projects\DocxDocument\DocumentModel.InOpenXml\Drawings\Text elements and properties\TextFontType.cs","Pitch","29"
"D:\OneDrive\VS\Projects\DocxDocument\DocumentModel.InOpenXml\Drawings\Themes\ColorScheme.cs","OfficeArtExtensionList","220"
"D:\OneDrive\VS\Projects\DocxDocument\DocumentModel.InOpenXml\Drawings\Themes\CustomColor.cs","Name","16"
"D:\OneDrive\VS\Projects\DocxDocument\DocumentModel.InOpenXml\Drawings\Themes\ExtraColorScheme.cs","ColorMap","21"
"D:\OneDrive\VS\Projects\DocxDocument\DocumentModel.InOpenXml\Drawings\Themes\ExtraColorScheme.cs","ColorScheme","14"
"D:\OneDrive\VS\Projects\DocxDocument\DocumentModel.InOpenXml\Drawings\Themes\FormatScheme.cs","BackgroundFillStyleList","42"
"D:\OneDrive\VS\Projects\DocxDocument\DocumentModel.InOpenXml\Drawings\Themes\FormatScheme.cs","EffectStyleList","35"
"D:\OneDrive\VS\Projects\DocxDocument\DocumentModel.InOpenXml\Drawings\Themes\FormatScheme.cs","FillStyleList","21"
"D:\OneDrive\VS\Projects\DocxDocument\DocumentModel.InOpenXml\Drawings\Themes\FormatScheme.cs","LineStyleList","28"
"D:\OneDrive\VS\Projects\DocxDocument\DocumentModel.InOpenXml\Drawings\Themes\FormatScheme.cs","Name","14"
"D:\OneDrive\VS\Projects\DocxDocument\DocumentModel.InOpenXml\Drawings\Themes\ObjectDefaults.cs","ExtensionList","35"
"D:\OneDrive\VS\Projects\DocxDocument\DocumentModel.InOpenXml\Drawings\Themes\ObjectDefaults.cs","LineDefault","21"
"D:\OneDrive\VS\Projects\DocxDocument\DocumentModel.InOpenXml\Drawings\Themes\ObjectDefaults.cs","ShapeDefault","14"
"D:\OneDrive\VS\Projects\DocxDocument\DocumentModel.InOpenXml\Drawings\Themes\ObjectDefaults.cs","TextDefault","28"
"D:\OneDrive\VS\Projects\DocxDocument\DocumentModel.InOpenXml\Drawings\Themes\OfficeStyleSheetExtension.cs","Uri","21"
"D:\OneDrive\VS\Projects\DocxDocument\DocumentModel.InOpenXml\Drawings\Themes\Theme.cs","CustomColorList","105"
"D:\OneDrive\VS\Projects\DocxDocument\DocumentModel.InOpenXml\Drawings\Themes\Theme.cs","ExtraColorSchemeList","94"
"D:\OneDrive\VS\Projects\DocxDocument\DocumentModel.InOpenXml\Drawings\Themes\Theme.cs","ObjectDefaults","83"
"D:\OneDrive\VS\Projects\DocxDocument\DocumentModel.InOpenXml\Drawings\Themes\Theme.cs","OfficeStyleSheetExtensionList","116"
"D:\OneDrive\VS\Projects\DocxDocument\DocumentModel.InOpenXml\Drawings\Themes\Theme.cs","ThemeElements","72"
"D:\OneDrive\VS\Projects\DocxDocument\DocumentModel.InOpenXml\Drawings\Themes\ThemeElements.cs","ColorScheme","25"
"D:\OneDrive\VS\Projects\DocxDocument\DocumentModel.InOpenXml\Drawings\Themes\ThemeElements.cs","ExtensionList","46"
"D:\OneDrive\VS\Projects\DocxDocument\DocumentModel.InOpenXml\Drawings\Themes\ThemeElements.cs","FontScheme","32"
"D:\OneDrive\VS\Projects\DocxDocument\DocumentModel.InOpenXml\Drawings\Themes\ThemeElements.cs","FormatScheme","39"
"D:\OneDrive\VS\Projects\DocxDocument\DocumentModel.InOpenXml\Drawings\Themes\ThemeFamily.cs","Id","30"
"D:\OneDrive\VS\Projects\DocxDocument\DocumentModel.InOpenXml\Drawings\Themes\ThemeFamily.cs","Name","23"
"D:\OneDrive\VS\Projects\DocxDocument\DocumentModel.InOpenXml\Drawings\Themes\ThemeFamily.cs","OfficeArtExtensionList","44"
"D:\OneDrive\VS\Projects\DocxDocument\DocumentModel.InOpenXml\Drawings\Themes\ThemeFamily.cs","Vid","37"
"D:\OneDrive\VS\Projects\DocxDocument\DocumentModel.InOpenXml\Drawings\Themes\ThemeOverride.cs","ColorScheme","14"
"D:\OneDrive\VS\Projects\DocxDocument\DocumentModel.InOpenXml\Drawings\Themes\ThemeOverride.cs","FontScheme","21"
"D:\OneDrive\VS\Projects\DocxDocument\DocumentModel.InOpenXml\Drawings\Themes\ThemeOverride.cs","FormatScheme","28"
"D:\OneDrive\VS\Projects\DocxDocument\DocumentModel.InOpenXml\Drawings\Wordprocessing\FillToRectangle.cs","Bottom","36"
"D:\OneDrive\VS\Projects\DocxDocument\DocumentModel.InOpenXml\Drawings\Wordprocessing\FillToRectangle.cs","Left","15"
"D:\OneDrive\VS\Projects\DocxDocument\DocumentModel.InOpenXml\Drawings\Wordprocessing\FillToRectangle.cs","Right","29"
"D:\OneDrive\VS\Projects\DocxDocument\DocumentModel.InOpenXml\Drawings\Wordprocessing\FillToRectangle.cs","Top","22"
"D:\OneDrive\VS\Projects\DocxDocument\DocumentModel.InOpenXml\Drawings\Wordprocessing\GradientFillProperties.cs","GradientStopList","15"
"D:\OneDrive\VS\Projects\DocxDocument\DocumentModel.InOpenXml\Drawings\Wordprocessing\PathShadeProperties.cs","FillToRectangle","22"
"D:\OneDrive\VS\Projects\DocxDocument\DocumentModel.InOpenXml\Drawings\Wordprocessing\PathShadeProperties.cs","Path","15"
"D:\OneDrive\VS\Projects\DocxDocument\DocumentModel.InOpenXml\Math\Accent.cs","AccentProperties","15"
"D:\OneDrive\VS\Projects\DocxDocument\DocumentModel.InOpenXml\Math\Accent.cs","Base","22"
"D:\OneDrive\VS\Projects\DocxDocument\DocumentModel.InOpenXml\Math\AccentProperties.cs","AccentChar","15"
"D:\OneDrive\VS\Projects\DocxDocument\DocumentModel.InOpenXml\Math\AccentProperties.cs","ControlProperties","22"
"D:\OneDrive\VS\Projects\DocxDocument\DocumentModel.InOpenXml\Math\ArgumentProperties.cs","ArgumentSize","47"
"D:\OneDrive\VS\Projects\DocxDocument\DocumentModel.InOpenXml\Math\Bar.cs","BarProperties","14"
"D:\OneDrive\VS\Projects\DocxDocument\DocumentModel.InOpenXml\Math\Bar.cs","Base","21"
"D:\OneDrive\VS\Projects\DocxDocument\DocumentModel.InOpenXml\Math\BarProperties.cs","ControlProperties","22"
"D:\OneDrive\VS\Projects\DocxDocument\DocumentModel.InOpenXml\Math\BarProperties.cs","Position","15"
"D:\OneDrive\VS\Projects\DocxDocument\DocumentModel.InOpenXml\Math\BorderBox.cs","Base","22"
"D:\OneDrive\VS\Projects\DocxDocument\DocumentModel.InOpenXml\Math\BorderBox.cs","BorderBoxProperties","15"
"D:\OneDrive\VS\Projects\DocxDocument\DocumentModel.InOpenXml\Math\BorderBoxProperties.cs","ControlProperties","70"
"D:\OneDrive\VS\Projects\DocxDocument\DocumentModel.InOpenXml\Math\BorderBoxProperties.cs","HideBottom","21"
"D:\OneDrive\VS\Projects\DocxDocument\DocumentModel.InOpenXml\Math\BorderBoxProperties.cs","HideLeft","28"
"D:\OneDrive\VS\Projects\DocxDocument\DocumentModel.InOpenXml\Math\BorderBoxProperties.cs","HideRight","35"
"D:\OneDrive\VS\Projects\DocxDocument\DocumentModel.InOpenXml\Math\BorderBoxProperties.cs","HideTop","14"
"D:\OneDrive\VS\Projects\DocxDocument\DocumentModel.InOpenXml\Math\BorderBoxProperties.cs","StrikeBottomLeftToTopRight","56"
"D:\OneDrive\VS\Projects\DocxDocument\DocumentModel.InOpenXml\Math\BorderBoxProperties.cs","StrikeHorizontal","42"
"D:\OneDrive\VS\Projects\DocxDocument\DocumentModel.InOpenXml\Math\BorderBoxProperties.cs","StrikeTopLeftToBottomRight","63"
"D:\OneDrive\VS\Projects\DocxDocument\DocumentModel.InOpenXml\Math\BorderBoxProperties.cs","StrikeVertical","49"
"D:\OneDrive\VS\Projects\DocxDocument\DocumentModel.InOpenXml\Math\Box.cs","Base","24"
"D:\OneDrive\VS\Projects\DocxDocument\DocumentModel.InOpenXml\Math\Box.cs","BoxProperties","17"
"D:\OneDrive\VS\Projects\DocxDocument\DocumentModel.InOpenXml\Math\BoxProperties.cs","Alignment","44"
"D:\OneDrive\VS\Projects\DocxDocument\DocumentModel.InOpenXml\Math\BoxProperties.cs","Break","37"
"D:\OneDrive\VS\Projects\DocxDocument\DocumentModel.InOpenXml\Math\BoxProperties.cs","ControlProperties","51"
"D:\OneDrive\VS\Projects\DocxDocument\DocumentModel.InOpenXml\Math\BoxProperties.cs","Differential","30"
"D:\OneDrive\VS\Projects\DocxDocument\DocumentModel.InOpenXml\Math\BoxProperties.cs","NoBreak","23"
"D:\OneDrive\VS\Projects\DocxDocument\DocumentModel.InOpenXml\Math\BoxProperties.cs","OperatorEmulator","16"
"D:\OneDrive\VS\Projects\DocxDocument\DocumentModel.InOpenXml\Math\Delimiter.cs","DelimiterProperties","16"
"D:\OneDrive\VS\Projects\DocxDocument\DocumentModel.InOpenXml\Math\DelimiterProperties.cs","BeginChar","15"
"D:\OneDrive\VS\Projects\DocxDocument\DocumentModel.InOpenXml\Math\DelimiterProperties.cs","ControlProperties","51"
"D:\OneDrive\VS\Projects\DocxDocument\DocumentModel.InOpenXml\Math\DelimiterProperties.cs","EndChar","29"
"D:\OneDrive\VS\Projects\DocxDocument\DocumentModel.InOpenXml\Math\DelimiterProperties.cs","GrowOperators","36"
"D:\OneDrive\VS\Projects\DocxDocument\DocumentModel.InOpenXml\Math\DelimiterProperties.cs","SeparatorChar","22"
"D:\OneDrive\VS\Projects\DocxDocument\DocumentModel.InOpenXml\Math\DelimiterProperties.cs","Shape","44"
"D:\OneDrive\VS\Projects\DocxDocument\DocumentModel.InOpenXml\Math\EquationArray.cs","EquationArrayProperties","23"
"D:\OneDrive\VS\Projects\DocxDocument\DocumentModel.InOpenXml\Math\EquationArrayProperties.cs","BaseJustification","14"
"D:\OneDrive\VS\Projects\DocxDocument\DocumentModel.InOpenXml\Math\EquationArrayProperties.cs","ControlProperties","42"
"D:\OneDrive\VS\Projects\DocxDocument\DocumentModel.InOpenXml\Math\EquationArrayProperties.cs","MaxDistribution","21"
"D:\OneDrive\VS\Projects\DocxDocument\DocumentModel.InOpenXml\Math\EquationArrayProperties.cs","ObjectDistribution","28"
"D:\OneDrive\VS\Projects\DocxDocument\DocumentModel.InOpenXml\Math\EquationArrayProperties.cs","RowSpacing","35"
"D:\OneDrive\VS\Projects\DocxDocument\DocumentModel.InOpenXml\Math\Fraction.cs","Denominator","30"
"D:\OneDrive\VS\Projects\DocxDocument\DocumentModel.InOpenXml\Math\Fraction.cs","FractionProperties","16"
"D:\OneDrive\VS\Projects\DocxDocument\DocumentModel.InOpenXml\Math\Fraction.cs","Numerator","23"
"D:\OneDrive\VS\Projects\DocxDocument\DocumentModel.InOpenXml\Math\FractionProperties.cs","ControlProperties","21"
"D:\OneDrive\VS\Projects\DocxDocument\DocumentModel.InOpenXml\Math\FractionProperties.cs","FractionType","14"
"D:\OneDrive\VS\Projects\DocxDocument\DocumentModel.InOpenXml\Math\Function.cs","Base","29"
"D:\OneDrive\VS\Projects\DocxDocument\DocumentModel.InOpenXml\Math\Function.cs","FunctionName","22"
"D:\OneDrive\VS\Projects\DocxDocument\DocumentModel.InOpenXml\Math\Function.cs","FunctionProperties","15"
"D:\OneDrive\VS\Projects\DocxDocument\DocumentModel.InOpenXml\Math\FunctionProperties.cs","ControlProperties","14"
"D:\OneDrive\VS\Projects\DocxDocument\DocumentModel.InOpenXml\Math\GroupChar.cs","Base","22"
"D:\OneDrive\VS\Projects\DocxDocument\DocumentModel.InOpenXml\Math\GroupChar.cs","GroupCharProperties","15"
"D:\OneDrive\VS\Projects\DocxDocument\DocumentModel.InOpenXml\Math\GroupCharProperties.cs","AccentChar","14"
"D:\OneDrive\VS\Projects\DocxDocument\DocumentModel.InOpenXml\Math\GroupCharProperties.cs","ControlProperties","35"
"D:\OneDrive\VS\Projects\DocxDocument\DocumentModel.InOpenXml\Math\GroupCharProperties.cs","Position","21"
"D:\OneDrive\VS\Projects\DocxDocument\DocumentModel.InOpenXml\Math\GroupCharProperties.cs","VerticalJustification","28"
"D:\OneDrive\VS\Projects\DocxDocument\DocumentModel.InOpenXml\Math\LimitLower.cs","Base","22"
"D:\OneDrive\VS\Projects\DocxDocument\DocumentModel.InOpenXml\Math\LimitLower.cs","Limit","29"
"D:\OneDrive\VS\Projects\DocxDocument\DocumentModel.InOpenXml\Math\LimitLower.cs","LimitLowerProperties","15"
"D:\OneDrive\VS\Projects\DocxDocument\DocumentModel.InOpenXml\Math\LimitLowerProperties.cs","ControlProperties","14"
"D:\OneDrive\VS\Projects\DocxDocument\DocumentModel.InOpenXml\Math\LimitUpper.cs","Base","21"
"D:\OneDrive\VS\Projects\DocxDocument\DocumentModel.InOpenXml\Math\LimitUpper.cs","Limit","28"
"D:\OneDrive\VS\Projects\DocxDocument\DocumentModel.InOpenXml\Math\LimitUpper.cs","LimitUpperProperties","14"
"D:\OneDrive\VS\Projects\DocxDocument\DocumentModel.InOpenXml\Math\LimitUpperProperties.cs","ControlProperties","14"
"D:\OneDrive\VS\Projects\DocxDocument\DocumentModel.InOpenXml\Math\MatrixColumn.cs","MatrixColumnProperties","14"
"D:\OneDrive\VS\Projects\DocxDocument\DocumentModel.InOpenXml\Math\Nary.cs","Base","36"
"D:\OneDrive\VS\Projects\DocxDocument\DocumentModel.InOpenXml\Math\Nary.cs","NaryProperties","15"
"D:\OneDrive\VS\Projects\DocxDocument\DocumentModel.InOpenXml\Math\Nary.cs","SubArgument","22"
"D:\OneDrive\VS\Projects\DocxDocument\DocumentModel.InOpenXml\Math\Nary.cs","SuperArgument","29"
"D:\OneDrive\VS\Projects\DocxDocument\DocumentModel.InOpenXml\Math\Paragraph.cs","ParagraphProperties","20"
"D:\OneDrive\VS\Projects\DocxDocument\DocumentModel.InOpenXml\Math\ParagraphProperties.cs","Justification","14"
"D:\OneDrive\VS\Projects\DocxDocument\DocumentModel.InOpenXml\Math\Phantom.cs","Base","24"
"D:\OneDrive\VS\Projects\DocxDocument\DocumentModel.InOpenXml\Math\Phantom.cs","PhantomProperties","16"
"D:\OneDrive\VS\Projects\DocxDocument\DocumentModel.InOpenXml\Math\PhantomProperties.cs","ControlProperties","77"
"D:\OneDrive\VS\Projects\DocxDocument\DocumentModel.InOpenXml\Math\PhantomProperties.cs","ShowPhantom","19"
"D:\OneDrive\VS\Projects\DocxDocument\DocumentModel.InOpenXml\Math\PhantomProperties.cs","Transparent","70"
"D:\OneDrive\VS\Projects\DocxDocument\DocumentModel.InOpenXml\Math\PhantomProperties.cs","ZeroAscent","43"
"D:\OneDrive\VS\Projects\DocxDocument\DocumentModel.InOpenXml\Math\PhantomProperties.cs","ZeroDescent","55"
"D:\OneDrive\VS\Projects\DocxDocument\DocumentModel.InOpenXml\Math\PhantomProperties.cs","ZeroWidth","31"
"D:\OneDrive\VS\Projects\DocxDocument\DocumentModel.InOpenXml\Math\PreSubSuper.cs","Base","36"
"D:\OneDrive\VS\Projects\DocxDocument\DocumentModel.InOpenXml\Math\PreSubSuper.cs","PreSubSuperProperties","14"
"D:\OneDrive\VS\Projects\DocxDocument\DocumentModel.InOpenXml\Math\PreSubSuper.cs","SubArgument","21"
"D:\OneDrive\VS\Projects\DocxDocument\DocumentModel.InOpenXml\Math\PreSubSuper.cs","SuperArgument","28"
"D:\OneDrive\VS\Projects\DocxDocument\DocumentModel.InOpenXml\Math\Radical.cs","Base","29"
"D:\OneDrive\VS\Projects\DocxDocument\DocumentModel.InOpenXml\Math\Radical.cs","Degree","21"
"D:\OneDrive\VS\Projects\DocxDocument\DocumentModel.InOpenXml\Math\Radical.cs","RadicalProperties","14"
"D:\OneDrive\VS\Projects\DocxDocument\DocumentModel.InOpenXml\Math\Run.cs","MathRunProperties","16"
"D:\OneDrive\VS\Projects\DocxDocument\DocumentModel.InOpenXml\Math\Run.cs","RunProperties","23"
"D:\OneDrive\VS\Projects\DocxDocument\DocumentModel.InOpenXml\Math\RunProperties.cs","Literal","18"
"D:\OneDrive\VS\Projects\DocxDocument\DocumentModel.InOpenXml\Math\Subscript.cs","Base","22"
"D:\OneDrive\VS\Projects\DocxDocument\DocumentModel.InOpenXml\Math\Subscript.cs","SubArgument","29"
"D:\OneDrive\VS\Projects\DocxDocument\DocumentModel.InOpenXml\Math\Subscript.cs","SubscriptProperties","14"
"D:\OneDrive\VS\Projects\DocxDocument\DocumentModel.InOpenXml\Math\SubSuperscript.cs","Base","22"
"D:\OneDrive\VS\Projects\DocxDocument\DocumentModel.InOpenXml\Math\SubSuperscript.cs","SubArgument","29"
"D:\OneDrive\VS\Projects\DocxDocument\DocumentModel.InOpenXml\Math\SubSuperscript.cs","SubSuperscriptProperties","14"
"D:\OneDrive\VS\Projects\DocxDocument\DocumentModel.InOpenXml\Math\SubSuperscript.cs","SuperArgument","36"
"D:\OneDrive\VS\Projects\DocxDocument\DocumentModel.InOpenXml\Math\Superscript.cs","Base","22"
"D:\OneDrive\VS\Projects\DocxDocument\DocumentModel.InOpenXml\Math\Superscript.cs","SuperArgument","30"
"D:\OneDrive\VS\Projects\DocxDocument\DocumentModel.InOpenXml\Math\Superscript.cs","SuperscriptProperties","14"
"D:\OneDrive\VS\Projects\DocxDocument\DocumentModel.InOpenXml\Packaging\ReferenceRelationship(T).cs","Uri","31"
"D:\OneDrive\VS\Projects\DocxDocument\DocumentModel.InOpenXml\Vml\Arc.cs","AllowInCell","101"
"D:\OneDrive\VS\Projects\DocxDocument\DocumentModel.InOpenXml\Vml\Arc.cs","AllowOverlap","108"
"D:\OneDrive\VS\Projects\DocxDocument\DocumentModel.InOpenXml\Vml\Arc.cs","Alternate","339"
"D:\OneDrive\VS\Projects\DocxDocument\DocumentModel.InOpenXml\Vml\Arc.cs","BlackWhiteMode","234"
"D:\OneDrive\VS\Projects\DocxDocument\DocumentModel.InOpenXml\Vml\Arc.cs","BorderBottomColor","136"
"D:\OneDrive\VS\Projects\DocxDocument\DocumentModel.InOpenXml\Vml\Arc.cs","BorderLeftColor","129"
"D:\OneDrive\VS\Projects\DocxDocument\DocumentModel.InOpenXml\Vml\Arc.cs","BorderRightColor","143"
"D:\OneDrive\VS\Projects\DocxDocument\DocumentModel.InOpenXml\Vml\Arc.cs","BorderTopColor","122"
"D:\OneDrive\VS\Projects\DocxDocument\DocumentModel.InOpenXml\Vml\Arc.cs","Bullet","59"
"D:\OneDrive\VS\Projects\DocxDocument\DocumentModel.InOpenXml\Vml\Arc.cs","Button","45"
"D:\OneDrive\VS\Projects\DocxDocument\DocumentModel.InOpenXml\Vml\Arc.cs","Clip","290"
"D:\OneDrive\VS\Projects\DocxDocument\DocumentModel.InOpenXml\Vml\Arc.cs","ClipToWrap","283"
"D:\OneDrive\VS\Projects\DocxDocument\DocumentModel.InOpenXml\Vml\Arc.cs","ConnectorType","227"
"D:\OneDrive\VS\Projects\DocxDocument\DocumentModel.InOpenXml\Vml\Arc.cs","CoordinateOrigin","353"
"D:\OneDrive\VS\Projects\DocxDocument\DocumentModel.InOpenXml\Vml\Arc.cs","CoordinateSize","346"
"D:\OneDrive\VS\Projects\DocxDocument\DocumentModel.InOpenXml\Vml\Arc.cs","DiagramLayout","150"
"D:\OneDrive\VS\Projects\DocxDocument\DocumentModel.InOpenXml\Vml\Arc.cs","DiagramLayoutMostRecentUsed","164"
"D:\OneDrive\VS\Projects\DocxDocument\DocumentModel.InOpenXml\Vml\Arc.cs","DiagramNodeKind","157"
"D:\OneDrive\VS\Projects\DocxDocument\DocumentModel.InOpenXml\Vml\Arc.cs","DoubleClickNotify","38"
"D:\OneDrive\VS\Projects\DocxDocument\DocumentModel.InOpenXml\Vml\Arc.cs","EndAngle","381"
"D:\OneDrive\VS\Projects\DocxDocument\DocumentModel.InOpenXml\Vml\Arc.cs","FillColor","185"
"D:\OneDrive\VS\Projects\DocxDocument\DocumentModel.InOpenXml\Vml\Arc.cs","Filled","178"
"D:\OneDrive\VS\Projects\DocxDocument\DocumentModel.InOpenXml\Vml\Arc.cs","ForceDash","255"
"D:\OneDrive\VS\Projects\DocxDocument\DocumentModel.InOpenXml\Vml\Arc.cs","GfxData","297"
"D:\OneDrive\VS\Projects\DocxDocument\DocumentModel.InOpenXml\Vml\Arc.cs","Horizontal","66"
"D:\OneDrive\VS\Projects\DocxDocument\DocumentModel.InOpenXml\Vml\Arc.cs","HorizontalAlignment","94"
"D:\OneDrive\VS\Projects\DocxDocument\DocumentModel.InOpenXml\Vml\Arc.cs","HorizontalNoShade","80"
"D:\OneDrive\VS\Projects\DocxDocument\DocumentModel.InOpenXml\Vml\Arc.cs","HorizontalPercentage","87"
"D:\OneDrive\VS\Projects\DocxDocument\DocumentModel.InOpenXml\Vml\Arc.cs","HorizontalStandard","73"
"D:\OneDrive\VS\Projects\DocxDocument\DocumentModel.InOpenXml\Vml\Arc.cs","Href","318"
"D:\OneDrive\VS\Projects\DocxDocument\DocumentModel.InOpenXml\Vml\Arc.cs","Id","304"
"D:\OneDrive\VS\Projects\DocxDocument\DocumentModel.InOpenXml\Vml\Arc.cs","InsetMode","171"
"D:\OneDrive\VS\Projects\DocxDocument\DocumentModel.InOpenXml\Vml\Arc.cs","InsetPen","213"
"D:\OneDrive\VS\Projects\DocxDocument\DocumentModel.InOpenXml\Vml\Arc.cs","NormalBlackWhiteMode","248"
"D:\OneDrive\VS\Projects\DocxDocument\DocumentModel.InOpenXml\Vml\Arc.cs","Ole","269"
"D:\OneDrive\VS\Projects\DocxDocument\DocumentModel.InOpenXml\Vml\Arc.cs","OleIcon","262"
"D:\OneDrive\VS\Projects\DocxDocument\DocumentModel.InOpenXml\Vml\Arc.cs","Oned","24"
"D:\OneDrive\VS\Projects\DocxDocument\DocumentModel.InOpenXml\Vml\Arc.cs","OptionalNumber","220"
"D:\OneDrive\VS\Projects\DocxDocument\DocumentModel.InOpenXml\Vml\Arc.cs","OptionalString","17"
"D:\OneDrive\VS\Projects\DocxDocument\DocumentModel.InOpenXml\Vml\Arc.cs","PreferRelative","276"
"D:\OneDrive\VS\Projects\DocxDocument\DocumentModel.InOpenXml\Vml\Arc.cs","Print","367"
"D:\OneDrive\VS\Projects\DocxDocument\DocumentModel.InOpenXml\Vml\Arc.cs","PureBlackWhiteMode","241"
"D:\OneDrive\VS\Projects\DocxDocument\DocumentModel.InOpenXml\Vml\Arc.cs","RegroupId","31"
"D:\OneDrive\VS\Projects\DocxDocument\DocumentModel.InOpenXml\Vml\Arc.cs","StartAngle","374"
"D:\OneDrive\VS\Projects\DocxDocument\DocumentModel.InOpenXml\Vml\Arc.cs","StrokeColor","199"
"D:\OneDrive\VS\Projects\DocxDocument\DocumentModel.InOpenXml\Vml\Arc.cs","Stroked","192"
"D:\OneDrive\VS\Projects\DocxDocument\DocumentModel.InOpenXml\Vml\Arc.cs","StrokeWeight","206"
"D:\OneDrive\VS\Projects\DocxDocument\DocumentModel.InOpenXml\Vml\Arc.cs","Style","311"
"D:\OneDrive\VS\Projects\DocxDocument\DocumentModel.InOpenXml\Vml\Arc.cs","Target","325"
"D:\OneDrive\VS\Projects\DocxDocument\DocumentModel.InOpenXml\Vml\Arc.cs","Title","332"
"D:\OneDrive\VS\Projects\DocxDocument\DocumentModel.InOpenXml\Vml\Arc.cs","UserDrawn","115"
"D:\OneDrive\VS\Projects\DocxDocument\DocumentModel.InOpenXml\Vml\Arc.cs","UserHidden","52"
"D:\OneDrive\VS\Projects\DocxDocument\DocumentModel.InOpenXml\Vml\Arc.cs","WrapCoords","360"
"D:\OneDrive\VS\Projects\DocxDocument\DocumentModel.InOpenXml\Vml\Background.cs","BlackWhiteMode","35"
"D:\OneDrive\VS\Projects\DocxDocument\DocumentModel.InOpenXml\Vml\Background.cs","Fill","63"
"D:\OneDrive\VS\Projects\DocxDocument\DocumentModel.InOpenXml\Vml\Background.cs","FillColor","28"
"D:\OneDrive\VS\Projects\DocxDocument\DocumentModel.InOpenXml\Vml\Background.cs","Filled","21"
"D:\OneDrive\VS\Projects\DocxDocument\DocumentModel.InOpenXml\Vml\Background.cs","Id","14"
"D:\OneDrive\VS\Projects\DocxDocument\DocumentModel.InOpenXml\Vml\Background.cs","NormalBlackWhiteMode","49"
"D:\OneDrive\VS\Projects\DocxDocument\DocumentModel.InOpenXml\Vml\Background.cs","PureBlackWhiteMode","42"
"D:\OneDrive\VS\Projects\DocxDocument\DocumentModel.InOpenXml\Vml\Background.cs","TargetScreenSize","56"
"D:\OneDrive\VS\Projects\DocxDocument\DocumentModel.InOpenXml\Vml\Border.cs","Shadow","27"
"D:\OneDrive\VS\Projects\DocxDocument\DocumentModel.InOpenXml\Vml\Callout.cs","AccentBar","84"
"D:\OneDrive\VS\Projects\DocxDocument\DocumentModel.InOpenXml\Vml\Callout.cs","Angle","42"
"D:\OneDrive\VS\Projects\DocxDocument\DocumentModel.InOpenXml\Vml\Callout.cs","Distance","63"
"D:\OneDrive\VS\Projects\DocxDocument\DocumentModel.InOpenXml\Vml\Callout.cs","Drop","56"
"D:\OneDrive\VS\Projects\DocxDocument\DocumentModel.InOpenXml\Vml\Callout.cs","DropAuto","49"
"D:\OneDrive\VS\Projects\DocxDocument\DocumentModel.InOpenXml\Vml\Callout.cs","Extension","14"
"D:\OneDrive\VS\Projects\DocxDocument\DocumentModel.InOpenXml\Vml\Callout.cs","Gap","35"
"D:\OneDrive\VS\Projects\DocxDocument\DocumentModel.InOpenXml\Vml\Callout.cs","Length","77"
"D:\OneDrive\VS\Projects\DocxDocument\DocumentModel.InOpenXml\Vml\Callout.cs","LengthSpecified","70"
"D:\OneDrive\VS\Projects\DocxDocument\DocumentModel.InOpenXml\Vml\Callout.cs","MinusX","98"
"D:\OneDrive\VS\Projects\DocxDocument\DocumentModel.InOpenXml\Vml\Callout.cs","MinusY","105"
"D:\OneDrive\VS\Projects\DocxDocument\DocumentModel.InOpenXml\Vml\Callout.cs","On","21"
"D:\OneDrive\VS\Projects\DocxDocument\DocumentModel.InOpenXml\Vml\Callout.cs","TextBorder","91"
"D:\OneDrive\VS\Projects\DocxDocument\DocumentModel.InOpenXml\Vml\Callout.cs","Type","28"
"D:\OneDrive\VS\Projects\DocxDocument\DocumentModel.InOpenXml\Vml\ClipPath.cs","Value","14"
"D:\OneDrive\VS\Projects\DocxDocument\DocumentModel.InOpenXml\Vml\ColorMenu.cs","Extension","14"
"D:\OneDrive\VS\Projects\DocxDocument\DocumentModel.InOpenXml\Vml\ColorMenu.cs","ExtrusionColor","42"
"D:\OneDrive\VS\Projects\DocxDocument\DocumentModel.InOpenXml\Vml\ColorMenu.cs","FillColor","28"
"D:\OneDrive\VS\Projects\DocxDocument\DocumentModel.InOpenXml\Vml\ColorMenu.cs","ShadowColor","35"
"D:\OneDrive\VS\Projects\DocxDocument\DocumentModel.InOpenXml\Vml\ColorMenu.cs","StrokeColor","21"
"D:\OneDrive\VS\Projects\DocxDocument\DocumentModel.InOpenXml\Vml\ColorMostRecentlyUsed.cs","Colors","21"
"D:\OneDrive\VS\Projects\DocxDocument\DocumentModel.InOpenXml\Vml\ColorMostRecentlyUsed.cs","Extension","14"
"D:\OneDrive\VS\Projects\DocxDocument\DocumentModel.InOpenXml\Vml\Complex.cs","Extension","14"
"D:\OneDrive\VS\Projects\DocxDocument\DocumentModel.InOpenXml\Vml\Curve.cs","AllowInCell","178"
"D:\OneDrive\VS\Projects\DocxDocument\DocumentModel.InOpenXml\Vml\Curve.cs","AllowOverlap","185"
"D:\OneDrive\VS\Projects\DocxDocument\DocumentModel.InOpenXml\Vml\Curve.cs","Alternate","59"
"D:\OneDrive\VS\Projects\DocxDocument\DocumentModel.InOpenXml\Vml\Curve.cs","BlackWhiteMode","311"
"D:\OneDrive\VS\Projects\DocxDocument\DocumentModel.InOpenXml\Vml\Curve.cs","BorderBottomColor","213"
"D:\OneDrive\VS\Projects\DocxDocument\DocumentModel.InOpenXml\Vml\Curve.cs","BorderLeftColor","206"
"D:\OneDrive\VS\Projects\DocxDocument\DocumentModel.InOpenXml\Vml\Curve.cs","BorderRightColor","220"
"D:\OneDrive\VS\Projects\DocxDocument\DocumentModel.InOpenXml\Vml\Curve.cs","BorderTopColor","199"
"D:\OneDrive\VS\Projects\DocxDocument\DocumentModel.InOpenXml\Vml\Curve.cs","Bullet","136"
"D:\OneDrive\VS\Projects\DocxDocument\DocumentModel.InOpenXml\Vml\Curve.cs","Button","122"
"D:\OneDrive\VS\Projects\DocxDocument\DocumentModel.InOpenXml\Vml\Curve.cs","Class","45"
"D:\OneDrive\VS\Projects\DocxDocument\DocumentModel.InOpenXml\Vml\Curve.cs","Clip","367"
"D:\OneDrive\VS\Projects\DocxDocument\DocumentModel.InOpenXml\Vml\Curve.cs","ClipToWrap","360"
"D:\OneDrive\VS\Projects\DocxDocument\DocumentModel.InOpenXml\Vml\Curve.cs","ConnectorType","304"
"D:\OneDrive\VS\Projects\DocxDocument\DocumentModel.InOpenXml\Vml\Curve.cs","Control1","388"
"D:\OneDrive\VS\Projects\DocxDocument\DocumentModel.InOpenXml\Vml\Curve.cs","Control2","395"
"D:\OneDrive\VS\Projects\DocxDocument\DocumentModel.InOpenXml\Vml\Curve.cs","CoordinateOrigin","73"
"D:\OneDrive\VS\Projects\DocxDocument\DocumentModel.InOpenXml\Vml\Curve.cs","CoordinateSize","66"
"D:\OneDrive\VS\Projects\DocxDocument\DocumentModel.InOpenXml\Vml\Curve.cs","DiagramLayout","227"
"D:\OneDrive\VS\Projects\DocxDocument\DocumentModel.InOpenXml\Vml\Curve.cs","DiagramLayoutMostRecentUsed","241"
"D:\OneDrive\VS\Projects\DocxDocument\DocumentModel.InOpenXml\Vml\Curve.cs","DiagramNodeKind","234"
"D:\OneDrive\VS\Projects\DocxDocument\DocumentModel.InOpenXml\Vml\Curve.cs","DoubleClickNotify","115"
"D:\OneDrive\VS\Projects\DocxDocument\DocumentModel.InOpenXml\Vml\Curve.cs","FillColor","262"
"D:\OneDrive\VS\Projects\DocxDocument\DocumentModel.InOpenXml\Vml\Curve.cs","Filled","255"
"D:\OneDrive\VS\Projects\DocxDocument\DocumentModel.InOpenXml\Vml\Curve.cs","ForceDash","332"
"D:\OneDrive\VS\Projects\DocxDocument\DocumentModel.InOpenXml\Vml\Curve.cs","From","381"
"D:\OneDrive\VS\Projects\DocxDocument\DocumentModel.InOpenXml\Vml\Curve.cs","GfxData","374"
"D:\OneDrive\VS\Projects\DocxDocument\DocumentModel.InOpenXml\Vml\Curve.cs","Horizontal","143"
"D:\OneDrive\VS\Projects\DocxDocument\DocumentModel.InOpenXml\Vml\Curve.cs","HorizontalAlignment","171"
"D:\OneDrive\VS\Projects\DocxDocument\DocumentModel.InOpenXml\Vml\Curve.cs","HorizontalNoShade","157"
"D:\OneDrive\VS\Projects\DocxDocument\DocumentModel.InOpenXml\Vml\Curve.cs","HorizontalPercentage","164"
"D:\OneDrive\VS\Projects\DocxDocument\DocumentModel.InOpenXml\Vml\Curve.cs","HorizontalStandard","150"
"D:\OneDrive\VS\Projects\DocxDocument\DocumentModel.InOpenXml\Vml\Curve.cs","Href","31"
"D:\OneDrive\VS\Projects\DocxDocument\DocumentModel.InOpenXml\Vml\Curve.cs","Id","17"
"D:\OneDrive\VS\Projects\DocxDocument\DocumentModel.InOpenXml\Vml\Curve.cs","InsetMode","248"
"D:\OneDrive\VS\Projects\DocxDocument\DocumentModel.InOpenXml\Vml\Curve.cs","InsetPen","290"
"D:\OneDrive\VS\Projects\DocxDocument\DocumentModel.InOpenXml\Vml\Curve.cs","NormalBlackWhiteMode","325"
"D:\OneDrive\VS\Projects\DocxDocument\DocumentModel.InOpenXml\Vml\Curve.cs","Ole","346"
"D:\OneDrive\VS\Projects\DocxDocument\DocumentModel.InOpenXml\Vml\Curve.cs","OleIcon","339"
"D:\OneDrive\VS\Projects\DocxDocument\DocumentModel.InOpenXml\Vml\Curve.cs","Oned","101"
"D:\OneDrive\VS\Projects\DocxDocument\DocumentModel.InOpenXml\Vml\Curve.cs","OptionalNumber","297"
"D:\OneDrive\VS\Projects\DocxDocument\DocumentModel.InOpenXml\Vml\Curve.cs","OptionalString","94"
"D:\OneDrive\VS\Projects\DocxDocument\DocumentModel.InOpenXml\Vml\Curve.cs","PreferRelative","353"
"D:\OneDrive\VS\Projects\DocxDocument\DocumentModel.InOpenXml\Vml\Curve.cs","Print","87"
"D:\OneDrive\VS\Projects\DocxDocument\DocumentModel.InOpenXml\Vml\Curve.cs","PureBlackWhiteMode","318"
"D:\OneDrive\VS\Projects\DocxDocument\DocumentModel.InOpenXml\Vml\Curve.cs","RegroupId","108"
"D:\OneDrive\VS\Projects\DocxDocument\DocumentModel.InOpenXml\Vml\Curve.cs","StrokeColor","276"
"D:\OneDrive\VS\Projects\DocxDocument\DocumentModel.InOpenXml\Vml\Curve.cs","Stroked","269"
"D:\OneDrive\VS\Projects\DocxDocument\DocumentModel.InOpenXml\Vml\Curve.cs","StrokeWeight","283"
"D:\OneDrive\VS\Projects\DocxDocument\DocumentModel.InOpenXml\Vml\Curve.cs","Style","24"
"D:\OneDrive\VS\Projects\DocxDocument\DocumentModel.InOpenXml\Vml\Curve.cs","Target","38"
"D:\OneDrive\VS\Projects\DocxDocument\DocumentModel.InOpenXml\Vml\Curve.cs","Title","52"
"D:\OneDrive\VS\Projects\DocxDocument\DocumentModel.InOpenXml\Vml\Curve.cs","To","402"
"D:\OneDrive\VS\Projects\DocxDocument\DocumentModel.InOpenXml\Vml\Curve.cs","UserDrawn","192"
"D:\OneDrive\VS\Projects\DocxDocument\DocumentModel.InOpenXml\Vml\Curve.cs","UserHidden","129"
"D:\OneDrive\VS\Projects\DocxDocument\DocumentModel.InOpenXml\Vml\Curve.cs","WrapCoordinates","80"
"D:\OneDrive\VS\Projects\DocxDocument\DocumentModel.InOpenXml\Vml\Diagram.cs","AutoFormat","28"
"D:\OneDrive\VS\Projects\DocxDocument\DocumentModel.InOpenXml\Vml\Diagram.cs","AutoLayout","42"
"D:\OneDrive\VS\Projects\DocxDocument\DocumentModel.InOpenXml\Vml\Diagram.cs","BaseTextScale","77"
"D:\OneDrive\VS\Projects\DocxDocument\DocumentModel.InOpenXml\Vml\Diagram.cs","ConstrainBounds","70"
"D:\OneDrive\VS\Projects\DocxDocument\DocumentModel.InOpenXml\Vml\Diagram.cs","Extension","14"
"D:\OneDrive\VS\Projects\DocxDocument\DocumentModel.InOpenXml\Vml\Diagram.cs","FontSize","63"
"D:\OneDrive\VS\Projects\DocxDocument\DocumentModel.InOpenXml\Vml\Diagram.cs","RelationTable","84"
"D:\OneDrive\VS\Projects\DocxDocument\DocumentModel.InOpenXml\Vml\Diagram.cs","Reverse","35"
"D:\OneDrive\VS\Projects\DocxDocument\DocumentModel.InOpenXml\Vml\Diagram.cs","ScaleX","49"
"D:\OneDrive\VS\Projects\DocxDocument\DocumentModel.InOpenXml\Vml\Diagram.cs","ScaleY","56"
"D:\OneDrive\VS\Projects\DocxDocument\DocumentModel.InOpenXml\Vml\Diagram.cs","Style","21"
"D:\OneDrive\VS\Projects\DocxDocument\DocumentModel.InOpenXml\Vml\Entry.cs","New","14"
"D:\OneDrive\VS\Projects\DocxDocument\DocumentModel.InOpenXml\Vml\Entry.cs","Old","21"
"D:\OneDrive\VS\Projects\DocxDocument\DocumentModel.InOpenXml\Vml\Extrusion.cs","AutoRotationCenter","105"
"D:\OneDrive\VS\Projects\DocxDocument\DocumentModel.InOpenXml\Vml\Extrusion.cs","BackDepth","77"
"D:\OneDrive\VS\Projects\DocxDocument\DocumentModel.InOpenXml\Vml\Extrusion.cs","Brightness","182"
"D:\OneDrive\VS\Projects\DocxDocument\DocumentModel.InOpenXml\Vml\Extrusion.cs","Color","126"
"D:\OneDrive\VS\Projects\DocxDocument\DocumentModel.InOpenXml\Vml\Extrusion.cs","Diffusity","147"
"D:\OneDrive\VS\Projects\DocxDocument\DocumentModel.InOpenXml\Vml\Extrusion.cs","Edge","161"
"D:\OneDrive\VS\Projects\DocxDocument\DocumentModel.InOpenXml\Vml\Extrusion.cs","Extension","14"
"D:\OneDrive\VS\Projects\DocxDocument\DocumentModel.InOpenXml\Vml\Extrusion.cs","Facet","168"
"D:\OneDrive\VS\Projects\DocxDocument\DocumentModel.InOpenXml\Vml\Extrusion.cs","ForceDepth","70"
"D:\OneDrive\VS\Projects\DocxDocument\DocumentModel.InOpenXml\Vml\Extrusion.cs","LightFace","175"
"D:\OneDrive\VS\Projects\DocxDocument\DocumentModel.InOpenXml\Vml\Extrusion.cs","LightHarsh","203"
"D:\OneDrive\VS\Projects\DocxDocument\DocumentModel.InOpenXml\Vml\Extrusion.cs","LightHarsh2","224"
"D:\OneDrive\VS\Projects\DocxDocument\DocumentModel.InOpenXml\Vml\Extrusion.cs","LightLevel","196"
"D:\OneDrive\VS\Projects\DocxDocument\DocumentModel.InOpenXml\Vml\Extrusion.cs","LightLevel2","217"
"D:\OneDrive\VS\Projects\DocxDocument\DocumentModel.InOpenXml\Vml\Extrusion.cs","LightPosition","189"
"D:\OneDrive\VS\Projects\DocxDocument\DocumentModel.InOpenXml\Vml\Extrusion.cs","LightPosition2","210"
"D:\OneDrive\VS\Projects\DocxDocument\DocumentModel.InOpenXml\Vml\Extrusion.cs","LockRotationCenter","98"
"D:\OneDrive\VS\Projects\DocxDocument\DocumentModel.InOpenXml\Vml\Extrusion.cs","Metal","154"
"D:\OneDrive\VS\Projects\DocxDocument\DocumentModel.InOpenXml\Vml\Extrusion.cs","On","21"
"D:\OneDrive\VS\Projects\DocxDocument\DocumentModel.InOpenXml\Vml\Extrusion.cs","Orientation","84"
"D:\OneDrive\VS\Projects\DocxDocument\DocumentModel.InOpenXml\Vml\Extrusion.cs","OrientationAngle","91"
"D:\OneDrive\VS\Projects\DocxDocument\DocumentModel.InOpenXml\Vml\Extrusion.cs","Render","35"
"D:\OneDrive\VS\Projects\DocxDocument\DocumentModel.InOpenXml\Vml\Extrusion.cs","RotationAngle","119"
"D:\OneDrive\VS\Projects\DocxDocument\DocumentModel.InOpenXml\Vml\Extrusion.cs","RotationCenter","112"
"D:\OneDrive\VS\Projects\DocxDocument\DocumentModel.InOpenXml\Vml\Extrusion.cs","Shininess","133"
"D:\OneDrive\VS\Projects\DocxDocument\DocumentModel.InOpenXml\Vml\Extrusion.cs","SkewAmount","63"
"D:\OneDrive\VS\Projects\DocxDocument\DocumentModel.InOpenXml\Vml\Extrusion.cs","SkewAngle","56"
"D:\OneDrive\VS\Projects\DocxDocument\DocumentModel.InOpenXml\Vml\Extrusion.cs","Specularity","140"
"D:\OneDrive\VS\Projects\DocxDocument\DocumentModel.InOpenXml\Vml\Extrusion.cs","Type","28"
"D:\OneDrive\VS\Projects\DocxDocument\DocumentModel.InOpenXml\Vml\Extrusion.cs","Viewpoint","49"
"D:\OneDrive\VS\Projects\DocxDocument\DocumentModel.InOpenXml\Vml\Extrusion.cs","ViewpointOrigin","42"
"D:\OneDrive\VS\Projects\DocxDocument\DocumentModel.InOpenXml\Vml\Fill.cs","AlignShape","119"
"D:\OneDrive\VS\Projects\DocxDocument\DocumentModel.InOpenXml\Vml\Fill.cs","AlternateImageReference","70"
"D:\OneDrive\VS\Projects\DocxDocument\DocumentModel.InOpenXml\Vml\Fill.cs","Angle","112"
"D:\OneDrive\VS\Projects\DocxDocument\DocumentModel.InOpenXml\Vml\Fill.cs","Aspect","98"
"D:\OneDrive\VS\Projects\DocxDocument\DocumentModel.InOpenXml\Vml\Fill.cs","Color","35"
"D:\OneDrive\VS\Projects\DocxDocument\DocumentModel.InOpenXml\Vml\Fill.cs","Color2","49"
"D:\OneDrive\VS\Projects\DocxDocument\DocumentModel.InOpenXml\Vml\Fill.cs","Colors","105"
"D:\OneDrive\VS\Projects\DocxDocument\DocumentModel.InOpenXml\Vml\Fill.cs","DetectMouseClick","154"
"D:\OneDrive\VS\Projects\DocxDocument\DocumentModel.InOpenXml\Vml\Fill.cs","FillExtendedProperties","196"
"D:\OneDrive\VS\Projects\DocxDocument\DocumentModel.InOpenXml\Vml\Fill.cs","Focus","126"
"D:\OneDrive\VS\Projects\DocxDocument\DocumentModel.InOpenXml\Vml\Fill.cs","FocusPosition","140"
"D:\OneDrive\VS\Projects\DocxDocument\DocumentModel.InOpenXml\Vml\Fill.cs","FocusSize","133"
"D:\OneDrive\VS\Projects\DocxDocument\DocumentModel.InOpenXml\Vml\Fill.cs","Href","63"
"D:\OneDrive\VS\Projects\DocxDocument\DocumentModel.InOpenXml\Vml\Fill.cs","Id","14"
"D:\OneDrive\VS\Projects\DocxDocument\DocumentModel.InOpenXml\Vml\Fill.cs","Method","147"
"D:\OneDrive\VS\Projects\DocxDocument\DocumentModel.InOpenXml\Vml\Fill.cs","On","28"
"D:\OneDrive\VS\Projects\DocxDocument\DocumentModel.InOpenXml\Vml\Fill.cs","Opacity","42"
"D:\OneDrive\VS\Projects\DocxDocument\DocumentModel.InOpenXml\Vml\Fill.cs","Opacity2","168"
"D:\OneDrive\VS\Projects\DocxDocument\DocumentModel.InOpenXml\Vml\Fill.cs","Origin","84"
"D:\OneDrive\VS\Projects\DocxDocument\DocumentModel.InOpenXml\Vml\Fill.cs","Position","91"
"D:\OneDrive\VS\Projects\DocxDocument\DocumentModel.InOpenXml\Vml\Fill.cs","Recolor","175"
"D:\OneDrive\VS\Projects\DocxDocument\DocumentModel.InOpenXml\Vml\Fill.cs","RelationshipId","189"
"D:\OneDrive\VS\Projects\DocxDocument\DocumentModel.InOpenXml\Vml\Fill.cs","Rotate","182"
"D:\OneDrive\VS\Projects\DocxDocument\DocumentModel.InOpenXml\Vml\Fill.cs","Size","77"
"D:\OneDrive\VS\Projects\DocxDocument\DocumentModel.InOpenXml\Vml\Fill.cs","Source","56"
"D:\OneDrive\VS\Projects\DocxDocument\DocumentModel.InOpenXml\Vml\Fill.cs","Title","161"
"D:\OneDrive\VS\Projects\DocxDocument\DocumentModel.InOpenXml\Vml\Fill.cs","Type","21"
"D:\OneDrive\VS\Projects\DocxDocument\DocumentModel.InOpenXml\Vml\FillExtendedProperties.cs","Extension","14"
"D:\OneDrive\VS\Projects\DocxDocument\DocumentModel.InOpenXml\Vml\FillExtendedProperties.cs","Type","21"
"D:\OneDrive\VS\Projects\DocxDocument\DocumentModel.InOpenXml\Vml\Formula.cs","Equation","14"
"D:\OneDrive\VS\Projects\DocxDocument\DocumentModel.InOpenXml\Vml\Group.cs","AllowInCell","178"
"D:\OneDrive\VS\Projects\DocxDocument\DocumentModel.InOpenXml\Vml\Group.cs","AllowOverlap","185"
"D:\OneDrive\VS\Projects\DocxDocument\DocumentModel.InOpenXml\Vml\Group.cs","Alternate","59"
"D:\OneDrive\VS\Projects\DocxDocument\DocumentModel.InOpenXml\Vml\Group.cs","Bullet","136"
"D:\OneDrive\VS\Projects\DocxDocument\DocumentModel.InOpenXml\Vml\Group.cs","Button","122"
"D:\OneDrive\VS\Projects\DocxDocument\DocumentModel.InOpenXml\Vml\Group.cs","Class","45"
"D:\OneDrive\VS\Projects\DocxDocument\DocumentModel.InOpenXml\Vml\Group.cs","CoordinateOrigin","73"
"D:\OneDrive\VS\Projects\DocxDocument\DocumentModel.InOpenXml\Vml\Group.cs","CoordinateSize","66"
"D:\OneDrive\VS\Projects\DocxDocument\DocumentModel.InOpenXml\Vml\Group.cs","DiagramLayout","199"
"D:\OneDrive\VS\Projects\DocxDocument\DocumentModel.InOpenXml\Vml\Group.cs","DiagramLayoutMostRecentUsed","213"
"D:\OneDrive\VS\Projects\DocxDocument\DocumentModel.InOpenXml\Vml\Group.cs","DiagramNodeKind","206"
"D:\OneDrive\VS\Projects\DocxDocument\DocumentModel.InOpenXml\Vml\Group.cs","DoubleClickNotify","115"
"D:\OneDrive\VS\Projects\DocxDocument\DocumentModel.InOpenXml\Vml\Group.cs","EditAs","234"
"D:\OneDrive\VS\Projects\DocxDocument\DocumentModel.InOpenXml\Vml\Group.cs","GfxData","227"
"D:\OneDrive\VS\Projects\DocxDocument\DocumentModel.InOpenXml\Vml\Group.cs","Horizontal","143"
"D:\OneDrive\VS\Projects\DocxDocument\DocumentModel.InOpenXml\Vml\Group.cs","HorizontalAlignment","171"
"D:\OneDrive\VS\Projects\DocxDocument\DocumentModel.InOpenXml\Vml\Group.cs","HorizontalNoShade","157"
"D:\OneDrive\VS\Projects\DocxDocument\DocumentModel.InOpenXml\Vml\Group.cs","HorizontalPercentage","164"
"D:\OneDrive\VS\Projects\DocxDocument\DocumentModel.InOpenXml\Vml\Group.cs","HorizontalStandard","150"
"D:\OneDrive\VS\Projects\DocxDocument\DocumentModel.InOpenXml\Vml\Group.cs","Href","31"
"D:\OneDrive\VS\Projects\DocxDocument\DocumentModel.InOpenXml\Vml\Group.cs","Id","17"
"D:\OneDrive\VS\Projects\DocxDocument\DocumentModel.InOpenXml\Vml\Group.cs","InsetMode","220"
"D:\OneDrive\VS\Projects\DocxDocument\DocumentModel.InOpenXml\Vml\Group.cs","Oned","101"
"D:\OneDrive\VS\Projects\DocxDocument\DocumentModel.InOpenXml\Vml\Group.cs","OptionalString","94"
"D:\OneDrive\VS\Projects\DocxDocument\DocumentModel.InOpenXml\Vml\Group.cs","Print","87"
"D:\OneDrive\VS\Projects\DocxDocument\DocumentModel.InOpenXml\Vml\Group.cs","RegroupId","108"
"D:\OneDrive\VS\Projects\DocxDocument\DocumentModel.InOpenXml\Vml\Group.cs","Style","24"
"D:\OneDrive\VS\Projects\DocxDocument\DocumentModel.InOpenXml\Vml\Group.cs","TableLimits","248"
"D:\OneDrive\VS\Projects\DocxDocument\DocumentModel.InOpenXml\Vml\Group.cs","TableProperties","241"
"D:\OneDrive\VS\Projects\DocxDocument\DocumentModel.InOpenXml\Vml\Group.cs","Target","38"
"D:\OneDrive\VS\Projects\DocxDocument\DocumentModel.InOpenXml\Vml\Group.cs","Title","52"
"D:\OneDrive\VS\Projects\DocxDocument\DocumentModel.InOpenXml\Vml\Group.cs","UserDrawn","192"
"D:\OneDrive\VS\Projects\DocxDocument\DocumentModel.InOpenXml\Vml\Group.cs","UserHidden","129"
"D:\OneDrive\VS\Projects\DocxDocument\DocumentModel.InOpenXml\Vml\Group.cs","WrapCoordinates","80"
"D:\OneDrive\VS\Projects\DocxDocument\DocumentModel.InOpenXml\Vml\ImageData.cs","BiLevel","84"
"D:\OneDrive\VS\Projects\DocxDocument\DocumentModel.InOpenXml\Vml\ImageData.cs","BlackLevel","63"
"D:\OneDrive\VS\Projects\DocxDocument\DocumentModel.InOpenXml\Vml\ImageData.cs","ChromAKey","21"
"D:\OneDrive\VS\Projects\DocxDocument\DocumentModel.InOpenXml\Vml\ImageData.cs","CropBottom","49"
"D:\OneDrive\VS\Projects\DocxDocument\DocumentModel.InOpenXml\Vml\ImageData.cs","CropLeft","28"
"D:\OneDrive\VS\Projects\DocxDocument\DocumentModel.InOpenXml\Vml\ImageData.cs","CropRight","42"
"D:\OneDrive\VS\Projects\DocxDocument\DocumentModel.InOpenXml\Vml\ImageData.cs","CropTop","35"
"D:\OneDrive\VS\Projects\DocxDocument\DocumentModel.InOpenXml\Vml\ImageData.cs","DetectMouseClick","112"
"D:\OneDrive\VS\Projects\DocxDocument\DocumentModel.InOpenXml\Vml\ImageData.cs","EmbossColor","91"
"D:\OneDrive\VS\Projects\DocxDocument\DocumentModel.InOpenXml\Vml\ImageData.cs","Gain","56"
"D:\OneDrive\VS\Projects\DocxDocument\DocumentModel.InOpenXml\Vml\ImageData.cs","Gamma","70"
"D:\OneDrive\VS\Projects\DocxDocument\DocumentModel.InOpenXml\Vml\ImageData.cs","Id","14"
"D:\OneDrive\VS\Projects\DocxDocument\DocumentModel.InOpenXml\Vml\ImageData.cs","Picture","133"
"D:\OneDrive\VS\Projects\DocxDocument\DocumentModel.InOpenXml\Vml\ImageData.cs","RecolorTarget","98"
"D:\OneDrive\VS\Projects\DocxDocument\DocumentModel.InOpenXml\Vml\ImageData.cs","RelationshipId","126"
"D:\OneDrive\VS\Projects\DocxDocument\DocumentModel.InOpenXml\Vml\ImageData.cs","RelHref","140"
"D:\OneDrive\VS\Projects\DocxDocument\DocumentModel.InOpenXml\Vml\ImageData.cs","RelId","119"
"D:\OneDrive\VS\Projects\DocxDocument\DocumentModel.InOpenXml\Vml\ImageData.cs","Title","105"
"D:\OneDrive\VS\Projects\DocxDocument\DocumentModel.InOpenXml\Vml\ImageFile.cs","AllowInCell","171"
"D:\OneDrive\VS\Projects\DocxDocument\DocumentModel.InOpenXml\Vml\ImageFile.cs","AllowOverlap","178"
"D:\OneDrive\VS\Projects\DocxDocument\DocumentModel.InOpenXml\Vml\ImageFile.cs","Alternate","59"
"D:\OneDrive\VS\Projects\DocxDocument\DocumentModel.InOpenXml\Vml\ImageFile.cs","BiLevel","430"
"D:\OneDrive\VS\Projects\DocxDocument\DocumentModel.InOpenXml\Vml\ImageFile.cs","BlackLevel","409"
"D:\OneDrive\VS\Projects\DocxDocument\DocumentModel.InOpenXml\Vml\ImageFile.cs","BlackWhiteMode","304"
"D:\OneDrive\VS\Projects\DocxDocument\DocumentModel.InOpenXml\Vml\ImageFile.cs","BorderBottomColor","206"
"D:\OneDrive\VS\Projects\DocxDocument\DocumentModel.InOpenXml\Vml\ImageFile.cs","BorderLeftColor","199"
"D:\OneDrive\VS\Projects\DocxDocument\DocumentModel.InOpenXml\Vml\ImageFile.cs","BorderRightColor","213"
"D:\OneDrive\VS\Projects\DocxDocument\DocumentModel.InOpenXml\Vml\ImageFile.cs","BorderTopColor","192"
"D:\OneDrive\VS\Projects\DocxDocument\DocumentModel.InOpenXml\Vml\ImageFile.cs","Bullet","129"
"D:\OneDrive\VS\Projects\DocxDocument\DocumentModel.InOpenXml\Vml\ImageFile.cs","Button","115"
"D:\OneDrive\VS\Projects\DocxDocument\DocumentModel.InOpenXml\Vml\ImageFile.cs","Class","45"
"D:\OneDrive\VS\Projects\DocxDocument\DocumentModel.InOpenXml\Vml\ImageFile.cs","Clip","360"
"D:\OneDrive\VS\Projects\DocxDocument\DocumentModel.InOpenXml\Vml\ImageFile.cs","ClipToWrap","353"
"D:\OneDrive\VS\Projects\DocxDocument\DocumentModel.InOpenXml\Vml\ImageFile.cs","ConnectorType","297"
"D:\OneDrive\VS\Projects\DocxDocument\DocumentModel.InOpenXml\Vml\ImageFile.cs","CoordinateSize","66"
"D:\OneDrive\VS\Projects\DocxDocument\DocumentModel.InOpenXml\Vml\ImageFile.cs","CropBottom","395"
"D:\OneDrive\VS\Projects\DocxDocument\DocumentModel.InOpenXml\Vml\ImageFile.cs","CropLeft","374"
"D:\OneDrive\VS\Projects\DocxDocument\DocumentModel.InOpenXml\Vml\ImageFile.cs","CropRight","388"
"D:\OneDrive\VS\Projects\DocxDocument\DocumentModel.InOpenXml\Vml\ImageFile.cs","CropTop","381"
"D:\OneDrive\VS\Projects\DocxDocument\DocumentModel.InOpenXml\Vml\ImageFile.cs","DiagramLayout","220"
"D:\OneDrive\VS\Projects\DocxDocument\DocumentModel.InOpenXml\Vml\ImageFile.cs","DiagramLayoutMostRecentUsed","234"
"D:\OneDrive\VS\Projects\DocxDocument\DocumentModel.InOpenXml\Vml\ImageFile.cs","DiagramNodeKind","227"
"D:\OneDrive\VS\Projects\DocxDocument\DocumentModel.InOpenXml\Vml\ImageFile.cs","DoubleClickNotify","108"
"D:\OneDrive\VS\Projects\DocxDocument\DocumentModel.InOpenXml\Vml\ImageFile.cs","FillColor","255"
"D:\OneDrive\VS\Projects\DocxDocument\DocumentModel.InOpenXml\Vml\ImageFile.cs","Filled","248"
"D:\OneDrive\VS\Projects\DocxDocument\DocumentModel.InOpenXml\Vml\ImageFile.cs","ForceDash","325"
"D:\OneDrive\VS\Projects\DocxDocument\DocumentModel.InOpenXml\Vml\ImageFile.cs","Gain","402"
"D:\OneDrive\VS\Projects\DocxDocument\DocumentModel.InOpenXml\Vml\ImageFile.cs","Gamma","416"
"D:\OneDrive\VS\Projects\DocxDocument\DocumentModel.InOpenXml\Vml\ImageFile.cs","GfxData","437"
"D:\OneDrive\VS\Projects\DocxDocument\DocumentModel.InOpenXml\Vml\ImageFile.cs","Horizontal","136"
"D:\OneDrive\VS\Projects\DocxDocument\DocumentModel.InOpenXml\Vml\ImageFile.cs","HorizontalAlignment","164"
"D:\OneDrive\VS\Projects\DocxDocument\DocumentModel.InOpenXml\Vml\ImageFile.cs","HorizontalNoShade","150"
"D:\OneDrive\VS\Projects\DocxDocument\DocumentModel.InOpenXml\Vml\ImageFile.cs","HorizontalPercentage","157"
"D:\OneDrive\VS\Projects\DocxDocument\DocumentModel.InOpenXml\Vml\ImageFile.cs","HorizontalStandard","143"
"D:\OneDrive\VS\Projects\DocxDocument\DocumentModel.InOpenXml\Vml\ImageFile.cs","Href","31"
"D:\OneDrive\VS\Projects\DocxDocument\DocumentModel.InOpenXml\Vml\ImageFile.cs","Id","17"
"D:\OneDrive\VS\Projects\DocxDocument\DocumentModel.InOpenXml\Vml\ImageFile.cs","InsetMode","241"
"D:\OneDrive\VS\Projects\DocxDocument\DocumentModel.InOpenXml\Vml\ImageFile.cs","InsetPen","283"
"D:\OneDrive\VS\Projects\DocxDocument\DocumentModel.InOpenXml\Vml\ImageFile.cs","NormalBlackWhiteMode","318"
"D:\OneDrive\VS\Projects\DocxDocument\DocumentModel.InOpenXml\Vml\ImageFile.cs","Ole","339"
"D:\OneDrive\VS\Projects\DocxDocument\DocumentModel.InOpenXml\Vml\ImageFile.cs","OleIcon","332"
"D:\OneDrive\VS\Projects\DocxDocument\DocumentModel.InOpenXml\Vml\ImageFile.cs","Oned","94"
"D:\OneDrive\VS\Projects\DocxDocument\DocumentModel.InOpenXml\Vml\ImageFile.cs","OptionalNumber","290"
"D:\OneDrive\VS\Projects\DocxDocument\DocumentModel.InOpenXml\Vml\ImageFile.cs","OptionalString","87"
"D:\OneDrive\VS\Projects\DocxDocument\DocumentModel.InOpenXml\Vml\ImageFile.cs","PreferRelative","346"
"D:\OneDrive\VS\Projects\DocxDocument\DocumentModel.InOpenXml\Vml\ImageFile.cs","Print","80"
"D:\OneDrive\VS\Projects\DocxDocument\DocumentModel.InOpenXml\Vml\ImageFile.cs","PureBlackWhiteMode","311"
"D:\OneDrive\VS\Projects\DocxDocument\DocumentModel.InOpenXml\Vml\ImageFile.cs","RegroupId","101"
"D:\OneDrive\VS\Projects\DocxDocument\DocumentModel.InOpenXml\Vml\ImageFile.cs","Source","367"
"D:\OneDrive\VS\Projects\DocxDocument\DocumentModel.InOpenXml\Vml\ImageFile.cs","StrokeColor","269"
"D:\OneDrive\VS\Projects\DocxDocument\DocumentModel.InOpenXml\Vml\ImageFile.cs","Stroked","262"
"D:\OneDrive\VS\Projects\DocxDocument\DocumentModel.InOpenXml\Vml\ImageFile.cs","StrokeWeight","276"
"D:\OneDrive\VS\Projects\DocxDocument\DocumentModel.InOpenXml\Vml\ImageFile.cs","Style","24"
"D:\OneDrive\VS\Projects\DocxDocument\DocumentModel.InOpenXml\Vml\ImageFile.cs","Target","38"
"D:\OneDrive\VS\Projects\DocxDocument\DocumentModel.InOpenXml\Vml\ImageFile.cs","Title","52"
"D:\OneDrive\VS\Projects\DocxDocument\DocumentModel.InOpenXml\Vml\ImageFile.cs","UserDrawn","185"
"D:\OneDrive\VS\Projects\DocxDocument\DocumentModel.InOpenXml\Vml\ImageFile.cs","UserHidden","122"
"D:\OneDrive\VS\Projects\DocxDocument\DocumentModel.InOpenXml\Vml\ImageFile.cs","WrapCoordinates","73"
"D:\OneDrive\VS\Projects\DocxDocument\DocumentModel.InOpenXml\Vml\Ink.cs","AnnotationFlag","21"
"D:\OneDrive\VS\Projects\DocxDocument\DocumentModel.InOpenXml\Vml\Ink.cs","InkData","14"
"D:\OneDrive\VS\Projects\DocxDocument\DocumentModel.InOpenXml\Vml\Line.cs","AllowInCell","178"
"D:\OneDrive\VS\Projects\DocxDocument\DocumentModel.InOpenXml\Vml\Line.cs","AllowOverlap","185"
"D:\OneDrive\VS\Projects\DocxDocument\DocumentModel.InOpenXml\Vml\Line.cs","Alternate","59"
"D:\OneDrive\VS\Projects\DocxDocument\DocumentModel.InOpenXml\Vml\Line.cs","BlackWhiteMode","311"
"D:\OneDrive\VS\Projects\DocxDocument\DocumentModel.InOpenXml\Vml\Line.cs","BorderBottomColor","213"
"D:\OneDrive\VS\Projects\DocxDocument\DocumentModel.InOpenXml\Vml\Line.cs","BorderLeftColor","206"
"D:\OneDrive\VS\Projects\DocxDocument\DocumentModel.InOpenXml\Vml\Line.cs","BorderRightColor","220"
"D:\OneDrive\VS\Projects\DocxDocument\DocumentModel.InOpenXml\Vml\Line.cs","BorderTopColor","199"
"D:\OneDrive\VS\Projects\DocxDocument\DocumentModel.InOpenXml\Vml\Line.cs","Bullet","136"
"D:\OneDrive\VS\Projects\DocxDocument\DocumentModel.InOpenXml\Vml\Line.cs","Button","122"
"D:\OneDrive\VS\Projects\DocxDocument\DocumentModel.InOpenXml\Vml\Line.cs","Class","45"
"D:\OneDrive\VS\Projects\DocxDocument\DocumentModel.InOpenXml\Vml\Line.cs","Clip","367"
"D:\OneDrive\VS\Projects\DocxDocument\DocumentModel.InOpenXml\Vml\Line.cs","ClipToWrap","360"
"D:\OneDrive\VS\Projects\DocxDocument\DocumentModel.InOpenXml\Vml\Line.cs","ConnectorType","304"
"D:\OneDrive\VS\Projects\DocxDocument\DocumentModel.InOpenXml\Vml\Line.cs","CoordinateOrigin","73"
"D:\OneDrive\VS\Projects\DocxDocument\DocumentModel.InOpenXml\Vml\Line.cs","CoordinateSize","66"
"D:\OneDrive\VS\Projects\DocxDocument\DocumentModel.InOpenXml\Vml\Line.cs","DiagramLayout","227"
"D:\OneDrive\VS\Projects\DocxDocument\DocumentModel.InOpenXml\Vml\Line.cs","DiagramLayoutMostRecentUsed","241"
"D:\OneDrive\VS\Projects\DocxDocument\DocumentModel.InOpenXml\Vml\Line.cs","DiagramNodeKind","234"
"D:\OneDrive\VS\Projects\DocxDocument\DocumentModel.InOpenXml\Vml\Line.cs","DoubleClickNotify","115"
"D:\OneDrive\VS\Projects\DocxDocument\DocumentModel.InOpenXml\Vml\Line.cs","FillColor","262"
"D:\OneDrive\VS\Projects\DocxDocument\DocumentModel.InOpenXml\Vml\Line.cs","Filled","255"
"D:\OneDrive\VS\Projects\DocxDocument\DocumentModel.InOpenXml\Vml\Line.cs","ForceDash","332"
"D:\OneDrive\VS\Projects\DocxDocument\DocumentModel.InOpenXml\Vml\Line.cs","From","381"
"D:\OneDrive\VS\Projects\DocxDocument\DocumentModel.InOpenXml\Vml\Line.cs","GfxData","374"
"D:\OneDrive\VS\Projects\DocxDocument\DocumentModel.InOpenXml\Vml\Line.cs","Horizontal","143"
"D:\OneDrive\VS\Projects\DocxDocument\DocumentModel.InOpenXml\Vml\Line.cs","HorizontalAlignment","171"
"D:\OneDrive\VS\Projects\DocxDocument\DocumentModel.InOpenXml\Vml\Line.cs","HorizontalNoShade","157"
"D:\OneDrive\VS\Projects\DocxDocument\DocumentModel.InOpenXml\Vml\Line.cs","HorizontalPercentage","164"
"D:\OneDrive\VS\Projects\DocxDocument\DocumentModel.InOpenXml\Vml\Line.cs","HorizontalStandard","150"
"D:\OneDrive\VS\Projects\DocxDocument\DocumentModel.InOpenXml\Vml\Line.cs","Href","31"
"D:\OneDrive\VS\Projects\DocxDocument\DocumentModel.InOpenXml\Vml\Line.cs","Id","17"
"D:\OneDrive\VS\Projects\DocxDocument\DocumentModel.InOpenXml\Vml\Line.cs","InsetMode","248"
"D:\OneDrive\VS\Projects\DocxDocument\DocumentModel.InOpenXml\Vml\Line.cs","InsetPen","290"
"D:\OneDrive\VS\Projects\DocxDocument\DocumentModel.InOpenXml\Vml\Line.cs","NormalBlackWhiteMode","325"
"D:\OneDrive\VS\Projects\DocxDocument\DocumentModel.InOpenXml\Vml\Line.cs","Ole","346"
"D:\OneDrive\VS\Projects\DocxDocument\DocumentModel.InOpenXml\Vml\Line.cs","OleIcon","339"
"D:\OneDrive\VS\Projects\DocxDocument\DocumentModel.InOpenXml\Vml\Line.cs","Oned","101"
"D:\OneDrive\VS\Projects\DocxDocument\DocumentModel.InOpenXml\Vml\Line.cs","OptionalNumber","297"
"D:\OneDrive\VS\Projects\DocxDocument\DocumentModel.InOpenXml\Vml\Line.cs","OptionalString","94"
"D:\OneDrive\VS\Projects\DocxDocument\DocumentModel.InOpenXml\Vml\Line.cs","PreferRelative","353"
"D:\OneDrive\VS\Projects\DocxDocument\DocumentModel.InOpenXml\Vml\Line.cs","Print","87"
"D:\OneDrive\VS\Projects\DocxDocument\DocumentModel.InOpenXml\Vml\Line.cs","PureBlackWhiteMode","318"
"D:\OneDrive\VS\Projects\DocxDocument\DocumentModel.InOpenXml\Vml\Line.cs","RegroupId","108"
"D:\OneDrive\VS\Projects\DocxDocument\DocumentModel.InOpenXml\Vml\Line.cs","StrokeColor","276"
"D:\OneDrive\VS\Projects\DocxDocument\DocumentModel.InOpenXml\Vml\Line.cs","Stroked","269"
"D:\OneDrive\VS\Projects\DocxDocument\DocumentModel.InOpenXml\Vml\Line.cs","StrokeWeight","283"
"D:\OneDrive\VS\Projects\DocxDocument\DocumentModel.InOpenXml\Vml\Line.cs","Style","24"
"D:\OneDrive\VS\Projects\DocxDocument\DocumentModel.InOpenXml\Vml\Line.cs","Target","38"
"D:\OneDrive\VS\Projects\DocxDocument\DocumentModel.InOpenXml\Vml\Line.cs","Title","52"
"D:\OneDrive\VS\Projects\DocxDocument\DocumentModel.InOpenXml\Vml\Line.cs","To","388"
"D:\OneDrive\VS\Projects\DocxDocument\DocumentModel.InOpenXml\Vml\Line.cs","UserDrawn","192"
"D:\OneDrive\VS\Projects\DocxDocument\DocumentModel.InOpenXml\Vml\Line.cs","UserHidden","129"
"D:\OneDrive\VS\Projects\DocxDocument\DocumentModel.InOpenXml\Vml\Line.cs","WrapCoordinates","80"
"D:\OneDrive\VS\Projects\DocxDocument\DocumentModel.InOpenXml\Vml\Lock.cs","AdjustHandles","70"
"D:\OneDrive\VS\Projects\DocxDocument\DocumentModel.InOpenXml\Vml\Lock.cs","AspectRatio","84"
"D:\OneDrive\VS\Projects\DocxDocument\DocumentModel.InOpenXml\Vml\Lock.cs","Cropping","56"
"D:\OneDrive\VS\Projects\DocxDocument\DocumentModel.InOpenXml\Vml\Lock.cs","Extension","14"
"D:\OneDrive\VS\Projects\DocxDocument\DocumentModel.InOpenXml\Vml\Lock.cs","Grouping","35"
"D:\OneDrive\VS\Projects\DocxDocument\DocumentModel.InOpenXml\Vml\Lock.cs","Position","21"
"D:\OneDrive\VS\Projects\DocxDocument\DocumentModel.InOpenXml\Vml\Lock.cs","Rotation","49"
"D:\OneDrive\VS\Projects\DocxDocument\DocumentModel.InOpenXml\Vml\Lock.cs","Selection","28"
"D:\OneDrive\VS\Projects\DocxDocument\DocumentModel.InOpenXml\Vml\Lock.cs","ShapeType","91"
"D:\OneDrive\VS\Projects\DocxDocument\DocumentModel.InOpenXml\Vml\Lock.cs","TextLock","77"
"D:\OneDrive\VS\Projects\DocxDocument\DocumentModel.InOpenXml\Vml\Lock.cs","Ungrouping","42"
"D:\OneDrive\VS\Projects\DocxDocument\DocumentModel.InOpenXml\Vml\Lock.cs","Verticies","63"
"D:\OneDrive\VS\Projects\DocxDocument\DocumentModel.InOpenXml\Vml\OleObject.cs","DrawAspect","37"
"D:\OneDrive\VS\Projects\DocxDocument\DocumentModel.InOpenXml\Vml\OleObject.cs","FieldCodes","79"
"D:\OneDrive\VS\Projects\DocxDocument\DocumentModel.InOpenXml\Vml\OleObject.cs","Id","51"
"D:\OneDrive\VS\Projects\DocxDocument\DocumentModel.InOpenXml\Vml\OleObject.cs","LinkType","65"
"D:\OneDrive\VS\Projects\DocxDocument\DocumentModel.InOpenXml\Vml\OleObject.cs","LockedField","72"
"D:\OneDrive\VS\Projects\DocxDocument\DocumentModel.InOpenXml\Vml\OleObject.cs","ObjectId","44"
"D:\OneDrive\VS\Projects\DocxDocument\DocumentModel.InOpenXml\Vml\OleObject.cs","ProgId","23"
"D:\OneDrive\VS\Projects\DocxDocument\DocumentModel.InOpenXml\Vml\OleObject.cs","ShapeId","30"
"D:\OneDrive\VS\Projects\DocxDocument\DocumentModel.InOpenXml\Vml\OleObject.cs","Type","16"
"D:\OneDrive\VS\Projects\DocxDocument\DocumentModel.InOpenXml\Vml\OleObject.cs","UpdateMode","58"
"D:\OneDrive\VS\Projects\DocxDocument\DocumentModel.InOpenXml\Vml\Oval.cs","AllowInCell","178"
"D:\OneDrive\VS\Projects\DocxDocument\DocumentModel.InOpenXml\Vml\Oval.cs","AllowOverlap","185"
"D:\OneDrive\VS\Projects\DocxDocument\DocumentModel.InOpenXml\Vml\Oval.cs","Alternate","59"
"D:\OneDrive\VS\Projects\DocxDocument\DocumentModel.InOpenXml\Vml\Oval.cs","BlackWhiteMode","311"
"D:\OneDrive\VS\Projects\DocxDocument\DocumentModel.InOpenXml\Vml\Oval.cs","BorderBottomColor","213"
"D:\OneDrive\VS\Projects\DocxDocument\DocumentModel.InOpenXml\Vml\Oval.cs","BorderLeftColor","206"
"D:\OneDrive\VS\Projects\DocxDocument\DocumentModel.InOpenXml\Vml\Oval.cs","BorderRightColor","220"
"D:\OneDrive\VS\Projects\DocxDocument\DocumentModel.InOpenXml\Vml\Oval.cs","BorderTopColor","199"
"D:\OneDrive\VS\Projects\DocxDocument\DocumentModel.InOpenXml\Vml\Oval.cs","Bullet","136"
"D:\OneDrive\VS\Projects\DocxDocument\DocumentModel.InOpenXml\Vml\Oval.cs","Button","122"
"D:\OneDrive\VS\Projects\DocxDocument\DocumentModel.InOpenXml\Vml\Oval.cs","Class","45"
"D:\OneDrive\VS\Projects\DocxDocument\DocumentModel.InOpenXml\Vml\Oval.cs","Clip","367"
"D:\OneDrive\VS\Projects\DocxDocument\DocumentModel.InOpenXml\Vml\Oval.cs","ClipToWrap","360"
"D:\OneDrive\VS\Projects\DocxDocument\DocumentModel.InOpenXml\Vml\Oval.cs","ConnectorType","304"
"D:\OneDrive\VS\Projects\DocxDocument\DocumentModel.InOpenXml\Vml\Oval.cs","CoordinateOrigin","73"
"D:\OneDrive\VS\Projects\DocxDocument\DocumentModel.InOpenXml\Vml\Oval.cs","CoordinateSize","66"
"D:\OneDrive\VS\Projects\DocxDocument\DocumentModel.InOpenXml\Vml\Oval.cs","DiagramLayout","227"
"D:\OneDrive\VS\Projects\DocxDocument\DocumentModel.InOpenXml\Vml\Oval.cs","DiagramLayoutMostRecentUsed","241"
"D:\OneDrive\VS\Projects\DocxDocument\DocumentModel.InOpenXml\Vml\Oval.cs","DiagramNodeKind","234"
"D:\OneDrive\VS\Projects\DocxDocument\DocumentModel.InOpenXml\Vml\Oval.cs","DoubleClickNotify","115"
"D:\OneDrive\VS\Projects\DocxDocument\DocumentModel.InOpenXml\Vml\Oval.cs","FillColor","262"
"D:\OneDrive\VS\Projects\DocxDocument\DocumentModel.InOpenXml\Vml\Oval.cs","Filled","255"
"D:\OneDrive\VS\Projects\DocxDocument\DocumentModel.InOpenXml\Vml\Oval.cs","ForceDash","332"
"D:\OneDrive\VS\Projects\DocxDocument\DocumentModel.InOpenXml\Vml\Oval.cs","GfxData","374"
"D:\OneDrive\VS\Projects\DocxDocument\DocumentModel.InOpenXml\Vml\Oval.cs","Horizontal","143"
"D:\OneDrive\VS\Projects\DocxDocument\DocumentModel.InOpenXml\Vml\Oval.cs","HorizontalAlignment","171"
"D:\OneDrive\VS\Projects\DocxDocument\DocumentModel.InOpenXml\Vml\Oval.cs","HorizontalNoShade","157"
"D:\OneDrive\VS\Projects\DocxDocument\DocumentModel.InOpenXml\Vml\Oval.cs","HorizontalPercentage","164"
"D:\OneDrive\VS\Projects\DocxDocument\DocumentModel.InOpenXml\Vml\Oval.cs","HorizontalStandard","150"
"D:\OneDrive\VS\Projects\DocxDocument\DocumentModel.InOpenXml\Vml\Oval.cs","Href","31"
"D:\OneDrive\VS\Projects\DocxDocument\DocumentModel.InOpenXml\Vml\Oval.cs","Id","17"
"D:\OneDrive\VS\Projects\DocxDocument\DocumentModel.InOpenXml\Vml\Oval.cs","InsetMode","248"
"D:\OneDrive\VS\Projects\DocxDocument\DocumentModel.InOpenXml\Vml\Oval.cs","InsetPen","290"
"D:\OneDrive\VS\Projects\DocxDocument\DocumentModel.InOpenXml\Vml\Oval.cs","NormalBlackWhiteMode","325"
"D:\OneDrive\VS\Projects\DocxDocument\DocumentModel.InOpenXml\Vml\Oval.cs","Ole","346"
"D:\OneDrive\VS\Projects\DocxDocument\DocumentModel.InOpenXml\Vml\Oval.cs","OleIcon","339"
"D:\OneDrive\VS\Projects\DocxDocument\DocumentModel.InOpenXml\Vml\Oval.cs","Oned","101"
"D:\OneDrive\VS\Projects\DocxDocument\DocumentModel.InOpenXml\Vml\Oval.cs","OptionalNumber","297"
"D:\OneDrive\VS\Projects\DocxDocument\DocumentModel.InOpenXml\Vml\Oval.cs","OptionalString","94"
"D:\OneDrive\VS\Projects\DocxDocument\DocumentModel.InOpenXml\Vml\Oval.cs","PreferRelative","353"
"D:\OneDrive\VS\Projects\DocxDocument\DocumentModel.InOpenXml\Vml\Oval.cs","Print","87"
"D:\OneDrive\VS\Projects\DocxDocument\DocumentModel.InOpenXml\Vml\Oval.cs","PureBlackWhiteMode","318"
"D:\OneDrive\VS\Projects\DocxDocument\DocumentModel.InOpenXml\Vml\Oval.cs","RegroupId","108"
"D:\OneDrive\VS\Projects\DocxDocument\DocumentModel.InOpenXml\Vml\Oval.cs","StrokeColor","276"
"D:\OneDrive\VS\Projects\DocxDocument\DocumentModel.InOpenXml\Vml\Oval.cs","Stroked","269"
"D:\OneDrive\VS\Projects\DocxDocument\DocumentModel.InOpenXml\Vml\Oval.cs","StrokeWeight","283"
"D:\OneDrive\VS\Projects\DocxDocument\DocumentModel.InOpenXml\Vml\Oval.cs","Style","24"
"D:\OneDrive\VS\Projects\DocxDocument\DocumentModel.InOpenXml\Vml\Oval.cs","Target","38"
"D:\OneDrive\VS\Projects\DocxDocument\DocumentModel.InOpenXml\Vml\Oval.cs","Title","52"
"D:\OneDrive\VS\Projects\DocxDocument\DocumentModel.InOpenXml\Vml\Oval.cs","UserDrawn","192"
"D:\OneDrive\VS\Projects\DocxDocument\DocumentModel.InOpenXml\Vml\Oval.cs","UserHidden","129"
"D:\OneDrive\VS\Projects\DocxDocument\DocumentModel.InOpenXml\Vml\Oval.cs","WrapCoordinates","80"
"D:\OneDrive\VS\Projects\DocxDocument\DocumentModel.InOpenXml\Vml\Path.cs","AllowExtrusion","112"
"D:\OneDrive\VS\Projects\DocxDocument\DocumentModel.InOpenXml\Vml\Path.cs","AllowFill","42"
"D:\OneDrive\VS\Projects\DocxDocument\DocumentModel.InOpenXml\Vml\Path.cs","AllowGradientShape","70"
"D:\OneDrive\VS\Projects\DocxDocument\DocumentModel.InOpenXml\Vml\Path.cs","AllowInsetPen","84"
"D:\OneDrive\VS\Projects\DocxDocument\DocumentModel.InOpenXml\Vml\Path.cs","AllowShading","56"
"D:\OneDrive\VS\Projects\DocxDocument\DocumentModel.InOpenXml\Vml\Path.cs","AllowStroke","49"
"D:\OneDrive\VS\Projects\DocxDocument\DocumentModel.InOpenXml\Vml\Path.cs","AllowTextPath","77"
"D:\OneDrive\VS\Projects\DocxDocument\DocumentModel.InOpenXml\Vml\Path.cs","ConnectAngles","105"
"D:\OneDrive\VS\Projects\DocxDocument\DocumentModel.InOpenXml\Vml\Path.cs","ConnectionPoints","98"
"D:\OneDrive\VS\Projects\DocxDocument\DocumentModel.InOpenXml\Vml\Path.cs","ConnectionPointType","91"
"D:\OneDrive\VS\Projects\DocxDocument\DocumentModel.InOpenXml\Vml\Path.cs","Id","14"
"D:\OneDrive\VS\Projects\DocxDocument\DocumentModel.InOpenXml\Vml\Path.cs","Limo","28"
"D:\OneDrive\VS\Projects\DocxDocument\DocumentModel.InOpenXml\Vml\Path.cs","ShowArrowhead","63"
"D:\OneDrive\VS\Projects\DocxDocument\DocumentModel.InOpenXml\Vml\Path.cs","TextboxRectangle","35"
"D:\OneDrive\VS\Projects\DocxDocument\DocumentModel.InOpenXml\Vml\Path.cs","Value","21"
"D:\OneDrive\VS\Projects\DocxDocument\DocumentModel.InOpenXml\Vml\PolyLine.cs","AllowInCell","178"
"D:\OneDrive\VS\Projects\DocxDocument\DocumentModel.InOpenXml\Vml\PolyLine.cs","AllowOverlap","185"
"D:\OneDrive\VS\Projects\DocxDocument\DocumentModel.InOpenXml\Vml\PolyLine.cs","Alternate","59"
"D:\OneDrive\VS\Projects\DocxDocument\DocumentModel.InOpenXml\Vml\PolyLine.cs","BlackWhiteMode","311"
"D:\OneDrive\VS\Projects\DocxDocument\DocumentModel.InOpenXml\Vml\PolyLine.cs","BorderBottomColor","213"
"D:\OneDrive\VS\Projects\DocxDocument\DocumentModel.InOpenXml\Vml\PolyLine.cs","BorderLeftColor","206"
"D:\OneDrive\VS\Projects\DocxDocument\DocumentModel.InOpenXml\Vml\PolyLine.cs","BorderRightColor","220"
"D:\OneDrive\VS\Projects\DocxDocument\DocumentModel.InOpenXml\Vml\PolyLine.cs","BorderTopColor","199"
"D:\OneDrive\VS\Projects\DocxDocument\DocumentModel.InOpenXml\Vml\PolyLine.cs","Bullet","136"
"D:\OneDrive\VS\Projects\DocxDocument\DocumentModel.InOpenXml\Vml\PolyLine.cs","Button","122"
"D:\OneDrive\VS\Projects\DocxDocument\DocumentModel.InOpenXml\Vml\PolyLine.cs","Class","45"
"D:\OneDrive\VS\Projects\DocxDocument\DocumentModel.InOpenXml\Vml\PolyLine.cs","Clip","367"
"D:\OneDrive\VS\Projects\DocxDocument\DocumentModel.InOpenXml\Vml\PolyLine.cs","ClipToWrap","360"
"D:\OneDrive\VS\Projects\DocxDocument\DocumentModel.InOpenXml\Vml\PolyLine.cs","ConnectorType","304"
"D:\OneDrive\VS\Projects\DocxDocument\DocumentModel.InOpenXml\Vml\PolyLine.cs","CoordinateOrigin","73"
"D:\OneDrive\VS\Projects\DocxDocument\DocumentModel.InOpenXml\Vml\PolyLine.cs","CoordinateSize","66"
"D:\OneDrive\VS\Projects\DocxDocument\DocumentModel.InOpenXml\Vml\PolyLine.cs","DiagramLayout","227"
"D:\OneDrive\VS\Projects\DocxDocument\DocumentModel.InOpenXml\Vml\PolyLine.cs","DiagramLayoutMostRecentUsed","241"
"D:\OneDrive\VS\Projects\DocxDocument\DocumentModel.InOpenXml\Vml\PolyLine.cs","DiagramNodeKind","234"
"D:\OneDrive\VS\Projects\DocxDocument\DocumentModel.InOpenXml\Vml\PolyLine.cs","DoubleClickNotify","115"
"D:\OneDrive\VS\Projects\DocxDocument\DocumentModel.InOpenXml\Vml\PolyLine.cs","FillColor","262"
"D:\OneDrive\VS\Projects\DocxDocument\DocumentModel.InOpenXml\Vml\PolyLine.cs","Filled","255"
"D:\OneDrive\VS\Projects\DocxDocument\DocumentModel.InOpenXml\Vml\PolyLine.cs","ForceDash","332"
"D:\OneDrive\VS\Projects\DocxDocument\DocumentModel.InOpenXml\Vml\PolyLine.cs","GfxData","374"
"D:\OneDrive\VS\Projects\DocxDocument\DocumentModel.InOpenXml\Vml\PolyLine.cs","Horizontal","143"
"D:\OneDrive\VS\Projects\DocxDocument\DocumentModel.InOpenXml\Vml\PolyLine.cs","HorizontalAlignment","171"
"D:\OneDrive\VS\Projects\DocxDocument\DocumentModel.InOpenXml\Vml\PolyLine.cs","HorizontalNoShade","157"
"D:\OneDrive\VS\Projects\DocxDocument\DocumentModel.InOpenXml\Vml\PolyLine.cs","HorizontalPercentage","164"
"D:\OneDrive\VS\Projects\DocxDocument\DocumentModel.InOpenXml\Vml\PolyLine.cs","HorizontalStandard","150"
"D:\OneDrive\VS\Projects\DocxDocument\DocumentModel.InOpenXml\Vml\PolyLine.cs","Href","31"
"D:\OneDrive\VS\Projects\DocxDocument\DocumentModel.InOpenXml\Vml\PolyLine.cs","Id","17"
"D:\OneDrive\VS\Projects\DocxDocument\DocumentModel.InOpenXml\Vml\PolyLine.cs","InsetMode","248"
"D:\OneDrive\VS\Projects\DocxDocument\DocumentModel.InOpenXml\Vml\PolyLine.cs","InsetPen","290"
"D:\OneDrive\VS\Projects\DocxDocument\DocumentModel.InOpenXml\Vml\PolyLine.cs","NormalBlackWhiteMode","325"
"D:\OneDrive\VS\Projects\DocxDocument\DocumentModel.InOpenXml\Vml\PolyLine.cs","Ole","346"
"D:\OneDrive\VS\Projects\DocxDocument\DocumentModel.InOpenXml\Vml\PolyLine.cs","OleIcon","339"
"D:\OneDrive\VS\Projects\DocxDocument\DocumentModel.InOpenXml\Vml\PolyLine.cs","Oned","101"
"D:\OneDrive\VS\Projects\DocxDocument\DocumentModel.InOpenXml\Vml\PolyLine.cs","OptionalNumber","297"
"D:\OneDrive\VS\Projects\DocxDocument\DocumentModel.InOpenXml\Vml\PolyLine.cs","OptionalString","94"
"D:\OneDrive\VS\Projects\DocxDocument\DocumentModel.InOpenXml\Vml\PolyLine.cs","Points","381"
"D:\OneDrive\VS\Projects\DocxDocument\DocumentModel.InOpenXml\Vml\PolyLine.cs","PreferRelative","353"
"D:\OneDrive\VS\Projects\DocxDocument\DocumentModel.InOpenXml\Vml\PolyLine.cs","Print","87"
"D:\OneDrive\VS\Projects\DocxDocument\DocumentModel.InOpenXml\Vml\PolyLine.cs","PureBlackWhiteMode","318"
"D:\OneDrive\VS\Projects\DocxDocument\DocumentModel.InOpenXml\Vml\PolyLine.cs","RegroupId","108"
"D:\OneDrive\VS\Projects\DocxDocument\DocumentModel.InOpenXml\Vml\PolyLine.cs","StrokeColor","276"
"D:\OneDrive\VS\Projects\DocxDocument\DocumentModel.InOpenXml\Vml\PolyLine.cs","Stroked","269"
"D:\OneDrive\VS\Projects\DocxDocument\DocumentModel.InOpenXml\Vml\PolyLine.cs","StrokeWeight","283"
"D:\OneDrive\VS\Projects\DocxDocument\DocumentModel.InOpenXml\Vml\PolyLine.cs","Style","24"
"D:\OneDrive\VS\Projects\DocxDocument\DocumentModel.InOpenXml\Vml\PolyLine.cs","Target","38"
"D:\OneDrive\VS\Projects\DocxDocument\DocumentModel.InOpenXml\Vml\PolyLine.cs","Title","52"
"D:\OneDrive\VS\Projects\DocxDocument\DocumentModel.InOpenXml\Vml\PolyLine.cs","UserDrawn","192"
"D:\OneDrive\VS\Projects\DocxDocument\DocumentModel.InOpenXml\Vml\PolyLine.cs","UserHidden","129"
"D:\OneDrive\VS\Projects\DocxDocument\DocumentModel.InOpenXml\Vml\PolyLine.cs","WrapCoordinates","80"
"D:\OneDrive\VS\Projects\DocxDocument\DocumentModel.InOpenXml\Vml\Proxy.cs","ConnectionLocation","35"
"D:\OneDrive\VS\Projects\DocxDocument\DocumentModel.InOpenXml\Vml\Proxy.cs","End","21"
"D:\OneDrive\VS\Projects\DocxDocument\DocumentModel.InOpenXml\Vml\Proxy.cs","ShapeReference","28"
"D:\OneDrive\VS\Projects\DocxDocument\DocumentModel.InOpenXml\Vml\Proxy.cs","Start","14"
"D:\OneDrive\VS\Projects\DocxDocument\DocumentModel.InOpenXml\Vml\Rectangle.cs","AllowInCell","178"
"D:\OneDrive\VS\Projects\DocxDocument\DocumentModel.InOpenXml\Vml\Rectangle.cs","AllowOverlap","185"
"D:\OneDrive\VS\Projects\DocxDocument\DocumentModel.InOpenXml\Vml\Rectangle.cs","Alternate","59"
"D:\OneDrive\VS\Projects\DocxDocument\DocumentModel.InOpenXml\Vml\Rectangle.cs","BlackWhiteMode","311"
"D:\OneDrive\VS\Projects\DocxDocument\DocumentModel.InOpenXml\Vml\Rectangle.cs","BorderBottomColor","213"
"D:\OneDrive\VS\Projects\DocxDocument\DocumentModel.InOpenXml\Vml\Rectangle.cs","BorderLeftColor","206"
"D:\OneDrive\VS\Projects\DocxDocument\DocumentModel.InOpenXml\Vml\Rectangle.cs","BorderRightColor","220"
"D:\OneDrive\VS\Projects\DocxDocument\DocumentModel.InOpenXml\Vml\Rectangle.cs","BorderTopColor","199"
"D:\OneDrive\VS\Projects\DocxDocument\DocumentModel.InOpenXml\Vml\Rectangle.cs","Bullet","136"
"D:\OneDrive\VS\Projects\DocxDocument\DocumentModel.InOpenXml\Vml\Rectangle.cs","Button","122"
"D:\OneDrive\VS\Projects\DocxDocument\DocumentModel.InOpenXml\Vml\Rectangle.cs","Class","45"
"D:\OneDrive\VS\Projects\DocxDocument\DocumentModel.InOpenXml\Vml\Rectangle.cs","Clip","367"
"D:\OneDrive\VS\Projects\DocxDocument\DocumentModel.InOpenXml\Vml\Rectangle.cs","ClipToWrap","360"
"D:\OneDrive\VS\Projects\DocxDocument\DocumentModel.InOpenXml\Vml\Rectangle.cs","ConnectorType","304"
"D:\OneDrive\VS\Projects\DocxDocument\DocumentModel.InOpenXml\Vml\Rectangle.cs","CoordinateOrigin","73"
"D:\OneDrive\VS\Projects\DocxDocument\DocumentModel.InOpenXml\Vml\Rectangle.cs","CoordinateSize","66"
"D:\OneDrive\VS\Projects\DocxDocument\DocumentModel.InOpenXml\Vml\Rectangle.cs","DiagramLayout","227"
"D:\OneDrive\VS\Projects\DocxDocument\DocumentModel.InOpenXml\Vml\Rectangle.cs","DiagramLayoutMostRecentUsed","241"
"D:\OneDrive\VS\Projects\DocxDocument\DocumentModel.InOpenXml\Vml\Rectangle.cs","DiagramNodeKind","234"
"D:\OneDrive\VS\Projects\DocxDocument\DocumentModel.InOpenXml\Vml\Rectangle.cs","DoubleClickNotify","115"
"D:\OneDrive\VS\Projects\DocxDocument\DocumentModel.InOpenXml\Vml\Rectangle.cs","FillColor","262"
"D:\OneDrive\VS\Projects\DocxDocument\DocumentModel.InOpenXml\Vml\Rectangle.cs","Filled","255"
"D:\OneDrive\VS\Projects\DocxDocument\DocumentModel.InOpenXml\Vml\Rectangle.cs","ForceDash","332"
"D:\OneDrive\VS\Projects\DocxDocument\DocumentModel.InOpenXml\Vml\Rectangle.cs","GfxData","374"
"D:\OneDrive\VS\Projects\DocxDocument\DocumentModel.InOpenXml\Vml\Rectangle.cs","Horizontal","143"
"D:\OneDrive\VS\Projects\DocxDocument\DocumentModel.InOpenXml\Vml\Rectangle.cs","HorizontalAlignment","171"
"D:\OneDrive\VS\Projects\DocxDocument\DocumentModel.InOpenXml\Vml\Rectangle.cs","HorizontalNoShade","157"
"D:\OneDrive\VS\Projects\DocxDocument\DocumentModel.InOpenXml\Vml\Rectangle.cs","HorizontalPercentage","164"
"D:\OneDrive\VS\Projects\DocxDocument\DocumentModel.InOpenXml\Vml\Rectangle.cs","HorizontalStandard","150"
"D:\OneDrive\VS\Projects\DocxDocument\DocumentModel.InOpenXml\Vml\Rectangle.cs","Href","31"
"D:\OneDrive\VS\Projects\DocxDocument\DocumentModel.InOpenXml\Vml\Rectangle.cs","Id","17"
"D:\OneDrive\VS\Projects\DocxDocument\DocumentModel.InOpenXml\Vml\Rectangle.cs","InsetMode","248"
"D:\OneDrive\VS\Projects\DocxDocument\DocumentModel.InOpenXml\Vml\Rectangle.cs","InsetPen","290"
"D:\OneDrive\VS\Projects\DocxDocument\DocumentModel.InOpenXml\Vml\Rectangle.cs","NormalBlackWhiteMode","325"
"D:\OneDrive\VS\Projects\DocxDocument\DocumentModel.InOpenXml\Vml\Rectangle.cs","Ole","346"
"D:\OneDrive\VS\Projects\DocxDocument\DocumentModel.InOpenXml\Vml\Rectangle.cs","OleIcon","339"
"D:\OneDrive\VS\Projects\DocxDocument\DocumentModel.InOpenXml\Vml\Rectangle.cs","Oned","101"
"D:\OneDrive\VS\Projects\DocxDocument\DocumentModel.InOpenXml\Vml\Rectangle.cs","OptionalNumber","297"
"D:\OneDrive\VS\Projects\DocxDocument\DocumentModel.InOpenXml\Vml\Rectangle.cs","OptionalString","94"
"D:\OneDrive\VS\Projects\DocxDocument\DocumentModel.InOpenXml\Vml\Rectangle.cs","PreferRelative","353"
"D:\OneDrive\VS\Projects\DocxDocument\DocumentModel.InOpenXml\Vml\Rectangle.cs","Print","87"
"D:\OneDrive\VS\Projects\DocxDocument\DocumentModel.InOpenXml\Vml\Rectangle.cs","PureBlackWhiteMode","318"
"D:\OneDrive\VS\Projects\DocxDocument\DocumentModel.InOpenXml\Vml\Rectangle.cs","RegroupId","108"
"D:\OneDrive\VS\Projects\DocxDocument\DocumentModel.InOpenXml\Vml\Rectangle.cs","StrokeColor","276"
"D:\OneDrive\VS\Projects\DocxDocument\DocumentModel.InOpenXml\Vml\Rectangle.cs","Stroked","269"
"D:\OneDrive\VS\Projects\DocxDocument\DocumentModel.InOpenXml\Vml\Rectangle.cs","StrokeWeight","283"
"D:\OneDrive\VS\Projects\DocxDocument\DocumentModel.InOpenXml\Vml\Rectangle.cs","Style","24"
"D:\OneDrive\VS\Projects\DocxDocument\DocumentModel.InOpenXml\Vml\Rectangle.cs","Target","38"
"D:\OneDrive\VS\Projects\DocxDocument\DocumentModel.InOpenXml\Vml\Rectangle.cs","Title","52"
"D:\OneDrive\VS\Projects\DocxDocument\DocumentModel.InOpenXml\Vml\Rectangle.cs","UserDrawn","192"
"D:\OneDrive\VS\Projects\DocxDocument\DocumentModel.InOpenXml\Vml\Rectangle.cs","UserHidden","129"
"D:\OneDrive\VS\Projects\DocxDocument\DocumentModel.InOpenXml\Vml\Rectangle.cs","WrapCoordinates","80"
"D:\OneDrive\VS\Projects\DocxDocument\DocumentModel.InOpenXml\Vml\RegroupTable.cs","Extension","14"
"D:\OneDrive\VS\Projects\DocxDocument\DocumentModel.InOpenXml\Vml\Relation.cs","CenterShapeId","35"
"D:\OneDrive\VS\Projects\DocxDocument\DocumentModel.InOpenXml\Vml\Relation.cs","DestinationId","28"
"D:\OneDrive\VS\Projects\DocxDocument\DocumentModel.InOpenXml\Vml\Relation.cs","Extension","14"
"D:\OneDrive\VS\Projects\DocxDocument\DocumentModel.InOpenXml\Vml\Relation.cs","SourceId","21"
"D:\OneDrive\VS\Projects\DocxDocument\DocumentModel.InOpenXml\Vml\RelationTable.cs","Extension","20"
"D:\OneDrive\VS\Projects\DocxDocument\DocumentModel.InOpenXml\Vml\RoundRectangle.cs","AllowInCell","171"
"D:\OneDrive\VS\Projects\DocxDocument\DocumentModel.InOpenXml\Vml\RoundRectangle.cs","AllowOverlap","178"
"D:\OneDrive\VS\Projects\DocxDocument\DocumentModel.InOpenXml\Vml\RoundRectangle.cs","Alternate","59"
"D:\OneDrive\VS\Projects\DocxDocument\DocumentModel.InOpenXml\Vml\RoundRectangle.cs","ArcSize","374"
"D:\OneDrive\VS\Projects\DocxDocument\DocumentModel.InOpenXml\Vml\RoundRectangle.cs","BlackWhiteMode","304"
"D:\OneDrive\VS\Projects\DocxDocument\DocumentModel.InOpenXml\Vml\RoundRectangle.cs","BorderBottomColor","206"
"D:\OneDrive\VS\Projects\DocxDocument\DocumentModel.InOpenXml\Vml\RoundRectangle.cs","BorderLeftColor","199"
"D:\OneDrive\VS\Projects\DocxDocument\DocumentModel.InOpenXml\Vml\RoundRectangle.cs","BorderRightColor","213"
"D:\OneDrive\VS\Projects\DocxDocument\DocumentModel.InOpenXml\Vml\RoundRectangle.cs","BorderTopColor","192"
"D:\OneDrive\VS\Projects\DocxDocument\DocumentModel.InOpenXml\Vml\RoundRectangle.cs","Bullet","129"
"D:\OneDrive\VS\Projects\DocxDocument\DocumentModel.InOpenXml\Vml\RoundRectangle.cs","Button","115"
"D:\OneDrive\VS\Projects\DocxDocument\DocumentModel.InOpenXml\Vml\RoundRectangle.cs","Class","45"
"D:\OneDrive\VS\Projects\DocxDocument\DocumentModel.InOpenXml\Vml\RoundRectangle.cs","Clip","360"
"D:\OneDrive\VS\Projects\DocxDocument\DocumentModel.InOpenXml\Vml\RoundRectangle.cs","ClipToWrap","353"
"D:\OneDrive\VS\Projects\DocxDocument\DocumentModel.InOpenXml\Vml\RoundRectangle.cs","ConnectorType","297"
"D:\OneDrive\VS\Projects\DocxDocument\DocumentModel.InOpenXml\Vml\RoundRectangle.cs","CoordinateSize","66"
"D:\OneDrive\VS\Projects\DocxDocument\DocumentModel.InOpenXml\Vml\RoundRectangle.cs","DiagramLayout","220"
"D:\OneDrive\VS\Projects\DocxDocument\DocumentModel.InOpenXml\Vml\RoundRectangle.cs","DiagramLayoutMostRecentUsed","234"
"D:\OneDrive\VS\Projects\DocxDocument\DocumentModel.InOpenXml\Vml\RoundRectangle.cs","DiagramNodeKind","227"
"D:\OneDrive\VS\Projects\DocxDocument\DocumentModel.InOpenXml\Vml\RoundRectangle.cs","DoubleClickNotify","108"
"D:\OneDrive\VS\Projects\DocxDocument\DocumentModel.InOpenXml\Vml\RoundRectangle.cs","FillColor","255"
"D:\OneDrive\VS\Projects\DocxDocument\DocumentModel.InOpenXml\Vml\RoundRectangle.cs","Filled","248"
"D:\OneDrive\VS\Projects\DocxDocument\DocumentModel.InOpenXml\Vml\RoundRectangle.cs","ForceDash","325"
"D:\OneDrive\VS\Projects\DocxDocument\DocumentModel.InOpenXml\Vml\RoundRectangle.cs","GfxData","367"
"D:\OneDrive\VS\Projects\DocxDocument\DocumentModel.InOpenXml\Vml\RoundRectangle.cs","Horizontal","136"
"D:\OneDrive\VS\Projects\DocxDocument\DocumentModel.InOpenXml\Vml\RoundRectangle.cs","HorizontalAlignment","164"
"D:\OneDrive\VS\Projects\DocxDocument\DocumentModel.InOpenXml\Vml\RoundRectangle.cs","HorizontalNoShade","150"
"D:\OneDrive\VS\Projects\DocxDocument\DocumentModel.InOpenXml\Vml\RoundRectangle.cs","HorizontalPercentage","157"
"D:\OneDrive\VS\Projects\DocxDocument\DocumentModel.InOpenXml\Vml\RoundRectangle.cs","HorizontalStandard","143"
"D:\OneDrive\VS\Projects\DocxDocument\DocumentModel.InOpenXml\Vml\RoundRectangle.cs","Href","31"
"D:\OneDrive\VS\Projects\DocxDocument\DocumentModel.InOpenXml\Vml\RoundRectangle.cs","Id","17"
"D:\OneDrive\VS\Projects\DocxDocument\DocumentModel.InOpenXml\Vml\RoundRectangle.cs","InsetMode","241"
"D:\OneDrive\VS\Projects\DocxDocument\DocumentModel.InOpenXml\Vml\RoundRectangle.cs","InsetPen","283"
"D:\OneDrive\VS\Projects\DocxDocument\DocumentModel.InOpenXml\Vml\RoundRectangle.cs","NormalBlackWhiteMode","318"
"D:\OneDrive\VS\Projects\DocxDocument\DocumentModel.InOpenXml\Vml\RoundRectangle.cs","Ole","339"
"D:\OneDrive\VS\Projects\DocxDocument\DocumentModel.InOpenXml\Vml\RoundRectangle.cs","OleIcon","332"
"D:\OneDrive\VS\Projects\DocxDocument\DocumentModel.InOpenXml\Vml\RoundRectangle.cs","Oned","94"
"D:\OneDrive\VS\Projects\DocxDocument\DocumentModel.InOpenXml\Vml\RoundRectangle.cs","OptionalNumber","290"
"D:\OneDrive\VS\Projects\DocxDocument\DocumentModel.InOpenXml\Vml\RoundRectangle.cs","OptionalString","87"
"D:\OneDrive\VS\Projects\DocxDocument\DocumentModel.InOpenXml\Vml\RoundRectangle.cs","PreferRelative","346"
"D:\OneDrive\VS\Projects\DocxDocument\DocumentModel.InOpenXml\Vml\RoundRectangle.cs","Print","80"
"D:\OneDrive\VS\Projects\DocxDocument\DocumentModel.InOpenXml\Vml\RoundRectangle.cs","PureBlackWhiteMode","311"
"D:\OneDrive\VS\Projects\DocxDocument\DocumentModel.InOpenXml\Vml\RoundRectangle.cs","RegroupId","101"
"D:\OneDrive\VS\Projects\DocxDocument\DocumentModel.InOpenXml\Vml\RoundRectangle.cs","StrokeColor","269"
"D:\OneDrive\VS\Projects\DocxDocument\DocumentModel.InOpenXml\Vml\RoundRectangle.cs","Stroked","262"
"D:\OneDrive\VS\Projects\DocxDocument\DocumentModel.InOpenXml\Vml\RoundRectangle.cs","StrokeWeight","276"
"D:\OneDrive\VS\Projects\DocxDocument\DocumentModel.InOpenXml\Vml\RoundRectangle.cs","Style","24"
"D:\OneDrive\VS\Projects\DocxDocument\DocumentModel.InOpenXml\Vml\RoundRectangle.cs","Target","38"
"D:\OneDrive\VS\Projects\DocxDocument\DocumentModel.InOpenXml\Vml\RoundRectangle.cs","Title","52"
"D:\OneDrive\VS\Projects\DocxDocument\DocumentModel.InOpenXml\Vml\RoundRectangle.cs","UserDrawn","185"
"D:\OneDrive\VS\Projects\DocxDocument\DocumentModel.InOpenXml\Vml\RoundRectangle.cs","UserHidden","122"
"D:\OneDrive\VS\Projects\DocxDocument\DocumentModel.InOpenXml\Vml\RoundRectangle.cs","WrapCoordinates","73"
"D:\OneDrive\VS\Projects\DocxDocument\DocumentModel.InOpenXml\Vml\Rule.cs","How","28"
"D:\OneDrive\VS\Projects\DocxDocument\DocumentModel.InOpenXml\Vml\Rule.cs","Id","14"
"D:\OneDrive\VS\Projects\DocxDocument\DocumentModel.InOpenXml\Vml\Rule.cs","ShapeReference","35"
"D:\OneDrive\VS\Projects\DocxDocument\DocumentModel.InOpenXml\Vml\Rule.cs","Type","21"
"D:\OneDrive\VS\Projects\DocxDocument\DocumentModel.InOpenXml\Vml\Rules.cs","Extension","19"
"D:\OneDrive\VS\Projects\DocxDocument\DocumentModel.InOpenXml\Vml\Shadow.cs","Color","42"
"D:\OneDrive\VS\Projects\DocxDocument\DocumentModel.InOpenXml\Vml\Shadow.cs","Color2","63"
"D:\OneDrive\VS\Projects\DocxDocument\DocumentModel.InOpenXml\Vml\Shadow.cs","Id","14"
"D:\OneDrive\VS\Projects\DocxDocument\DocumentModel.InOpenXml\Vml\Shadow.cs","Matrix","84"
"D:\OneDrive\VS\Projects\DocxDocument\DocumentModel.InOpenXml\Vml\Shadow.cs","Obscured","35"
"D:\OneDrive\VS\Projects\DocxDocument\DocumentModel.InOpenXml\Vml\Shadow.cs","Offset","56"
"D:\OneDrive\VS\Projects\DocxDocument\DocumentModel.InOpenXml\Vml\Shadow.cs","Offset2","70"
"D:\OneDrive\VS\Projects\DocxDocument\DocumentModel.InOpenXml\Vml\Shadow.cs","On","21"
"D:\OneDrive\VS\Projects\DocxDocument\DocumentModel.InOpenXml\Vml\Shadow.cs","Opacity","49"
"D:\OneDrive\VS\Projects\DocxDocument\DocumentModel.InOpenXml\Vml\Shadow.cs","Origin","77"
"D:\OneDrive\VS\Projects\DocxDocument\DocumentModel.InOpenXml\Vml\Shadow.cs","Type","28"
"D:\OneDrive\VS\Projects\DocxDocument\DocumentModel.InOpenXml\Vml\Shape.cs","Adjustment","381"
"D:\OneDrive\VS\Projects\DocxDocument\DocumentModel.InOpenXml\Vml\Shape.cs","AllowInCell","178"
"D:\OneDrive\VS\Projects\DocxDocument\DocumentModel.InOpenXml\Vml\Shape.cs","AllowOverlap","185"
"D:\OneDrive\VS\Projects\DocxDocument\DocumentModel.InOpenXml\Vml\Shape.cs","Alternate","59"
"D:\OneDrive\VS\Projects\DocxDocument\DocumentModel.InOpenXml\Vml\Shape.cs","BlackWhiteMode","311"
"D:\OneDrive\VS\Projects\DocxDocument\DocumentModel.InOpenXml\Vml\Shape.cs","BorderBottomColor","213"
"D:\OneDrive\VS\Projects\DocxDocument\DocumentModel.InOpenXml\Vml\Shape.cs","BorderLeftColor","206"
"D:\OneDrive\VS\Projects\DocxDocument\DocumentModel.InOpenXml\Vml\Shape.cs","BorderRightColor","220"
"D:\OneDrive\VS\Projects\DocxDocument\DocumentModel.InOpenXml\Vml\Shape.cs","BorderTopColor","199"
"D:\OneDrive\VS\Projects\DocxDocument\DocumentModel.InOpenXml\Vml\Shape.cs","Bullet","136"
"D:\OneDrive\VS\Projects\DocxDocument\DocumentModel.InOpenXml\Vml\Shape.cs","Button","122"
"D:\OneDrive\VS\Projects\DocxDocument\DocumentModel.InOpenXml\Vml\Shape.cs","Class","45"
"D:\OneDrive\VS\Projects\DocxDocument\DocumentModel.InOpenXml\Vml\Shape.cs","Clip","367"
"D:\OneDrive\VS\Projects\DocxDocument\DocumentModel.InOpenXml\Vml\Shape.cs","ClipToWrap","360"
"D:\OneDrive\VS\Projects\DocxDocument\DocumentModel.InOpenXml\Vml\Shape.cs","ConnectorType","304"
"D:\OneDrive\VS\Projects\DocxDocument\DocumentModel.InOpenXml\Vml\Shape.cs","CoordinateOrigin","73"
"D:\OneDrive\VS\Projects\DocxDocument\DocumentModel.InOpenXml\Vml\Shape.cs","CoordinateSize","66"
"D:\OneDrive\VS\Projects\DocxDocument\DocumentModel.InOpenXml\Vml\Shape.cs","DiagramLayout","227"
"D:\OneDrive\VS\Projects\DocxDocument\DocumentModel.InOpenXml\Vml\Shape.cs","DiagramLayoutMostRecentUsed","241"
"D:\OneDrive\VS\Projects\DocxDocument\DocumentModel.InOpenXml\Vml\Shape.cs","DiagramNodeKind","234"
"D:\OneDrive\VS\Projects\DocxDocument\DocumentModel.InOpenXml\Vml\Shape.cs","DoubleClickNotify","115"
"D:\OneDrive\VS\Projects\DocxDocument\DocumentModel.InOpenXml\Vml\Shape.cs","EdgePath","388"
"D:\OneDrive\VS\Projects\DocxDocument\DocumentModel.InOpenXml\Vml\Shape.cs","EncodedPackage","395"
"D:\OneDrive\VS\Projects\DocxDocument\DocumentModel.InOpenXml\Vml\Shape.cs","EquationXml","402"
"D:\OneDrive\VS\Projects\DocxDocument\DocumentModel.InOpenXml\Vml\Shape.cs","FillColor","262"
"D:\OneDrive\VS\Projects\DocxDocument\DocumentModel.InOpenXml\Vml\Shape.cs","Filled","255"
"D:\OneDrive\VS\Projects\DocxDocument\DocumentModel.InOpenXml\Vml\Shape.cs","ForceDash","332"
"D:\OneDrive\VS\Projects\DocxDocument\DocumentModel.InOpenXml\Vml\Shape.cs","Horizontal","143"
"D:\OneDrive\VS\Projects\DocxDocument\DocumentModel.InOpenXml\Vml\Shape.cs","HorizontalAlignment","171"
"D:\OneDrive\VS\Projects\DocxDocument\DocumentModel.InOpenXml\Vml\Shape.cs","HorizontalNoShade","157"
"D:\OneDrive\VS\Projects\DocxDocument\DocumentModel.InOpenXml\Vml\Shape.cs","HorizontalPercentage","164"
"D:\OneDrive\VS\Projects\DocxDocument\DocumentModel.InOpenXml\Vml\Shape.cs","HorizontalStandard","150"
"D:\OneDrive\VS\Projects\DocxDocument\DocumentModel.InOpenXml\Vml\Shape.cs","Href","31"
"D:\OneDrive\VS\Projects\DocxDocument\DocumentModel.InOpenXml\Vml\Shape.cs","Id","17"
"D:\OneDrive\VS\Projects\DocxDocument\DocumentModel.InOpenXml\Vml\Shape.cs","InsetMode","248"
"D:\OneDrive\VS\Projects\DocxDocument\DocumentModel.InOpenXml\Vml\Shape.cs","InsetPen","290"
"D:\OneDrive\VS\Projects\DocxDocument\DocumentModel.InOpenXml\Vml\Shape.cs","NormalBlackWhiteMode","325"
"D:\OneDrive\VS\Projects\DocxDocument\DocumentModel.InOpenXml\Vml\Shape.cs","Ole","346"
"D:\OneDrive\VS\Projects\DocxDocument\DocumentModel.InOpenXml\Vml\Shape.cs","OleIcon","339"
"D:\OneDrive\VS\Projects\DocxDocument\DocumentModel.InOpenXml\Vml\Shape.cs","Oned","101"
"D:\OneDrive\VS\Projects\DocxDocument\DocumentModel.InOpenXml\Vml\Shape.cs","OptionalNumber","297"
"D:\OneDrive\VS\Projects\DocxDocument\DocumentModel.InOpenXml\Vml\Shape.cs","OptionalString","94"
"D:\OneDrive\VS\Projects\DocxDocument\DocumentModel.InOpenXml\Vml\Shape.cs","PreferRelative","353"
"D:\OneDrive\VS\Projects\DocxDocument\DocumentModel.InOpenXml\Vml\Shape.cs","Print","87"
"D:\OneDrive\VS\Projects\DocxDocument\DocumentModel.InOpenXml\Vml\Shape.cs","PureBlackWhiteMode","318"
"D:\OneDrive\VS\Projects\DocxDocument\DocumentModel.InOpenXml\Vml\Shape.cs","RegroupId","108"
"D:\OneDrive\VS\Projects\DocxDocument\DocumentModel.InOpenXml\Vml\Shape.cs","StrokeColor","276"
"D:\OneDrive\VS\Projects\DocxDocument\DocumentModel.InOpenXml\Vml\Shape.cs","Stroked","269"
"D:\OneDrive\VS\Projects\DocxDocument\DocumentModel.InOpenXml\Vml\Shape.cs","StrokeWeight","283"
"D:\OneDrive\VS\Projects\DocxDocument\DocumentModel.InOpenXml\Vml\Shape.cs","Style","24"
"D:\OneDrive\VS\Projects\DocxDocument\DocumentModel.InOpenXml\Vml\Shape.cs","Target","38"
"D:\OneDrive\VS\Projects\DocxDocument\DocumentModel.InOpenXml\Vml\Shape.cs","Title","52"
"D:\OneDrive\VS\Projects\DocxDocument\DocumentModel.InOpenXml\Vml\Shape.cs","Type","374"
"D:\OneDrive\VS\Projects\DocxDocument\DocumentModel.InOpenXml\Vml\Shape.cs","UserDrawn","192"
"D:\OneDrive\VS\Projects\DocxDocument\DocumentModel.InOpenXml\Vml\Shape.cs","UserHidden","129"
"D:\OneDrive\VS\Projects\DocxDocument\DocumentModel.InOpenXml\Vml\Shape.cs","WrapCoordinates","80"
"D:\OneDrive\VS\Projects\DocxDocument\DocumentModel.InOpenXml\Vml\ShapeDefaults.cs","AllowInCell","83"
"D:\OneDrive\VS\Projects\DocxDocument\DocumentModel.InOpenXml\Vml\ShapeDefaults.cs","AllowOverlap","94"
"D:\OneDrive\VS\Projects\DocxDocument\DocumentModel.InOpenXml\Vml\ShapeDefaults.cs","BeFilled","39"
"D:\OneDrive\VS\Projects\DocxDocument\DocumentModel.InOpenXml\Vml\ShapeDefaults.cs","Callout","194"
"D:\OneDrive\VS\Projects\DocxDocument\DocumentModel.InOpenXml\Vml\ShapeDefaults.cs","ColorMenu","227"
"D:\OneDrive\VS\Projects\DocxDocument\DocumentModel.InOpenXml\Vml\ShapeDefaults.cs","ColorMostRecentlyUsed","216"
"D:\OneDrive\VS\Projects\DocxDocument\DocumentModel.InOpenXml\Vml\ShapeDefaults.cs","Extension","238"
"D:\OneDrive\VS\Projects\DocxDocument\DocumentModel.InOpenXml\Vml\ShapeDefaults.cs","Extrusion","183"
"D:\OneDrive\VS\Projects\DocxDocument\DocumentModel.InOpenXml\Vml\ShapeDefaults.cs","Fill","117"
"D:\OneDrive\VS\Projects\DocxDocument\DocumentModel.InOpenXml\Vml\ShapeDefaults.cs","FillColor","50"
"D:\OneDrive\VS\Projects\DocxDocument\DocumentModel.InOpenXml\Vml\ShapeDefaults.cs","ImageData","128"
"D:\OneDrive\VS\Projects\DocxDocument\DocumentModel.InOpenXml\Vml\ShapeDefaults.cs","InsetMode","105"
"D:\OneDrive\VS\Projects\DocxDocument\DocumentModel.InOpenXml\Vml\ShapeDefaults.cs","IsStroke","61"
"D:\OneDrive\VS\Projects\DocxDocument\DocumentModel.InOpenXml\Vml\ShapeDefaults.cs","Lock","205"
"D:\OneDrive\VS\Projects\DocxDocument\DocumentModel.InOpenXml\Vml\ShapeDefaults.cs","MaxShapeId","17"
"D:\OneDrive\VS\Projects\DocxDocument\DocumentModel.InOpenXml\Vml\ShapeDefaults.cs","Shadow","161"
"D:\OneDrive\VS\Projects\DocxDocument\DocumentModel.InOpenXml\Vml\ShapeDefaults.cs","Skew","172"
"D:\OneDrive\VS\Projects\DocxDocument\DocumentModel.InOpenXml\Vml\ShapeDefaults.cs","Stroke","139"
"D:\OneDrive\VS\Projects\DocxDocument\DocumentModel.InOpenXml\Vml\ShapeDefaults.cs","StrokeColor","72"
"D:\OneDrive\VS\Projects\DocxDocument\DocumentModel.InOpenXml\Vml\ShapeDefaults.cs","Style","28"
"D:\OneDrive\VS\Projects\DocxDocument\DocumentModel.InOpenXml\Vml\ShapeDefaults.cs","TextBox","150"
"D:\OneDrive\VS\Projects\DocxDocument\DocumentModel.InOpenXml\Vml\ShapeHandle.cs","InvertX","35"
"D:\OneDrive\VS\Projects\DocxDocument\DocumentModel.InOpenXml\Vml\ShapeHandle.cs","InvertY","42"
"D:\OneDrive\VS\Projects\DocxDocument\DocumentModel.InOpenXml\Vml\ShapeHandle.cs","Map","28"
"D:\OneDrive\VS\Projects\DocxDocument\DocumentModel.InOpenXml\Vml\ShapeHandle.cs","Polar","21"
"D:\OneDrive\VS\Projects\DocxDocument\DocumentModel.InOpenXml\Vml\ShapeHandle.cs","Position","14"
"D:\OneDrive\VS\Projects\DocxDocument\DocumentModel.InOpenXml\Vml\ShapeHandle.cs","RadiusRange","70"
"D:\OneDrive\VS\Projects\DocxDocument\DocumentModel.InOpenXml\Vml\ShapeHandle.cs","Switch","49"
"D:\OneDrive\VS\Projects\DocxDocument\DocumentModel.InOpenXml\Vml\ShapeHandle.cs","XRange","56"
"D:\OneDrive\VS\Projects\DocxDocument\DocumentModel.InOpenXml\Vml\ShapeHandle.cs","YRange","63"
"D:\OneDrive\VS\Projects\DocxDocument\DocumentModel.InOpenXml\Vml\ShapeIdMap.cs","Data","21"
"D:\OneDrive\VS\Projects\DocxDocument\DocumentModel.InOpenXml\Vml\ShapeIdMap.cs","Extension","14"
"D:\OneDrive\VS\Projects\DocxDocument\DocumentModel.InOpenXml\Vml\ShapeLayout.cs","Extension","17"
"D:\OneDrive\VS\Projects\DocxDocument\DocumentModel.InOpenXml\Vml\ShapeLayout.cs","RegroupTable","39"
"D:\OneDrive\VS\Projects\DocxDocument\DocumentModel.InOpenXml\Vml\ShapeLayout.cs","Rules","50"
"D:\OneDrive\VS\Projects\DocxDocument\DocumentModel.InOpenXml\Vml\ShapeLayout.cs","ShapeIdMap","28"
"D:\OneDrive\VS\Projects\DocxDocument\DocumentModel.InOpenXml\Vml\ShapeType.cs","Adjustment","376"
"D:\OneDrive\VS\Projects\DocxDocument\DocumentModel.InOpenXml\Vml\ShapeType.cs","AllowInCell","180"
"D:\OneDrive\VS\Projects\DocxDocument\DocumentModel.InOpenXml\Vml\ShapeType.cs","AllowOverlap","187"
"D:\OneDrive\VS\Projects\DocxDocument\DocumentModel.InOpenXml\Vml\ShapeType.cs","Alternate","61"
"D:\OneDrive\VS\Projects\DocxDocument\DocumentModel.InOpenXml\Vml\ShapeType.cs","BlackWhiteMode","313"
"D:\OneDrive\VS\Projects\DocxDocument\DocumentModel.InOpenXml\Vml\ShapeType.cs","BorderBottomColor","215"
"D:\OneDrive\VS\Projects\DocxDocument\DocumentModel.InOpenXml\Vml\ShapeType.cs","BorderLeftColor","208"
"D:\OneDrive\VS\Projects\DocxDocument\DocumentModel.InOpenXml\Vml\ShapeType.cs","BorderRightColor","222"
"D:\OneDrive\VS\Projects\DocxDocument\DocumentModel.InOpenXml\Vml\ShapeType.cs","BorderTopColor","201"
"D:\OneDrive\VS\Projects\DocxDocument\DocumentModel.InOpenXml\Vml\ShapeType.cs","Bullet","138"
"D:\OneDrive\VS\Projects\DocxDocument\DocumentModel.InOpenXml\Vml\ShapeType.cs","Button","124"
"D:\OneDrive\VS\Projects\DocxDocument\DocumentModel.InOpenXml\Vml\ShapeType.cs","Class","47"
"D:\OneDrive\VS\Projects\DocxDocument\DocumentModel.InOpenXml\Vml\ShapeType.cs","Clip","369"
"D:\OneDrive\VS\Projects\DocxDocument\DocumentModel.InOpenXml\Vml\ShapeType.cs","ClipToWrap","362"
"D:\OneDrive\VS\Projects\DocxDocument\DocumentModel.InOpenXml\Vml\ShapeType.cs","ConnectorType","306"
"D:\OneDrive\VS\Projects\DocxDocument\DocumentModel.InOpenXml\Vml\ShapeType.cs","CoordinateOrigin","75"
"D:\OneDrive\VS\Projects\DocxDocument\DocumentModel.InOpenXml\Vml\ShapeType.cs","CoordinateSize","68"
"D:\OneDrive\VS\Projects\DocxDocument\DocumentModel.InOpenXml\Vml\ShapeType.cs","DiagramLayout","229"
"D:\OneDrive\VS\Projects\DocxDocument\DocumentModel.InOpenXml\Vml\ShapeType.cs","DiagramLayoutMostRecentUsed","243"
"D:\OneDrive\VS\Projects\DocxDocument\DocumentModel.InOpenXml\Vml\ShapeType.cs","DiagramNodeKind","236"
"D:\OneDrive\VS\Projects\DocxDocument\DocumentModel.InOpenXml\Vml\ShapeType.cs","DoubleClickNotify","117"
"D:\OneDrive\VS\Projects\DocxDocument\DocumentModel.InOpenXml\Vml\ShapeType.cs","EdgePath","383"
"D:\OneDrive\VS\Projects\DocxDocument\DocumentModel.InOpenXml\Vml\ShapeType.cs","FillColor","264"
"D:\OneDrive\VS\Projects\DocxDocument\DocumentModel.InOpenXml\Vml\ShapeType.cs","Filled","257"
"D:\OneDrive\VS\Projects\DocxDocument\DocumentModel.InOpenXml\Vml\ShapeType.cs","ForceDash","334"
"D:\OneDrive\VS\Projects\DocxDocument\DocumentModel.InOpenXml\Vml\ShapeType.cs","Horizontal","145"
"D:\OneDrive\VS\Projects\DocxDocument\DocumentModel.InOpenXml\Vml\ShapeType.cs","HorizontalAlignment","173"
"D:\OneDrive\VS\Projects\DocxDocument\DocumentModel.InOpenXml\Vml\ShapeType.cs","HorizontalNoShade","159"
"D:\OneDrive\VS\Projects\DocxDocument\DocumentModel.InOpenXml\Vml\ShapeType.cs","HorizontalPercentage","166"
"D:\OneDrive\VS\Projects\DocxDocument\DocumentModel.InOpenXml\Vml\ShapeType.cs","HorizontalStandard","152"
"D:\OneDrive\VS\Projects\DocxDocument\DocumentModel.InOpenXml\Vml\ShapeType.cs","Href","33"
"D:\OneDrive\VS\Projects\DocxDocument\DocumentModel.InOpenXml\Vml\ShapeType.cs","Id","19"
"D:\OneDrive\VS\Projects\DocxDocument\DocumentModel.InOpenXml\Vml\ShapeType.cs","InsetMode","250"
"D:\OneDrive\VS\Projects\DocxDocument\DocumentModel.InOpenXml\Vml\ShapeType.cs","InsetPen","292"
"D:\OneDrive\VS\Projects\DocxDocument\DocumentModel.InOpenXml\Vml\ShapeType.cs","Master","390"
"D:\OneDrive\VS\Projects\DocxDocument\DocumentModel.InOpenXml\Vml\ShapeType.cs","NormalBlackWhiteMode","327"
"D:\OneDrive\VS\Projects\DocxDocument\DocumentModel.InOpenXml\Vml\ShapeType.cs","Ole","348"
"D:\OneDrive\VS\Projects\DocxDocument\DocumentModel.InOpenXml\Vml\ShapeType.cs","OleIcon","341"
"D:\OneDrive\VS\Projects\DocxDocument\DocumentModel.InOpenXml\Vml\ShapeType.cs","Oned","103"
"D:\OneDrive\VS\Projects\DocxDocument\DocumentModel.InOpenXml\Vml\ShapeType.cs","OptionalNumber","299"
"D:\OneDrive\VS\Projects\DocxDocument\DocumentModel.InOpenXml\Vml\ShapeType.cs","OptionalString","96"
"D:\OneDrive\VS\Projects\DocxDocument\DocumentModel.InOpenXml\Vml\ShapeType.cs","PreferRelative","355"
"D:\OneDrive\VS\Projects\DocxDocument\DocumentModel.InOpenXml\Vml\ShapeType.cs","Print","89"
"D:\OneDrive\VS\Projects\DocxDocument\DocumentModel.InOpenXml\Vml\ShapeType.cs","PureBlackWhiteMode","320"
"D:\OneDrive\VS\Projects\DocxDocument\DocumentModel.InOpenXml\Vml\ShapeType.cs","RegroupId","110"
"D:\OneDrive\VS\Projects\DocxDocument\DocumentModel.InOpenXml\Vml\ShapeType.cs","StrokeColor","278"
"D:\OneDrive\VS\Projects\DocxDocument\DocumentModel.InOpenXml\Vml\ShapeType.cs","Stroked","271"
"D:\OneDrive\VS\Projects\DocxDocument\DocumentModel.InOpenXml\Vml\ShapeType.cs","StrokeWeight","285"
"D:\OneDrive\VS\Projects\DocxDocument\DocumentModel.InOpenXml\Vml\ShapeType.cs","Style","26"
"D:\OneDrive\VS\Projects\DocxDocument\DocumentModel.InOpenXml\Vml\ShapeType.cs","Target","40"
"D:\OneDrive\VS\Projects\DocxDocument\DocumentModel.InOpenXml\Vml\ShapeType.cs","Title","54"
"D:\OneDrive\VS\Projects\DocxDocument\DocumentModel.InOpenXml\Vml\ShapeType.cs","UserDrawn","194"
"D:\OneDrive\VS\Projects\DocxDocument\DocumentModel.InOpenXml\Vml\ShapeType.cs","UserHidden","131"
"D:\OneDrive\VS\Projects\DocxDocument\DocumentModel.InOpenXml\Vml\ShapeType.cs","WrapCoordinates","82"
"D:\OneDrive\VS\Projects\DocxDocument\DocumentModel.InOpenXml\Vml\SignatureLine.cs","AdditionalXml","91"
"D:\OneDrive\VS\Projects\DocxDocument\DocumentModel.InOpenXml\Vml\SignatureLine.cs","AllowComments","49"
"D:\OneDrive\VS\Projects\DocxDocument\DocumentModel.InOpenXml\Vml\SignatureLine.cs","Extension","14"
"D:\OneDrive\VS\Projects\DocxDocument\DocumentModel.InOpenXml\Vml\SignatureLine.cs","Id","28"
"D:\OneDrive\VS\Projects\DocxDocument\DocumentModel.InOpenXml\Vml\SignatureLine.cs","IsSignatureLine","21"
"D:\OneDrive\VS\Projects\DocxDocument\DocumentModel.InOpenXml\Vml\SignatureLine.cs","ProviderId","35"
"D:\OneDrive\VS\Projects\DocxDocument\DocumentModel.InOpenXml\Vml\SignatureLine.cs","ShowSignDate","56"
"D:\OneDrive\VS\Projects\DocxDocument\DocumentModel.InOpenXml\Vml\SignatureLine.cs","SignatureProviderUrl","98"
"D:\OneDrive\VS\Projects\DocxDocument\DocumentModel.InOpenXml\Vml\SignatureLine.cs","SigningInstructions","84"
"D:\OneDrive\VS\Projects\DocxDocument\DocumentModel.InOpenXml\Vml\SignatureLine.cs","SigningInstructionsSet","42"
"D:\OneDrive\VS\Projects\DocxDocument\DocumentModel.InOpenXml\Vml\SignatureLine.cs","SuggestedSigner","63"
"D:\OneDrive\VS\Projects\DocxDocument\DocumentModel.InOpenXml\Vml\SignatureLine.cs","SuggestedSigner2","70"
"D:\OneDrive\VS\Projects\DocxDocument\DocumentModel.InOpenXml\Vml\SignatureLine.cs","SuggestedSignerEmail","77"
"D:\OneDrive\VS\Projects\DocxDocument\DocumentModel.InOpenXml\Vml\Skew.cs","Extension","14"
"D:\OneDrive\VS\Projects\DocxDocument\DocumentModel.InOpenXml\Vml\Skew.cs","Id","21"
"D:\OneDrive\VS\Projects\DocxDocument\DocumentModel.InOpenXml\Vml\Skew.cs","Matrix","49"
"D:\OneDrive\VS\Projects\DocxDocument\DocumentModel.InOpenXml\Vml\Skew.cs","Offset","35"
"D:\OneDrive\VS\Projects\DocxDocument\DocumentModel.InOpenXml\Vml\Skew.cs","On","28"
"D:\OneDrive\VS\Projects\DocxDocument\DocumentModel.InOpenXml\Vml\Skew.cs","Origin","42"
"D:\OneDrive\VS\Projects\DocxDocument\DocumentModel.InOpenXml\Vml\Stroke.cs","AlternateImageReference","175"
"D:\OneDrive\VS\Projects\DocxDocument\DocumentModel.InOpenXml\Vml\Stroke.cs","BottomStroke","231"
"D:\OneDrive\VS\Projects\DocxDocument\DocumentModel.InOpenXml\Vml\Stroke.cs","Color","35"
"D:\OneDrive\VS\Projects\DocxDocument\DocumentModel.InOpenXml\Vml\Stroke.cs","Color2","119"
"D:\OneDrive\VS\Projects\DocxDocument\DocumentModel.InOpenXml\Vml\Stroke.cs","ColumnStroke","238"
"D:\OneDrive\VS\Projects\DocxDocument\DocumentModel.InOpenXml\Vml\Stroke.cs","DashStyle","77"
"D:\OneDrive\VS\Projects\DocxDocument\DocumentModel.InOpenXml\Vml\Stroke.cs","EndArrow","147"
"D:\OneDrive\VS\Projects\DocxDocument\DocumentModel.InOpenXml\Vml\Stroke.cs","EndArrowLength","161"
"D:\OneDrive\VS\Projects\DocxDocument\DocumentModel.InOpenXml\Vml\Stroke.cs","EndArrowWidth","154"
"D:\OneDrive\VS\Projects\DocxDocument\DocumentModel.InOpenXml\Vml\Stroke.cs","EndCap","70"
"D:\OneDrive\VS\Projects\DocxDocument\DocumentModel.InOpenXml\Vml\Stroke.cs","FillType","84"
"D:\OneDrive\VS\Projects\DocxDocument\DocumentModel.InOpenXml\Vml\Stroke.cs","ForceDash","189"
"D:\OneDrive\VS\Projects\DocxDocument\DocumentModel.InOpenXml\Vml\Stroke.cs","Href","168"
"D:\OneDrive\VS\Projects\DocxDocument\DocumentModel.InOpenXml\Vml\Stroke.cs","Id","14"
"D:\OneDrive\VS\Projects\DocxDocument\DocumentModel.InOpenXml\Vml\Stroke.cs","ImageAlignShape","112"
"D:\OneDrive\VS\Projects\DocxDocument\DocumentModel.InOpenXml\Vml\Stroke.cs","ImageAspect","98"
"D:\OneDrive\VS\Projects\DocxDocument\DocumentModel.InOpenXml\Vml\Stroke.cs","ImageSize","105"
"D:\OneDrive\VS\Projects\DocxDocument\DocumentModel.InOpenXml\Vml\Stroke.cs","Insetpen","203"
"D:\OneDrive\VS\Projects\DocxDocument\DocumentModel.InOpenXml\Vml\Stroke.cs","JoinStyle","63"
"D:\OneDrive\VS\Projects\DocxDocument\DocumentModel.InOpenXml\Vml\Stroke.cs","LeftStroke","210"
"D:\OneDrive\VS\Projects\DocxDocument\DocumentModel.InOpenXml\Vml\Stroke.cs","LineStyle","49"
"D:\OneDrive\VS\Projects\DocxDocument\DocumentModel.InOpenXml\Vml\Stroke.cs","MiterLimit","56"
"D:\OneDrive\VS\Projects\DocxDocument\DocumentModel.InOpenXml\Vml\Stroke.cs","On","21"
"D:\OneDrive\VS\Projects\DocxDocument\DocumentModel.InOpenXml\Vml\Stroke.cs","Opacity","42"
"D:\OneDrive\VS\Projects\DocxDocument\DocumentModel.InOpenXml\Vml\Stroke.cs","RelationshipId","196"
"D:\OneDrive\VS\Projects\DocxDocument\DocumentModel.InOpenXml\Vml\Stroke.cs","RightStroke","224"
"D:\OneDrive\VS\Projects\DocxDocument\DocumentModel.InOpenXml\Vml\Stroke.cs","Source","91"
"D:\OneDrive\VS\Projects\DocxDocument\DocumentModel.InOpenXml\Vml\Stroke.cs","StartArrow","126"
"D:\OneDrive\VS\Projects\DocxDocument\DocumentModel.InOpenXml\Vml\Stroke.cs","StartArrowLength","140"
"D:\OneDrive\VS\Projects\DocxDocument\DocumentModel.InOpenXml\Vml\Stroke.cs","StartArrowWidth","133"
"D:\OneDrive\VS\Projects\DocxDocument\DocumentModel.InOpenXml\Vml\Stroke.cs","Title","182"
"D:\OneDrive\VS\Projects\DocxDocument\DocumentModel.InOpenXml\Vml\Stroke.cs","TopStroke","217"
"D:\OneDrive\VS\Projects\DocxDocument\DocumentModel.InOpenXml\Vml\Stroke.cs","Weight","28"
"D:\OneDrive\VS\Projects\DocxDocument\DocumentModel.InOpenXml\Vml\StrokeChildType.cs","AlternateImageReference","182"
"D:\OneDrive\VS\Projects\DocxDocument\DocumentModel.InOpenXml\Vml\StrokeChildType.cs","Color","35"
"D:\OneDrive\VS\Projects\DocxDocument\DocumentModel.InOpenXml\Vml\StrokeChildType.cs","Color2","42"
"D:\OneDrive\VS\Projects\DocxDocument\DocumentModel.InOpenXml\Vml\StrokeChildType.cs","DashStyle","84"
"D:\OneDrive\VS\Projects\DocxDocument\DocumentModel.InOpenXml\Vml\StrokeChildType.cs","EndArrow","154"
"D:\OneDrive\VS\Projects\DocxDocument\DocumentModel.InOpenXml\Vml\StrokeChildType.cs","EndArrowLength","168"
"D:\OneDrive\VS\Projects\DocxDocument\DocumentModel.InOpenXml\Vml\StrokeChildType.cs","EndArrowWidth","161"
"D:\OneDrive\VS\Projects\DocxDocument\DocumentModel.InOpenXml\Vml\StrokeChildType.cs","EndCap","77"
"D:\OneDrive\VS\Projects\DocxDocument\DocumentModel.InOpenXml\Vml\StrokeChildType.cs","Extension","14"
"D:\OneDrive\VS\Projects\DocxDocument\DocumentModel.InOpenXml\Vml\StrokeChildType.cs","FillType","98"
"D:\OneDrive\VS\Projects\DocxDocument\DocumentModel.InOpenXml\Vml\StrokeChildType.cs","ForceDash","196"
"D:\OneDrive\VS\Projects\DocxDocument\DocumentModel.InOpenXml\Vml\StrokeChildType.cs","Href","175"
"D:\OneDrive\VS\Projects\DocxDocument\DocumentModel.InOpenXml\Vml\StrokeChildType.cs","ImageAlignShape","126"
"D:\OneDrive\VS\Projects\DocxDocument\DocumentModel.InOpenXml\Vml\StrokeChildType.cs","ImageAspect","112"
"D:\OneDrive\VS\Projects\DocxDocument\DocumentModel.InOpenXml\Vml\StrokeChildType.cs","ImageSize","119"
"D:\OneDrive\VS\Projects\DocxDocument\DocumentModel.InOpenXml\Vml\StrokeChildType.cs","InsetPen","91"
"D:\OneDrive\VS\Projects\DocxDocument\DocumentModel.InOpenXml\Vml\StrokeChildType.cs","JoinStyle","70"
"D:\OneDrive\VS\Projects\DocxDocument\DocumentModel.InOpenXml\Vml\StrokeChildType.cs","LineStyle","56"
"D:\OneDrive\VS\Projects\DocxDocument\DocumentModel.InOpenXml\Vml\StrokeChildType.cs","MiterLimit","63"
"D:\OneDrive\VS\Projects\DocxDocument\DocumentModel.InOpenXml\Vml\StrokeChildType.cs","On","21"
"D:\OneDrive\VS\Projects\DocxDocument\DocumentModel.InOpenXml\Vml\StrokeChildType.cs","Opacity","49"
"D:\OneDrive\VS\Projects\DocxDocument\DocumentModel.InOpenXml\Vml\StrokeChildType.cs","Source","105"
"D:\OneDrive\VS\Projects\DocxDocument\DocumentModel.InOpenXml\Vml\StrokeChildType.cs","StartArrow","133"
"D:\OneDrive\VS\Projects\DocxDocument\DocumentModel.InOpenXml\Vml\StrokeChildType.cs","StartArrowLength","147"
"D:\OneDrive\VS\Projects\DocxDocument\DocumentModel.InOpenXml\Vml\StrokeChildType.cs","StartArrowWidth","140"
"D:\OneDrive\VS\Projects\DocxDocument\DocumentModel.InOpenXml\Vml\StrokeChildType.cs","Title","189"
"D:\OneDrive\VS\Projects\DocxDocument\DocumentModel.InOpenXml\Vml\StrokeChildType.cs","Weight","28"
"D:\OneDrive\VS\Projects\DocxDocument\DocumentModel.InOpenXml\Vml\TextBox.cs","Id","16"
"D:\OneDrive\VS\Projects\DocxDocument\DocumentModel.InOpenXml\Vml\TextBox.cs","Inset","30"
"D:\OneDrive\VS\Projects\DocxDocument\DocumentModel.InOpenXml\Vml\TextBox.cs","SingleClick","37"
"D:\OneDrive\VS\Projects\DocxDocument\DocumentModel.InOpenXml\Vml\TextBox.cs","Style","23"
"D:\OneDrive\VS\Projects\DocxDocument\DocumentModel.InOpenXml\Vml\TextPath.cs","FitPath","42"
"D:\OneDrive\VS\Projects\DocxDocument\DocumentModel.InOpenXml\Vml\TextPath.cs","FitShape","35"
"D:\OneDrive\VS\Projects\DocxDocument\DocumentModel.InOpenXml\Vml\TextPath.cs","Id","14"
"D:\OneDrive\VS\Projects\DocxDocument\DocumentModel.InOpenXml\Vml\TextPath.cs","On","28"
"D:\OneDrive\VS\Projects\DocxDocument\DocumentModel.InOpenXml\Vml\TextPath.cs","String","63"
"D:\OneDrive\VS\Projects\DocxDocument\DocumentModel.InOpenXml\Vml\TextPath.cs","Style","21"
"D:\OneDrive\VS\Projects\DocxDocument\DocumentModel.InOpenXml\Vml\TextPath.cs","Trim","49"
"D:\OneDrive\VS\Projects\DocxDocument\DocumentModel.InOpenXml\Vml\TextPath.cs","XScale","56"
"D:\OneDrive\VS\Projects\DocxDocument\DocumentModel.InOpenXml\WebExtensions\Snapshot.cs","CompressionState","28"
"D:\OneDrive\VS\Projects\DocxDocument\DocumentModel.InOpenXml\WebExtensions\Snapshot.cs","Embed","14"
"D:\OneDrive\VS\Projects\DocxDocument\DocumentModel.InOpenXml\WebExtensions\Snapshot.cs","Link","21"
"D:\OneDrive\VS\Projects\DocxDocument\DocumentModel.InOpenXml\WebExtensions\WebExtension.cs","Frozen","22"
"D:\OneDrive\VS\Projects\DocxDocument\DocumentModel.InOpenXml\WebExtensions\WebExtension.cs","Id","15"
"D:\OneDrive\VS\Projects\DocxDocument\DocumentModel.InOpenXml\WebExtensions\WebExtension.cs","OfficeArtExtensionList","64"
"D:\OneDrive\VS\Projects\DocxDocument\DocumentModel.InOpenXml\WebExtensions\WebExtension.cs","Snapshot","57"
"D:\OneDrive\VS\Projects\DocxDocument\DocumentModel.InOpenXml\WebExtensions\WebExtension.cs","WebExtensionBindingList","50"
"D:\OneDrive\VS\Projects\DocxDocument\DocumentModel.InOpenXml\WebExtensions\WebExtension.cs","WebExtensionPropertyBag","43"
"D:\OneDrive\VS\Projects\DocxDocument\DocumentModel.InOpenXml\WebExtensions\WebExtension.cs","WebExtensionReferenceList","36"
"D:\OneDrive\VS\Projects\DocxDocument\DocumentModel.InOpenXml\WebExtensions\WebExtension.cs","WebExtensionStoreReference","29"
"D:\OneDrive\VS\Projects\DocxDocument\DocumentModel.InOpenXml\WebExtensions\WebExtensionBinding.cs","AppReference","28"
"D:\OneDrive\VS\Projects\DocxDocument\DocumentModel.InOpenXml\WebExtensions\WebExtensionBinding.cs","Id","14"
"D:\OneDrive\VS\Projects\DocxDocument\DocumentModel.InOpenXml\WebExtensions\WebExtensionBinding.cs","OfficeArtExtensionList","35"
"D:\OneDrive\VS\Projects\DocxDocument\DocumentModel.InOpenXml\WebExtensions\WebExtensionBinding.cs","Type","21"
"D:\OneDrive\VS\Projects\DocxDocument\DocumentModel.InOpenXml\WebExtensions\WebExtensionProperty.cs","Name","14"
"D:\OneDrive\VS\Projects\DocxDocument\DocumentModel.InOpenXml\WebExtensions\WebExtensionProperty.cs","Value","21"
"D:\OneDrive\VS\Projects\DocxDocument\DocumentModel.InOpenXml\WebExtensions\WebExtensionStoreReference.cs","Id","14"
"D:\OneDrive\VS\Projects\DocxDocument\DocumentModel.InOpenXml\WebExtensions\WebExtensionStoreReference.cs","OfficeArtExtensionList","42"
"D:\OneDrive\VS\Projects\DocxDocument\DocumentModel.InOpenXml\WebExtensions\WebExtensionStoreReference.cs","Store","28"
"D:\OneDrive\VS\Projects\DocxDocument\DocumentModel.InOpenXml\WebExtensions\WebExtensionStoreReference.cs","StoreType","35"
"D:\OneDrive\VS\Projects\DocxDocument\DocumentModel.InOpenXml\WebExtensions\WebExtensionStoreReference.cs","Version","21"
"D:\OneDrive\VS\Projects\DocxDocument\DocumentModel.InOpenXml\Wordprocessing.Drawings\BevelType.cs","Height","22"
"D:\OneDrive\VS\Projects\DocxDocument\DocumentModel.InOpenXml\Wordprocessing.Drawings\BevelType.cs","PresetProfileType","29"
"D:\OneDrive\VS\Projects\DocxDocument\DocumentModel.InOpenXml\Wordprocessing.Drawings\BevelType.cs","Width","15"
"D:\OneDrive\VS\Projects\DocxDocument\DocumentModel.InOpenXml\Wordprocessing.Drawings\ContentPart.cs","BlackWhiteMode","17"
"D:\OneDrive\VS\Projects\DocxDocument\DocumentModel.InOpenXml\Wordprocessing.Drawings\ContentPart.cs","OfficeArtExtensionList","45"
"D:\OneDrive\VS\Projects\DocxDocument\DocumentModel.InOpenXml\Wordprocessing.Drawings\ContentPart.cs","RelationshipId","24"
"D:\OneDrive\VS\Projects\DocxDocument\DocumentModel.InOpenXml\Wordprocessing.Drawings\ContentPart.cs","Transform2D","38"
"D:\OneDrive\VS\Projects\DocxDocument\DocumentModel.InOpenXml\Wordprocessing.Drawings\ContentPart.cs","WordNonVisualContentPartShapeProperties","31"
"D:\OneDrive\VS\Projects\DocxDocument\DocumentModel.InOpenXml\Wordprocessing.Drawings\ContourColor.cs","SchemeColor","21"
"D:\OneDrive\VS\Projects\DocxDocument\DocumentModel.InOpenXml\Wordprocessing.Drawings\ExtrusionColor.cs","SchemeColor","21"
"D:\OneDrive\VS\Projects\DocxDocument\DocumentModel.InOpenXml\Wordprocessing.Drawings\FillToRectangle.cs","Bottom","36"
"D:\OneDrive\VS\Projects\DocxDocument\DocumentModel.InOpenXml\Wordprocessing.Drawings\FillToRectangle.cs","Left","15"
"D:\OneDrive\VS\Projects\DocxDocument\DocumentModel.InOpenXml\Wordprocessing.Drawings\FillToRectangle.cs","Right","29"
"D:\OneDrive\VS\Projects\DocxDocument\DocumentModel.InOpenXml\Wordprocessing.Drawings\FillToRectangle.cs","Top","22"
"D:\OneDrive\VS\Projects\DocxDocument\DocumentModel.InOpenXml\Wordprocessing.Drawings\Glow.cs","GlowRadius","17"
"D:\OneDrive\VS\Projects\DocxDocument\DocumentModel.InOpenXml\Wordprocessing.Drawings\Glow.cs","RgbColorModelHex","24"
"D:\OneDrive\VS\Projects\DocxDocument\DocumentModel.InOpenXml\Wordprocessing.Drawings\Glow.cs","SchemeColor","31"
"D:\OneDrive\VS\Projects\DocxDocument\DocumentModel.InOpenXml\Wordprocessing.Drawings\GradientFillProperties.cs","GradientStopList","15"
"D:\OneDrive\VS\Projects\DocxDocument\DocumentModel.InOpenXml\Wordprocessing.Drawings\GradientStop.cs","SchemeColor","28"
"D:\OneDrive\VS\Projects\DocxDocument\DocumentModel.InOpenXml\Wordprocessing.Drawings\GradientStop.cs","StopPosition","15"
"D:\OneDrive\VS\Projects\DocxDocument\DocumentModel.InOpenXml\Wordprocessing.Drawings\GraphicFrame.cs","Graphic","37"
"D:\OneDrive\VS\Projects\DocxDocument\DocumentModel.InOpenXml\Wordprocessing.Drawings\GraphicFrame.cs","NonVisualGraphicFrameProperties","23"
"D:\OneDrive\VS\Projects\DocxDocument\DocumentModel.InOpenXml\Wordprocessing.Drawings\GraphicFrame.cs","Transform2D","30"
"D:\OneDrive\VS\Projects\DocxDocument\DocumentModel.InOpenXml\Wordprocessing.Drawings\GraphicFrameType.cs","Graphic","38"
"D:\OneDrive\VS\Projects\DocxDocument\DocumentModel.InOpenXml\Wordprocessing.Drawings\GraphicFrameType.cs","NonVisualDrawingProperties","17"
"D:\OneDrive\VS\Projects\DocxDocument\DocumentModel.InOpenXml\Wordprocessing.Drawings\GraphicFrameType.cs","NonVisualGraphicFrameProperties","24"
"D:\OneDrive\VS\Projects\DocxDocument\DocumentModel.InOpenXml\Wordprocessing.Drawings\GraphicFrameType.cs","OfficeArtExtensionList","45"
"D:\OneDrive\VS\Projects\DocxDocument\DocumentModel.InOpenXml\Wordprocessing.Drawings\GraphicFrameType.cs","Transform2D","31"
"D:\OneDrive\VS\Projects\DocxDocument\DocumentModel.InOpenXml\Wordprocessing.Drawings\GroupShapeProperties.cs","BlackWhiteMode","17"
"D:\OneDrive\VS\Projects\DocxDocument\DocumentModel.InOpenXml\Wordprocessing.Drawings\GroupShapeProperties.cs","TransformGroup","24"
"D:\OneDrive\VS\Projects\DocxDocument\DocumentModel.InOpenXml\Wordprocessing.Drawings\LightRig.cs","LightDirectionType","22"
"D:\OneDrive\VS\Projects\DocxDocument\DocumentModel.InOpenXml\Wordprocessing.Drawings\LightRig.cs","LightRigType","15"
"D:\OneDrive\VS\Projects\DocxDocument\DocumentModel.InOpenXml\Wordprocessing.Drawings\LightRig.cs","SphereCoordinates","29"
"D:\OneDrive\VS\Projects\DocxDocument\DocumentModel.InOpenXml\Wordprocessing.Drawings\LinkedTextBox.cs","Id","15"
"D:\OneDrive\VS\Projects\DocxDocument\DocumentModel.InOpenXml\Wordprocessing.Drawings\LinkedTextBox.cs","OfficeArtExtensionList","29"
"D:\OneDrive\VS\Projects\DocxDocument\DocumentModel.InOpenXml\Wordprocessing.Drawings\LinkedTextBox.cs","Sequence","22"
"D:\OneDrive\VS\Projects\DocxDocument\DocumentModel.InOpenXml\Wordprocessing.Drawings\Non-visual properties\NonVisualConnectorProperties.cs","ConnectionShapeLocks","17"
"D:\OneDrive\VS\Projects\DocxDocument\DocumentModel.InOpenXml\Wordprocessing.Drawings\Non-visual properties\NonVisualConnectorProperties.cs","EndConnection","31"
"D:\OneDrive\VS\Projects\DocxDocument\DocumentModel.InOpenXml\Wordprocessing.Drawings\Non-visual properties\NonVisualConnectorProperties.cs","ExtensionList","38"
"D:\OneDrive\VS\Projects\DocxDocument\DocumentModel.InOpenXml\Wordprocessing.Drawings\Non-visual properties\NonVisualConnectorProperties.cs","StartConnection","24"
"D:\OneDrive\VS\Projects\DocxDocument\DocumentModel.InOpenXml\Wordprocessing.Drawings\Non-visual properties\NonVisualInkContentPartProperties.cs","ContentPartLocks","24"
"D:\OneDrive\VS\Projects\DocxDocument\DocumentModel.InOpenXml\Wordprocessing.Drawings\Non-visual properties\NonVisualInkContentPartProperties.cs","IsComment","17"
"D:\OneDrive\VS\Projects\DocxDocument\DocumentModel.InOpenXml\Wordprocessing.Drawings\Non-visual properties\NonVisualInkContentPartProperties.cs","OfficeArtExtensionList","31"
"D:\OneDrive\VS\Projects\DocxDocument\DocumentModel.InOpenXml\Wordprocessing.Drawings\PathShadeProperties.cs","FillToRectangle","22"
"D:\OneDrive\VS\Projects\DocxDocument\DocumentModel.InOpenXml\Wordprocessing.Drawings\PathShadeProperties.cs","Path","15"
"D:\OneDrive\VS\Projects\DocxDocument\DocumentModel.InOpenXml\Wordprocessing.Drawings\ReadModeInkLockDown.cs","FontSize","36"
"D:\OneDrive\VS\Projects\DocxDocument\DocumentModel.InOpenXml\Wordprocessing.Drawings\ReadModeInkLockDown.cs","Height","29"
"D:\OneDrive\VS\Projects\DocxDocument\DocumentModel.InOpenXml\Wordprocessing.Drawings\ReadModeInkLockDown.cs","UseActualPages","15"
"D:\OneDrive\VS\Projects\DocxDocument\DocumentModel.InOpenXml\Wordprocessing.Drawings\ReadModeInkLockDown.cs","Width","22"
"D:\OneDrive\VS\Projects\DocxDocument\DocumentModel.InOpenXml\Wordprocessing.Drawings\Reflection.cs","Alignment","101"
"D:\OneDrive\VS\Projects\DocxDocument\DocumentModel.InOpenXml\Wordprocessing.Drawings\Reflection.cs","BlurRadius","17"
"D:\OneDrive\VS\Projects\DocxDocument\DocumentModel.InOpenXml\Wordprocessing.Drawings\Reflection.cs","DirectionAngle","59"
"D:\OneDrive\VS\Projects\DocxDocument\DocumentModel.InOpenXml\Wordprocessing.Drawings\Reflection.cs","DistanceFromText","52"
"D:\OneDrive\VS\Projects\DocxDocument\DocumentModel.InOpenXml\Wordprocessing.Drawings\Reflection.cs","EndingOpacity","38"
"D:\OneDrive\VS\Projects\DocxDocument\DocumentModel.InOpenXml\Wordprocessing.Drawings\Reflection.cs","EndPosition","45"
"D:\OneDrive\VS\Projects\DocxDocument\DocumentModel.InOpenXml\Wordprocessing.Drawings\Reflection.cs","FadeDirection","66"
"D:\OneDrive\VS\Projects\DocxDocument\DocumentModel.InOpenXml\Wordprocessing.Drawings\Reflection.cs","HorizontalScalingFactor","73"
"D:\OneDrive\VS\Projects\DocxDocument\DocumentModel.InOpenXml\Wordprocessing.Drawings\Reflection.cs","HorizontalSkewAngle","87"
"D:\OneDrive\VS\Projects\DocxDocument\DocumentModel.InOpenXml\Wordprocessing.Drawings\Reflection.cs","StartingOpacity","24"
"D:\OneDrive\VS\Projects\DocxDocument\DocumentModel.InOpenXml\Wordprocessing.Drawings\Reflection.cs","StartPosition","31"
"D:\OneDrive\VS\Projects\DocxDocument\DocumentModel.InOpenXml\Wordprocessing.Drawings\Reflection.cs","VerticalScalingFactor","80"
"D:\OneDrive\VS\Projects\DocxDocument\DocumentModel.InOpenXml\Wordprocessing.Drawings\Reflection.cs","VerticalSkewAngle","94"
"D:\OneDrive\VS\Projects\DocxDocument\DocumentModel.InOpenXml\Wordprocessing.Drawings\Scene3D.cs","Camera","17"
"D:\OneDrive\VS\Projects\DocxDocument\DocumentModel.InOpenXml\Wordprocessing.Drawings\Scene3D.cs","LightRig","24"
"D:\OneDrive\VS\Projects\DocxDocument\DocumentModel.InOpenXml\Wordprocessing.Drawings\Shape.cs","ShapeProperties","40"
"D:\OneDrive\VS\Projects\DocxDocument\DocumentModel.InOpenXml\Wordprocessing.Drawings\Shape.cs","ShapeStyle","15"
"D:\OneDrive\VS\Projects\DocxDocument\DocumentModel.InOpenXml\Wordprocessing.Drawings\TextBoxInfo2.cs","Id","15"
"D:\OneDrive\VS\Projects\DocxDocument\DocumentModel.InOpenXml\Wordprocessing.Drawings\TextBoxInfo2.cs","OfficeArtExtensionList","29"
"D:\OneDrive\VS\Projects\DocxDocument\DocumentModel.InOpenXml\Wordprocessing.Drawings\TextBoxInfo2.cs","TextBoxContent","22"
"D:\OneDrive\VS\Projects\DocxDocument\DocumentModel.InOpenXml\Wordprocessing.VBA\DocEvents.cs","EventDocBuildingBlockAfterInsertXsdString","98"
"D:\OneDrive\VS\Projects\DocxDocument\DocumentModel.InOpenXml\Wordprocessing.VBA\DocEvents.cs","EventDocCloseXsdString","28"
"D:\OneDrive\VS\Projects\DocxDocument\DocumentModel.InOpenXml\Wordprocessing.VBA\DocEvents.cs","EventDocContentControlAfterInsertXsdString","56"
"D:\OneDrive\VS\Projects\DocxDocument\DocumentModel.InOpenXml\Wordprocessing.VBA\DocEvents.cs","EventDocContentControlBeforeDeleteXsdString","63"
"D:\OneDrive\VS\Projects\DocxDocument\DocumentModel.InOpenXml\Wordprocessing.VBA\DocEvents.cs","EventDocContentControlOnEnterXsdString","77"
"D:\OneDrive\VS\Projects\DocxDocument\DocumentModel.InOpenXml\Wordprocessing.VBA\DocEvents.cs","EventDocContentControlOnExistXsdString","70"
"D:\OneDrive\VS\Projects\DocxDocument\DocumentModel.InOpenXml\Wordprocessing.VBA\DocEvents.cs","EventDocContentControlUpdateXsdString","91"
"D:\OneDrive\VS\Projects\DocxDocument\DocumentModel.InOpenXml\Wordprocessing.VBA\DocEvents.cs","EventDocNewXsdString","14"
"D:\OneDrive\VS\Projects\DocxDocument\DocumentModel.InOpenXml\Wordprocessing.VBA\DocEvents.cs","EventDocOpenXsdString","21"
"D:\OneDrive\VS\Projects\DocxDocument\DocumentModel.InOpenXml\Wordprocessing.VBA\DocEvents.cs","EventDocStoreUpdateXsdString","84"
"D:\OneDrive\VS\Projects\DocxDocument\DocumentModel.InOpenXml\Wordprocessing.VBA\DocEvents.cs","EventDocSyncXsdString","35"
"D:\OneDrive\VS\Projects\DocxDocument\DocumentModel.InOpenXml\Wordprocessing.VBA\DocEvents.cs","EventDocXmlAfterInsertXsdString","42"
"D:\OneDrive\VS\Projects\DocxDocument\DocumentModel.InOpenXml\Wordprocessing.VBA\DocEvents.cs","EventDocXmlBeforeDeleteXsdString","49"
"D:\OneDrive\VS\Projects\DocxDocument\DocumentModel.InOpenXml\Wordprocessing.VBA\MacroWllType.cs","MacroName","15"
"D:\OneDrive\VS\Projects\DocxDocument\DocumentModel.InOpenXml\Wordprocessing.VBA\Mcd.cs","BEncrypt","36"
"D:\OneDrive\VS\Projects\DocxDocument\DocumentModel.InOpenXml\Wordprocessing.VBA\Mcd.cs","Cmg","43"
"D:\OneDrive\VS\Projects\DocxDocument\DocumentModel.InOpenXml\Wordprocessing.VBA\Mcd.cs","MacroName","15"
"D:\OneDrive\VS\Projects\DocxDocument\DocumentModel.InOpenXml\Wordprocessing.VBA\Mcd.cs","MenuHelp","29"
"D:\OneDrive\VS\Projects\DocxDocument\DocumentModel.InOpenXml\Wordprocessing.VBA\Mcd.cs","Name","22"
"D:\OneDrive\VS\Projects\DocxDocument\DocumentModel.InOpenXml\Wordprocessing.VBA\VbaSuppData.cs","DocEvents","15"
"D:\OneDrive\VS\Projects\DocxDocument\DocumentModel.InOpenXml\Wordprocessing.VBA\VbaSuppData.cs","Mcds","22"
"D:\OneDrive\VS\Projects\DocxDocument\DocumentModel.InOpenXml\Wordprocessing\Bibliography\Source.cs","City","81"
"D:\OneDrive\VS\Projects\DocxDocument\DocumentModel.InOpenXml\Wordprocessing\Bibliography\Source.cs","Comments","166"
"D:\OneDrive\VS\Projects\DocxDocument\DocumentModel.InOpenXml\Wordprocessing\Bibliography\Source.cs","CountryRegion","95"
"D:\OneDrive\VS\Projects\DocxDocument\DocumentModel.InOpenXml\Wordprocessing\Bibliography\Source.cs","Day","67"
"D:\OneDrive\VS\Projects\DocxDocument\DocumentModel.InOpenXml\Wordprocessing\Bibliography\Source.cs","Edition","123"
"D:\OneDrive\VS\Projects\DocxDocument\DocumentModel.InOpenXml\Wordprocessing\Bibliography\Source.cs","Issue","109"
"D:\OneDrive\VS\Projects\DocxDocument\DocumentModel.InOpenXml\Wordprocessing\Bibliography\Source.cs","Month","60"
"D:\OneDrive\VS\Projects\DocxDocument\DocumentModel.InOpenXml\Wordprocessing\Bibliography\Source.cs","Pages","116"
"D:\OneDrive\VS\Projects\DocxDocument\DocumentModel.InOpenXml\Wordprocessing\Bibliography\Source.cs","Publisher","74"
"D:\OneDrive\VS\Projects\DocxDocument\DocumentModel.InOpenXml\Wordprocessing\Bibliography\Source.cs","SourceType","21"
"D:\OneDrive\VS\Projects\DocxDocument\DocumentModel.InOpenXml\Wordprocessing\Bibliography\Source.cs","StateProvince","88"
"D:\OneDrive\VS\Projects\DocxDocument\DocumentModel.InOpenXml\Wordprocessing\Bibliography\Source.cs","Tag","14"
"D:\OneDrive\VS\Projects\DocxDocument\DocumentModel.InOpenXml\Wordprocessing\Bibliography\Source.cs","Title","28"
"D:\OneDrive\VS\Projects\DocxDocument\DocumentModel.InOpenXml\Wordprocessing\Bibliography\Source.cs","Volume","102"
"D:\OneDrive\VS\Projects\DocxDocument\DocumentModel.InOpenXml\Wordprocessing\Bibliography\Source.cs","Year","53"
"D:\OneDrive\VS\Projects\DocxDocument\DocumentModel.InOpenXml\Wordprocessing\Colors\RgbColorHex.cs","Value","21"
"D:\OneDrive\VS\Projects\DocxDocument\DocumentModel.InOpenXml\Wordprocessing\Colors\SchemeColor.cs","Index","39"
"D:\OneDrive\VS\Projects\DocxDocument\DocumentModel.InOpenXml\Wordprocessing\Colors\WordColor.cs","ThemeColor","49"
"D:\OneDrive\VS\Projects\DocxDocument\DocumentModel.InOpenXml\Wordprocessing\Colors\WordColor.cs","Value","42"
"D:\OneDrive\VS\Projects\DocxDocument\DocumentModel.InOpenXml\Wordprocessing\Comments\Comment.cs","Author","22"
"D:\OneDrive\VS\Projects\DocxDocument\DocumentModel.InOpenXml\Wordprocessing\Comments\Comment.cs","Date","36"
"D:\OneDrive\VS\Projects\DocxDocument\DocumentModel.InOpenXml\Wordprocessing\Comments\Comment.cs","Id","15"
"D:\OneDrive\VS\Projects\DocxDocument\DocumentModel.InOpenXml\Wordprocessing\Comments\Comment.cs","Initials","29"
"D:\OneDrive\VS\Projects\DocxDocument\DocumentModel.InOpenXml\Wordprocessing\Comments\CommentEx.cs","Done","29"
"D:\OneDrive\VS\Projects\DocxDocument\DocumentModel.InOpenXml\Wordprocessing\Comments\CommentEx.cs","ParaId","15"
"D:\OneDrive\VS\Projects\DocxDocument\DocumentModel.InOpenXml\Wordprocessing\Comments\CommentEx.cs","ParaIdParent","22"
"D:\OneDrive\VS\Projects\DocxDocument\DocumentModel.InOpenXml\Wordprocessing\Comments\CommentExtensible.cs","DateUtc","22"
"D:\OneDrive\VS\Projects\DocxDocument\DocumentModel.InOpenXml\Wordprocessing\Comments\CommentExtensible.cs","DurableId","15"
"D:\OneDrive\VS\Projects\DocxDocument\DocumentModel.InOpenXml\Wordprocessing\Comments\CommentExtensible.cs","ExtensionList","36"
"D:\OneDrive\VS\Projects\DocxDocument\DocumentModel.InOpenXml\Wordprocessing\Comments\CommentExtensible.cs","IntelligentPlaceholder","29"
"D:\OneDrive\VS\Projects\DocxDocument\DocumentModel.InOpenXml\Wordprocessing\Comments\CommentId.cs","DurableId","22"
"D:\OneDrive\VS\Projects\DocxDocument\DocumentModel.InOpenXml\Wordprocessing\Comments\CommentId.cs","ParaId","15"
"D:\OneDrive\VS\Projects\DocxDocument\DocumentModel.InOpenXml\Wordprocessing\Common\AltChunk.cs","AltChunkProperties","22"
"D:\OneDrive\VS\Projects\DocxDocument\DocumentModel.InOpenXml\Wordprocessing\Common\AltChunk.cs","Id","15"
"D:\OneDrive\VS\Projects\DocxDocument\DocumentModel.InOpenXml\Wordprocessing\Common\AlternateContentChoice.cs","Requires","42"
"D:\OneDrive\VS\Projects\DocxDocument\DocumentModel.InOpenXml\Wordprocessing\Common\Border.cs","Frame","61"
"D:\OneDrive\VS\Projects\DocxDocument\DocumentModel.InOpenXml\Wordprocessing\Common\Border.cs","Shadow","54"
"D:\OneDrive\VS\Projects\DocxDocument\DocumentModel.InOpenXml\Wordprocessing\Common\Border.cs","Space","47"
"D:\OneDrive\VS\Projects\DocxDocument\DocumentModel.InOpenXml\Wordprocessing\Common\Border.cs","Width","40"
"D:\OneDrive\VS\Projects\DocxDocument\DocumentModel.InOpenXml\Wordprocessing\Common\ClassificationLabel.cs","ActionId","56"
"D:\OneDrive\VS\Projects\DocxDocument\DocumentModel.InOpenXml\Wordprocessing\Common\ClassificationLabel.cs","ContentBits","63"
"D:\OneDrive\VS\Projects\DocxDocument\DocumentModel.InOpenXml\Wordprocessing\Common\ClassificationLabel.cs","Enabled","21"
"D:\OneDrive\VS\Projects\DocxDocument\DocumentModel.InOpenXml\Wordprocessing\Common\ClassificationLabel.cs","Id","14"
"D:\OneDrive\VS\Projects\DocxDocument\DocumentModel.InOpenXml\Wordprocessing\Common\ClassificationLabel.cs","Method","35"
"D:\OneDrive\VS\Projects\DocxDocument\DocumentModel.InOpenXml\Wordprocessing\Common\ClassificationLabel.cs","Name","42"
"D:\OneDrive\VS\Projects\DocxDocument\DocumentModel.InOpenXml\Wordprocessing\Common\ClassificationLabel.cs","Removed","70"
"D:\OneDrive\VS\Projects\DocxDocument\DocumentModel.InOpenXml\Wordprocessing\Common\ClassificationLabel.cs","SetDate","28"
"D:\OneDrive\VS\Projects\DocxDocument\DocumentModel.InOpenXml\Wordprocessing\Common\ClassificationLabel.cs","SiteId","49"
"D:\OneDrive\VS\Projects\DocxDocument\DocumentModel.InOpenXml\Wordprocessing\Common\ProofError.cs","Type","15"
"D:\OneDrive\VS\Projects\DocxDocument\DocumentModel.InOpenXml\Wordprocessing\CustomXml\CustomXmlAttribute.cs","Name","21"
"D:\OneDrive\VS\Projects\DocxDocument\DocumentModel.InOpenXml\Wordprocessing\CustomXml\CustomXmlAttribute.cs","Val","28"
"D:\OneDrive\VS\Projects\DocxDocument\DocumentModel.InOpenXml\Wordprocessing\Document\Category.cs","Gallery","22"
"D:\OneDrive\VS\Projects\DocxDocument\DocumentModel.InOpenXml\Wordprocessing\Document\Category.cs","Name","15"
"D:\OneDrive\VS\Projects\DocxDocument\DocumentModel.InOpenXml\Wordprocessing\Document\DocGrid.cs","CharacterSpace","29"
"D:\OneDrive\VS\Projects\DocxDocument\DocumentModel.InOpenXml\Wordprocessing\Document\DocGrid.cs","LinePitch","22"
"D:\OneDrive\VS\Projects\DocxDocument\DocumentModel.InOpenXml\Wordprocessing\Document\DocGrid.cs","Type","15"
"D:\OneDrive\VS\Projects\DocxDocument\DocumentModel.InOpenXml\Wordprocessing\Document\DocPart.cs","DocPartBody","22"
"D:\OneDrive\VS\Projects\DocxDocument\DocumentModel.InOpenXml\Wordprocessing\Document\DocPart.cs","DocPartProperties","15"
"D:\OneDrive\VS\Projects\DocxDocument\DocumentModel.InOpenXml\Wordprocessing\Document\DocPartName.cs","Decorated","22"
"D:\OneDrive\VS\Projects\DocxDocument\DocumentModel.InOpenXml\Wordprocessing\Document\DocPartName.cs","Val","15"
"D:\OneDrive\VS\Projects\DocxDocument\DocumentModel.InOpenXml\Wordprocessing\Document\DocPartProperties.cs","Behaviors","43"
"D:\OneDrive\VS\Projects\DocxDocument\DocumentModel.InOpenXml\Wordprocessing\Document\DocPartProperties.cs","Category","29"
"D:\OneDrive\VS\Projects\DocxDocument\DocumentModel.InOpenXml\Wordprocessing\Document\DocPartProperties.cs","Description","50"
"D:\OneDrive\VS\Projects\DocxDocument\DocumentModel.InOpenXml\Wordprocessing\Document\DocPartProperties.cs","DocPartId","57"
"D:\OneDrive\VS\Projects\DocxDocument\DocumentModel.InOpenXml\Wordprocessing\Document\DocPartProperties.cs","DocPartName","15"
"D:\OneDrive\VS\Projects\DocxDocument\DocumentModel.InOpenXml\Wordprocessing\Document\DocPartProperties.cs","DocPartTypes","36"
"D:\OneDrive\VS\Projects\DocxDocument\DocumentModel.InOpenXml\Wordprocessing\Document\DocPartProperties.cs","StyleId","22"
"D:\OneDrive\VS\Projects\DocxDocument\DocumentModel.InOpenXml\Wordprocessing\Document\DocPartTypes.cs","All","15"
"D:\OneDrive\VS\Projects\DocxDocument\DocumentModel.InOpenXml\Wordprocessing\Document\DocumentBackground.cs","Background","22"
"D:\OneDrive\VS\Projects\DocxDocument\DocumentModel.InOpenXml\Wordprocessing\Document\DocumentBackground.cs","Color","15"
"D:\OneDrive\VS\Projects\DocxDocument\DocumentModel.InOpenXml\Wordprocessing\Document\DocumentProtection.cs","AlgorithmName","132"
"D:\OneDrive\VS\Projects\DocxDocument\DocumentModel.InOpenXml\Wordprocessing\Document\DocumentProtection.cs","Edit","15"
"D:\OneDrive\VS\Projects\DocxDocument\DocumentModel.InOpenXml\Wordprocessing\Document\DocumentProtection.cs","Enforcement","29"
"D:\OneDrive\VS\Projects\DocxDocument\DocumentModel.InOpenXml\Wordprocessing\Document\DocumentProtection.cs","Formatting","22"
"D:\OneDrive\VS\Projects\DocxDocument\DocumentModel.InOpenXml\Wordprocessing\Document\DocumentProtection.cs","HashValue","139"
"D:\OneDrive\VS\Projects\DocxDocument\DocumentModel.InOpenXml\Wordprocessing\Document\DocumentProtection.cs","SaltValue","146"
"D:\OneDrive\VS\Projects\DocxDocument\DocumentModel.InOpenXml\Wordprocessing\Document\DocumentProtection.cs","SpinCount","153"
"D:\OneDrive\VS\Projects\DocxDocument\DocumentModel.InOpenXml\Wordprocessing\Document\DocumentVariable.cs","Name","16"
"D:\OneDrive\VS\Projects\DocxDocument\DocumentModel.InOpenXml\Wordprocessing\Document\DocumentVariable.cs","Value","24"
"D:\OneDrive\VS\Projects\DocxDocument\DocumentModel.InOpenXml\Wordprocessing\Document\GlossaryDocument.cs","DocParts","22"
"D:\OneDrive\VS\Projects\DocxDocument\DocumentModel.InOpenXml\Wordprocessing\Document\GlossaryDocument.cs","DocumentBackground","15"
"D:\OneDrive\VS\Projects\DocxDocument\DocumentModel.InOpenXml\Wordprocessing\Document\SaveThroughXslt.cs","SolutionId","15"
"D:\OneDrive\VS\Projects\DocxDocument\DocumentModel.InOpenXml\Wordprocessing\Fields and hyperlinks\CheckBoxSymbolType.cs","Font","15"
"D:\OneDrive\VS\Projects\DocxDocument\DocumentModel.InOpenXml\Wordprocessing\Fields and hyperlinks\CheckBoxSymbolType.cs","Val","22"
"D:\OneDrive\VS\Projects\DocxDocument\DocumentModel.InOpenXml\Wordprocessing\Fields and hyperlinks\DropDownListFormField.cs","DefaultDropDownListItemIndex","22"
"D:\OneDrive\VS\Projects\DocxDocument\DocumentModel.InOpenXml\Wordprocessing\Fields and hyperlinks\DropDownListFormField.cs","DropDownListSelection","15"
"D:\OneDrive\VS\Projects\DocxDocument\DocumentModel.InOpenXml\Wordprocessing\Fields and hyperlinks\FieldChar.cs","Dirty","40"
"D:\OneDrive\VS\Projects\DocxDocument\DocumentModel.InOpenXml\Wordprocessing\Fields and hyperlinks\FieldChar.cs","FieldCharType","18"
"D:\OneDrive\VS\Projects\DocxDocument\DocumentModel.InOpenXml\Wordprocessing\Fields and hyperlinks\FieldChar.cs","FieldData","51"
"D:\OneDrive\VS\Projects\DocxDocument\DocumentModel.InOpenXml\Wordprocessing\Fields and hyperlinks\FieldChar.cs","FieldLock","29"
"D:\OneDrive\VS\Projects\DocxDocument\DocumentModel.InOpenXml\Wordprocessing\Fields and hyperlinks\FieldChar.cs","FormFieldData","62"
"D:\OneDrive\VS\Projects\DocxDocument\DocumentModel.InOpenXml\Wordprocessing\Fields and hyperlinks\HelpText.cs","Type","15"
"D:\OneDrive\VS\Projects\DocxDocument\DocumentModel.InOpenXml\Wordprocessing\Fields and hyperlinks\HelpText.cs","Val","22"
"D:\OneDrive\VS\Projects\DocxDocument\DocumentModel.InOpenXml\Wordprocessing\Fields and hyperlinks\StatusText.cs","Type","15"
"D:\OneDrive\VS\Projects\DocxDocument\DocumentModel.InOpenXml\Wordprocessing\Fields and hyperlinks\StatusText.cs","Val","22"
"D:\OneDrive\VS\Projects\DocxDocument\DocumentModel.InOpenXml\Wordprocessing\Fields and hyperlinks\TextInput.cs","DefaultTextBoxFormFieldString","22"
"D:\OneDrive\VS\Projects\DocxDocument\DocumentModel.InOpenXml\Wordprocessing\Fields and hyperlinks\TextInput.cs","Format","36"
"D:\OneDrive\VS\Projects\DocxDocument\DocumentModel.InOpenXml\Wordprocessing\Fields and hyperlinks\TextInput.cs","MaxLength","29"
"D:\OneDrive\VS\Projects\DocxDocument\DocumentModel.InOpenXml\Wordprocessing\Fields and hyperlinks\TextInput.cs","TextBoxFormFieldType","15"
"D:\OneDrive\VS\Projects\DocxDocument\DocumentModel.InOpenXml\Wordprocessing\Fonts\EmbedFont.cs","FontKey","25"
"D:\OneDrive\VS\Projects\DocxDocument\DocumentModel.InOpenXml\Wordprocessing\Fonts\EmbedFont.cs","Id","16"
"D:\OneDrive\VS\Projects\DocxDocument\DocumentModel.InOpenXml\Wordprocessing\Fonts\EmbedFont.cs","Subsetted","36"
"D:\OneDrive\VS\Projects\DocxDocument\DocumentModel.InOpenXml\Wordprocessing\Fonts\Font.cs","Aliases","23"
"D:\OneDrive\VS\Projects\DocxDocument\DocumentModel.InOpenXml\Wordprocessing\Fonts\Font.cs","EmbedBoldFont","83"
"D:\OneDrive\VS\Projects\DocxDocument\DocumentModel.InOpenXml\Wordprocessing\Fonts\Font.cs","EmbedBoldItalicFont","99"
"D:\OneDrive\VS\Projects\DocxDocument\DocumentModel.InOpenXml\Wordprocessing\Fonts\Font.cs","EmbedItalicFont","91"
"D:\OneDrive\VS\Projects\DocxDocument\DocumentModel.InOpenXml\Wordprocessing\Fonts\Font.cs","EmbedRegularFont","75"
"D:\OneDrive\VS\Projects\DocxDocument\DocumentModel.InOpenXml\Wordprocessing\Fonts\Font.cs","FontFamily","46"
"D:\OneDrive\VS\Projects\DocxDocument\DocumentModel.InOpenXml\Wordprocessing\Fonts\Font.cs","FontSignature","60"
"D:\OneDrive\VS\Projects\DocxDocument\DocumentModel.InOpenXml\Wordprocessing\Fonts\Font.cs","NotTrueType","67"
"D:\OneDrive\VS\Projects\DocxDocument\DocumentModel.InOpenXml\Wordprocessing\Fonts\Font.cs","Panose","30"
"D:\OneDrive\VS\Projects\DocxDocument\DocumentModel.InOpenXml\Wordprocessing\Fonts\Font.cs","Pitch","53"
"D:\OneDrive\VS\Projects\DocxDocument\DocumentModel.InOpenXml\Wordprocessing\Fonts\Font.cs","Typeface","16"
"D:\OneDrive\VS\Projects\DocxDocument\DocumentModel.InOpenXml\Wordprocessing\Footnotes and endnotes\EndnoteDocumentWideProperties.cs","EndnotePosition","15"
"D:\OneDrive\VS\Projects\DocxDocument\DocumentModel.InOpenXml\Wordprocessing\Footnotes and endnotes\EndnoteDocumentWideProperties.cs","NumberingFormat","22"
"D:\OneDrive\VS\Projects\DocxDocument\DocumentModel.InOpenXml\Wordprocessing\Footnotes and endnotes\EndnoteDocumentWideProperties.cs","NumberingRestart","36"
"D:\OneDrive\VS\Projects\DocxDocument\DocumentModel.InOpenXml\Wordprocessing\Footnotes and endnotes\EndnoteDocumentWideProperties.cs","NumberingStart","29"
"D:\OneDrive\VS\Projects\DocxDocument\DocumentModel.InOpenXml\Wordprocessing\Footnotes and endnotes\EndnoteProperties.cs","EndnotePosition","15"
"D:\OneDrive\VS\Projects\DocxDocument\DocumentModel.InOpenXml\Wordprocessing\Footnotes and endnotes\EndnoteProperties.cs","NumberingFormat","22"
"D:\OneDrive\VS\Projects\DocxDocument\DocumentModel.InOpenXml\Wordprocessing\Footnotes and endnotes\EndnoteProperties.cs","NumberingRestart","36"
"D:\OneDrive\VS\Projects\DocxDocument\DocumentModel.InOpenXml\Wordprocessing\Footnotes and endnotes\EndnoteProperties.cs","NumberingStart","29"
"D:\OneDrive\VS\Projects\DocxDocument\DocumentModel.InOpenXml\Wordprocessing\Footnotes and endnotes\FootnoteDocumentWideProperties.cs","FootnotePosition","15"
"D:\OneDrive\VS\Projects\DocxDocument\DocumentModel.InOpenXml\Wordprocessing\Footnotes and endnotes\FootnoteDocumentWideProperties.cs","NumberingFormat","22"
"D:\OneDrive\VS\Projects\DocxDocument\DocumentModel.InOpenXml\Wordprocessing\Footnotes and endnotes\FootnoteDocumentWideProperties.cs","NumberingRestart","36"
"D:\OneDrive\VS\Projects\DocxDocument\DocumentModel.InOpenXml\Wordprocessing\Footnotes and endnotes\FootnoteDocumentWideProperties.cs","NumberingStart","29"
"D:\OneDrive\VS\Projects\DocxDocument\DocumentModel.InOpenXml\Wordprocessing\Footnotes and endnotes\FootnoteEndnoteSeparatorReferenceType.cs","Id","21"
"D:\OneDrive\VS\Projects\DocxDocument\DocumentModel.InOpenXml\Wordprocessing\Footnotes and endnotes\FootnoteProperties.cs","FootnotePosition","15"
"D:\OneDrive\VS\Projects\DocxDocument\DocumentModel.InOpenXml\Wordprocessing\Footnotes and endnotes\FootnoteProperties.cs","NumberingFormat","22"
"D:\OneDrive\VS\Projects\DocxDocument\DocumentModel.InOpenXml\Wordprocessing\Footnotes and endnotes\FootnoteProperties.cs","NumberingRestart","36"
"D:\OneDrive\VS\Projects\DocxDocument\DocumentModel.InOpenXml\Wordprocessing\Footnotes and endnotes\FootnoteProperties.cs","NumberingStart","29"
"D:\OneDrive\VS\Projects\DocxDocument\DocumentModel.InOpenXml\Wordprocessing\Frames and framesets\Frame.cs","FrameName","22"
"D:\OneDrive\VS\Projects\DocxDocument\DocumentModel.InOpenXml\Wordprocessing\Frames and framesets\Frame.cs","FrameSize","15"
"D:\OneDrive\VS\Projects\DocxDocument\DocumentModel.InOpenXml\Wordprocessing\Frames and framesets\Frame.cs","LinkedToFile","64"
"D:\OneDrive\VS\Projects\DocxDocument\DocumentModel.InOpenXml\Wordprocessing\Frames and framesets\Frame.cs","MarginHeight","43"
"D:\OneDrive\VS\Projects\DocxDocument\DocumentModel.InOpenXml\Wordprocessing\Frames and framesets\Frame.cs","MarginWidth","36"
"D:\OneDrive\VS\Projects\DocxDocument\DocumentModel.InOpenXml\Wordprocessing\Frames and framesets\Frame.cs","NoResizeAllowed","57"
"D:\OneDrive\VS\Projects\DocxDocument\DocumentModel.InOpenXml\Wordprocessing\Frames and framesets\Frame.cs","ScrollbarVisibility","50"
"D:\OneDrive\VS\Projects\DocxDocument\DocumentModel.InOpenXml\Wordprocessing\Frames and framesets\Frame.cs","SourceFileReference","29"
"D:\OneDrive\VS\Projects\DocxDocument\DocumentModel.InOpenXml\Wordprocessing\Frames and framesets\FrameProperties.cs","AnchorLock","131"
"D:\OneDrive\VS\Projects\DocxDocument\DocumentModel.InOpenXml\Wordprocessing\Frames and framesets\FrameProperties.cs","DropCap","15"
"D:\OneDrive\VS\Projects\DocxDocument\DocumentModel.InOpenXml\Wordprocessing\Frames and framesets\FrameProperties.cs","DropCapLines","22"
"D:\OneDrive\VS\Projects\DocxDocument\DocumentModel.InOpenXml\Wordprocessing\Frames and framesets\FrameProperties.cs","HorizontalPosition","89"
"D:\OneDrive\VS\Projects\DocxDocument\DocumentModel.InOpenXml\Wordprocessing\Frames and framesets\FrameProperties.cs","HorizontalSpace","75"
"D:\OneDrive\VS\Projects\DocxDocument\DocumentModel.InOpenXml\Wordprocessing\Frames and framesets\FrameProperties.cs","VerticalPosition","96"
"D:\OneDrive\VS\Projects\DocxDocument\DocumentModel.InOpenXml\Wordprocessing\Frames and framesets\FrameProperties.cs","VerticalSpace","68"
"D:\OneDrive\VS\Projects\DocxDocument\DocumentModel.InOpenXml\Wordprocessing\Frames and framesets\FrameProperties.cs","Width","29"
"D:\OneDrive\VS\Projects\DocxDocument\DocumentModel.InOpenXml\Wordprocessing\Frames and framesets\FrameProperties.cs","Wrap","82"
"D:\OneDrive\VS\Projects\DocxDocument\DocumentModel.InOpenXml\Wordprocessing\Frames and framesets\FrameProperties.cs","X","103"
"D:\OneDrive\VS\Projects\DocxDocument\DocumentModel.InOpenXml\Wordprocessing\Frames and framesets\FrameProperties.cs","XAlign","110"
"D:\OneDrive\VS\Projects\DocxDocument\DocumentModel.InOpenXml\Wordprocessing\Frames and framesets\FrameProperties.cs","Y","117"
"D:\OneDrive\VS\Projects\DocxDocument\DocumentModel.InOpenXml\Wordprocessing\Frames and framesets\FrameProperties.cs","YAlign","124"
"D:\OneDrive\VS\Projects\DocxDocument\DocumentModel.InOpenXml\Wordprocessing\Frames and framesets\FramesetSplitbar.cs","Color","22"
"D:\OneDrive\VS\Projects\DocxDocument\DocumentModel.InOpenXml\Wordprocessing\Frames and framesets\FramesetSplitbar.cs","FlatBorders","36"
"D:\OneDrive\VS\Projects\DocxDocument\DocumentModel.InOpenXml\Wordprocessing\Frames and framesets\FramesetSplitbar.cs","NoBorder","29"
"D:\OneDrive\VS\Projects\DocxDocument\DocumentModel.InOpenXml\Wordprocessing\Frames and framesets\FramesetSplitbar.cs","Width","15"
"D:\OneDrive\VS\Projects\DocxDocument\DocumentModel.InOpenXml\Wordprocessing\Mail merge\DataSourceObject.cs","ColumnDelimiter","36"
"D:\OneDrive\VS\Projects\DocxDocument\DocumentModel.InOpenXml\Wordprocessing\Mail merge\DataSourceObject.cs","DataSourceTableName","22"
"D:\OneDrive\VS\Projects\DocxDocument\DocumentModel.InOpenXml\Wordprocessing\Mail merge\DataSourceObject.cs","FirstRowHeader","50"
"D:\OneDrive\VS\Projects\DocxDocument\DocumentModel.InOpenXml\Wordprocessing\Mail merge\DataSourceObject.cs","MailMergeSource","43"
"D:\OneDrive\VS\Projects\DocxDocument\DocumentModel.InOpenXml\Wordprocessing\Mail merge\DataSourceObject.cs","SourceReference","29"
"D:\OneDrive\VS\Projects\DocxDocument\DocumentModel.InOpenXml\Wordprocessing\Mail merge\DataSourceObject.cs","UdlConnectionString","15"
"D:\OneDrive\VS\Projects\DocxDocument\DocumentModel.InOpenXml\Wordprocessing\Mail merge\MailMerge.cs","ActiveRecord","120"
"D:\OneDrive\VS\Projects\DocxDocument\DocumentModel.InOpenXml\Wordprocessing\Mail merge\MailMerge.cs","AddressFieldName","92"
"D:\OneDrive\VS\Projects\DocxDocument\DocumentModel.InOpenXml\Wordprocessing\Mail merge\MailMerge.cs","CheckErrors","127"
"D:\OneDrive\VS\Projects\DocxDocument\DocumentModel.InOpenXml\Wordprocessing\Mail merge\MailMerge.cs","ConnectString","50"
"D:\OneDrive\VS\Projects\DocxDocument\DocumentModel.InOpenXml\Wordprocessing\Mail merge\MailMerge.cs","DataSourceObject","134"
"D:\OneDrive\VS\Projects\DocxDocument\DocumentModel.InOpenXml\Wordprocessing\Mail merge\MailMerge.cs","DataSourceReference","64"
"D:\OneDrive\VS\Projects\DocxDocument\DocumentModel.InOpenXml\Wordprocessing\Mail merge\MailMerge.cs","DataType","43"
"D:\OneDrive\VS\Projects\DocxDocument\DocumentModel.InOpenXml\Wordprocessing\Mail merge\MailMerge.cs","Destination","85"
"D:\OneDrive\VS\Projects\DocxDocument\DocumentModel.InOpenXml\Wordprocessing\Mail merge\MailMerge.cs","DoNotSuppressBlankLines","78"
"D:\OneDrive\VS\Projects\DocxDocument\DocumentModel.InOpenXml\Wordprocessing\Mail merge\MailMerge.cs","HeaderSource","71"
"D:\OneDrive\VS\Projects\DocxDocument\DocumentModel.InOpenXml\Wordprocessing\Mail merge\MailMerge.cs","LinkToQuery","36"
"D:\OneDrive\VS\Projects\DocxDocument\DocumentModel.InOpenXml\Wordprocessing\Mail merge\MailMerge.cs","MailAsAttachment","106"
"D:\OneDrive\VS\Projects\DocxDocument\DocumentModel.InOpenXml\Wordprocessing\Mail merge\MailMerge.cs","MailSubject","99"
"D:\OneDrive\VS\Projects\DocxDocument\DocumentModel.InOpenXml\Wordprocessing\Mail merge\MailMerge.cs","MainDocumentType","29"
"D:\OneDrive\VS\Projects\DocxDocument\DocumentModel.InOpenXml\Wordprocessing\Mail merge\MailMerge.cs","Query","57"
"D:\OneDrive\VS\Projects\DocxDocument\DocumentModel.InOpenXml\Wordprocessing\Mail merge\MailMerge.cs","ViewMergedData","113"
"D:\OneDrive\VS\Projects\DocxDocument\DocumentModel.InOpenXml\Wordprocessing\Mail merge\SingleDataSourceRecord.cs","RecordHashCode","22"
"D:\OneDrive\VS\Projects\DocxDocument\DocumentModel.InOpenXml\Wordprocessing\Mail merge\SingleDataSourceRecord.cs","RecordIncluded","15"
"D:\OneDrive\VS\Projects\DocxDocument\DocumentModel.InOpenXml\Wordprocessing\Numbering\AbstractNumbering.cs","MultiLevelType","62"
"D:\OneDrive\VS\Projects\DocxDocument\DocumentModel.InOpenXml\Wordprocessing\Numbering\AbstractNumbering.cs","Name","52"
"D:\OneDrive\VS\Projects\DocxDocument\DocumentModel.InOpenXml\Wordprocessing\Numbering\AbstractNumbering.cs","NsId","43"
"D:\OneDrive\VS\Projects\DocxDocument\DocumentModel.InOpenXml\Wordprocessing\Numbering\AbstractNumbering.cs","NumberingStyleLink","87"
"D:\OneDrive\VS\Projects\DocxDocument\DocumentModel.InOpenXml\Wordprocessing\Numbering\AbstractNumbering.cs","StyleLink","78"
"D:\OneDrive\VS\Projects\DocxDocument\DocumentModel.InOpenXml\Wordprocessing\Numbering\AbstractNumbering.cs","TemplateCode","70"
"D:\OneDrive\VS\Projects\DocxDocument\DocumentModel.InOpenXml\Wordprocessing\Numbering\NumberingFormat.cs","Custom","22"
"D:\OneDrive\VS\Projects\DocxDocument\DocumentModel.InOpenXml\Wordprocessing\Numbering\NumberingFormat.cs","Type","15"
"D:\OneDrive\VS\Projects\DocxDocument\DocumentModel.InOpenXml\Wordprocessing\Numbering\NumberingInstance.cs","AbstractNumId","33"
"D:\OneDrive\VS\Projects\DocxDocument\DocumentModel.InOpenXml\Wordprocessing\Numbering\NumberingInstance.cs","DurableId","25"
"D:\OneDrive\VS\Projects\DocxDocument\DocumentModel.InOpenXml\Wordprocessing\Numbering\NumberingLevel.cs","IsLegalNumberingStyle","64"
"D:\OneDrive\VS\Projects\DocxDocument\DocumentModel.InOpenXml\Wordprocessing\Numbering\NumberingLevel.cs","Justification","106"
"D:\OneDrive\VS\Projects\DocxDocument\DocumentModel.InOpenXml\Wordprocessing\Numbering\NumberingLevel.cs","LegacyNumbering","99"
"D:\OneDrive\VS\Projects\DocxDocument\DocumentModel.InOpenXml\Wordprocessing\Numbering\NumberingLevel.cs","LevelPictureBulletId","85"
"D:\OneDrive\VS\Projects\DocxDocument\DocumentModel.InOpenXml\Wordprocessing\Numbering\NumberingLevel.cs","LevelRestart","43"
"D:\OneDrive\VS\Projects\DocxDocument\DocumentModel.InOpenXml\Wordprocessing\Numbering\NumberingLevel.cs","LevelSuffix","71"
"D:\OneDrive\VS\Projects\DocxDocument\DocumentModel.InOpenXml\Wordprocessing\Numbering\NumberingLevel.cs","LevelText","78"
"D:\OneDrive\VS\Projects\DocxDocument\DocumentModel.InOpenXml\Wordprocessing\Numbering\NumberingLevel.cs","NumberingFormat","50"
"D:\OneDrive\VS\Projects\DocxDocument\DocumentModel.InOpenXml\Wordprocessing\Numbering\NumberingLevel.cs","NumberingSymbolRunProperties","113"
"D:\OneDrive\VS\Projects\DocxDocument\DocumentModel.InOpenXml\Wordprocessing\Numbering\NumberingLevel.cs","ParagraphProperties","120"
"D:\OneDrive\VS\Projects\DocxDocument\DocumentModel.InOpenXml\Wordprocessing\Numbering\NumberingLevel.cs","ParagraphStyleIdInLevel","57"
"D:\OneDrive\VS\Projects\DocxDocument\DocumentModel.InOpenXml\Wordprocessing\Numbering\NumberingLevel.cs","StartNumberingValue","33"
"D:\OneDrive\VS\Projects\DocxDocument\DocumentModel.InOpenXml\Wordprocessing\Numbering\NumberingLevel.cs","TemplateCode","92"
"D:\OneDrive\VS\Projects\DocxDocument\DocumentModel.InOpenXml\Wordprocessing\Numbering\NumberingLevel.cs","Tentative","26"
"D:\OneDrive\VS\Projects\DocxDocument\DocumentModel.InOpenXml\Wordprocessing\Numbering\NumberingLevelOverride.cs","Level","30"
"D:\OneDrive\VS\Projects\DocxDocument\DocumentModel.InOpenXml\Wordprocessing\Numbering\NumberingLevelOverride.cs","StartOverrideNumberingValue","23"
"D:\OneDrive\VS\Projects\DocxDocument\DocumentModel.InOpenXml\Wordprocessing\Numbering\NumberingLevelParagraphProperties.cs","ParagraphStyleId","15"
"D:\OneDrive\VS\Projects\DocxDocument\DocumentModel.InOpenXml\Wordprocessing\Numbering\NumberingProperties.cs","Inserted","36"
"D:\OneDrive\VS\Projects\DocxDocument\DocumentModel.InOpenXml\Wordprocessing\Numbering\NumberingProperties.cs","NumberingChange","29"
"D:\OneDrive\VS\Projects\DocxDocument\DocumentModel.InOpenXml\Wordprocessing\Numbering\NumberingProperties.cs","NumberingId","22"
"D:\OneDrive\VS\Projects\DocxDocument\DocumentModel.InOpenXml\Wordprocessing\Numbering\NumberingProperties.cs","NumberingLevelReference","15"
"D:\OneDrive\VS\Projects\DocxDocument\DocumentModel.InOpenXml\Wordprocessing\Paragraph properties\Indentation.cs","End","53"
"D:\OneDrive\VS\Projects\DocxDocument\DocumentModel.InOpenXml\Wordprocessing\Paragraph properties\Indentation.cs","EndCharacters","68"
"D:\OneDrive\VS\Projects\DocxDocument\DocumentModel.InOpenXml\Wordprocessing\Paragraph properties\Indentation.cs","FirstLine","89"
"D:\OneDrive\VS\Projects\DocxDocument\DocumentModel.InOpenXml\Wordprocessing\Paragraph properties\Indentation.cs","FirstLineChars","96"
"D:\OneDrive\VS\Projects\DocxDocument\DocumentModel.InOpenXml\Wordprocessing\Paragraph properties\Indentation.cs","Hanging","75"
"D:\OneDrive\VS\Projects\DocxDocument\DocumentModel.InOpenXml\Wordprocessing\Paragraph properties\Indentation.cs","HangingChars","82"
"D:\OneDrive\VS\Projects\DocxDocument\DocumentModel.InOpenXml\Wordprocessing\Paragraph properties\Indentation.cs","Start","23"
"D:\OneDrive\VS\Projects\DocxDocument\DocumentModel.InOpenXml\Wordprocessing\Paragraph properties\Indentation.cs","StartCharacters","38"
"D:\OneDrive\VS\Projects\DocxDocument\DocumentModel.InOpenXml\Wordprocessing\Paragraph properties\NoLineBreaksAfterKinsoku.cs","Language","15"
"D:\OneDrive\VS\Projects\DocxDocument\DocumentModel.InOpenXml\Wordprocessing\Paragraph properties\NoLineBreaksAfterKinsoku.cs","Val","22"
"D:\OneDrive\VS\Projects\DocxDocument\DocumentModel.InOpenXml\Wordprocessing\Paragraph properties\NoLineBreaksBeforeKinsoku.cs","Language","15"
"D:\OneDrive\VS\Projects\DocxDocument\DocumentModel.InOpenXml\Wordprocessing\Paragraph properties\NoLineBreaksBeforeKinsoku.cs","Val","22"
"D:\OneDrive\VS\Projects\DocxDocument\DocumentModel.InOpenXml\Wordprocessing\Paragraph properties\ParagraphBorders.cs","BarBorder","50"
"D:\OneDrive\VS\Projects\DocxDocument\DocumentModel.InOpenXml\Wordprocessing\Paragraph properties\ParagraphBorders.cs","BetweenBorder","43"
"D:\OneDrive\VS\Projects\DocxDocument\DocumentModel.InOpenXml\Wordprocessing\Paragraph properties\ParagraphBorders.cs","BottomBorder","29"
"D:\OneDrive\VS\Projects\DocxDocument\DocumentModel.InOpenXml\Wordprocessing\Paragraph properties\ParagraphBorders.cs","LeftBorder","22"
"D:\OneDrive\VS\Projects\DocxDocument\DocumentModel.InOpenXml\Wordprocessing\Paragraph properties\ParagraphBorders.cs","RightBorder","36"
"D:\OneDrive\VS\Projects\DocxDocument\DocumentModel.InOpenXml\Wordprocessing\Paragraph properties\ParagraphBorders.cs","TopBorder","15"
"D:\OneDrive\VS\Projects\DocxDocument\DocumentModel.InOpenXml\Wordprocessing\Paragraph properties\ParagraphProperties.cs","ConditionalFormatStyle","43"
"D:\OneDrive\VS\Projects\DocxDocument\DocumentModel.InOpenXml\Wordprocessing\Paragraph properties\ParagraphProperties.cs","DivId","36"
"D:\OneDrive\VS\Projects\DocxDocument\DocumentModel.InOpenXml\Wordprocessing\Paragraph properties\ParagraphProperties.cs","ParagraphMarkRunProperties","50"
"D:\OneDrive\VS\Projects\DocxDocument\DocumentModel.InOpenXml\Wordprocessing\Paragraph properties\ParagraphProperties.cs","ParagraphPropertiesChange","64"
"D:\OneDrive\VS\Projects\DocxDocument\DocumentModel.InOpenXml\Wordprocessing\Paragraph properties\ParagraphProperties.cs","ParagraphStyleId","29"
"D:\OneDrive\VS\Projects\DocxDocument\DocumentModel.InOpenXml\Wordprocessing\Paragraph properties\ParagraphProperties.cs","SectionProperties","57"
"D:\OneDrive\VS\Projects\DocxDocument\DocumentModel.InOpenXml\Wordprocessing\Paragraph properties\PreviousParagraphProperties.cs","ParagraphStyleId","15"
"D:\OneDrive\VS\Projects\DocxDocument\DocumentModel.InOpenXml\Wordprocessing\Paragraph properties\TabStop.cs","Leader","31"
"D:\OneDrive\VS\Projects\DocxDocument\DocumentModel.InOpenXml\Wordprocessing\References\RelationshipType(T).cs","Id","21"
"D:\OneDrive\VS\Projects\DocxDocument\DocumentModel.InOpenXml\Wordprocessing\Revisions\Person.cs","Author","21"
"D:\OneDrive\VS\Projects\DocxDocument\DocumentModel.InOpenXml\Wordprocessing\Revisions\Person.cs","PresenceInfo","28"
"D:\OneDrive\VS\Projects\DocxDocument\DocumentModel.InOpenXml\Wordprocessing\Revisions\PresenceInfo.cs","ProviderId","15"
"D:\OneDrive\VS\Projects\DocxDocument\DocumentModel.InOpenXml\Wordprocessing\Revisions\PresenceInfo.cs","UserId","22"
"D:\OneDrive\VS\Projects\DocxDocument\DocumentModel.InOpenXml\Wordprocessing\Ruby\Ruby.cs","RubyBase","29"
"D:\OneDrive\VS\Projects\DocxDocument\DocumentModel.InOpenXml\Wordprocessing\Ruby\Ruby.cs","RubyContent","22"
"D:\OneDrive\VS\Projects\DocxDocument\DocumentModel.InOpenXml\Wordprocessing\Ruby\Ruby.cs","RubyProperties","15"
"D:\OneDrive\VS\Projects\DocxDocument\DocumentModel.InOpenXml\Wordprocessing\Ruby\RubyProperties.cs","Dirty","50"
"D:\OneDrive\VS\Projects\DocxDocument\DocumentModel.InOpenXml\Wordprocessing\Ruby\RubyProperties.cs","LanguageId","43"
"D:\OneDrive\VS\Projects\DocxDocument\DocumentModel.InOpenXml\Wordprocessing\Ruby\RubyProperties.cs","PhoneticGuideBaseTextSize","36"
"D:\OneDrive\VS\Projects\DocxDocument\DocumentModel.InOpenXml\Wordprocessing\Ruby\RubyProperties.cs","PhoneticGuideRaise","29"
"D:\OneDrive\VS\Projects\DocxDocument\DocumentModel.InOpenXml\Wordprocessing\Ruby\RubyProperties.cs","PhoneticGuideTextFontSize","22"
"D:\OneDrive\VS\Projects\DocxDocument\DocumentModel.InOpenXml\Wordprocessing\Ruby\RubyProperties.cs","RubyAlign","15"
"D:\OneDrive\VS\Projects\DocxDocument\DocumentModel.InOpenXml\Wordprocessing\Run content\Break.cs","Clear","22"
"D:\OneDrive\VS\Projects\DocxDocument\DocumentModel.InOpenXml\Wordprocessing\Run content\Break.cs","Type","15"
"D:\OneDrive\VS\Projects\DocxDocument\DocumentModel.InOpenXml\Wordprocessing\Run content\ContentPart.cs","Id","15"
"D:\OneDrive\VS\Projects\DocxDocument\DocumentModel.InOpenXml\Wordprocessing\Run content\PositionalTab.cs","Alignment","15"
"D:\OneDrive\VS\Projects\DocxDocument\DocumentModel.InOpenXml\Wordprocessing\Run content\PositionalTab.cs","Leader","29"
"D:\OneDrive\VS\Projects\DocxDocument\DocumentModel.InOpenXml\Wordprocessing\Run content\PositionalTab.cs","RelativeTo","22"
"D:\OneDrive\VS\Projects\DocxDocument\DocumentModel.InOpenXml\Wordprocessing\Run content\Run.cs","RsidAdd","71"
"D:\OneDrive\VS\Projects\DocxDocument\DocumentModel.InOpenXml\Wordprocessing\Run content\Run.cs","RsidDel","59"
"D:\OneDrive\VS\Projects\DocxDocument\DocumentModel.InOpenXml\Wordprocessing\Run content\Run.cs","RsidProps","47"
"D:\OneDrive\VS\Projects\DocxDocument\DocumentModel.InOpenXml\Wordprocessing\Run content\Run.cs","RunProperties","85"
"D:\OneDrive\VS\Projects\DocxDocument\DocumentModel.InOpenXml\Wordprocessing\Run content\SymbolChar.cs","Char","33"
"D:\OneDrive\VS\Projects\DocxDocument\DocumentModel.InOpenXml\Wordprocessing\Run content\SymbolChar.cs","Font","26"
"D:\OneDrive\VS\Projects\DocxDocument\DocumentModel.InOpenXml\Wordprocessing\Run properties\EastAsianLayout.cs","Combine","22"
"D:\OneDrive\VS\Projects\DocxDocument\DocumentModel.InOpenXml\Wordprocessing\Run properties\EastAsianLayout.cs","CombineBrackets","29"
"D:\OneDrive\VS\Projects\DocxDocument\DocumentModel.InOpenXml\Wordprocessing\Run properties\EastAsianLayout.cs","Id","15"
"D:\OneDrive\VS\Projects\DocxDocument\DocumentModel.InOpenXml\Wordprocessing\Run properties\EastAsianLayout.cs","Vertical","36"
"D:\OneDrive\VS\Projects\DocxDocument\DocumentModel.InOpenXml\Wordprocessing\Run properties\EastAsianLayout.cs","VerticalCompress","43"
"D:\OneDrive\VS\Projects\DocxDocument\DocumentModel.InOpenXml\Wordprocessing\Run properties\FillTextEffect.cs","GradientFillProperties","29"
"D:\OneDrive\VS\Projects\DocxDocument\DocumentModel.InOpenXml\Wordprocessing\Run properties\FillTextEffect.cs","NoFillEmpty","15"
"D:\OneDrive\VS\Projects\DocxDocument\DocumentModel.InOpenXml\Wordprocessing\Run properties\FillTextEffect.cs","SolidColorFillProperties","22"
"D:\OneDrive\VS\Projects\DocxDocument\DocumentModel.InOpenXml\Wordprocessing\Run properties\FitText.cs","Id","15"
"D:\OneDrive\VS\Projects\DocxDocument\DocumentModel.InOpenXml\Wordprocessing\Run properties\FitText.cs","Width","22"
"D:\OneDrive\VS\Projects\DocxDocument\DocumentModel.InOpenXml\Wordprocessing\Run properties\Languages.cs","Bidi","51"
"D:\OneDrive\VS\Projects\DocxDocument\DocumentModel.InOpenXml\Wordprocessing\Run properties\Languages.cs","EastAsia","62"
"D:\OneDrive\VS\Projects\DocxDocument\DocumentModel.InOpenXml\Wordprocessing\Run properties\Languages.cs","Val","40"
"D:\OneDrive\VS\Projects\DocxDocument\DocumentModel.InOpenXml\Wordprocessing\Run properties\RunFonts.cs","Ascii","29"
"D:\OneDrive\VS\Projects\DocxDocument\DocumentModel.InOpenXml\Wordprocessing\Run properties\RunFonts.cs","AsciiTheme","71"
"D:\OneDrive\VS\Projects\DocxDocument\DocumentModel.InOpenXml\Wordprocessing\Run properties\RunFonts.cs","ComplexScript","62"
"D:\OneDrive\VS\Projects\DocxDocument\DocumentModel.InOpenXml\Wordprocessing\Run properties\RunFonts.cs","ComplexScriptTheme","102"
"D:\OneDrive\VS\Projects\DocxDocument\DocumentModel.InOpenXml\Wordprocessing\Run properties\RunFonts.cs","EastAsia","51"
"D:\OneDrive\VS\Projects\DocxDocument\DocumentModel.InOpenXml\Wordprocessing\Run properties\RunFonts.cs","EastAsiaTheme","91"
"D:\OneDrive\VS\Projects\DocxDocument\DocumentModel.InOpenXml\Wordprocessing\Run properties\RunFonts.cs","HighAnsi","40"
"D:\OneDrive\VS\Projects\DocxDocument\DocumentModel.InOpenXml\Wordprocessing\Run properties\RunFonts.cs","HighAnsiTheme","80"
"D:\OneDrive\VS\Projects\DocxDocument\DocumentModel.InOpenXml\Wordprocessing\Run properties\RunFonts.cs","Hint","18"
"D:\OneDrive\VS\Projects\DocxDocument\DocumentModel.InOpenXml\Wordprocessing\Run properties\Underline.cs","Type","15"
"D:\OneDrive\VS\Projects\DocxDocument\DocumentModel.InOpenXml\Wordprocessing\Sdt\SdtCell.cs","SdtEndCharProperties","22"
"D:\OneDrive\VS\Projects\DocxDocument\DocumentModel.InOpenXml\Wordprocessing\Sdt\SdtCell.cs","SdtProperties","15"
"D:\OneDrive\VS\Projects\DocxDocument\DocumentModel.InOpenXml\Wordprocessing\Sdt\SdtContentCheckBox.cs","Checked","15"
"D:\OneDrive\VS\Projects\DocxDocument\DocumentModel.InOpenXml\Wordprocessing\Sdt\SdtContentCheckBox.cs","CheckedState","22"
"D:\OneDrive\VS\Projects\DocxDocument\DocumentModel.InOpenXml\Wordprocessing\Sdt\SdtContentCheckBox.cs","UncheckedState","29"
"D:\OneDrive\VS\Projects\DocxDocument\DocumentModel.InOpenXml\Wordprocessing\Sdt\SdtContentDate.cs","Calendar","43"
"D:\OneDrive\VS\Projects\DocxDocument\DocumentModel.InOpenXml\Wordprocessing\Sdt\SdtContentDate.cs","DateFormat","22"
"D:\OneDrive\VS\Projects\DocxDocument\DocumentModel.InOpenXml\Wordprocessing\Sdt\SdtContentDate.cs","FullDate","15"
"D:\OneDrive\VS\Projects\DocxDocument\DocumentModel.InOpenXml\Wordprocessing\Sdt\SdtContentDate.cs","LanguageId","29"
"D:\OneDrive\VS\Projects\DocxDocument\DocumentModel.InOpenXml\Wordprocessing\Sdt\SdtContentDate.cs","SdtDateMappingType","36"
"D:\OneDrive\VS\Projects\DocxDocument\DocumentModel.InOpenXml\Wordprocessing\Sdt\SdtContentDocPartList.cs","DocPartCategory","22"
"D:\OneDrive\VS\Projects\DocxDocument\DocumentModel.InOpenXml\Wordprocessing\Sdt\SdtContentDocPartList.cs","DocPartGallery","15"
"D:\OneDrive\VS\Projects\DocxDocument\DocumentModel.InOpenXml\Wordprocessing\Sdt\SdtContentDocPartList.cs","DocPartUnique","29"
"D:\OneDrive\VS\Projects\DocxDocument\DocumentModel.InOpenXml\Wordprocessing\Sdt\SdtContentDocPartObject.cs","DocPartCategory","22"
"D:\OneDrive\VS\Projects\DocxDocument\DocumentModel.InOpenXml\Wordprocessing\Sdt\SdtContentDocPartObject.cs","DocPartGallery","15"
"D:\OneDrive\VS\Projects\DocxDocument\DocumentModel.InOpenXml\Wordprocessing\Sdt\SdtContentDocPartObject.cs","DocPartUnique","29"
"D:\OneDrive\VS\Projects\DocxDocument\DocumentModel.InOpenXml\Wordprocessing\Sdt\SdtContentText.cs","MultiLine","15"
"D:\OneDrive\VS\Projects\DocxDocument\DocumentModel.InOpenXml\Wordprocessing\Sdt\SdtDocPartType.cs","DocPartCategory","22"
"D:\OneDrive\VS\Projects\DocxDocument\DocumentModel.InOpenXml\Wordprocessing\Sdt\SdtDocPartType.cs","DocPartGallery","15"
"D:\OneDrive\VS\Projects\DocxDocument\DocumentModel.InOpenXml\Wordprocessing\Sdt\SdtDocPartType.cs","DocPartUnique","29"
"D:\OneDrive\VS\Projects\DocxDocument\DocumentModel.InOpenXml\Wordprocessing\Sdt\SdtElement.cs","SdtEndCharProperties","22"
"D:\OneDrive\VS\Projects\DocxDocument\DocumentModel.InOpenXml\Wordprocessing\Sdt\SdtElement.cs","SdtProperties","15"
"D:\OneDrive\VS\Projects\DocxDocument\DocumentModel.InOpenXml\Wordprocessing\Sdt\SdtPlaceholder.cs","DocPartReference","15"
"D:\OneDrive\VS\Projects\DocxDocument\DocumentModel.InOpenXml\Wordprocessing\Sdt\SdtRepeatedSection.cs","DoNotAllowInsertDeleteSection","22"
"D:\OneDrive\VS\Projects\DocxDocument\DocumentModel.InOpenXml\Wordprocessing\Sdt\SdtRepeatedSection.cs","SectionTitle","15"
"D:\OneDrive\VS\Projects\DocxDocument\DocumentModel.InOpenXml\Wordprocessing\Sdt\SdtRow.cs","SdtEndCharProperties","22"
"D:\OneDrive\VS\Projects\DocxDocument\DocumentModel.InOpenXml\Wordprocessing\Sdt\SdtRow.cs","SdtProperties","15"
"D:\OneDrive\VS\Projects\DocxDocument\DocumentModel.InOpenXml\Wordprocessing\Sdt\SdtRun.cs","SdtEndCharProperties","22"
"D:\OneDrive\VS\Projects\DocxDocument\DocumentModel.InOpenXml\Wordprocessing\Sdt\SdtRun.cs","SdtProperties","15"
"D:\OneDrive\VS\Projects\DocxDocument\DocumentModel.InOpenXml\Wordprocessing\Sdt\SdtRunRuby.cs","SdtEndCharProperties","22"
"D:\OneDrive\VS\Projects\DocxDocument\DocumentModel.InOpenXml\Wordprocessing\Sdt\SdtRunRuby.cs","SdtProperties","15"
"D:\OneDrive\VS\Projects\DocxDocument\DocumentModel.InOpenXml\Wordprocessing\Sections\LineNumberType.cs","CountBy","15"
"D:\OneDrive\VS\Projects\DocxDocument\DocumentModel.InOpenXml\Wordprocessing\Sections\LineNumberType.cs","Distance","29"
"D:\OneDrive\VS\Projects\DocxDocument\DocumentModel.InOpenXml\Wordprocessing\Sections\LineNumberType.cs","Restart","36"
"D:\OneDrive\VS\Projects\DocxDocument\DocumentModel.InOpenXml\Wordprocessing\Sections\LineNumberType.cs","Start","22"
"D:\OneDrive\VS\Projects\DocxDocument\DocumentModel.InOpenXml\Wordprocessing\Sections\PageBorders.cs","BottomBorder","50"
"D:\OneDrive\VS\Projects\DocxDocument\DocumentModel.InOpenXml\Wordprocessing\Sections\PageBorders.cs","Display","22"
"D:\OneDrive\VS\Projects\DocxDocument\DocumentModel.InOpenXml\Wordprocessing\Sections\PageBorders.cs","LeftBorder","43"
"D:\OneDrive\VS\Projects\DocxDocument\DocumentModel.InOpenXml\Wordprocessing\Sections\PageBorders.cs","OffsetFrom","29"
"D:\OneDrive\VS\Projects\DocxDocument\DocumentModel.InOpenXml\Wordprocessing\Sections\PageBorders.cs","RightBorder","57"
"D:\OneDrive\VS\Projects\DocxDocument\DocumentModel.InOpenXml\Wordprocessing\Sections\PageBorders.cs","TopBorder","36"
"D:\OneDrive\VS\Projects\DocxDocument\DocumentModel.InOpenXml\Wordprocessing\Sections\PageBorders.cs","ZOrder","15"
"D:\OneDrive\VS\Projects\DocxDocument\DocumentModel.InOpenXml\Wordprocessing\Sections\PageMargin.cs","Bottom","29"
"D:\OneDrive\VS\Projects\DocxDocument\DocumentModel.InOpenXml\Wordprocessing\Sections\PageMargin.cs","Footer","50"
"D:\OneDrive\VS\Projects\DocxDocument\DocumentModel.InOpenXml\Wordprocessing\Sections\PageMargin.cs","Gutter","57"
"D:\OneDrive\VS\Projects\DocxDocument\DocumentModel.InOpenXml\Wordprocessing\Sections\PageMargin.cs","Header","43"
"D:\OneDrive\VS\Projects\DocxDocument\DocumentModel.InOpenXml\Wordprocessing\Sections\PageMargin.cs","Left","36"
"D:\OneDrive\VS\Projects\DocxDocument\DocumentModel.InOpenXml\Wordprocessing\Sections\PageMargin.cs","Right","22"
"D:\OneDrive\VS\Projects\DocxDocument\DocumentModel.InOpenXml\Wordprocessing\Sections\PageMargin.cs","Top","15"
"D:\OneDrive\VS\Projects\DocxDocument\DocumentModel.InOpenXml\Wordprocessing\Sections\PageNumberType.cs","ChapterSeparator","52"
"D:\OneDrive\VS\Projects\DocxDocument\DocumentModel.InOpenXml\Wordprocessing\Sections\PageNumberType.cs","ChapterStyle","45"
"D:\OneDrive\VS\Projects\DocxDocument\DocumentModel.InOpenXml\Wordprocessing\Sections\PageNumberType.cs","Format","15"
"D:\OneDrive\VS\Projects\DocxDocument\DocumentModel.InOpenXml\Wordprocessing\Sections\PageNumberType.cs","Start","22"
"D:\OneDrive\VS\Projects\DocxDocument\DocumentModel.InOpenXml\Wordprocessing\Sections\PageSize.cs","Height","22"
"D:\OneDrive\VS\Projects\DocxDocument\DocumentModel.InOpenXml\Wordprocessing\Sections\PageSize.cs","Orient","29"
"D:\OneDrive\VS\Projects\DocxDocument\DocumentModel.InOpenXml\Wordprocessing\Sections\PageSize.cs","Width","15"
"D:\OneDrive\VS\Projects\DocxDocument\DocumentModel.InOpenXml\Wordprocessing\Sections\PaperSource.cs","First","15"
"D:\OneDrive\VS\Projects\DocxDocument\DocumentModel.InOpenXml\Wordprocessing\Sections\PaperSource.cs","Other","22"
"D:\OneDrive\VS\Projects\DocxDocument\DocumentModel.InOpenXml\Wordprocessing\Sections\TextColumn.cs","Space","22"
"D:\OneDrive\VS\Projects\DocxDocument\DocumentModel.InOpenXml\Wordprocessing\Sections\TextColumn.cs","Width","15"
"D:\OneDrive\VS\Projects\DocxDocument\DocumentModel.InOpenXml\Wordprocessing\Sections\TextColumns.cs","ColumnCount","29"
"D:\OneDrive\VS\Projects\DocxDocument\DocumentModel.InOpenXml\Wordprocessing\Sections\TextColumns.cs","EqualWidth","15"
"D:\OneDrive\VS\Projects\DocxDocument\DocumentModel.InOpenXml\Wordprocessing\Sections\TextColumns.cs","Separator","36"
"D:\OneDrive\VS\Projects\DocxDocument\DocumentModel.InOpenXml\Wordprocessing\Sections\TextColumns.cs","Space","22"
"D:\OneDrive\VS\Projects\DocxDocument\DocumentModel.InOpenXml\Wordprocessing\Settings\ActiveWritingStyle.cs","ApplicationName","16"
"D:\OneDrive\VS\Projects\DocxDocument\DocumentModel.InOpenXml\Wordprocessing\Settings\ActiveWritingStyle.cs","CheckStyle","26"
"D:\OneDrive\VS\Projects\DocxDocument\DocumentModel.InOpenXml\Wordprocessing\Settings\ActiveWritingStyle.cs","DllVersion","34"
"D:\OneDrive\VS\Projects\DocxDocument\DocumentModel.InOpenXml\Wordprocessing\Settings\ActiveWritingStyle.cs","Language","49"
"D:\OneDrive\VS\Projects\DocxDocument\DocumentModel.InOpenXml\Wordprocessing\Settings\ActiveWritingStyle.cs","NaturalLanguageGrammarCheck","57"
"D:\OneDrive\VS\Projects\DocxDocument\DocumentModel.InOpenXml\Wordprocessing\Settings\ActiveWritingStyle.cs","VendorID","42"
"D:\OneDrive\VS\Projects\DocxDocument\DocumentModel.InOpenXml\Wordprocessing\Settings\AutoCaption.cs","Caption","26"
"D:\OneDrive\VS\Projects\DocxDocument\DocumentModel.InOpenXml\Wordprocessing\Settings\AutoCaption.cs","Name","16"
"D:\OneDrive\VS\Projects\DocxDocument\DocumentModel.InOpenXml\Wordprocessing\Settings\CaptionDefinition.cs","ChapterNumber","40"
"D:\OneDrive\VS\Projects\DocxDocument\DocumentModel.InOpenXml\Wordprocessing\Settings\CaptionDefinition.cs","Heading","49"
"D:\OneDrive\VS\Projects\DocxDocument\DocumentModel.InOpenXml\Wordprocessing\Settings\CaptionDefinition.cs","Name","23"
"D:\OneDrive\VS\Projects\DocxDocument\DocumentModel.InOpenXml\Wordprocessing\Settings\CaptionDefinition.cs","NoLabel","58"
"D:\OneDrive\VS\Projects\DocxDocument\DocumentModel.InOpenXml\Wordprocessing\Settings\CaptionDefinition.cs","NumberFormat","65"
"D:\OneDrive\VS\Projects\DocxDocument\DocumentModel.InOpenXml\Wordprocessing\Settings\CaptionDefinition.cs","Position","30"
"D:\OneDrive\VS\Projects\DocxDocument\DocumentModel.InOpenXml\Wordprocessing\Settings\CaptionDefinition.cs","Separator","81"
"D:\OneDrive\VS\Projects\DocxDocument\DocumentModel.InOpenXml\Wordprocessing\Settings\CompatibilitySetting.cs","Name","15"
"D:\OneDrive\VS\Projects\DocxDocument\DocumentModel.InOpenXml\Wordprocessing\Settings\CompatibilitySetting.cs","Val","28"
"D:\OneDrive\VS\Projects\DocxDocument\DocumentModel.InOpenXml\Wordprocessing\Settings\DivBorders.cs","BottomBorder","29"
"D:\OneDrive\VS\Projects\DocxDocument\DocumentModel.InOpenXml\Wordprocessing\Settings\DivBorders.cs","LeftBorder","22"
"D:\OneDrive\VS\Projects\DocxDocument\DocumentModel.InOpenXml\Wordprocessing\Settings\DivBorders.cs","RightBorder","36"
"D:\OneDrive\VS\Projects\DocxDocument\DocumentModel.InOpenXml\Wordprocessing\Settings\DivBorders.cs","TopBorder","15"
"D:\OneDrive\VS\Projects\DocxDocument\DocumentModel.InOpenXml\Wordprocessing\Settings\DivElement.cs","DivBorder","58"
"D:\OneDrive\VS\Projects\DocxDocument\DocumentModel.InOpenXml\Wordprocessing\Settings\DivElement.cs","Id","15"
"D:\OneDrive\VS\Projects\DocxDocument\DocumentModel.InOpenXml\Wordprocessing\Settings\FixedCommandKeyboardCustomization.cs","Argument","29"
"D:\OneDrive\VS\Projects\DocxDocument\DocumentModel.InOpenXml\Wordprocessing\Settings\FixedCommandKeyboardCustomization.cs","CommandIndex","22"
"D:\OneDrive\VS\Projects\DocxDocument\DocumentModel.InOpenXml\Wordprocessing\Settings\FixedCommandKeyboardCustomization.cs","CommandName","15"
"D:\OneDrive\VS\Projects\DocxDocument\DocumentModel.InOpenXml\Wordprocessing\Settings\ProofState.cs","Grammar","22"
"D:\OneDrive\VS\Projects\DocxDocument\DocumentModel.InOpenXml\Wordprocessing\Settings\ProofState.cs","Spelling","15"
"D:\OneDrive\VS\Projects\DocxDocument\DocumentModel.InOpenXml\Wordprocessing\Settings\RevisionView.cs","Comments","27"
"D:\OneDrive\VS\Projects\DocxDocument\DocumentModel.InOpenXml\Wordprocessing\Settings\RevisionView.cs","DisplayRevision","38"
"D:\OneDrive\VS\Projects\DocxDocument\DocumentModel.InOpenXml\Wordprocessing\Settings\RevisionView.cs","Formatting","49"
"D:\OneDrive\VS\Projects\DocxDocument\DocumentModel.InOpenXml\Wordprocessing\Settings\RevisionView.cs","InkAnnotations","60"
"D:\OneDrive\VS\Projects\DocxDocument\DocumentModel.InOpenXml\Wordprocessing\Settings\RevisionView.cs","Markup","16"
"D:\OneDrive\VS\Projects\DocxDocument\DocumentModel.InOpenXml\Wordprocessing\Settings\WebSettings.cs","AllowPNG","50"
"D:\OneDrive\VS\Projects\DocxDocument\DocumentModel.InOpenXml\Wordprocessing\Settings\WebSettings.cs","Divs","22"
"D:\OneDrive\VS\Projects\DocxDocument\DocumentModel.InOpenXml\Wordprocessing\Settings\WebSettings.cs","DoNotOrganizeInFolder","71"
"D:\OneDrive\VS\Projects\DocxDocument\DocumentModel.InOpenXml\Wordprocessing\Settings\WebSettings.cs","DoNotRelyOnCSS","57"
"D:\OneDrive\VS\Projects\DocxDocument\DocumentModel.InOpenXml\Wordprocessing\Settings\WebSettings.cs","DoNotSaveAsSingleFile","64"
"D:\OneDrive\VS\Projects\DocxDocument\DocumentModel.InOpenXml\Wordprocessing\Settings\WebSettings.cs","DoNotUseLongFileNames","78"
"D:\OneDrive\VS\Projects\DocxDocument\DocumentModel.InOpenXml\Wordprocessing\Settings\WebSettings.cs","Frameset","15"
"D:\OneDrive\VS\Projects\DocxDocument\DocumentModel.InOpenXml\Wordprocessing\Settings\WebSettings.cs","OptimizeForBrowser","36"
"D:\OneDrive\VS\Projects\DocxDocument\DocumentModel.InOpenXml\Wordprocessing\Settings\WebSettings.cs","PixelsPerInch","85"
"D:\OneDrive\VS\Projects\DocxDocument\DocumentModel.InOpenXml\Wordprocessing\Settings\WebSettings.cs","RelyOnVML","43"
"D:\OneDrive\VS\Projects\DocxDocument\DocumentModel.InOpenXml\Wordprocessing\Settings\WebSettings.cs","TargetScreenSize","92"
"D:\OneDrive\VS\Projects\DocxDocument\DocumentModel.InOpenXml\Wordprocessing\Settings\WebSettings.cs","WebPageEncoding","29"
"D:\OneDrive\VS\Projects\DocxDocument\DocumentModel.InOpenXml\Wordprocessing\Settings\WriteProtection.cs","HashValue","126"
"D:\OneDrive\VS\Projects\DocxDocument\DocumentModel.InOpenXml\Wordprocessing\Settings\WriteProtection.cs","Recommended","15"
"D:\OneDrive\VS\Projects\DocxDocument\DocumentModel.InOpenXml\Wordprocessing\Settings\WriteProtection.cs","SaltValue","133"
"D:\OneDrive\VS\Projects\DocxDocument\DocumentModel.InOpenXml\Wordprocessing\Settings\WriteProtection.cs","SpinCount","140"
"D:\OneDrive\VS\Projects\DocxDocument\DocumentModel.InOpenXml\Wordprocessing\Styles\LatentStyle.cs","Locked","22"
"D:\OneDrive\VS\Projects\DocxDocument\DocumentModel.InOpenXml\Wordprocessing\Styles\LatentStyle.cs","Name","15"
"D:\OneDrive\VS\Projects\DocxDocument\DocumentModel.InOpenXml\Wordprocessing\Styles\LatentStyle.cs","PrimaryStyle","50"
"D:\OneDrive\VS\Projects\DocxDocument\DocumentModel.InOpenXml\Wordprocessing\Styles\LatentStyle.cs","SemiHidden","36"
"D:\OneDrive\VS\Projects\DocxDocument\DocumentModel.InOpenXml\Wordprocessing\Styles\LatentStyle.cs","UiPriority","29"
"D:\OneDrive\VS\Projects\DocxDocument\DocumentModel.InOpenXml\Wordprocessing\Styles\LatentStyle.cs","UnhideWhenUsed","43"
"D:\OneDrive\VS\Projects\DocxDocument\DocumentModel.InOpenXml\Wordprocessing\Styles\Style.cs","BasedOn","53"
"D:\OneDrive\VS\Projects\DocxDocument\DocumentModel.InOpenXml\Wordprocessing\Styles\Style.cs","IsCustom","46"
"D:\OneDrive\VS\Projects\DocxDocument\DocumentModel.InOpenXml\Wordprocessing\Styles\Style.cs","IsDefault","39"
"D:\OneDrive\VS\Projects\DocxDocument\DocumentModel.InOpenXml\Wordprocessing\Styles\Style.cs","LinkedStyle","67"
"D:\OneDrive\VS\Projects\DocxDocument\DocumentModel.InOpenXml\Wordprocessing\Styles\Style.cs","NextParagraphStyle","60"
"D:\OneDrive\VS\Projects\DocxDocument\DocumentModel.InOpenXml\Wordprocessing\Styles\Style.cs","Rsid","193"
"D:\OneDrive\VS\Projects\DocxDocument\DocumentModel.InOpenXml\Wordprocessing\Styles\Style.cs","StyleId","25"
"D:\OneDrive\VS\Projects\DocxDocument\DocumentModel.InOpenXml\Wordprocessing\Styles\Style.cs","StyleName","32"
"D:\OneDrive\VS\Projects\DocxDocument\DocumentModel.InOpenXml\Wordprocessing\Styles\Style.cs","Type","18"
"D:\OneDrive\VS\Projects\DocxDocument\DocumentModel.InOpenXml\Wordprocessing\Styles\Style.cs","UIPriority","145"
"D:\OneDrive\VS\Projects\DocxDocument\DocumentModel.InOpenXml\Wordprocessing\Styles\StylePaneFormatFilter.cs","AllStyles","23"
"D:\OneDrive\VS\Projects\DocxDocument\DocumentModel.InOpenXml\Wordprocessing\Styles\StylePaneFormatFilter.cs","AlternateStyleNames","121"
"D:\OneDrive\VS\Projects\DocxDocument\DocumentModel.InOpenXml\Wordprocessing\Styles\StylePaneFormatFilter.cs","ClearFormatting","100"
"D:\OneDrive\VS\Projects\DocxDocument\DocumentModel.InOpenXml\Wordprocessing\Styles\StylePaneFormatFilter.cs","CustomStyles","30"
"D:\OneDrive\VS\Projects\DocxDocument\DocumentModel.InOpenXml\Wordprocessing\Styles\StylePaneFormatFilter.cs","DirectFormattingOnNumbering","86"
"D:\OneDrive\VS\Projects\DocxDocument\DocumentModel.InOpenXml\Wordprocessing\Styles\StylePaneFormatFilter.cs","DirectFormattingOnParagraphs","79"
"D:\OneDrive\VS\Projects\DocxDocument\DocumentModel.InOpenXml\Wordprocessing\Styles\StylePaneFormatFilter.cs","DirectFormattingOnRuns","72"
"D:\OneDrive\VS\Projects\DocxDocument\DocumentModel.InOpenXml\Wordprocessing\Styles\StylePaneFormatFilter.cs","DirectFormattingOnTables","93"
"D:\OneDrive\VS\Projects\DocxDocument\DocumentModel.InOpenXml\Wordprocessing\Styles\StylePaneFormatFilter.cs","HeadingStyles","51"
"D:\OneDrive\VS\Projects\DocxDocument\DocumentModel.InOpenXml\Wordprocessing\Styles\StylePaneFormatFilter.cs","LatentStyles","37"
"D:\OneDrive\VS\Projects\DocxDocument\DocumentModel.InOpenXml\Wordprocessing\Styles\StylePaneFormatFilter.cs","NumberingStyles","58"
"D:\OneDrive\VS\Projects\DocxDocument\DocumentModel.InOpenXml\Wordprocessing\Styles\StylePaneFormatFilter.cs","StylesInUse","44"
"D:\OneDrive\VS\Projects\DocxDocument\DocumentModel.InOpenXml\Wordprocessing\Styles\StylePaneFormatFilter.cs","TableStyles","65"
"D:\OneDrive\VS\Projects\DocxDocument\DocumentModel.InOpenXml\Wordprocessing\Styles\StylePaneFormatFilter.cs","Top3HeadingStyles","107"
"D:\OneDrive\VS\Projects\DocxDocument\DocumentModel.InOpenXml\Wordprocessing\Styles\StylePaneFormatFilter.cs","VisibleStyles","114"
"D:\OneDrive\VS\Projects\DocxDocument\DocumentModel.InOpenXml\Wordprocessing\Styles\StyleSet.cs","Id","15"
"D:\OneDrive\VS\Projects\DocxDocument\DocumentModel.InOpenXml\Wordprocessing\Styles\StyleSet.cs","Val","22"
"D:\OneDrive\VS\Projects\DocxDocument\DocumentModel.InOpenXml\Wordprocessing\Table properties\BaseTableCellProperties.cs","NoWrap","27"
"D:\OneDrive\VS\Projects\DocxDocument\DocumentModel.InOpenXml\Wordprocessing\Table properties\BaseTableCellProperties.cs","Shading","20"
"D:\OneDrive\VS\Projects\DocxDocument\DocumentModel.InOpenXml\Wordprocessing\Table properties\BaseTableCellProperties.cs","TableCellMargin","34"
"D:\OneDrive\VS\Projects\DocxDocument\DocumentModel.InOpenXml\Wordprocessing\Table properties\BaseTableCellProperties.cs","TableCellVerticalAlignment","41"
"D:\OneDrive\VS\Projects\DocxDocument\DocumentModel.InOpenXml\Wordprocessing\Table properties\BaseTableProperties.cs","Shading","50"
"D:\OneDrive\VS\Projects\DocxDocument\DocumentModel.InOpenXml\Wordprocessing\Table properties\BaseTableProperties.cs","TableBorders","43"
"D:\OneDrive\VS\Projects\DocxDocument\DocumentModel.InOpenXml\Wordprocessing\Table properties\BaseTableProperties.cs","TableCellSpacing","36"
"D:\OneDrive\VS\Projects\DocxDocument\DocumentModel.InOpenXml\Wordprocessing\Table properties\BaseTableProperties.cs","TableIndentation","22"
"D:\OneDrive\VS\Projects\DocxDocument\DocumentModel.InOpenXml\Wordprocessing\Table properties\BaseTableProperties.cs","TableJustification","15"
"D:\OneDrive\VS\Projects\DocxDocument\DocumentModel.InOpenXml\Wordprocessing\Table properties\CurrentTableCellProperties.cs","ConditionalFormatStyle","20"
"D:\OneDrive\VS\Projects\DocxDocument\DocumentModel.InOpenXml\Wordprocessing\Table properties\CurrentTableCellProperties.cs","GridSpan","34"
"D:\OneDrive\VS\Projects\DocxDocument\DocumentModel.InOpenXml\Wordprocessing\Table properties\CurrentTableCellProperties.cs","HideMark","76"
"D:\OneDrive\VS\Projects\DocxDocument\DocumentModel.InOpenXml\Wordprocessing\Table properties\CurrentTableCellProperties.cs","HorizontalMerge","41"
"D:\OneDrive\VS\Projects\DocxDocument\DocumentModel.InOpenXml\Wordprocessing\Table properties\CurrentTableCellProperties.cs","TableCellBorders","55"
"D:\OneDrive\VS\Projects\DocxDocument\DocumentModel.InOpenXml\Wordprocessing\Table properties\CurrentTableCellProperties.cs","TableCellFitText","69"
"D:\OneDrive\VS\Projects\DocxDocument\DocumentModel.InOpenXml\Wordprocessing\Table properties\CurrentTableCellProperties.cs","TableCellWidth","27"
"D:\OneDrive\VS\Projects\DocxDocument\DocumentModel.InOpenXml\Wordprocessing\Table properties\CurrentTableCellProperties.cs","TextDirection","62"
"D:\OneDrive\VS\Projects\DocxDocument\DocumentModel.InOpenXml\Wordprocessing\Table properties\CurrentTableCellProperties.cs","VerticalMerge","48"
"D:\OneDrive\VS\Projects\DocxDocument\DocumentModel.InOpenXml\Wordprocessing\Table properties\GridColumn.cs","Width","14"
"D:\OneDrive\VS\Projects\DocxDocument\DocumentModel.InOpenXml\Wordprocessing\Table properties\TableBorders.cs","BottomBorder","36"
"D:\OneDrive\VS\Projects\DocxDocument\DocumentModel.InOpenXml\Wordprocessing\Table properties\TableBorders.cs","EndBorder","50"
"D:\OneDrive\VS\Projects\DocxDocument\DocumentModel.InOpenXml\Wordprocessing\Table properties\TableBorders.cs","InsideHorizontalBorder","57"
"D:\OneDrive\VS\Projects\DocxDocument\DocumentModel.InOpenXml\Wordprocessing\Table properties\TableBorders.cs","InsideVerticalBorder","64"
"D:\OneDrive\VS\Projects\DocxDocument\DocumentModel.InOpenXml\Wordprocessing\Table properties\TableBorders.cs","LeftBorder","22"
"D:\OneDrive\VS\Projects\DocxDocument\DocumentModel.InOpenXml\Wordprocessing\Table properties\TableBorders.cs","RightBorder","43"
"D:\OneDrive\VS\Projects\DocxDocument\DocumentModel.InOpenXml\Wordprocessing\Table properties\TableBorders.cs","StartBorder","29"
"D:\OneDrive\VS\Projects\DocxDocument\DocumentModel.InOpenXml\Wordprocessing\Table properties\TableBorders.cs","TopBorder","15"
"D:\OneDrive\VS\Projects\DocxDocument\DocumentModel.InOpenXml\Wordprocessing\Table properties\TableCellBorders.cs","BottomBorder","36"
"D:\OneDrive\VS\Projects\DocxDocument\DocumentModel.InOpenXml\Wordprocessing\Table properties\TableCellBorders.cs","EndBorder","50"
"D:\OneDrive\VS\Projects\DocxDocument\DocumentModel.InOpenXml\Wordprocessing\Table properties\TableCellBorders.cs","InsideHorizontalBorder","57"
"D:\OneDrive\VS\Projects\DocxDocument\DocumentModel.InOpenXml\Wordprocessing\Table properties\TableCellBorders.cs","InsideVerticalBorder","64"
"D:\OneDrive\VS\Projects\DocxDocument\DocumentModel.InOpenXml\Wordprocessing\Table properties\TableCellBorders.cs","LeftBorder","22"
"D:\OneDrive\VS\Projects\DocxDocument\DocumentModel.InOpenXml\Wordprocessing\Table properties\TableCellBorders.cs","RightBorder","43"
"D:\OneDrive\VS\Projects\DocxDocument\DocumentModel.InOpenXml\Wordprocessing\Table properties\TableCellBorders.cs","StartBorder","29"
"D:\OneDrive\VS\Projects\DocxDocument\DocumentModel.InOpenXml\Wordprocessing\Table properties\TableCellBorders.cs","TopBorder","15"
"D:\OneDrive\VS\Projects\DocxDocument\DocumentModel.InOpenXml\Wordprocessing\Table properties\TableCellBorders.cs","TopLeftToBottomRightCellBorder","71"
"D:\OneDrive\VS\Projects\DocxDocument\DocumentModel.InOpenXml\Wordprocessing\Table properties\TableCellBorders.cs","TopRightToBottomLeftCellBorder","78"
"D:\OneDrive\VS\Projects\DocxDocument\DocumentModel.InOpenXml\Wordprocessing\Table properties\TableCellMargin.cs","BottomMargin","44"
"D:\OneDrive\VS\Projects\DocxDocument\DocumentModel.InOpenXml\Wordprocessing\Table properties\TableCellMargin.cs","EndMargin","59"
"D:\OneDrive\VS\Projects\DocxDocument\DocumentModel.InOpenXml\Wordprocessing\Table properties\TableCellMargin.cs","LeftMargin","29"
"D:\OneDrive\VS\Projects\DocxDocument\DocumentModel.InOpenXml\Wordprocessing\Table properties\TableCellMargin.cs","RightMargin","51"
"D:\OneDrive\VS\Projects\DocxDocument\DocumentModel.InOpenXml\Wordprocessing\Table properties\TableCellMargin.cs","StartMargin","37"
"D:\OneDrive\VS\Projects\DocxDocument\DocumentModel.InOpenXml\Wordprocessing\Table properties\TableCellMargin.cs","TopMargin","22"
"D:\OneDrive\VS\Projects\DocxDocument\DocumentModel.InOpenXml\Wordprocessing\Table properties\TableGridChange.cs","PreviousTableGrid","21"
"D:\OneDrive\VS\Projects\DocxDocument\DocumentModel.InOpenXml\Wordprocessing\Table properties\TableLayout.cs","Type","15"
"D:\OneDrive\VS\Projects\DocxDocument\DocumentModel.InOpenXml\Wordprocessing\Table properties\TableLook.cs","FirstColumn","36"
"D:\OneDrive\VS\Projects\DocxDocument\DocumentModel.InOpenXml\Wordprocessing\Table properties\TableLook.cs","FirstRow","22"
"D:\OneDrive\VS\Projects\DocxDocument\DocumentModel.InOpenXml\Wordprocessing\Table properties\TableLook.cs","LastColumn","43"
"D:\OneDrive\VS\Projects\DocxDocument\DocumentModel.InOpenXml\Wordprocessing\Table properties\TableLook.cs","LastRow","29"
"D:\OneDrive\VS\Projects\DocxDocument\DocumentModel.InOpenXml\Wordprocessing\Table properties\TableLook.cs","NoHorizontalBand","50"
"D:\OneDrive\VS\Projects\DocxDocument\DocumentModel.InOpenXml\Wordprocessing\Table properties\TableLook.cs","NoVerticalBand","57"
"D:\OneDrive\VS\Projects\DocxDocument\DocumentModel.InOpenXml\Wordprocessing\Table properties\TableLook.cs","Val","15"
"D:\OneDrive\VS\Projects\DocxDocument\DocumentModel.InOpenXml\Wordprocessing\Table properties\TablePositionProperties.cs","BottomFromText","36"
"D:\OneDrive\VS\Projects\DocxDocument\DocumentModel.InOpenXml\Wordprocessing\Table properties\TablePositionProperties.cs","HorizontalAnchor","50"
"D:\OneDrive\VS\Projects\DocxDocument\DocumentModel.InOpenXml\Wordprocessing\Table properties\TablePositionProperties.cs","LeftFromText","15"
"D:\OneDrive\VS\Projects\DocxDocument\DocumentModel.InOpenXml\Wordprocessing\Table properties\TablePositionProperties.cs","RightFromText","22"
"D:\OneDrive\VS\Projects\DocxDocument\DocumentModel.InOpenXml\Wordprocessing\Table properties\TablePositionProperties.cs","TablePositionX","64"
"D:\OneDrive\VS\Projects\DocxDocument\DocumentModel.InOpenXml\Wordprocessing\Table properties\TablePositionProperties.cs","TablePositionXAlignment","57"
"D:\OneDrive\VS\Projects\DocxDocument\DocumentModel.InOpenXml\Wordprocessing\Table properties\TablePositionProperties.cs","TablePositionY","78"
"D:\OneDrive\VS\Projects\DocxDocument\DocumentModel.InOpenXml\Wordprocessing\Table properties\TablePositionProperties.cs","TablePositionYAlignment","71"
"D:\OneDrive\VS\Projects\DocxDocument\DocumentModel.InOpenXml\Wordprocessing\Table properties\TablePositionProperties.cs","TopFromText","29"
"D:\OneDrive\VS\Projects\DocxDocument\DocumentModel.InOpenXml\Wordprocessing\Table properties\TablePositionProperties.cs","VerticalAnchor","43"
"D:\OneDrive\VS\Projects\DocxDocument\DocumentModel.InOpenXml\Wordprocessing\Table properties\TableStyleProperties.cs","StyleParagraphProperties","22"
"D:\OneDrive\VS\Projects\DocxDocument\DocumentModel.InOpenXml\Wordprocessing\Table properties\TableStyleProperties.cs","Type","15"
"D:\OneDrive\VS\Projects\DocxDocument\DocumentModel.InOpenXml\Wordprocessing\Tables\Table.cs","TableGrid","23"
"D:\OneDrive\VS\Projects\DocxDocument\DocumentModel.InOpenXml\Wordprocessing\Tables\Table.cs","TableProperties","16"
