"File","DeclaringType","Property","Kind"
"D:\OneDrive\VS\Projects\DocxDocument\DocumentModel.InOpenXml\Drawings.ChartDrawing\Anchoring\AbsoluteAnchorSize.cs","AbsoluteAnchorSize","ConnectionShape","Element"
"D:\OneDrive\VS\Projects\DocxDocument\DocumentModel.InOpenXml\Drawings.ChartDrawing\Anchoring\AbsoluteAnchorSize.cs","AbsoluteAnchorSize","Extent","Element"
"D:\OneDrive\VS\Projects\DocxDocument\DocumentModel.InOpenXml\Drawings.ChartDrawing\Anchoring\AbsoluteAnchorSize.cs","AbsoluteAnchorSize","FromAnchor","Element"
"D:\OneDrive\VS\Projects\DocxDocument\DocumentModel.InOpenXml\Drawings.ChartDrawing\Anchoring\AbsoluteAnchorSize.cs","AbsoluteAnchorSize","GraphicFrame","Element"
"D:\OneDrive\VS\Projects\DocxDocument\DocumentModel.InOpenXml\Drawings.ChartDrawing\Anchoring\AbsoluteAnchorSize.cs","AbsoluteAnchorSize","GroupShape","Element"
"D:\OneDrive\VS\Projects\DocxDocument\DocumentModel.InOpenXml\Drawings.ChartDrawing\Anchoring\AbsoluteAnchorSize.cs","AbsoluteAnchorSize","Picture","Element"
"D:\OneDrive\VS\Projects\DocxDocument\DocumentModel.InOpenXml\Drawings.ChartDrawing\Anchoring\AbsoluteAnchorSize.cs","AbsoluteAnchorSize","Shape","Element"
"D:\OneDrive\VS\Projects\DocxDocument\DocumentModel.InOpenXml\Drawings.ChartDrawing\Anchoring\MarkerType.cs","MarkerType","XPosition","Element"
"D:\OneDrive\VS\Projects\DocxDocument\DocumentModel.InOpenXml\Drawings.ChartDrawing\Anchoring\MarkerType.cs","MarkerType","YPosition","Element"
"D:\OneDrive\VS\Projects\DocxDocument\DocumentModel.InOpenXml\Drawings.ChartDrawing\Anchoring\RelativeAnchorSize.cs","RelativeAnchorSize","ConnectionShape","Element"
"D:\OneDrive\VS\Projects\DocxDocument\DocumentModel.InOpenXml\Drawings.ChartDrawing\Anchoring\RelativeAnchorSize.cs","RelativeAnchorSize","FromAnchor","Element"
"D:\OneDrive\VS\Projects\DocxDocument\DocumentModel.InOpenXml\Drawings.ChartDrawing\Anchoring\RelativeAnchorSize.cs","RelativeAnchorSize","GraphicFrame","Element"
"D:\OneDrive\VS\Projects\DocxDocument\DocumentModel.InOpenXml\Drawings.ChartDrawing\Anchoring\RelativeAnchorSize.cs","RelativeAnchorSize","GroupShape","Element"
"D:\OneDrive\VS\Projects\DocxDocument\DocumentModel.InOpenXml\Drawings.ChartDrawing\Anchoring\RelativeAnchorSize.cs","RelativeAnchorSize","Picture","Element"
"D:\OneDrive\VS\Projects\DocxDocument\DocumentModel.InOpenXml\Drawings.ChartDrawing\Anchoring\RelativeAnchorSize.cs","RelativeAnchorSize","Shape","Element"
"D:\OneDrive\VS\Projects\DocxDocument\DocumentModel.InOpenXml\Drawings.ChartDrawing\Anchoring\RelativeAnchorSize.cs","RelativeAnchorSize","ToAnchor","Element"
"D:\OneDrive\VS\Projects\DocxDocument\DocumentModel.InOpenXml\Drawings.ChartDrawing\Graphical elements\ConnectionShape.cs","ConnectionShape","Macro","Property"
"D:\OneDrive\VS\Projects\DocxDocument\DocumentModel.InOpenXml\Drawings.ChartDrawing\Graphical elements\ConnectionShape.cs","ConnectionShape","NonVisualConnectorShapeDrawingProperties","Element"
"D:\OneDrive\VS\Projects\DocxDocument\DocumentModel.InOpenXml\Drawings.ChartDrawing\Graphical elements\ConnectionShape.cs","ConnectionShape","Published","Property"
"D:\OneDrive\VS\Projects\DocxDocument\DocumentModel.InOpenXml\Drawings.ChartDrawing\Graphical elements\ConnectionShape.cs","ConnectionShape","ShapeProperties","Element"
"D:\OneDrive\VS\Projects\DocxDocument\DocumentModel.InOpenXml\Drawings.ChartDrawing\Graphical elements\ConnectionShape.cs","ConnectionShape","Style","Element"
"D:\OneDrive\VS\Projects\DocxDocument\DocumentModel.InOpenXml\Drawings.ChartDrawing\Graphical elements\GraphicFrame.cs","GraphicFrame","Graphic","Element"
"D:\OneDrive\VS\Projects\DocxDocument\DocumentModel.InOpenXml\Drawings.ChartDrawing\Graphical elements\GraphicFrame.cs","GraphicFrame","Macro","Property"
"D:\OneDrive\VS\Projects\DocxDocument\DocumentModel.InOpenXml\Drawings.ChartDrawing\Graphical elements\GraphicFrame.cs","GraphicFrame","NonVisualGraphicFrameProperties","Element"
"D:\OneDrive\VS\Projects\DocxDocument\DocumentModel.InOpenXml\Drawings.ChartDrawing\Graphical elements\GraphicFrame.cs","GraphicFrame","Published","Property"
"D:\OneDrive\VS\Projects\DocxDocument\DocumentModel.InOpenXml\Drawings.ChartDrawing\Graphical elements\GraphicFrame.cs","GraphicFrame","Transform","Element"
"D:\OneDrive\VS\Projects\DocxDocument\DocumentModel.InOpenXml\Drawings.ChartDrawing\Graphical elements\GroupShape.cs","GroupShape","ChildGroupShape","Element"
"D:\OneDrive\VS\Projects\DocxDocument\DocumentModel.InOpenXml\Drawings.ChartDrawing\Graphical elements\GroupShape.cs","GroupShape","ConnectionShape","Element"
"D:\OneDrive\VS\Projects\DocxDocument\DocumentModel.InOpenXml\Drawings.ChartDrawing\Graphical elements\GroupShape.cs","GroupShape","GraphicFrame","Element"
"D:\OneDrive\VS\Projects\DocxDocument\DocumentModel.InOpenXml\Drawings.ChartDrawing\Graphical elements\GroupShape.cs","GroupShape","GroupShapeProperties","Element"
"D:\OneDrive\VS\Projects\DocxDocument\DocumentModel.InOpenXml\Drawings.ChartDrawing\Graphical elements\GroupShape.cs","GroupShape","NonVisualGroupShapeProperties","Element"
"D:\OneDrive\VS\Projects\DocxDocument\DocumentModel.InOpenXml\Drawings.ChartDrawing\Graphical elements\GroupShape.cs","GroupShape","Picture","Element"
"D:\OneDrive\VS\Projects\DocxDocument\DocumentModel.InOpenXml\Drawings.ChartDrawing\Graphical elements\GroupShape.cs","GroupShape","Shape","Element"
"D:\OneDrive\VS\Projects\DocxDocument\DocumentModel.InOpenXml\Drawings.ChartDrawing\Graphical elements\GroupShapeProperties.cs","GroupShapeProperties","BlackWhiteMode","Property"
"D:\OneDrive\VS\Projects\DocxDocument\DocumentModel.InOpenXml\Drawings.ChartDrawing\Graphical elements\GroupShapeProperties.cs","GroupShapeProperties","EffectDag","Element"
"D:\OneDrive\VS\Projects\DocxDocument\DocumentModel.InOpenXml\Drawings.ChartDrawing\Graphical elements\GroupShapeProperties.cs","GroupShapeProperties","EffectList","Element"
"D:\OneDrive\VS\Projects\DocxDocument\DocumentModel.InOpenXml\Drawings.ChartDrawing\Graphical elements\GroupShapeProperties.cs","GroupShapeProperties","ExtensionList","Element"
"D:\OneDrive\VS\Projects\DocxDocument\DocumentModel.InOpenXml\Drawings.ChartDrawing\Graphical elements\GroupShapeProperties.cs","GroupShapeProperties","Fill","Element"
"D:\OneDrive\VS\Projects\DocxDocument\DocumentModel.InOpenXml\Drawings.ChartDrawing\Graphical elements\GroupShapeProperties.cs","GroupShapeProperties","Scene3DType","Element"
"D:\OneDrive\VS\Projects\DocxDocument\DocumentModel.InOpenXml\Drawings.ChartDrawing\Graphical elements\GroupShapeProperties.cs","GroupShapeProperties","TransformGroup","Property"
"D:\OneDrive\VS\Projects\DocxDocument\DocumentModel.InOpenXml\Drawings.ChartDrawing\Graphical elements\Picture.cs","Picture","BlipFill","Element"
"D:\OneDrive\VS\Projects\DocxDocument\DocumentModel.InOpenXml\Drawings.ChartDrawing\Graphical elements\Picture.cs","Picture","Macro","Property"
"D:\OneDrive\VS\Projects\DocxDocument\DocumentModel.InOpenXml\Drawings.ChartDrawing\Graphical elements\Picture.cs","Picture","NonVisualPictureProperties","Element"
"D:\OneDrive\VS\Projects\DocxDocument\DocumentModel.InOpenXml\Drawings.ChartDrawing\Graphical elements\Picture.cs","Picture","Published","Property"
"D:\OneDrive\VS\Projects\DocxDocument\DocumentModel.InOpenXml\Drawings.ChartDrawing\Graphical elements\Picture.cs","Picture","ShapeProperties","Element"
"D:\OneDrive\VS\Projects\DocxDocument\DocumentModel.InOpenXml\Drawings.ChartDrawing\Graphical elements\Picture.cs","Picture","Style","Element"
"D:\OneDrive\VS\Projects\DocxDocument\DocumentModel.InOpenXml\Drawings.ChartDrawing\Graphical elements\Shape.cs","Shape","LockText","Property"
"D:\OneDrive\VS\Projects\DocxDocument\DocumentModel.InOpenXml\Drawings.ChartDrawing\Graphical elements\Shape.cs","Shape","Macro","Property"
"D:\OneDrive\VS\Projects\DocxDocument\DocumentModel.InOpenXml\Drawings.ChartDrawing\Graphical elements\Shape.cs","Shape","NonVisualShapeProperties","Element"
"D:\OneDrive\VS\Projects\DocxDocument\DocumentModel.InOpenXml\Drawings.ChartDrawing\Graphical elements\Shape.cs","Shape","Published","Property"
"D:\OneDrive\VS\Projects\DocxDocument\DocumentModel.InOpenXml\Drawings.ChartDrawing\Graphical elements\Shape.cs","Shape","ShapeProperties","Element"
"D:\OneDrive\VS\Projects\DocxDocument\DocumentModel.InOpenXml\Drawings.ChartDrawing\Graphical elements\Shape.cs","Shape","Style","Element"
"D:\OneDrive\VS\Projects\DocxDocument\DocumentModel.InOpenXml\Drawings.ChartDrawing\Graphical elements\Shape.cs","Shape","TextBody","Element"
"D:\OneDrive\VS\Projects\DocxDocument\DocumentModel.InOpenXml\Drawings.ChartDrawing\Graphical elements\Shape.cs","Shape","TextLink","Property"
"D:\OneDrive\VS\Projects\DocxDocument\DocumentModel.InOpenXml\Drawings.ChartDrawing\Graphical elements\TextBody.cs","TextBody","BodyProperties","Element"
"D:\OneDrive\VS\Projects\DocxDocument\DocumentModel.InOpenXml\Drawings.ChartDrawing\Graphical elements\TextBody.cs","TextBody","ListStyle","Element"
"D:\OneDrive\VS\Projects\DocxDocument\DocumentModel.InOpenXml\Drawings.ChartDrawing\Graphical elements\TextBody.cs","TextBody","Paragraph","Element"
"D:\OneDrive\VS\Projects\DocxDocument\DocumentModel.InOpenXml\Drawings.ChartDrawing\Non-visual properties\NonVisualConnectionShapeProperties.cs","NonVisualConnectionShapeProperties","ConnectionShapeLocks","Property"
"D:\OneDrive\VS\Projects\DocxDocument\DocumentModel.InOpenXml\Drawings.ChartDrawing\Non-visual properties\NonVisualConnectionShapeProperties.cs","NonVisualConnectionShapeProperties","EndConnection","Property"
"D:\OneDrive\VS\Projects\DocxDocument\DocumentModel.InOpenXml\Drawings.ChartDrawing\Non-visual properties\NonVisualConnectionShapeProperties.cs","NonVisualConnectionShapeProperties","StartConnection","Property"
"D:\OneDrive\VS\Projects\DocxDocument\DocumentModel.InOpenXml\Drawings.ChartDrawing\Non-visual properties\NonVisualConnectorShapeDrawingProperties.cs","NonVisualConnectorShapeDrawingProperties","NonVisualConnectionShapeProperties","Property"
"D:\OneDrive\VS\Projects\DocxDocument\DocumentModel.InOpenXml\Drawings.ChartDrawing\Non-visual properties\NonVisualConnectorShapeDrawingProperties.cs","NonVisualConnectorShapeDrawingProperties","NonVisualDrawingProperties","Property"
"D:\OneDrive\VS\Projects\DocxDocument\DocumentModel.InOpenXml\Drawings.ChartDrawing\Non-visual properties\NonVisualDrawingProperties.cs","NonVisualDrawingProperties","Description","Property"
"D:\OneDrive\VS\Projects\DocxDocument\DocumentModel.InOpenXml\Drawings.ChartDrawing\Non-visual properties\NonVisualDrawingProperties.cs","NonVisualDrawingProperties","Hidden","Property"
"D:\OneDrive\VS\Projects\DocxDocument\DocumentModel.InOpenXml\Drawings.ChartDrawing\Non-visual properties\NonVisualDrawingProperties.cs","NonVisualDrawingProperties","HyperlinkOnClick","Property"
"D:\OneDrive\VS\Projects\DocxDocument\DocumentModel.InOpenXml\Drawings.ChartDrawing\Non-visual properties\NonVisualDrawingProperties.cs","NonVisualDrawingProperties","HyperlinkOnHover","Property"
"D:\OneDrive\VS\Projects\DocxDocument\DocumentModel.InOpenXml\Drawings.ChartDrawing\Non-visual properties\NonVisualDrawingProperties.cs","NonVisualDrawingProperties","Id","Property"
"D:\OneDrive\VS\Projects\DocxDocument\DocumentModel.InOpenXml\Drawings.ChartDrawing\Non-visual properties\NonVisualDrawingProperties.cs","NonVisualDrawingProperties","Name","Property"
"D:\OneDrive\VS\Projects\DocxDocument\DocumentModel.InOpenXml\Drawings.ChartDrawing\Non-visual properties\NonVisualDrawingProperties.cs","NonVisualDrawingProperties","NonVisualDrawingPropertiesExtensionList","Property"
"D:\OneDrive\VS\Projects\DocxDocument\DocumentModel.InOpenXml\Drawings.ChartDrawing\Non-visual properties\NonVisualDrawingProperties.cs","NonVisualDrawingProperties","Title","Property"
"D:\OneDrive\VS\Projects\DocxDocument\DocumentModel.InOpenXml\Drawings.ChartDrawing\Non-visual properties\NonVisualGraphicFrameDrawingProperties.cs","NonVisualGraphicFrameDrawingProperties","GraphicFrameLocks","Property"
"D:\OneDrive\VS\Projects\DocxDocument\DocumentModel.InOpenXml\Drawings.ChartDrawing\Non-visual properties\NonVisualGraphicFrameProperties.cs","NonVisualGraphicFrameProperties","NonVisualDrawingProperties","Property"
"D:\OneDrive\VS\Projects\DocxDocument\DocumentModel.InOpenXml\Drawings.ChartDrawing\Non-visual properties\NonVisualGraphicFrameProperties.cs","NonVisualGraphicFrameProperties","NonVisualGraphicFrameDrawingProperties","Property"
"D:\OneDrive\VS\Projects\DocxDocument\DocumentModel.InOpenXml\Drawings.ChartDrawing\Non-visual properties\NonVisualGroupShapeDrawingProperties.cs","NonVisualGroupShapeDrawingProperties","GroupShapeLocks","Property"
"D:\OneDrive\VS\Projects\DocxDocument\DocumentModel.InOpenXml\Drawings.ChartDrawing\Non-visual properties\NonVisualGroupShapeDrawingProperties.cs","NonVisualGroupShapeDrawingProperties","NonVisualGroupDrawingShapePropsExtensionList","Property"
"D:\OneDrive\VS\Projects\DocxDocument\DocumentModel.InOpenXml\Drawings.ChartDrawing\Non-visual properties\NonVisualGroupShapeProperties.cs","NonVisualGroupShapeProperties","NonVisualDrawingProperties","Property"
"D:\OneDrive\VS\Projects\DocxDocument\DocumentModel.InOpenXml\Drawings.ChartDrawing\Non-visual properties\NonVisualGroupShapeProperties.cs","NonVisualGroupShapeProperties","NonVisualGroupShapeDrawingProperties","Property"
"D:\OneDrive\VS\Projects\DocxDocument\DocumentModel.InOpenXml\Drawings.ChartDrawing\Non-visual properties\NonVisualPictureDrawingProperties.cs","NonVisualPictureDrawingProperties","NonVisualPicturePropertiesExtensionList","Property"
"D:\OneDrive\VS\Projects\DocxDocument\DocumentModel.InOpenXml\Drawings.ChartDrawing\Non-visual properties\NonVisualPictureDrawingProperties.cs","NonVisualPictureDrawingProperties","PictureLocks","Property"
"D:\OneDrive\VS\Projects\DocxDocument\DocumentModel.InOpenXml\Drawings.ChartDrawing\Non-visual properties\NonVisualPictureDrawingProperties.cs","NonVisualPictureDrawingProperties","PreferRelativeResize","Property"
"D:\OneDrive\VS\Projects\DocxDocument\DocumentModel.InOpenXml\Drawings.ChartDrawing\Non-visual properties\NonVisualPictureProperties.cs","NonVisualPictureProperties","NonVisualDrawingProperties","Property"
"D:\OneDrive\VS\Projects\DocxDocument\DocumentModel.InOpenXml\Drawings.ChartDrawing\Non-visual properties\NonVisualPictureProperties.cs","NonVisualPictureProperties","NonVisualPictureDrawingProperties","Property"
"D:\OneDrive\VS\Projects\DocxDocument\DocumentModel.InOpenXml\Drawings.ChartDrawing\Non-visual properties\NonVisualShapeDrawingProperties.cs","NonVisualShapeDrawingProperties","ShapeLocks","Property"
"D:\OneDrive\VS\Projects\DocxDocument\DocumentModel.InOpenXml\Drawings.ChartDrawing\Non-visual properties\NonVisualShapeDrawingProperties.cs","NonVisualShapeDrawingProperties","TextBox","Property"
"D:\OneDrive\VS\Projects\DocxDocument\DocumentModel.InOpenXml\Drawings.ChartDrawing\Non-visual properties\NonVisualShapeProperties.cs","NonVisualShapeProperties","NonVisualDrawingProperties","Property"
"D:\OneDrive\VS\Projects\DocxDocument\DocumentModel.InOpenXml\Drawings.ChartDrawing\Non-visual properties\NonVisualShapeProperties.cs","NonVisualShapeProperties","NonVisualShapeDrawingProperties","Property"
"D:\OneDrive\VS\Projects\DocxDocument\DocumentModel.InOpenXml\Drawings.ChartDrawing\Visual properties and styling\Style.cs","Style","EffectReference","Property"
"D:\OneDrive\VS\Projects\DocxDocument\DocumentModel.InOpenXml\Drawings.ChartDrawing\Visual properties and styling\Style.cs","Style","FillReference","Property"
"D:\OneDrive\VS\Projects\DocxDocument\DocumentModel.InOpenXml\Drawings.ChartDrawing\Visual properties and styling\Style.cs","Style","FontReference","Property"
"D:\OneDrive\VS\Projects\DocxDocument\DocumentModel.InOpenXml\Drawings.ChartDrawing\Visual properties and styling\Style.cs","Style","LineReference","Property"
"D:\OneDrive\VS\Projects\DocxDocument\DocumentModel.InOpenXml\Drawings.ChartDrawing\Visual properties and styling\Transform.cs","Transform","Extents","Property"
"D:\OneDrive\VS\Projects\DocxDocument\DocumentModel.InOpenXml\Drawings.ChartDrawing\Visual properties and styling\Transform.cs","Transform","HorizontalFlip","Property"
"D:\OneDrive\VS\Projects\DocxDocument\DocumentModel.InOpenXml\Drawings.ChartDrawing\Visual properties and styling\Transform.cs","Transform","Offset","Property"
"D:\OneDrive\VS\Projects\DocxDocument\DocumentModel.InOpenXml\Drawings.ChartDrawing\Visual properties and styling\Transform.cs","Transform","Rotation","Property"
"D:\OneDrive\VS\Projects\DocxDocument\DocumentModel.InOpenXml\Drawings.ChartDrawing\Visual properties and styling\Transform.cs","Transform","VerticalFlip","Property"
"D:\OneDrive\VS\Projects\DocxDocument\DocumentModel.InOpenXml\Drawings.ChartDrawings\Address.cs","Address","Address1","Property"
"D:\OneDrive\VS\Projects\DocxDocument\DocumentModel.InOpenXml\Drawings.ChartDrawings\Address.cs","Address","AdminDistrict1","Property"
"D:\OneDrive\VS\Projects\DocxDocument\DocumentModel.InOpenXml\Drawings.ChartDrawings\Address.cs","Address","AdminDistrict2","Property"
"D:\OneDrive\VS\Projects\DocxDocument\DocumentModel.InOpenXml\Drawings.ChartDrawings\Address.cs","Address","CountryRegion","Property"
"D:\OneDrive\VS\Projects\DocxDocument\DocumentModel.InOpenXml\Drawings.ChartDrawings\Address.cs","Address","IsoCountryCode","Property"
"D:\OneDrive\VS\Projects\DocxDocument\DocumentModel.InOpenXml\Drawings.ChartDrawings\Address.cs","Address","Locality","Property"
"D:\OneDrive\VS\Projects\DocxDocument\DocumentModel.InOpenXml\Drawings.ChartDrawings\Address.cs","Address","PostalCode","Property"
"D:\OneDrive\VS\Projects\DocxDocument\DocumentModel.InOpenXml\Drawings.ChartDrawings\ApplicationNonVisualDrawingProperties.cs","ApplicationNonVisualDrawingProperties","Macro","Property"
"D:\OneDrive\VS\Projects\DocxDocument\DocumentModel.InOpenXml\Drawings.ChartDrawings\ApplicationNonVisualDrawingProperties.cs","ApplicationNonVisualDrawingProperties","Published","Property"
"D:\OneDrive\VS\Projects\DocxDocument\DocumentModel.InOpenXml\Drawings.ChartDrawings\Axis.cs","Axis","Hidden","Property"
"D:\OneDrive\VS\Projects\DocxDocument\DocumentModel.InOpenXml\Drawings.ChartDrawings\Axis.cs","Axis","Id","Property"
"D:\OneDrive\VS\Projects\DocxDocument\DocumentModel.InOpenXml\Drawings.ChartDrawings\AxisTitle.cs","AxisTitle","ExtensionList","Property"
"D:\OneDrive\VS\Projects\DocxDocument\DocumentModel.InOpenXml\Drawings.ChartDrawings\AxisTitle.cs","AxisTitle","ShapeProperties","Property"
"D:\OneDrive\VS\Projects\DocxDocument\DocumentModel.InOpenXml\Drawings.ChartDrawings\AxisTitle.cs","AxisTitle","Text","Property"
"D:\OneDrive\VS\Projects\DocxDocument\DocumentModel.InOpenXml\Drawings.ChartDrawings\AxisTitle.cs","AxisTitle","TxPrTextBody","Property"
"D:\OneDrive\VS\Projects\DocxDocument\DocumentModel.InOpenXml\Drawings.ChartDrawings\AxisUnits.cs","AxisUnits","AxisUnitsLabel","Property"
"D:\OneDrive\VS\Projects\DocxDocument\DocumentModel.InOpenXml\Drawings.ChartDrawings\AxisUnits.cs","AxisUnits","ExtensionList","Property"
"D:\OneDrive\VS\Projects\DocxDocument\DocumentModel.InOpenXml\Drawings.ChartDrawings\AxisUnits.cs","AxisUnits","Unit","Property"
"D:\OneDrive\VS\Projects\DocxDocument\DocumentModel.InOpenXml\Drawings.ChartDrawings\AxisUnitsLabel.cs","AxisUnitsLabel","ExtensionList","Property"
"D:\OneDrive\VS\Projects\DocxDocument\DocumentModel.InOpenXml\Drawings.ChartDrawings\AxisUnitsLabel.cs","AxisUnitsLabel","ShapeProperties","Property"
"D:\OneDrive\VS\Projects\DocxDocument\DocumentModel.InOpenXml\Drawings.ChartDrawings\AxisUnitsLabel.cs","AxisUnitsLabel","Text","Property"
"D:\OneDrive\VS\Projects\DocxDocument\DocumentModel.InOpenXml\Drawings.ChartDrawings\AxisUnitsLabel.cs","AxisUnitsLabel","TxPrTextBody","Property"
"D:\OneDrive\VS\Projects\DocxDocument\DocumentModel.InOpenXml\Drawings.ChartDrawings\Binning.cs","Binning","BinCountXsdunsignedInt","Property"
"D:\OneDrive\VS\Projects\DocxDocument\DocumentModel.InOpenXml\Drawings.ChartDrawings\Binning.cs","Binning","IntervalClosed","Property"
"D:\OneDrive\VS\Projects\DocxDocument\DocumentModel.InOpenXml\Drawings.ChartDrawings\Binning.cs","Binning","Overflow","Property"
"D:\OneDrive\VS\Projects\DocxDocument\DocumentModel.InOpenXml\Drawings.ChartDrawings\Binning.cs","Binning","Underflow","Property"
"D:\OneDrive\VS\Projects\DocxDocument\DocumentModel.InOpenXml\Drawings.ChartDrawings\Binning.cs","Binning","Xsddouble","Property"
"D:\OneDrive\VS\Projects\DocxDocument\DocumentModel.InOpenXml\Drawings.ChartDrawings\CategoryAxisScaling.cs","CategoryAxisScaling","GapWidth","Property"
"D:\OneDrive\VS\Projects\DocxDocument\DocumentModel.InOpenXml\Drawings.ChartDrawings\Chart.cs","Chart","ChartTitle","Property"
"D:\OneDrive\VS\Projects\DocxDocument\DocumentModel.InOpenXml\Drawings.ChartDrawings\Chart.cs","Chart","ExtensionList","Property"
"D:\OneDrive\VS\Projects\DocxDocument\DocumentModel.InOpenXml\Drawings.ChartDrawings\Chart.cs","Chart","Legend","Property"
"D:\OneDrive\VS\Projects\DocxDocument\DocumentModel.InOpenXml\Drawings.ChartDrawings\Chart.cs","Chart","PlotArea","Property"
"D:\OneDrive\VS\Projects\DocxDocument\DocumentModel.InOpenXml\Drawings.ChartDrawings\ChartData.cs","ChartData","ExternalData","Property"
"D:\OneDrive\VS\Projects\DocxDocument\DocumentModel.InOpenXml\Drawings.ChartDrawings\ChartSpace.cs","ChartSpace","Chart","Property"
"D:\OneDrive\VS\Projects\DocxDocument\DocumentModel.InOpenXml\Drawings.ChartDrawings\ChartSpace.cs","ChartSpace","ChartData","Property"
"D:\OneDrive\VS\Projects\DocxDocument\DocumentModel.InOpenXml\Drawings.ChartDrawings\ChartSpace.cs","ChartSpace","ColorMappingType","Property"
"D:\OneDrive\VS\Projects\DocxDocument\DocumentModel.InOpenXml\Drawings.ChartDrawings\ChartSpace.cs","ChartSpace","ExtensionList","Property"
"D:\OneDrive\VS\Projects\DocxDocument\DocumentModel.InOpenXml\Drawings.ChartDrawings\ChartSpace.cs","ChartSpace","FormatOverrides","Property"
"D:\OneDrive\VS\Projects\DocxDocument\DocumentModel.InOpenXml\Drawings.ChartDrawings\ChartSpace.cs","ChartSpace","PrintSettings","Property"
"D:\OneDrive\VS\Projects\DocxDocument\DocumentModel.InOpenXml\Drawings.ChartDrawings\ChartSpace.cs","ChartSpace","ShapeProperties","Property"
"D:\OneDrive\VS\Projects\DocxDocument\DocumentModel.InOpenXml\Drawings.ChartDrawings\ChartSpace.cs","ChartSpace","TxPrTextBody","Property"
"D:\OneDrive\VS\Projects\DocxDocument\DocumentModel.InOpenXml\Drawings.ChartDrawings\ChartStringValue.cs","ChartStringValue","Index","Property"
"D:\OneDrive\VS\Projects\DocxDocument\DocumentModel.InOpenXml\Drawings.ChartDrawings\ChartTitle.cs","ChartTitle","Align","Property"
"D:\OneDrive\VS\Projects\DocxDocument\DocumentModel.InOpenXml\Drawings.ChartDrawings\ChartTitle.cs","ChartTitle","ExtensionList","Property"
"D:\OneDrive\VS\Projects\DocxDocument\DocumentModel.InOpenXml\Drawings.ChartDrawings\ChartTitle.cs","ChartTitle","Overlay","Property"
"D:\OneDrive\VS\Projects\DocxDocument\DocumentModel.InOpenXml\Drawings.ChartDrawings\ChartTitle.cs","ChartTitle","Pos","Property"
"D:\OneDrive\VS\Projects\DocxDocument\DocumentModel.InOpenXml\Drawings.ChartDrawings\ChartTitle.cs","ChartTitle","ShapeProperties","Property"
"D:\OneDrive\VS\Projects\DocxDocument\DocumentModel.InOpenXml\Drawings.ChartDrawings\ChartTitle.cs","ChartTitle","Text","Property"
"D:\OneDrive\VS\Projects\DocxDocument\DocumentModel.InOpenXml\Drawings.ChartDrawings\ChartTitle.cs","ChartTitle","TxPrTextBody","Property"
"D:\OneDrive\VS\Projects\DocxDocument\DocumentModel.InOpenXml\Drawings.ChartDrawings\Clear.cs","Clear","GeoChildEntitiesQueryResults","Property"
"D:\OneDrive\VS\Projects\DocxDocument\DocumentModel.InOpenXml\Drawings.ChartDrawings\Clear.cs","Clear","GeoDataEntityQueryResults","Property"
"D:\OneDrive\VS\Projects\DocxDocument\DocumentModel.InOpenXml\Drawings.ChartDrawings\Clear.cs","Clear","GeoDataPointToEntityQueryResults","Property"
"D:\OneDrive\VS\Projects\DocxDocument\DocumentModel.InOpenXml\Drawings.ChartDrawings\Clear.cs","Clear","GeoLocationQueryResults","Property"
"D:\OneDrive\VS\Projects\DocxDocument\DocumentModel.InOpenXml\Drawings.ChartDrawings\Clear.cs","Clear","GeoParentEntitiesQueryResults","Property"
"D:\OneDrive\VS\Projects\DocxDocument\DocumentModel.InOpenXml\Drawings.ChartDrawings\ColorMappingType.cs","ColorMappingType","Accent1","Property"
"D:\OneDrive\VS\Projects\DocxDocument\DocumentModel.InOpenXml\Drawings.ChartDrawings\ColorMappingType.cs","ColorMappingType","Accent2","Property"
"D:\OneDrive\VS\Projects\DocxDocument\DocumentModel.InOpenXml\Drawings.ChartDrawings\ColorMappingType.cs","ColorMappingType","Accent3","Property"
"D:\OneDrive\VS\Projects\DocxDocument\DocumentModel.InOpenXml\Drawings.ChartDrawings\ColorMappingType.cs","ColorMappingType","Accent4","Property"
"D:\OneDrive\VS\Projects\DocxDocument\DocumentModel.InOpenXml\Drawings.ChartDrawings\ColorMappingType.cs","ColorMappingType","Accent5","Property"
"D:\OneDrive\VS\Projects\DocxDocument\DocumentModel.InOpenXml\Drawings.ChartDrawings\ColorMappingType.cs","ColorMappingType","Accent6","Property"
"D:\OneDrive\VS\Projects\DocxDocument\DocumentModel.InOpenXml\Drawings.ChartDrawings\ColorMappingType.cs","ColorMappingType","Background1","Property"
"D:\OneDrive\VS\Projects\DocxDocument\DocumentModel.InOpenXml\Drawings.ChartDrawings\ColorMappingType.cs","ColorMappingType","Background2","Property"
"D:\OneDrive\VS\Projects\DocxDocument\DocumentModel.InOpenXml\Drawings.ChartDrawings\ColorMappingType.cs","ColorMappingType","ExtensionList","Property"
"D:\OneDrive\VS\Projects\DocxDocument\DocumentModel.InOpenXml\Drawings.ChartDrawings\ColorMappingType.cs","ColorMappingType","FollowedHyperlink","Property"
"D:\OneDrive\VS\Projects\DocxDocument\DocumentModel.InOpenXml\Drawings.ChartDrawings\ColorMappingType.cs","ColorMappingType","Hyperlink","Property"
"D:\OneDrive\VS\Projects\DocxDocument\DocumentModel.InOpenXml\Drawings.ChartDrawings\ColorMappingType.cs","ColorMappingType","Text1","Property"
"D:\OneDrive\VS\Projects\DocxDocument\DocumentModel.InOpenXml\Drawings.ChartDrawings\ColorMappingType.cs","ColorMappingType","Text2","Property"
"D:\OneDrive\VS\Projects\DocxDocument\DocumentModel.InOpenXml\Drawings.ChartDrawings\ContentPart.cs","ContentPart","ApplicationNonVisualDrawingProperties","Property"
"D:\OneDrive\VS\Projects\DocxDocument\DocumentModel.InOpenXml\Drawings.ChartDrawings\ContentPart.cs","ContentPart","BlackWhiteMode","Property"
"D:\OneDrive\VS\Projects\DocxDocument\DocumentModel.InOpenXml\Drawings.ChartDrawings\ContentPart.cs","ContentPart","NonVisualContentPartProperties","Property"
"D:\OneDrive\VS\Projects\DocxDocument\DocumentModel.InOpenXml\Drawings.ChartDrawings\ContentPart.cs","ContentPart","RelationshipId","Property"
"D:\OneDrive\VS\Projects\DocxDocument\DocumentModel.InOpenXml\Drawings.ChartDrawings\ContentPart.cs","ContentPart","Transform2D","Property"
"D:\OneDrive\VS\Projects\DocxDocument\DocumentModel.InOpenXml\Drawings.ChartDrawings\Data.cs","Data","Id","Property"
"D:\OneDrive\VS\Projects\DocxDocument\DocumentModel.InOpenXml\Drawings.ChartDrawings\DataLabel.cs","DataLabel","DataLabelVisibilities","Property"
"D:\OneDrive\VS\Projects\DocxDocument\DocumentModel.InOpenXml\Drawings.ChartDrawings\DataLabel.cs","DataLabel","ExtensionList","Property"
"D:\OneDrive\VS\Projects\DocxDocument\DocumentModel.InOpenXml\Drawings.ChartDrawings\DataLabel.cs","DataLabel","Idx","Property"
"D:\OneDrive\VS\Projects\DocxDocument\DocumentModel.InOpenXml\Drawings.ChartDrawings\DataLabel.cs","DataLabel","NumberFormat","Property"
"D:\OneDrive\VS\Projects\DocxDocument\DocumentModel.InOpenXml\Drawings.ChartDrawings\DataLabel.cs","DataLabel","Pos","Property"
"D:\OneDrive\VS\Projects\DocxDocument\DocumentModel.InOpenXml\Drawings.ChartDrawings\DataLabel.cs","DataLabel","SeparatorXsdString","Property"
"D:\OneDrive\VS\Projects\DocxDocument\DocumentModel.InOpenXml\Drawings.ChartDrawings\DataLabel.cs","DataLabel","ShapeProperties","Property"
"D:\OneDrive\VS\Projects\DocxDocument\DocumentModel.InOpenXml\Drawings.ChartDrawings\DataLabel.cs","DataLabel","TxPrTextBody","Property"
"D:\OneDrive\VS\Projects\DocxDocument\DocumentModel.InOpenXml\Drawings.ChartDrawings\DataLabelHidden.cs","DataLabelHidden","Idx","Property"
"D:\OneDrive\VS\Projects\DocxDocument\DocumentModel.InOpenXml\Drawings.ChartDrawings\DataLabelVisibilities.cs","DataLabelVisibilities","CategoryName","Property"
"D:\OneDrive\VS\Projects\DocxDocument\DocumentModel.InOpenXml\Drawings.ChartDrawings\DataLabelVisibilities.cs","DataLabelVisibilities","SeriesName","Property"
"D:\OneDrive\VS\Projects\DocxDocument\DocumentModel.InOpenXml\Drawings.ChartDrawings\DataLabelVisibilities.cs","DataLabelVisibilities","Value","Property"
"D:\OneDrive\VS\Projects\DocxDocument\DocumentModel.InOpenXml\Drawings.ChartDrawings\DataPoint.cs","DataPoint","ExtensionList","Property"
"D:\OneDrive\VS\Projects\DocxDocument\DocumentModel.InOpenXml\Drawings.ChartDrawings\DataPoint.cs","DataPoint","Idx","Property"
"D:\OneDrive\VS\Projects\DocxDocument\DocumentModel.InOpenXml\Drawings.ChartDrawings\DataPoint.cs","DataPoint","ShapeProperties","Property"
"D:\OneDrive\VS\Projects\DocxDocument\DocumentModel.InOpenXml\Drawings.ChartDrawings\ExternalData.cs","ExternalData","AutoUpdate","Property"
"D:\OneDrive\VS\Projects\DocxDocument\DocumentModel.InOpenXml\Drawings.ChartDrawings\ExternalData.cs","ExternalData","Id","Property"
"D:\OneDrive\VS\Projects\DocxDocument\DocumentModel.InOpenXml\Drawings.ChartDrawings\FormatOverride.cs","FormatOverride","ExtensionList","Property"
"D:\OneDrive\VS\Projects\DocxDocument\DocumentModel.InOpenXml\Drawings.ChartDrawings\FormatOverride.cs","FormatOverride","Idx","Property"
"D:\OneDrive\VS\Projects\DocxDocument\DocumentModel.InOpenXml\Drawings.ChartDrawings\FormatOverride.cs","FormatOverride","ShapeProperties","Property"
"D:\OneDrive\VS\Projects\DocxDocument\DocumentModel.InOpenXml\Drawings.ChartDrawings\GeoCache.cs","GeoCache","Provider","Property"
"D:\OneDrive\VS\Projects\DocxDocument\DocumentModel.InOpenXml\Drawings.ChartDrawings\GeoChildEntitiesQuery.cs","GeoChildEntitiesQuery","EntityId","Property"
"D:\OneDrive\VS\Projects\DocxDocument\DocumentModel.InOpenXml\Drawings.ChartDrawings\GeoChildEntitiesQuery.cs","GeoChildEntitiesQuery","GeoChildTypes","Property"
"D:\OneDrive\VS\Projects\DocxDocument\DocumentModel.InOpenXml\Drawings.ChartDrawings\GeoChildEntitiesQueryResult.cs","GeoChildEntitiesQueryResult","GeoChildEntities","Property"
"D:\OneDrive\VS\Projects\DocxDocument\DocumentModel.InOpenXml\Drawings.ChartDrawings\GeoChildEntitiesQueryResult.cs","GeoChildEntitiesQueryResult","GeoChildEntitiesQuery","Property"
"D:\OneDrive\VS\Projects\DocxDocument\DocumentModel.InOpenXml\Drawings.ChartDrawings\GeoData.cs","GeoData","Copyrights","Property"
"D:\OneDrive\VS\Projects\DocxDocument\DocumentModel.InOpenXml\Drawings.ChartDrawings\GeoData.cs","GeoData","East","Property"
"D:\OneDrive\VS\Projects\DocxDocument\DocumentModel.InOpenXml\Drawings.ChartDrawings\GeoData.cs","GeoData","EntityId","Property"
"D:\OneDrive\VS\Projects\DocxDocument\DocumentModel.InOpenXml\Drawings.ChartDrawings\GeoData.cs","GeoData","EntityName","Property"
"D:\OneDrive\VS\Projects\DocxDocument\DocumentModel.InOpenXml\Drawings.ChartDrawings\GeoData.cs","GeoData","GeoPolygons","Property"
"D:\OneDrive\VS\Projects\DocxDocument\DocumentModel.InOpenXml\Drawings.ChartDrawings\GeoData.cs","GeoData","North","Property"
"D:\OneDrive\VS\Projects\DocxDocument\DocumentModel.InOpenXml\Drawings.ChartDrawings\GeoData.cs","GeoData","South","Property"
"D:\OneDrive\VS\Projects\DocxDocument\DocumentModel.InOpenXml\Drawings.ChartDrawings\GeoData.cs","GeoData","West","Property"
"D:\OneDrive\VS\Projects\DocxDocument\DocumentModel.InOpenXml\Drawings.ChartDrawings\GeoDataEntityQuery.cs","GeoDataEntityQuery","EntityId","Property"
"D:\OneDrive\VS\Projects\DocxDocument\DocumentModel.InOpenXml\Drawings.ChartDrawings\GeoDataEntityQuery.cs","GeoDataEntityQuery","EntityType","Property"
"D:\OneDrive\VS\Projects\DocxDocument\DocumentModel.InOpenXml\Drawings.ChartDrawings\GeoDataEntityQueryResult.cs","GeoDataEntityQueryResult","GeoData","Property"
"D:\OneDrive\VS\Projects\DocxDocument\DocumentModel.InOpenXml\Drawings.ChartDrawings\GeoDataEntityQueryResult.cs","GeoDataEntityQueryResult","GeoDataEntityQuery","Property"
"D:\OneDrive\VS\Projects\DocxDocument\DocumentModel.InOpenXml\Drawings.ChartDrawings\GeoDataPointQuery.cs","GeoDataPointQuery","EntityType","Property"
"D:\OneDrive\VS\Projects\DocxDocument\DocumentModel.InOpenXml\Drawings.ChartDrawings\GeoDataPointQuery.cs","GeoDataPointQuery","Latitude","Property"
"D:\OneDrive\VS\Projects\DocxDocument\DocumentModel.InOpenXml\Drawings.ChartDrawings\GeoDataPointQuery.cs","GeoDataPointQuery","Longitude","Property"
"D:\OneDrive\VS\Projects\DocxDocument\DocumentModel.InOpenXml\Drawings.ChartDrawings\GeoDataPointToEntityQuery.cs","GeoDataPointToEntityQuery","EntityId","Property"
"D:\OneDrive\VS\Projects\DocxDocument\DocumentModel.InOpenXml\Drawings.ChartDrawings\GeoDataPointToEntityQuery.cs","GeoDataPointToEntityQuery","EntityType","Property"
"D:\OneDrive\VS\Projects\DocxDocument\DocumentModel.InOpenXml\Drawings.ChartDrawings\GeoDataPointToEntityQueryResult.cs","GeoDataPointToEntityQueryResult","GeoDataPointQuery","Property"
"D:\OneDrive\VS\Projects\DocxDocument\DocumentModel.InOpenXml\Drawings.ChartDrawings\GeoDataPointToEntityQueryResult.cs","GeoDataPointToEntityQueryResult","GeoDataPointToEntityQuery","Property"
"D:\OneDrive\VS\Projects\DocxDocument\DocumentModel.InOpenXml\Drawings.ChartDrawings\GeoEntity.cs","GeoEntity","EntityName","Property"
"D:\OneDrive\VS\Projects\DocxDocument\DocumentModel.InOpenXml\Drawings.ChartDrawings\GeoEntity.cs","GeoEntity","EntityType","Property"
"D:\OneDrive\VS\Projects\DocxDocument\DocumentModel.InOpenXml\Drawings.ChartDrawings\Geography.cs","Geography","Attribution","Property"
"D:\OneDrive\VS\Projects\DocxDocument\DocumentModel.InOpenXml\Drawings.ChartDrawings\Geography.cs","Geography","CultureLanguage","Property"
"D:\OneDrive\VS\Projects\DocxDocument\DocumentModel.InOpenXml\Drawings.ChartDrawings\Geography.cs","Geography","CultureRegion","Property"
"D:\OneDrive\VS\Projects\DocxDocument\DocumentModel.InOpenXml\Drawings.ChartDrawings\Geography.cs","Geography","GeoCache","Property"
"D:\OneDrive\VS\Projects\DocxDocument\DocumentModel.InOpenXml\Drawings.ChartDrawings\Geography.cs","Geography","ProjectionType","Property"
"D:\OneDrive\VS\Projects\DocxDocument\DocumentModel.InOpenXml\Drawings.ChartDrawings\Geography.cs","Geography","ViewedRegionType","Property"
"D:\OneDrive\VS\Projects\DocxDocument\DocumentModel.InOpenXml\Drawings.ChartDrawings\GeoHierarchyEntity.cs","GeoHierarchyEntity","EntityId","Property"
"D:\OneDrive\VS\Projects\DocxDocument\DocumentModel.InOpenXml\Drawings.ChartDrawings\GeoHierarchyEntity.cs","GeoHierarchyEntity","EntityName","Property"
"D:\OneDrive\VS\Projects\DocxDocument\DocumentModel.InOpenXml\Drawings.ChartDrawings\GeoHierarchyEntity.cs","GeoHierarchyEntity","EntityType","Property"
"D:\OneDrive\VS\Projects\DocxDocument\DocumentModel.InOpenXml\Drawings.ChartDrawings\GeoLocation.cs","GeoLocation","Address","Property"
"D:\OneDrive\VS\Projects\DocxDocument\DocumentModel.InOpenXml\Drawings.ChartDrawings\GeoLocation.cs","GeoLocation","EntityName","Property"
"D:\OneDrive\VS\Projects\DocxDocument\DocumentModel.InOpenXml\Drawings.ChartDrawings\GeoLocation.cs","GeoLocation","EntityType","Property"
"D:\OneDrive\VS\Projects\DocxDocument\DocumentModel.InOpenXml\Drawings.ChartDrawings\GeoLocation.cs","GeoLocation","Latitude","Property"
"D:\OneDrive\VS\Projects\DocxDocument\DocumentModel.InOpenXml\Drawings.ChartDrawings\GeoLocation.cs","GeoLocation","Longitude","Property"
"D:\OneDrive\VS\Projects\DocxDocument\DocumentModel.InOpenXml\Drawings.ChartDrawings\GeoLocationQuery.cs","GeoLocationQuery","AdminDistrict1","Property"
"D:\OneDrive\VS\Projects\DocxDocument\DocumentModel.InOpenXml\Drawings.ChartDrawings\GeoLocationQuery.cs","GeoLocationQuery","AdminDistrict2","Property"
"D:\OneDrive\VS\Projects\DocxDocument\DocumentModel.InOpenXml\Drawings.ChartDrawings\GeoLocationQuery.cs","GeoLocationQuery","CountryRegion","Property"
"D:\OneDrive\VS\Projects\DocxDocument\DocumentModel.InOpenXml\Drawings.ChartDrawings\GeoLocationQuery.cs","GeoLocationQuery","EntityType","Property"
"D:\OneDrive\VS\Projects\DocxDocument\DocumentModel.InOpenXml\Drawings.ChartDrawings\GeoLocationQuery.cs","GeoLocationQuery","PostalCode","Property"
"D:\OneDrive\VS\Projects\DocxDocument\DocumentModel.InOpenXml\Drawings.ChartDrawings\GeoLocationQueryResult.cs","GeoLocationQueryResult","GeoLocationQuery","Property"
"D:\OneDrive\VS\Projects\DocxDocument\DocumentModel.InOpenXml\Drawings.ChartDrawings\GeoLocationQueryResult.cs","GeoLocationQueryResult","GeoLocations","Property"
"D:\OneDrive\VS\Projects\DocxDocument\DocumentModel.InOpenXml\Drawings.ChartDrawings\GeoParentEntitiesQuery.cs","GeoParentEntitiesQuery","EntityId","Property"
"D:\OneDrive\VS\Projects\DocxDocument\DocumentModel.InOpenXml\Drawings.ChartDrawings\GeoParentEntitiesQueryResult.cs","GeoParentEntitiesQueryResult","GeoEntity","Property"
"D:\OneDrive\VS\Projects\DocxDocument\DocumentModel.InOpenXml\Drawings.ChartDrawings\GeoParentEntitiesQueryResult.cs","GeoParentEntitiesQueryResult","GeoParentEntitiesQuery","Property"
"D:\OneDrive\VS\Projects\DocxDocument\DocumentModel.InOpenXml\Drawings.ChartDrawings\GeoParentEntitiesQueryResult.cs","GeoParentEntitiesQueryResult","GeoParentEntity","Property"
"D:\OneDrive\VS\Projects\DocxDocument\DocumentModel.InOpenXml\Drawings.ChartDrawings\GeoParentEntity.cs","GeoParentEntity","EntityId","Property"
"D:\OneDrive\VS\Projects\DocxDocument\DocumentModel.InOpenXml\Drawings.ChartDrawings\GeoPolygon.cs","GeoPolygon","NumPoints","Property"
"D:\OneDrive\VS\Projects\DocxDocument\DocumentModel.InOpenXml\Drawings.ChartDrawings\GeoPolygon.cs","GeoPolygon","PcaRings","Property"
"D:\OneDrive\VS\Projects\DocxDocument\DocumentModel.InOpenXml\Drawings.ChartDrawings\GeoPolygon.cs","GeoPolygon","PolygonId","Property"
"D:\OneDrive\VS\Projects\DocxDocument\DocumentModel.InOpenXml\Drawings.ChartDrawings\HeaderFooter.cs","HeaderFooter","AlignWithMargins","Property"
"D:\OneDrive\VS\Projects\DocxDocument\DocumentModel.InOpenXml\Drawings.ChartDrawings\HeaderFooter.cs","HeaderFooter","DifferentFirst","Property"
"D:\OneDrive\VS\Projects\DocxDocument\DocumentModel.InOpenXml\Drawings.ChartDrawings\HeaderFooter.cs","HeaderFooter","DifferentOddEven","Property"
"D:\OneDrive\VS\Projects\DocxDocument\DocumentModel.InOpenXml\Drawings.ChartDrawings\HeaderFooter.cs","HeaderFooter","EvenFooterXsdString","Property"
"D:\OneDrive\VS\Projects\DocxDocument\DocumentModel.InOpenXml\Drawings.ChartDrawings\HeaderFooter.cs","HeaderFooter","EvenHeaderXsdString","Property"
"D:\OneDrive\VS\Projects\DocxDocument\DocumentModel.InOpenXml\Drawings.ChartDrawings\HeaderFooter.cs","HeaderFooter","FirstFooterXsdString","Property"
"D:\OneDrive\VS\Projects\DocxDocument\DocumentModel.InOpenXml\Drawings.ChartDrawings\HeaderFooter.cs","HeaderFooter","FirstHeaderXsdString","Property"
"D:\OneDrive\VS\Projects\DocxDocument\DocumentModel.InOpenXml\Drawings.ChartDrawings\HeaderFooter.cs","HeaderFooter","OddFooterXsdString","Property"
"D:\OneDrive\VS\Projects\DocxDocument\DocumentModel.InOpenXml\Drawings.ChartDrawings\HeaderFooter.cs","HeaderFooter","OddHeaderXsdString","Property"
"D:\OneDrive\VS\Projects\DocxDocument\DocumentModel.InOpenXml\Drawings.ChartDrawings\Legend.cs","Legend","Align","Property"
"D:\OneDrive\VS\Projects\DocxDocument\DocumentModel.InOpenXml\Drawings.ChartDrawings\Legend.cs","Legend","Overlay","Property"
"D:\OneDrive\VS\Projects\DocxDocument\DocumentModel.InOpenXml\Drawings.ChartDrawings\Legend.cs","Legend","Pos","Property"
"D:\OneDrive\VS\Projects\DocxDocument\DocumentModel.InOpenXml\Drawings.ChartDrawings\Legend.cs","Legend","ShapeProperties","Property"
"D:\OneDrive\VS\Projects\DocxDocument\DocumentModel.InOpenXml\Drawings.ChartDrawings\Legend.cs","Legend","TxPrTextBody","Property"
"D:\OneDrive\VS\Projects\DocxDocument\DocumentModel.InOpenXml\Drawings.ChartDrawings\MajorGridlinesGridlines.cs","MajorGridlinesGridlines","ExtensionList","Property"
"D:\OneDrive\VS\Projects\DocxDocument\DocumentModel.InOpenXml\Drawings.ChartDrawings\MajorGridlinesGridlines.cs","MajorGridlinesGridlines","ShapeProperties","Property"
"D:\OneDrive\VS\Projects\DocxDocument\DocumentModel.InOpenXml\Drawings.ChartDrawings\MajorTickMarksTickMarks.cs","MajorTickMarksTickMarks","ExtensionList","Property"
"D:\OneDrive\VS\Projects\DocxDocument\DocumentModel.InOpenXml\Drawings.ChartDrawings\MaxValueColorEndPosition.cs","MaxValueColorEndPosition","ExtremeValueColorPosition","Property"
"D:\OneDrive\VS\Projects\DocxDocument\DocumentModel.InOpenXml\Drawings.ChartDrawings\MaxValueColorEndPosition.cs","MaxValueColorEndPosition","NumberColorPosition","Property"
"D:\OneDrive\VS\Projects\DocxDocument\DocumentModel.InOpenXml\Drawings.ChartDrawings\MaxValueColorEndPosition.cs","MaxValueColorEndPosition","PercentageColorPosition","Property"
"D:\OneDrive\VS\Projects\DocxDocument\DocumentModel.InOpenXml\Drawings.ChartDrawings\MinorGridlinesGridlines.cs","MinorGridlinesGridlines","ExtensionList","Property"
"D:\OneDrive\VS\Projects\DocxDocument\DocumentModel.InOpenXml\Drawings.ChartDrawings\MinorGridlinesGridlines.cs","MinorGridlinesGridlines","ShapeProperties","Property"
"D:\OneDrive\VS\Projects\DocxDocument\DocumentModel.InOpenXml\Drawings.ChartDrawings\MinorTickMarksTickMarks.cs","MinorTickMarksTickMarks","ExtensionList","Property"
"D:\OneDrive\VS\Projects\DocxDocument\DocumentModel.InOpenXml\Drawings.ChartDrawings\MinValueColorEndPosition.cs","MinValueColorEndPosition","ExtremeValueColorPosition","Property"
"D:\OneDrive\VS\Projects\DocxDocument\DocumentModel.InOpenXml\Drawings.ChartDrawings\MinValueColorEndPosition.cs","MinValueColorEndPosition","NumberColorPosition","Property"
"D:\OneDrive\VS\Projects\DocxDocument\DocumentModel.InOpenXml\Drawings.ChartDrawings\MinValueColorEndPosition.cs","MinValueColorEndPosition","PercentageColorPosition","Property"
"D:\OneDrive\VS\Projects\DocxDocument\DocumentModel.InOpenXml\Drawings.ChartDrawings\NonVisualContentPartProperties.cs","NonVisualContentPartProperties","NonVisualDrawingProperties","Property"
"D:\OneDrive\VS\Projects\DocxDocument\DocumentModel.InOpenXml\Drawings.ChartDrawings\NonVisualContentPartProperties.cs","NonVisualContentPartProperties","NonVisualInkContentPartProperties","Property"
"D:\OneDrive\VS\Projects\DocxDocument\DocumentModel.InOpenXml\Drawings.ChartDrawings\NonVisualDrawingProperties.cs","NonVisualDrawingProperties","Description","Property"
"D:\OneDrive\VS\Projects\DocxDocument\DocumentModel.InOpenXml\Drawings.ChartDrawings\NonVisualDrawingProperties.cs","NonVisualDrawingProperties","Hidden","Property"
"D:\OneDrive\VS\Projects\DocxDocument\DocumentModel.InOpenXml\Drawings.ChartDrawings\NonVisualDrawingProperties.cs","NonVisualDrawingProperties","HyperlinkOnClick","Property"
"D:\OneDrive\VS\Projects\DocxDocument\DocumentModel.InOpenXml\Drawings.ChartDrawings\NonVisualDrawingProperties.cs","NonVisualDrawingProperties","HyperlinkOnHover","Property"
"D:\OneDrive\VS\Projects\DocxDocument\DocumentModel.InOpenXml\Drawings.ChartDrawings\NonVisualDrawingProperties.cs","NonVisualDrawingProperties","Id","Property"
"D:\OneDrive\VS\Projects\DocxDocument\DocumentModel.InOpenXml\Drawings.ChartDrawings\NonVisualDrawingProperties.cs","NonVisualDrawingProperties","Name","Property"
"D:\OneDrive\VS\Projects\DocxDocument\DocumentModel.InOpenXml\Drawings.ChartDrawings\NonVisualDrawingProperties.cs","NonVisualDrawingProperties","NonVisualDrawingPropertiesExtensionList","Property"
"D:\OneDrive\VS\Projects\DocxDocument\DocumentModel.InOpenXml\Drawings.ChartDrawings\NonVisualDrawingProperties.cs","NonVisualDrawingProperties","Title","Property"
"D:\OneDrive\VS\Projects\DocxDocument\DocumentModel.InOpenXml\Drawings.ChartDrawings\NonVisualInkContentPartProperties.cs","NonVisualInkContentPartProperties","ContentPartLocks","Property"
"D:\OneDrive\VS\Projects\DocxDocument\DocumentModel.InOpenXml\Drawings.ChartDrawings\NonVisualInkContentPartProperties.cs","NonVisualInkContentPartProperties","IsComment","Property"
"D:\OneDrive\VS\Projects\DocxDocument\DocumentModel.InOpenXml\Drawings.ChartDrawings\NonVisualInkContentPartProperties.cs","NonVisualInkContentPartProperties","OfficeArtExtensionList","Property"
"D:\OneDrive\VS\Projects\DocxDocument\DocumentModel.InOpenXml\Drawings.ChartDrawings\NumberFormat.cs","NumberFormat","FormatCode","Property"
"D:\OneDrive\VS\Projects\DocxDocument\DocumentModel.InOpenXml\Drawings.ChartDrawings\NumberFormat.cs","NumberFormat","SourceLinked","Property"
"D:\OneDrive\VS\Projects\DocxDocument\DocumentModel.InOpenXml\Drawings.ChartDrawings\NumericLevel.cs","NumericLevel","FormatCode","Property"
"D:\OneDrive\VS\Projects\DocxDocument\DocumentModel.InOpenXml\Drawings.ChartDrawings\NumericLevel.cs","NumericLevel","Name","Property"
"D:\OneDrive\VS\Projects\DocxDocument\DocumentModel.InOpenXml\Drawings.ChartDrawings\NumericLevel.cs","NumericLevel","PtCount","Property"
"D:\OneDrive\VS\Projects\DocxDocument\DocumentModel.InOpenXml\Drawings.ChartDrawings\NumericValue.cs","NumericValue","Idx","Property"
"D:\OneDrive\VS\Projects\DocxDocument\DocumentModel.InOpenXml\Drawings.ChartDrawings\OpenXmlFormulaElement.cs","OpenXmlFormulaElement","Dir","Property"
"D:\OneDrive\VS\Projects\DocxDocument\DocumentModel.InOpenXml\Drawings.ChartDrawings\OpenXmlGridlinesElement.cs","OpenXmlGridlinesElement","ExtensionList","Property"
"D:\OneDrive\VS\Projects\DocxDocument\DocumentModel.InOpenXml\Drawings.ChartDrawings\OpenXmlGridlinesElement.cs","OpenXmlGridlinesElement","ShapeProperties","Property"
"D:\OneDrive\VS\Projects\DocxDocument\DocumentModel.InOpenXml\Drawings.ChartDrawings\OpenXmlTickMarksElement.cs","OpenXmlTickMarksElement","ExtensionList","Property"
"D:\OneDrive\VS\Projects\DocxDocument\DocumentModel.InOpenXml\Drawings.ChartDrawings\OpenXmlTickMarksElement.cs","OpenXmlTickMarksElement","Type","Property"
"D:\OneDrive\VS\Projects\DocxDocument\DocumentModel.InOpenXml\Drawings.ChartDrawings\OpenXmlValueColorEndPositionElement.cs","OpenXmlValueColorEndPositionElement","ExtremeValueColorPosition","Property"
"D:\OneDrive\VS\Projects\DocxDocument\DocumentModel.InOpenXml\Drawings.ChartDrawings\OpenXmlValueColorEndPositionElement.cs","OpenXmlValueColorEndPositionElement","NumberColorPosition","Property"
"D:\OneDrive\VS\Projects\DocxDocument\DocumentModel.InOpenXml\Drawings.ChartDrawings\OpenXmlValueColorEndPositionElement.cs","OpenXmlValueColorEndPositionElement","PercentageColorPosition","Property"
"D:\OneDrive\VS\Projects\DocxDocument\DocumentModel.InOpenXml\Drawings.ChartDrawings\PageMargins.cs","PageMargins","B","Property"
"D:\OneDrive\VS\Projects\DocxDocument\DocumentModel.InOpenXml\Drawings.ChartDrawings\PageMargins.cs","PageMargins","Footer","Property"
"D:\OneDrive\VS\Projects\DocxDocument\DocumentModel.InOpenXml\Drawings.ChartDrawings\PageMargins.cs","PageMargins","Header","Property"
"D:\OneDrive\VS\Projects\DocxDocument\DocumentModel.InOpenXml\Drawings.ChartDrawings\PageMargins.cs","PageMargins","L","Property"
"D:\OneDrive\VS\Projects\DocxDocument\DocumentModel.InOpenXml\Drawings.ChartDrawings\PageMargins.cs","PageMargins","R","Property"
"D:\OneDrive\VS\Projects\DocxDocument\DocumentModel.InOpenXml\Drawings.ChartDrawings\PageMargins.cs","PageMargins","T","Property"
"D:\OneDrive\VS\Projects\DocxDocument\DocumentModel.InOpenXml\Drawings.ChartDrawings\PageSetup.cs","PageSetup","BlackAndWhite","Property"
"D:\OneDrive\VS\Projects\DocxDocument\DocumentModel.InOpenXml\Drawings.ChartDrawings\PageSetup.cs","PageSetup","Copies","Property"
"D:\OneDrive\VS\Projects\DocxDocument\DocumentModel.InOpenXml\Drawings.ChartDrawings\PageSetup.cs","PageSetup","Draft","Property"
"D:\OneDrive\VS\Projects\DocxDocument\DocumentModel.InOpenXml\Drawings.ChartDrawings\PageSetup.cs","PageSetup","FirstPageNumber","Property"
"D:\OneDrive\VS\Projects\DocxDocument\DocumentModel.InOpenXml\Drawings.ChartDrawings\PageSetup.cs","PageSetup","HorizontalDpi","Property"
"D:\OneDrive\VS\Projects\DocxDocument\DocumentModel.InOpenXml\Drawings.ChartDrawings\PageSetup.cs","PageSetup","Orientation","Property"
"D:\OneDrive\VS\Projects\DocxDocument\DocumentModel.InOpenXml\Drawings.ChartDrawings\PageSetup.cs","PageSetup","PaperSize","Property"
"D:\OneDrive\VS\Projects\DocxDocument\DocumentModel.InOpenXml\Drawings.ChartDrawings\PageSetup.cs","PageSetup","UseFirstPageNumber","Property"
"D:\OneDrive\VS\Projects\DocxDocument\DocumentModel.InOpenXml\Drawings.ChartDrawings\PageSetup.cs","PageSetup","VerticalDpi","Property"
"D:\OneDrive\VS\Projects\DocxDocument\DocumentModel.InOpenXml\Drawings.ChartDrawings\ParentLabelLayout.cs","ParentLabelLayout","ParentLabelLayoutVal","Property"
"D:\OneDrive\VS\Projects\DocxDocument\DocumentModel.InOpenXml\Drawings.ChartDrawings\PlotArea.cs","PlotArea","PlotAreaRegion","Property"
"D:\OneDrive\VS\Projects\DocxDocument\DocumentModel.InOpenXml\Drawings.ChartDrawings\PlotAreaRegion.cs","PlotAreaRegion","PlotSurface","Property"
"D:\OneDrive\VS\Projects\DocxDocument\DocumentModel.InOpenXml\Drawings.ChartDrawings\PlotSurface.cs","PlotSurface","ExtensionList","Property"
"D:\OneDrive\VS\Projects\DocxDocument\DocumentModel.InOpenXml\Drawings.ChartDrawings\PlotSurface.cs","PlotSurface","ShapeProperties","Property"
"D:\OneDrive\VS\Projects\DocxDocument\DocumentModel.InOpenXml\Drawings.ChartDrawings\PrintSettings.cs","PrintSettings","HeaderFooter","Property"
"D:\OneDrive\VS\Projects\DocxDocument\DocumentModel.InOpenXml\Drawings.ChartDrawings\PrintSettings.cs","PrintSettings","PageMargins","Property"
"D:\OneDrive\VS\Projects\DocxDocument\DocumentModel.InOpenXml\Drawings.ChartDrawings\PrintSettings.cs","PrintSettings","PageSetup","Property"
"D:\OneDrive\VS\Projects\DocxDocument\DocumentModel.InOpenXml\Drawings.ChartDrawings\RichTextBody.cs","RichTextBody","BodyProperties","Property"
"D:\OneDrive\VS\Projects\DocxDocument\DocumentModel.InOpenXml\Drawings.ChartDrawings\RichTextBody.cs","RichTextBody","ListStyle","Property"
"D:\OneDrive\VS\Projects\DocxDocument\DocumentModel.InOpenXml\Drawings.ChartDrawings\Series.cs","Series","FormatIdx","Property"
"D:\OneDrive\VS\Projects\DocxDocument\DocumentModel.InOpenXml\Drawings.ChartDrawings\Series.cs","Series","Hidden","Property"
"D:\OneDrive\VS\Projects\DocxDocument\DocumentModel.InOpenXml\Drawings.ChartDrawings\Series.cs","Series","LayoutId","Property"
"D:\OneDrive\VS\Projects\DocxDocument\DocumentModel.InOpenXml\Drawings.ChartDrawings\Series.cs","Series","OwnerIdx","Property"
"D:\OneDrive\VS\Projects\DocxDocument\DocumentModel.InOpenXml\Drawings.ChartDrawings\Series.cs","Series","ShapeProperties","Property"
"D:\OneDrive\VS\Projects\DocxDocument\DocumentModel.InOpenXml\Drawings.ChartDrawings\Series.cs","Series","Text","Property"
"D:\OneDrive\VS\Projects\DocxDocument\DocumentModel.InOpenXml\Drawings.ChartDrawings\Series.cs","Series","UniqueId","Property"
"D:\OneDrive\VS\Projects\DocxDocument\DocumentModel.InOpenXml\Drawings.ChartDrawings\Series.cs","Series","ValueColorPositions","Property"
"D:\OneDrive\VS\Projects\DocxDocument\DocumentModel.InOpenXml\Drawings.ChartDrawings\Series.cs","Series","ValueColors","Property"
"D:\OneDrive\VS\Projects\DocxDocument\DocumentModel.InOpenXml\Drawings.ChartDrawings\SeriesElementVisibilities.cs","SeriesElementVisibilities","ConnectorLines","Property"
"D:\OneDrive\VS\Projects\DocxDocument\DocumentModel.InOpenXml\Drawings.ChartDrawings\SeriesElementVisibilities.cs","SeriesElementVisibilities","MeanLine","Property"
"D:\OneDrive\VS\Projects\DocxDocument\DocumentModel.InOpenXml\Drawings.ChartDrawings\SeriesElementVisibilities.cs","SeriesElementVisibilities","MeanMarker","Property"
"D:\OneDrive\VS\Projects\DocxDocument\DocumentModel.InOpenXml\Drawings.ChartDrawings\SeriesElementVisibilities.cs","SeriesElementVisibilities","Nonoutliers","Property"
"D:\OneDrive\VS\Projects\DocxDocument\DocumentModel.InOpenXml\Drawings.ChartDrawings\SeriesElementVisibilities.cs","SeriesElementVisibilities","Outliers","Property"
"D:\OneDrive\VS\Projects\DocxDocument\DocumentModel.InOpenXml\Drawings.ChartDrawings\SeriesLayoutProperties.cs","SeriesLayoutProperties","ParentLabelLayout","Property"
"D:\OneDrive\VS\Projects\DocxDocument\DocumentModel.InOpenXml\Drawings.ChartDrawings\SeriesLayoutProperties.cs","SeriesLayoutProperties","RegionLabelLayout","Property"
"D:\OneDrive\VS\Projects\DocxDocument\DocumentModel.InOpenXml\Drawings.ChartDrawings\SeriesLayoutProperties.cs","SeriesLayoutProperties","SeriesElementVisibilities","Property"
"D:\OneDrive\VS\Projects\DocxDocument\DocumentModel.InOpenXml\Drawings.ChartDrawings\ShapeProperties.cs","ShapeProperties","BlackWhiteMode","Property"
"D:\OneDrive\VS\Projects\DocxDocument\DocumentModel.InOpenXml\Drawings.ChartDrawings\ShapeProperties.cs","ShapeProperties","Transform2D","Property"
"D:\OneDrive\VS\Projects\DocxDocument\DocumentModel.InOpenXml\Drawings.ChartDrawings\Statistics.cs","Statistics","QuartileMethod","Property"
"D:\OneDrive\VS\Projects\DocxDocument\DocumentModel.InOpenXml\Drawings.ChartDrawings\StringLevel.cs","StringLevel","Name","Property"
"D:\OneDrive\VS\Projects\DocxDocument\DocumentModel.InOpenXml\Drawings.ChartDrawings\StringLevel.cs","StringLevel","PtCount","Property"
"D:\OneDrive\VS\Projects\DocxDocument\DocumentModel.InOpenXml\Drawings.ChartDrawings\Text.cs","Text","RichTextBody","Property"
"D:\OneDrive\VS\Projects\DocxDocument\DocumentModel.InOpenXml\Drawings.ChartDrawings\Text.cs","Text","TextData","Property"
"D:\OneDrive\VS\Projects\DocxDocument\DocumentModel.InOpenXml\Drawings.ChartDrawings\TextBodyType.cs","TextBodyType","BodyProperties","Property"
"D:\OneDrive\VS\Projects\DocxDocument\DocumentModel.InOpenXml\Drawings.ChartDrawings\TextBodyType.cs","TextBodyType","ListStyle","Property"
"D:\OneDrive\VS\Projects\DocxDocument\DocumentModel.InOpenXml\Drawings.ChartDrawings\TickLabels.cs","TickLabels","ExtensionList","Property"
"D:\OneDrive\VS\Projects\DocxDocument\DocumentModel.InOpenXml\Drawings.ChartDrawings\Transform2D.cs","Transform2D","Extents","Property"
"D:\OneDrive\VS\Projects\DocxDocument\DocumentModel.InOpenXml\Drawings.ChartDrawings\Transform2D.cs","Transform2D","HorizontalFlip","Property"
"D:\OneDrive\VS\Projects\DocxDocument\DocumentModel.InOpenXml\Drawings.ChartDrawings\Transform2D.cs","Transform2D","Offset","Property"
"D:\OneDrive\VS\Projects\DocxDocument\DocumentModel.InOpenXml\Drawings.ChartDrawings\Transform2D.cs","Transform2D","Rotation","Property"
"D:\OneDrive\VS\Projects\DocxDocument\DocumentModel.InOpenXml\Drawings.ChartDrawings\Transform2D.cs","Transform2D","VerticalFlip","Property"
"D:\OneDrive\VS\Projects\DocxDocument\DocumentModel.InOpenXml\Drawings.ChartDrawings\TxPrTextBody.cs","TxPrTextBody","BodyProperties","Property"
"D:\OneDrive\VS\Projects\DocxDocument\DocumentModel.InOpenXml\Drawings.ChartDrawings\TxPrTextBody.cs","TxPrTextBody","ListStyle","Property"
"D:\OneDrive\VS\Projects\DocxDocument\DocumentModel.InOpenXml\Drawings.ChartDrawings\ValueAxisScaling.cs","ValueAxisScaling","MajorUnit","Property"
"D:\OneDrive\VS\Projects\DocxDocument\DocumentModel.InOpenXml\Drawings.ChartDrawings\ValueAxisScaling.cs","ValueAxisScaling","Max","Property"
"D:\OneDrive\VS\Projects\DocxDocument\DocumentModel.InOpenXml\Drawings.ChartDrawings\ValueAxisScaling.cs","ValueAxisScaling","Min","Property"
"D:\OneDrive\VS\Projects\DocxDocument\DocumentModel.InOpenXml\Drawings.ChartDrawings\ValueAxisScaling.cs","ValueAxisScaling","MinorUnit","Property"
"D:\OneDrive\VS\Projects\DocxDocument\DocumentModel.InOpenXml\Drawings.ChartDrawings\ValueColorMiddlePosition.cs","ValueColorMiddlePosition","NumberColorPosition","Property"
"D:\OneDrive\VS\Projects\DocxDocument\DocumentModel.InOpenXml\Drawings.ChartDrawings\ValueColorMiddlePosition.cs","ValueColorMiddlePosition","PercentageColorPosition","Property"
"D:\OneDrive\VS\Projects\DocxDocument\DocumentModel.InOpenXml\Drawings.ChartDrawings\ValueColorPositions.cs","ValueColorPositions","Count","Property"
"D:\OneDrive\VS\Projects\DocxDocument\DocumentModel.InOpenXml\Drawings.ChartDrawings\ValueColorPositions.cs","ValueColorPositions","MaxValueColorEndPosition","Property"
"D:\OneDrive\VS\Projects\DocxDocument\DocumentModel.InOpenXml\Drawings.ChartDrawings\ValueColorPositions.cs","ValueColorPositions","MinValueColorEndPosition","Property"
"D:\OneDrive\VS\Projects\DocxDocument\DocumentModel.InOpenXml\Drawings.ChartDrawings\ValueColorPositions.cs","ValueColorPositions","ValueColorMiddlePosition","Property"
"D:\OneDrive\VS\Projects\DocxDocument\DocumentModel.InOpenXml\Drawings.ChartDrawings\ValueColors.cs","ValueColors","MaxColorSolidColorFillProperties","Property"
"D:\OneDrive\VS\Projects\DocxDocument\DocumentModel.InOpenXml\Drawings.ChartDrawings\ValueColors.cs","ValueColors","MidColorSolidColorFillProperties","Property"
"D:\OneDrive\VS\Projects\DocxDocument\DocumentModel.InOpenXml\Drawings.ChartDrawings\ValueColors.cs","ValueColors","MinColorSolidColorFillProperties","Property"
"D:\OneDrive\VS\Projects\DocxDocument\DocumentModel.InOpenXml\Drawings.Charts\Base\Chart.cs","Chart","AutoTitleDeleted","Property"
"D:\OneDrive\VS\Projects\DocxDocument\DocumentModel.InOpenXml\Drawings.Charts\Base\Chart.cs","Chart","BackWall","Property"
"D:\OneDrive\VS\Projects\DocxDocument\DocumentModel.InOpenXml\Drawings.Charts\Base\Chart.cs","Chart","DisplayBlanksAs","Property"
"D:\OneDrive\VS\Projects\DocxDocument\DocumentModel.InOpenXml\Drawings.Charts\Base\Chart.cs","Chart","Floor","Property"
"D:\OneDrive\VS\Projects\DocxDocument\DocumentModel.InOpenXml\Drawings.Charts\Base\Chart.cs","Chart","Legend","Property"
"D:\OneDrive\VS\Projects\DocxDocument\DocumentModel.InOpenXml\Drawings.Charts\Base\Chart.cs","Chart","PivotFormats","Property"
"D:\OneDrive\VS\Projects\DocxDocument\DocumentModel.InOpenXml\Drawings.Charts\Base\Chart.cs","Chart","PlotArea","Property"
"D:\OneDrive\VS\Projects\DocxDocument\DocumentModel.InOpenXml\Drawings.Charts\Base\Chart.cs","Chart","PlotVisibleOnly","Property"
"D:\OneDrive\VS\Projects\DocxDocument\DocumentModel.InOpenXml\Drawings.Charts\Base\Chart.cs","Chart","ShowDataLabelsOverMaximum","Property"
"D:\OneDrive\VS\Projects\DocxDocument\DocumentModel.InOpenXml\Drawings.Charts\Base\Chart.cs","Chart","SideWall","Property"
"D:\OneDrive\VS\Projects\DocxDocument\DocumentModel.InOpenXml\Drawings.Charts\Base\Chart.cs","Chart","Title","Property"
"D:\OneDrive\VS\Projects\DocxDocument\DocumentModel.InOpenXml\Drawings.Charts\Base\Chart.cs","Chart","View3D","Property"
"D:\OneDrive\VS\Projects\DocxDocument\DocumentModel.InOpenXml\Drawings.Charts\Base\ChartSpace.cs","ChartSpace","Chart","Element"
"D:\OneDrive\VS\Projects\DocxDocument\DocumentModel.InOpenXml\Drawings.Charts\Base\ChartSpace.cs","ChartSpace","ChartSpaceExtensionList","Element"
"D:\OneDrive\VS\Projects\DocxDocument\DocumentModel.InOpenXml\Drawings.Charts\Base\ChartSpace.cs","ChartSpace","ColorMapOverride","Element"
"D:\OneDrive\VS\Projects\DocxDocument\DocumentModel.InOpenXml\Drawings.Charts\Base\ChartSpace.cs","ChartSpace","Date1904","Property"
"D:\OneDrive\VS\Projects\DocxDocument\DocumentModel.InOpenXml\Drawings.Charts\Base\ChartSpace.cs","ChartSpace","EditingLanguage","Property"
"D:\OneDrive\VS\Projects\DocxDocument\DocumentModel.InOpenXml\Drawings.Charts\Base\ChartSpace.cs","ChartSpace","ExternalData","Element"
"D:\OneDrive\VS\Projects\DocxDocument\DocumentModel.InOpenXml\Drawings.Charts\Base\ChartSpace.cs","ChartSpace","PivotSource","Element"
"D:\OneDrive\VS\Projects\DocxDocument\DocumentModel.InOpenXml\Drawings.Charts\Base\ChartSpace.cs","ChartSpace","PrintSettings","Element"
"D:\OneDrive\VS\Projects\DocxDocument\DocumentModel.InOpenXml\Drawings.Charts\Base\ChartSpace.cs","ChartSpace","Protection","Element"
"D:\OneDrive\VS\Projects\DocxDocument\DocumentModel.InOpenXml\Drawings.Charts\Base\ChartSpace.cs","ChartSpace","RoundedCorners","Property"
"D:\OneDrive\VS\Projects\DocxDocument\DocumentModel.InOpenXml\Drawings.Charts\Base\ChartSpace.cs","ChartSpace","ShapeProperties","Element"
"D:\OneDrive\VS\Projects\DocxDocument\DocumentModel.InOpenXml\Drawings.Charts\Base\ChartSpace.cs","ChartSpace","Style","Element"
"D:\OneDrive\VS\Projects\DocxDocument\DocumentModel.InOpenXml\Drawings.Charts\Base\ChartSpace.cs","ChartSpace","TextProperties","Element"
"D:\OneDrive\VS\Projects\DocxDocument\DocumentModel.InOpenXml\Drawings.Charts\Base\ChartSpace.cs","ChartSpace","UserShapesReference","Element"
"D:\OneDrive\VS\Projects\DocxDocument\DocumentModel.InOpenXml\Drawings.Charts\Base\ChartSpaceExtension.cs","ChartSpaceExtension","PivotOptions","Element"
"D:\OneDrive\VS\Projects\DocxDocument\DocumentModel.InOpenXml\Drawings.Charts\Base\ChartSpaceExtension.cs","ChartSpaceExtension","PivotSource","Element"
"D:\OneDrive\VS\Projects\DocxDocument\DocumentModel.InOpenXml\Drawings.Charts\Base\ChartSpaceExtension.cs","ChartSpaceExtension","SketchOptions","Element"
"D:\OneDrive\VS\Projects\DocxDocument\DocumentModel.InOpenXml\Drawings.Charts\Base\PlotArea.cs","PlotArea","Axes","Element"
"D:\OneDrive\VS\Projects\DocxDocument\DocumentModel.InOpenXml\Drawings.Charts\Base\PlotArea.cs","PlotArea","Charts","Element"
"D:\OneDrive\VS\Projects\DocxDocument\DocumentModel.InOpenXml\Drawings.Charts\Base\PlotArea.cs","PlotArea","DataTable","Element"
"D:\OneDrive\VS\Projects\DocxDocument\DocumentModel.InOpenXml\Drawings.Charts\Base\PlotArea.cs","PlotArea","ExtensionList","Element"
"D:\OneDrive\VS\Projects\DocxDocument\DocumentModel.InOpenXml\Drawings.Charts\Base\PlotArea.cs","PlotArea","Layout","Element"
"D:\OneDrive\VS\Projects\DocxDocument\DocumentModel.InOpenXml\Drawings.Charts\Base\PlotArea.cs","PlotArea","ShapeProperties","Element"
"D:\OneDrive\VS\Projects\DocxDocument\DocumentModel.InOpenXml\Drawings.Charts\Base\UserShapes.cs","UserShapes","AbsoluteAnchorSize","Element"
"D:\OneDrive\VS\Projects\DocxDocument\DocumentModel.InOpenXml\Drawings.Charts\Base\UserShapes.cs","UserShapes","RelativeAnchorSize","Element"
"D:\OneDrive\VS\Projects\DocxDocument\DocumentModel.InOpenXml\Drawings.Charts\Common\Analysis\Trendline.cs","Trendline","Backward","Element"
"D:\OneDrive\VS\Projects\DocxDocument\DocumentModel.InOpenXml\Drawings.Charts\Common\Analysis\Trendline.cs","Trendline","ChartShapeProperties","Element"
"D:\OneDrive\VS\Projects\DocxDocument\DocumentModel.InOpenXml\Drawings.Charts\Common\Analysis\Trendline.cs","Trendline","DisplayEquation","Element"
"D:\OneDrive\VS\Projects\DocxDocument\DocumentModel.InOpenXml\Drawings.Charts\Common\Analysis\Trendline.cs","Trendline","DisplayRSquaredValue","Element"
"D:\OneDrive\VS\Projects\DocxDocument\DocumentModel.InOpenXml\Drawings.Charts\Common\Analysis\Trendline.cs","Trendline","ExtensionList","Element"
"D:\OneDrive\VS\Projects\DocxDocument\DocumentModel.InOpenXml\Drawings.Charts\Common\Analysis\Trendline.cs","Trendline","Forward","Element"
"D:\OneDrive\VS\Projects\DocxDocument\DocumentModel.InOpenXml\Drawings.Charts\Common\Analysis\Trendline.cs","Trendline","Intercept","Element"
"D:\OneDrive\VS\Projects\DocxDocument\DocumentModel.InOpenXml\Drawings.Charts\Common\Analysis\Trendline.cs","Trendline","Period","Element"
"D:\OneDrive\VS\Projects\DocxDocument\DocumentModel.InOpenXml\Drawings.Charts\Common\Analysis\Trendline.cs","Trendline","PolynomialOrder","Element"
"D:\OneDrive\VS\Projects\DocxDocument\DocumentModel.InOpenXml\Drawings.Charts\Common\Analysis\Trendline.cs","Trendline","TrendlineLabel","Element"
"D:\OneDrive\VS\Projects\DocxDocument\DocumentModel.InOpenXml\Drawings.Charts\Common\Analysis\Trendline.cs","Trendline","TrendlineName","Element"
"D:\OneDrive\VS\Projects\DocxDocument\DocumentModel.InOpenXml\Drawings.Charts\Common\Analysis\Trendline.cs","Trendline","TrendlineType","Element"
"D:\OneDrive\VS\Projects\DocxDocument\DocumentModel.InOpenXml\Drawings.Charts\Common\Analysis\TrendlineLabel.cs","TrendlineLabel","ChartShapeProperties","Element"
"D:\OneDrive\VS\Projects\DocxDocument\DocumentModel.InOpenXml\Drawings.Charts\Common\Analysis\TrendlineLabel.cs","TrendlineLabel","ChartText","Element"
"D:\OneDrive\VS\Projects\DocxDocument\DocumentModel.InOpenXml\Drawings.Charts\Common\Analysis\TrendlineLabel.cs","TrendlineLabel","ExtensionList","Element"
"D:\OneDrive\VS\Projects\DocxDocument\DocumentModel.InOpenXml\Drawings.Charts\Common\Analysis\TrendlineLabel.cs","TrendlineLabel","Layout","Element"
"D:\OneDrive\VS\Projects\DocxDocument\DocumentModel.InOpenXml\Drawings.Charts\Common\Analysis\TrendlineLabel.cs","TrendlineLabel","NumberingFormat","Element"
"D:\OneDrive\VS\Projects\DocxDocument\DocumentModel.InOpenXml\Drawings.Charts\Common\Analysis\TrendlineLabel.cs","TrendlineLabel","TextProperties","Element"
"D:\OneDrive\VS\Projects\DocxDocument\DocumentModel.InOpenXml\Drawings.Charts\Common\Axis\AxisDataSourceType.cs","AxisDataSourceType","MultiLevelStringReference","Element"
"D:\OneDrive\VS\Projects\DocxDocument\DocumentModel.InOpenXml\Drawings.Charts\Common\Axis\AxisDataSourceType.cs","AxisDataSourceType","NumberLiteral","Element"
"D:\OneDrive\VS\Projects\DocxDocument\DocumentModel.InOpenXml\Drawings.Charts\Common\Axis\AxisDataSourceType.cs","AxisDataSourceType","NumberReference","Element"
"D:\OneDrive\VS\Projects\DocxDocument\DocumentModel.InOpenXml\Drawings.Charts\Common\Axis\AxisDataSourceType.cs","AxisDataSourceType","StringLiteral","Element"
"D:\OneDrive\VS\Projects\DocxDocument\DocumentModel.InOpenXml\Drawings.Charts\Common\Axis\AxisDataSourceType.cs","AxisDataSourceType","StringReference","Element"
"D:\OneDrive\VS\Projects\DocxDocument\DocumentModel.InOpenXml\Drawings.Charts\Common\Axis\MajorGridlines.cs","MajorGridlines","ChartShapeProperties","Element"
"D:\OneDrive\VS\Projects\DocxDocument\DocumentModel.InOpenXml\Drawings.Charts\Common\Axis\MinorGridlines.cs","MinorGridlines","ChartShapeProperties","Element"
"D:\OneDrive\VS\Projects\DocxDocument\DocumentModel.InOpenXml\Drawings.Charts\Common\Axis\Scaling.cs","Scaling","ExtensionList","Element"
"D:\OneDrive\VS\Projects\DocxDocument\DocumentModel.InOpenXml\Drawings.Charts\Common\Axis\Scaling.cs","Scaling","LogBase","Element"
"D:\OneDrive\VS\Projects\DocxDocument\DocumentModel.InOpenXml\Drawings.Charts\Common\Axis\Scaling.cs","Scaling","MaxAxisValue","Element"
"D:\OneDrive\VS\Projects\DocxDocument\DocumentModel.InOpenXml\Drawings.Charts\Common\Axis\Scaling.cs","Scaling","MinAxisValue","Element"
"D:\OneDrive\VS\Projects\DocxDocument\DocumentModel.InOpenXml\Drawings.Charts\Common\Axis\Scaling.cs","Scaling","Orientation","Element"
"D:\OneDrive\VS\Projects\DocxDocument\DocumentModel.InOpenXml\Drawings.Charts\Common\ChartComponents\ChartLinesType.cs","ChartLinesType","ChartShapeProperties","Property"
"D:\OneDrive\VS\Projects\DocxDocument\DocumentModel.InOpenXml\Drawings.Charts\Common\ChartComponents\DownBars.cs","DownBars","ChartShapeProperties","Property"
"D:\OneDrive\VS\Projects\DocxDocument\DocumentModel.InOpenXml\Drawings.Charts\Common\ChartComponents\DropLines.cs","DropLines","ChartShapeProperties","Property"
"D:\OneDrive\VS\Projects\DocxDocument\DocumentModel.InOpenXml\Drawings.Charts\Common\ChartComponents\HighLowLines.cs","HighLowLines","ChartShapeProperties","Property"
"D:\OneDrive\VS\Projects\DocxDocument\DocumentModel.InOpenXml\Drawings.Charts\Common\ChartComponents\LeaderLines.cs","LeaderLines","ChartShapeProperties","Property"
"D:\OneDrive\VS\Projects\DocxDocument\DocumentModel.InOpenXml\Drawings.Charts\Common\ChartComponents\UpBars.cs","UpBars","ChartShapeProperties","Property"
"D:\OneDrive\VS\Projects\DocxDocument\DocumentModel.InOpenXml\Drawings.Charts\Common\ChartComponents\UpDownBars.cs","UpDownBars","DownBars","Property"
"D:\OneDrive\VS\Projects\DocxDocument\DocumentModel.InOpenXml\Drawings.Charts\Common\ChartComponents\UpDownBars.cs","UpDownBars","ExtensionList","Property"
"D:\OneDrive\VS\Projects\DocxDocument\DocumentModel.InOpenXml\Drawings.Charts\Common\ChartComponents\UpDownBars.cs","UpDownBars","GapWidth","Property"
"D:\OneDrive\VS\Projects\DocxDocument\DocumentModel.InOpenXml\Drawings.Charts\Common\ChartComponents\UpDownBars.cs","UpDownBars","UpBars","Property"
"D:\OneDrive\VS\Projects\DocxDocument\DocumentModel.InOpenXml\Drawings.Charts\Common\ChartComponents\UpDownBarType.cs","UpDownBarType","ChartShapeProperties","Property"
"D:\OneDrive\VS\Projects\DocxDocument\DocumentModel.InOpenXml\Drawings.Charts\Common\Exceptions\CategoryFilterException.cs","CategoryFilterException","Bubble3D","Property"
"D:\OneDrive\VS\Projects\DocxDocument\DocumentModel.InOpenXml\Drawings.Charts\Common\Exceptions\CategoryFilterException.cs","CategoryFilterException","DataLabel","Property"
"D:\OneDrive\VS\Projects\DocxDocument\DocumentModel.InOpenXml\Drawings.Charts\Common\Exceptions\CategoryFilterException.cs","CategoryFilterException","Explosion","Property"
"D:\OneDrive\VS\Projects\DocxDocument\DocumentModel.InOpenXml\Drawings.Charts\Common\Exceptions\CategoryFilterException.cs","CategoryFilterException","InvertIfNegativeBoolean","Property"
"D:\OneDrive\VS\Projects\DocxDocument\DocumentModel.InOpenXml\Drawings.Charts\Common\Exceptions\CategoryFilterException.cs","CategoryFilterException","Marker","Property"
"D:\OneDrive\VS\Projects\DocxDocument\DocumentModel.InOpenXml\Drawings.Charts\Common\Exceptions\CategoryFilterException.cs","CategoryFilterException","SequenceOfReferences","Property"
"D:\OneDrive\VS\Projects\DocxDocument\DocumentModel.InOpenXml\Drawings.Charts\Common\Layout\BackWall.cs","BackWall","ExtensionList","Property"
"D:\OneDrive\VS\Projects\DocxDocument\DocumentModel.InOpenXml\Drawings.Charts\Common\Layout\BackWall.cs","BackWall","PictureOptions","Property"
"D:\OneDrive\VS\Projects\DocxDocument\DocumentModel.InOpenXml\Drawings.Charts\Common\Layout\BackWall.cs","BackWall","ShapeProperties","Property"
"D:\OneDrive\VS\Projects\DocxDocument\DocumentModel.InOpenXml\Drawings.Charts\Common\Layout\BackWall.cs","BackWall","Thickness","Property"
"D:\OneDrive\VS\Projects\DocxDocument\DocumentModel.InOpenXml\Drawings.Charts\Common\Layout\Floor.cs","Floor","ExtensionList","Property"
"D:\OneDrive\VS\Projects\DocxDocument\DocumentModel.InOpenXml\Drawings.Charts\Common\Layout\Floor.cs","Floor","PictureOptions","Property"
"D:\OneDrive\VS\Projects\DocxDocument\DocumentModel.InOpenXml\Drawings.Charts\Common\Layout\Floor.cs","Floor","ShapeProperties","Property"
"D:\OneDrive\VS\Projects\DocxDocument\DocumentModel.InOpenXml\Drawings.Charts\Common\Layout\Floor.cs","Floor","Thickness","Property"
"D:\OneDrive\VS\Projects\DocxDocument\DocumentModel.InOpenXml\Drawings.Charts\Common\Layout\HeaderFooter.cs","HeaderFooter","AlignWithMargins","Property"
"D:\OneDrive\VS\Projects\DocxDocument\DocumentModel.InOpenXml\Drawings.Charts\Common\Layout\HeaderFooter.cs","HeaderFooter","DifferentFirst","Property"
"D:\OneDrive\VS\Projects\DocxDocument\DocumentModel.InOpenXml\Drawings.Charts\Common\Layout\HeaderFooter.cs","HeaderFooter","DifferentOddEven","Property"
"D:\OneDrive\VS\Projects\DocxDocument\DocumentModel.InOpenXml\Drawings.Charts\Common\Layout\HeaderFooter.cs","HeaderFooter","EvenFooter","Property"
"D:\OneDrive\VS\Projects\DocxDocument\DocumentModel.InOpenXml\Drawings.Charts\Common\Layout\HeaderFooter.cs","HeaderFooter","EvenHeader","Property"
"D:\OneDrive\VS\Projects\DocxDocument\DocumentModel.InOpenXml\Drawings.Charts\Common\Layout\HeaderFooter.cs","HeaderFooter","FirstFooter","Property"
"D:\OneDrive\VS\Projects\DocxDocument\DocumentModel.InOpenXml\Drawings.Charts\Common\Layout\HeaderFooter.cs","HeaderFooter","FirstHeader","Property"
"D:\OneDrive\VS\Projects\DocxDocument\DocumentModel.InOpenXml\Drawings.Charts\Common\Layout\HeaderFooter.cs","HeaderFooter","OddFooter","Property"
"D:\OneDrive\VS\Projects\DocxDocument\DocumentModel.InOpenXml\Drawings.Charts\Common\Layout\HeaderFooter.cs","HeaderFooter","OddHeader","Property"
"D:\OneDrive\VS\Projects\DocxDocument\DocumentModel.InOpenXml\Drawings.Charts\Common\Layout\Layout.cs","Layout","ExtensionList","Property"
"D:\OneDrive\VS\Projects\DocxDocument\DocumentModel.InOpenXml\Drawings.Charts\Common\Layout\Layout.cs","Layout","ManualLayout","Property"
"D:\OneDrive\VS\Projects\DocxDocument\DocumentModel.InOpenXml\Drawings.Charts\Common\Layout\Legend.cs","Legend","ChartShapeProperties","Element"
"D:\OneDrive\VS\Projects\DocxDocument\DocumentModel.InOpenXml\Drawings.Charts\Common\Layout\Legend.cs","Legend","Layout","Element"
"D:\OneDrive\VS\Projects\DocxDocument\DocumentModel.InOpenXml\Drawings.Charts\Common\Layout\Legend.cs","Legend","LegendEntries","Element"
"D:\OneDrive\VS\Projects\DocxDocument\DocumentModel.InOpenXml\Drawings.Charts\Common\Layout\Legend.cs","Legend","LegendPosition","Property"
"D:\OneDrive\VS\Projects\DocxDocument\DocumentModel.InOpenXml\Drawings.Charts\Common\Layout\Legend.cs","Legend","Overlay","Element"
"D:\OneDrive\VS\Projects\DocxDocument\DocumentModel.InOpenXml\Drawings.Charts\Common\Layout\Legend.cs","Legend","TextProperties","Element"
"D:\OneDrive\VS\Projects\DocxDocument\DocumentModel.InOpenXml\Drawings.Charts\Common\Layout\LegendEntry.cs","LegendEntry","Delete","Element"
"D:\OneDrive\VS\Projects\DocxDocument\DocumentModel.InOpenXml\Drawings.Charts\Common\Layout\LegendEntry.cs","LegendEntry","ExtensionList","Element"
"D:\OneDrive\VS\Projects\DocxDocument\DocumentModel.InOpenXml\Drawings.Charts\Common\Layout\LegendEntry.cs","LegendEntry","Index","Property"
"D:\OneDrive\VS\Projects\DocxDocument\DocumentModel.InOpenXml\Drawings.Charts\Common\Layout\LegendEntry.cs","LegendEntry","TextProperties","Element"
"D:\OneDrive\VS\Projects\DocxDocument\DocumentModel.InOpenXml\Drawings.Charts\Common\Layout\ManualLayout.cs","ManualLayout","ExtensionList","Property"
"D:\OneDrive\VS\Projects\DocxDocument\DocumentModel.InOpenXml\Drawings.Charts\Common\Layout\ManualLayout.cs","ManualLayout","Height","Property"
"D:\OneDrive\VS\Projects\DocxDocument\DocumentModel.InOpenXml\Drawings.Charts\Common\Layout\ManualLayout.cs","ManualLayout","HeightMode","Property"
"D:\OneDrive\VS\Projects\DocxDocument\DocumentModel.InOpenXml\Drawings.Charts\Common\Layout\ManualLayout.cs","ManualLayout","LayoutTarget","Property"
"D:\OneDrive\VS\Projects\DocxDocument\DocumentModel.InOpenXml\Drawings.Charts\Common\Layout\ManualLayout.cs","ManualLayout","Left","Property"
"D:\OneDrive\VS\Projects\DocxDocument\DocumentModel.InOpenXml\Drawings.Charts\Common\Layout\ManualLayout.cs","ManualLayout","LeftMode","Property"
"D:\OneDrive\VS\Projects\DocxDocument\DocumentModel.InOpenXml\Drawings.Charts\Common\Layout\ManualLayout.cs","ManualLayout","Top","Property"
"D:\OneDrive\VS\Projects\DocxDocument\DocumentModel.InOpenXml\Drawings.Charts\Common\Layout\ManualLayout.cs","ManualLayout","TopMode","Property"
"D:\OneDrive\VS\Projects\DocxDocument\DocumentModel.InOpenXml\Drawings.Charts\Common\Layout\ManualLayout.cs","ManualLayout","Width","Property"
"D:\OneDrive\VS\Projects\DocxDocument\DocumentModel.InOpenXml\Drawings.Charts\Common\Layout\ManualLayout.cs","ManualLayout","WidthMode","Property"
"D:\OneDrive\VS\Projects\DocxDocument\DocumentModel.InOpenXml\Drawings.Charts\Common\Layout\PageMargins.cs","PageMargins","Bottom","Property"
"D:\OneDrive\VS\Projects\DocxDocument\DocumentModel.InOpenXml\Drawings.Charts\Common\Layout\PageMargins.cs","PageMargins","Footer","Property"
"D:\OneDrive\VS\Projects\DocxDocument\DocumentModel.InOpenXml\Drawings.Charts\Common\Layout\PageMargins.cs","PageMargins","Header","Property"
"D:\OneDrive\VS\Projects\DocxDocument\DocumentModel.InOpenXml\Drawings.Charts\Common\Layout\PageMargins.cs","PageMargins","Left","Property"
"D:\OneDrive\VS\Projects\DocxDocument\DocumentModel.InOpenXml\Drawings.Charts\Common\Layout\PageMargins.cs","PageMargins","Right","Property"
"D:\OneDrive\VS\Projects\DocxDocument\DocumentModel.InOpenXml\Drawings.Charts\Common\Layout\PageMargins.cs","PageMargins","Top","Property"
"D:\OneDrive\VS\Projects\DocxDocument\DocumentModel.InOpenXml\Drawings.Charts\Common\Layout\PageSetup.cs","PageSetup","BlackAndWhite","Property"
"D:\OneDrive\VS\Projects\DocxDocument\DocumentModel.InOpenXml\Drawings.Charts\Common\Layout\PageSetup.cs","PageSetup","Copies","Property"
"D:\OneDrive\VS\Projects\DocxDocument\DocumentModel.InOpenXml\Drawings.Charts\Common\Layout\PageSetup.cs","PageSetup","Draft","Property"
"D:\OneDrive\VS\Projects\DocxDocument\DocumentModel.InOpenXml\Drawings.Charts\Common\Layout\PageSetup.cs","PageSetup","FirstPageNumber","Property"
"D:\OneDrive\VS\Projects\DocxDocument\DocumentModel.InOpenXml\Drawings.Charts\Common\Layout\PageSetup.cs","PageSetup","HorizontalDpi","Property"
"D:\OneDrive\VS\Projects\DocxDocument\DocumentModel.InOpenXml\Drawings.Charts\Common\Layout\PageSetup.cs","PageSetup","Orientation","Property"
"D:\OneDrive\VS\Projects\DocxDocument\DocumentModel.InOpenXml\Drawings.Charts\Common\Layout\PageSetup.cs","PageSetup","PaperSize","Property"
"D:\OneDrive\VS\Projects\DocxDocument\DocumentModel.InOpenXml\Drawings.Charts\Common\Layout\PageSetup.cs","PageSetup","UseFirstPageNumber","Property"
"D:\OneDrive\VS\Projects\DocxDocument\DocumentModel.InOpenXml\Drawings.Charts\Common\Layout\PageSetup.cs","PageSetup","VerticalDpi","Property"
"D:\OneDrive\VS\Projects\DocxDocument\DocumentModel.InOpenXml\Drawings.Charts\Common\Layout\PrintSettings.cs","PrintSettings","HeaderFooter","Property"
"D:\OneDrive\VS\Projects\DocxDocument\DocumentModel.InOpenXml\Drawings.Charts\Common\Layout\PrintSettings.cs","PrintSettings","LegacyDrawingHeaderFooter","Property"
"D:\OneDrive\VS\Projects\DocxDocument\DocumentModel.InOpenXml\Drawings.Charts\Common\Layout\PrintSettings.cs","PrintSettings","PageMargins","Property"
"D:\OneDrive\VS\Projects\DocxDocument\DocumentModel.InOpenXml\Drawings.Charts\Common\Layout\PrintSettings.cs","PrintSettings","PageSetup","Property"
"D:\OneDrive\VS\Projects\DocxDocument\DocumentModel.InOpenXml\Drawings.Charts\Common\Layout\SideWall.cs","SideWall","ExtensionList","Property"
"D:\OneDrive\VS\Projects\DocxDocument\DocumentModel.InOpenXml\Drawings.Charts\Common\Layout\SideWall.cs","SideWall","PictureOptions","Property"
"D:\OneDrive\VS\Projects\DocxDocument\DocumentModel.InOpenXml\Drawings.Charts\Common\Layout\SideWall.cs","SideWall","ShapeProperties","Property"
"D:\OneDrive\VS\Projects\DocxDocument\DocumentModel.InOpenXml\Drawings.Charts\Common\Layout\SideWall.cs","SideWall","Thickness","Property"
"D:\OneDrive\VS\Projects\DocxDocument\DocumentModel.InOpenXml\Drawings.Charts\Common\Layout\Title.cs","Title","ChartShapeProperties","Property"
"D:\OneDrive\VS\Projects\DocxDocument\DocumentModel.InOpenXml\Drawings.Charts\Common\Layout\Title.cs","Title","ChartText","Property"
"D:\OneDrive\VS\Projects\DocxDocument\DocumentModel.InOpenXml\Drawings.Charts\Common\Layout\Title.cs","Title","ExtensionList","Property"
"D:\OneDrive\VS\Projects\DocxDocument\DocumentModel.InOpenXml\Drawings.Charts\Common\Layout\Title.cs","Title","Layout","Property"
"D:\OneDrive\VS\Projects\DocxDocument\DocumentModel.InOpenXml\Drawings.Charts\Common\Layout\Title.cs","Title","Overlay","Property"
"D:\OneDrive\VS\Projects\DocxDocument\DocumentModel.InOpenXml\Drawings.Charts\Common\Layout\Title.cs","Title","TextProperties","Property"
"D:\OneDrive\VS\Projects\DocxDocument\DocumentModel.InOpenXml\Drawings.Charts\Common\Layout\View3D.cs","View3D","DepthPercent","Property"
"D:\OneDrive\VS\Projects\DocxDocument\DocumentModel.InOpenXml\Drawings.Charts\Common\Layout\View3D.cs","View3D","ExtensionList","Property"
"D:\OneDrive\VS\Projects\DocxDocument\DocumentModel.InOpenXml\Drawings.Charts\Common\Layout\View3D.cs","View3D","HeightPercent","Property"
"D:\OneDrive\VS\Projects\DocxDocument\DocumentModel.InOpenXml\Drawings.Charts\Common\Layout\View3D.cs","View3D","Perspective","Property"
"D:\OneDrive\VS\Projects\DocxDocument\DocumentModel.InOpenXml\Drawings.Charts\Common\Layout\View3D.cs","View3D","RightAngleAxes","Property"
"D:\OneDrive\VS\Projects\DocxDocument\DocumentModel.InOpenXml\Drawings.Charts\Common\Layout\View3D.cs","View3D","RotateX","Property"
"D:\OneDrive\VS\Projects\DocxDocument\DocumentModel.InOpenXml\Drawings.Charts\Common\Layout\View3D.cs","View3D","RotateY","Property"
"D:\OneDrive\VS\Projects\DocxDocument\DocumentModel.InOpenXml\Drawings.Charts\Common\PivotOptions.cs","PivotOptions","DropZoneCategories","Property"
"D:\OneDrive\VS\Projects\DocxDocument\DocumentModel.InOpenXml\Drawings.Charts\Common\PivotOptions.cs","PivotOptions","DropZoneData","Property"
"D:\OneDrive\VS\Projects\DocxDocument\DocumentModel.InOpenXml\Drawings.Charts\Common\PivotOptions.cs","PivotOptions","DropZoneFilter","Property"
"D:\OneDrive\VS\Projects\DocxDocument\DocumentModel.InOpenXml\Drawings.Charts\Common\PivotOptions.cs","PivotOptions","DropZoneSeries","Property"
"D:\OneDrive\VS\Projects\DocxDocument\DocumentModel.InOpenXml\Drawings.Charts\Common\PivotOptions.cs","PivotOptions","DropZonesVisible","Property"
"D:\OneDrive\VS\Projects\DocxDocument\DocumentModel.InOpenXml\Drawings.Charts\Common\PivotSource.cs","PivotSource","ExtensionList","Property"
"D:\OneDrive\VS\Projects\DocxDocument\DocumentModel.InOpenXml\Drawings.Charts\Common\PivotSource.cs","PivotSource","FormatId","Property"
"D:\OneDrive\VS\Projects\DocxDocument\DocumentModel.InOpenXml\Drawings.Charts\Common\PivotSource.cs","PivotSource","PivotTableName","Property"
"D:\OneDrive\VS\Projects\DocxDocument\DocumentModel.InOpenXml\Drawings.Charts\Common\Protection.cs","Protection","ChartObject","Property"
"D:\OneDrive\VS\Projects\DocxDocument\DocumentModel.InOpenXml\Drawings.Charts\Common\Protection.cs","Protection","Data","Property"
"D:\OneDrive\VS\Projects\DocxDocument\DocumentModel.InOpenXml\Drawings.Charts\Common\Protection.cs","Protection","Formatting","Property"
"D:\OneDrive\VS\Projects\DocxDocument\DocumentModel.InOpenXml\Drawings.Charts\Common\Protection.cs","Protection","Selection","Property"
"D:\OneDrive\VS\Projects\DocxDocument\DocumentModel.InOpenXml\Drawings.Charts\Common\RelationshipIdType.cs","RelationshipIdType","Id","Property"
"D:\OneDrive\VS\Projects\DocxDocument\DocumentModel.InOpenXml\Drawings.Charts\Data\ChartText.cs","ChartText","RichText","Property"
"D:\OneDrive\VS\Projects\DocxDocument\DocumentModel.InOpenXml\Drawings.Charts\Data\ChartText.cs","ChartText","StringLiteral","Property"
"D:\OneDrive\VS\Projects\DocxDocument\DocumentModel.InOpenXml\Drawings.Charts\Data\ChartText.cs","ChartText","StringReference","Property"
"D:\OneDrive\VS\Projects\DocxDocument\DocumentModel.InOpenXml\Drawings.Charts\Data\DataLabel.cs","DataLabel","ChartShapeProperties","Element"
"D:\OneDrive\VS\Projects\DocxDocument\DocumentModel.InOpenXml\Drawings.Charts\Data\DataLabel.cs","DataLabel","ChartText","Element"
"D:\OneDrive\VS\Projects\DocxDocument\DocumentModel.InOpenXml\Drawings.Charts\Data\DataLabel.cs","DataLabel","DataLabelPosition","Element"
"D:\OneDrive\VS\Projects\DocxDocument\DocumentModel.InOpenXml\Drawings.Charts\Data\DataLabel.cs","DataLabel","Delete","Element"
"D:\OneDrive\VS\Projects\DocxDocument\DocumentModel.InOpenXml\Drawings.Charts\Data\DataLabel.cs","DataLabel","DLblExtensionList","Element"
"D:\OneDrive\VS\Projects\DocxDocument\DocumentModel.InOpenXml\Drawings.Charts\Data\DataLabel.cs","DataLabel","Index","Property"
"D:\OneDrive\VS\Projects\DocxDocument\DocumentModel.InOpenXml\Drawings.Charts\Data\DataLabel.cs","DataLabel","Layout","Element"
"D:\OneDrive\VS\Projects\DocxDocument\DocumentModel.InOpenXml\Drawings.Charts\Data\DataLabel.cs","DataLabel","NumberingFormat","Element"
"D:\OneDrive\VS\Projects\DocxDocument\DocumentModel.InOpenXml\Drawings.Charts\Data\DataLabel.cs","DataLabel","Separator","Element"
"D:\OneDrive\VS\Projects\DocxDocument\DocumentModel.InOpenXml\Drawings.Charts\Data\DataLabel.cs","DataLabel","ShowBubbleSize","Element"
"D:\OneDrive\VS\Projects\DocxDocument\DocumentModel.InOpenXml\Drawings.Charts\Data\DataLabel.cs","DataLabel","ShowCategoryName","Element"
"D:\OneDrive\VS\Projects\DocxDocument\DocumentModel.InOpenXml\Drawings.Charts\Data\DataLabel.cs","DataLabel","ShowLegendKey","Element"
"D:\OneDrive\VS\Projects\DocxDocument\DocumentModel.InOpenXml\Drawings.Charts\Data\DataLabel.cs","DataLabel","ShowPercent","Element"
"D:\OneDrive\VS\Projects\DocxDocument\DocumentModel.InOpenXml\Drawings.Charts\Data\DataLabel.cs","DataLabel","ShowSeriesName","Element"
"D:\OneDrive\VS\Projects\DocxDocument\DocumentModel.InOpenXml\Drawings.Charts\Data\DataLabel.cs","DataLabel","ShowValue","Element"
"D:\OneDrive\VS\Projects\DocxDocument\DocumentModel.InOpenXml\Drawings.Charts\Data\DataLabel.cs","DataLabel","TextProperties","Element"
"D:\OneDrive\VS\Projects\DocxDocument\DocumentModel.InOpenXml\Drawings.Charts\Data\DataLabelFieldTableCache.cs","DataLabelFieldTableCache","PointCount","Property"
"D:\OneDrive\VS\Projects\DocxDocument\DocumentModel.InOpenXml\Drawings.Charts\Data\DataLabelFieldTableCache.cs","DataLabelFieldTableCache","StrDataExtension","Element"
"D:\OneDrive\VS\Projects\DocxDocument\DocumentModel.InOpenXml\Drawings.Charts\Data\DataLabelFieldTableCache.cs","DataLabelFieldTableCache","StringPoints","Element"
"D:\OneDrive\VS\Projects\DocxDocument\DocumentModel.InOpenXml\Drawings.Charts\Data\DataLabelFieldTableEntry.cs","DataLabelFieldTableEntry","DataLabelFieldTableCache","Property"
"D:\OneDrive\VS\Projects\DocxDocument\DocumentModel.InOpenXml\Drawings.Charts\Data\DataLabelFieldTableEntry.cs","DataLabelFieldTableEntry","Formula","Property"
"D:\OneDrive\VS\Projects\DocxDocument\DocumentModel.InOpenXml\Drawings.Charts\Data\DataLabelFieldTableEntry.cs","DataLabelFieldTableEntry","TextFieldGuid","Property"
"D:\OneDrive\VS\Projects\DocxDocument\DocumentModel.InOpenXml\Drawings.Charts\Data\DataLabels.cs","DataLabels","ChartShapeProperties","Element"
"D:\OneDrive\VS\Projects\DocxDocument\DocumentModel.InOpenXml\Drawings.Charts\Data\DataLabels.cs","DataLabels","DataLabelPosition","Element"
"D:\OneDrive\VS\Projects\DocxDocument\DocumentModel.InOpenXml\Drawings.Charts\Data\DataLabels.cs","DataLabels","Delete","Element"
"D:\OneDrive\VS\Projects\DocxDocument\DocumentModel.InOpenXml\Drawings.Charts\Data\DataLabels.cs","DataLabels","DLblsExtensionList","Element"
"D:\OneDrive\VS\Projects\DocxDocument\DocumentModel.InOpenXml\Drawings.Charts\Data\DataLabels.cs","DataLabels","LeaderLines","Element"
"D:\OneDrive\VS\Projects\DocxDocument\DocumentModel.InOpenXml\Drawings.Charts\Data\DataLabels.cs","DataLabels","NumberingFormat","Element"
"D:\OneDrive\VS\Projects\DocxDocument\DocumentModel.InOpenXml\Drawings.Charts\Data\DataLabels.cs","DataLabels","Separator","Element"
"D:\OneDrive\VS\Projects\DocxDocument\DocumentModel.InOpenXml\Drawings.Charts\Data\DataLabels.cs","DataLabels","ShowBubbleSize","Element"
"D:\OneDrive\VS\Projects\DocxDocument\DocumentModel.InOpenXml\Drawings.Charts\Data\DataLabels.cs","DataLabels","ShowCategoryName","Element"
"D:\OneDrive\VS\Projects\DocxDocument\DocumentModel.InOpenXml\Drawings.Charts\Data\DataLabels.cs","DataLabels","ShowLeaderLines","Element"
"D:\OneDrive\VS\Projects\DocxDocument\DocumentModel.InOpenXml\Drawings.Charts\Data\DataLabels.cs","DataLabels","ShowLegendKey","Element"
"D:\OneDrive\VS\Projects\DocxDocument\DocumentModel.InOpenXml\Drawings.Charts\Data\DataLabels.cs","DataLabels","ShowPercent","Element"
"D:\OneDrive\VS\Projects\DocxDocument\DocumentModel.InOpenXml\Drawings.Charts\Data\DataLabels.cs","DataLabels","ShowSeriesName","Element"
"D:\OneDrive\VS\Projects\DocxDocument\DocumentModel.InOpenXml\Drawings.Charts\Data\DataLabels.cs","DataLabels","ShowValue","Element"
"D:\OneDrive\VS\Projects\DocxDocument\DocumentModel.InOpenXml\Drawings.Charts\Data\DataLabels.cs","DataLabels","TextProperties","Element"
"D:\OneDrive\VS\Projects\DocxDocument\DocumentModel.InOpenXml\Drawings.Charts\Data\DataLabelsRange.cs","DataLabelsRange","DataLabelsRangeCache","Element"
"D:\OneDrive\VS\Projects\DocxDocument\DocumentModel.InOpenXml\Drawings.Charts\Data\DataLabelsRange.cs","DataLabelsRange","Formula","Property"
"D:\OneDrive\VS\Projects\DocxDocument\DocumentModel.InOpenXml\Drawings.Charts\Data\DataLabelsRangeCache.cs","DataLabelsRangeCache","PointCount","Property"
"D:\OneDrive\VS\Projects\DocxDocument\DocumentModel.InOpenXml\Drawings.Charts\Data\DataLabelsRangeCache.cs","DataLabelsRangeCache","StrDataExtension","Element"
"D:\OneDrive\VS\Projects\DocxDocument\DocumentModel.InOpenXml\Drawings.Charts\Data\DataLabelsRangeCache.cs","DataLabelsRangeCache","StringPoints","Element"
"D:\OneDrive\VS\Projects\DocxDocument\DocumentModel.InOpenXml\Drawings.Charts\Data\DataPoint.cs","DataPoint","Bubble3D","Property"
"D:\OneDrive\VS\Projects\DocxDocument\DocumentModel.InOpenXml\Drawings.Charts\Data\DataPoint.cs","DataPoint","ChartShapeProperties","Property"
"D:\OneDrive\VS\Projects\DocxDocument\DocumentModel.InOpenXml\Drawings.Charts\Data\DataPoint.cs","DataPoint","Explosion","Property"
"D:\OneDrive\VS\Projects\DocxDocument\DocumentModel.InOpenXml\Drawings.Charts\Data\DataPoint.cs","DataPoint","ExtensionList","Property"
"D:\OneDrive\VS\Projects\DocxDocument\DocumentModel.InOpenXml\Drawings.Charts\Data\DataPoint.cs","DataPoint","Index","Property"
"D:\OneDrive\VS\Projects\DocxDocument\DocumentModel.InOpenXml\Drawings.Charts\Data\DataPoint.cs","DataPoint","InvertIfNegative","Property"
"D:\OneDrive\VS\Projects\DocxDocument\DocumentModel.InOpenXml\Drawings.Charts\Data\DataPoint.cs","DataPoint","Marker","Property"
"D:\OneDrive\VS\Projects\DocxDocument\DocumentModel.InOpenXml\Drawings.Charts\Data\DataPoint.cs","DataPoint","PictureOptions","Property"
"D:\OneDrive\VS\Projects\DocxDocument\DocumentModel.InOpenXml\Drawings.Charts\Data\DataTable.cs","DataTable","ChartShapeProperties","Property"
"D:\OneDrive\VS\Projects\DocxDocument\DocumentModel.InOpenXml\Drawings.Charts\Data\DataTable.cs","DataTable","ExtensionList","Property"
"D:\OneDrive\VS\Projects\DocxDocument\DocumentModel.InOpenXml\Drawings.Charts\Data\DataTable.cs","DataTable","ShowHorizontalBorder","Property"
"D:\OneDrive\VS\Projects\DocxDocument\DocumentModel.InOpenXml\Drawings.Charts\Data\DataTable.cs","DataTable","ShowKeys","Property"
"D:\OneDrive\VS\Projects\DocxDocument\DocumentModel.InOpenXml\Drawings.Charts\Data\DataTable.cs","DataTable","ShowOutlineBorder","Property"
"D:\OneDrive\VS\Projects\DocxDocument\DocumentModel.InOpenXml\Drawings.Charts\Data\DataTable.cs","DataTable","ShowVerticalBorder","Property"
"D:\OneDrive\VS\Projects\DocxDocument\DocumentModel.InOpenXml\Drawings.Charts\Data\DataTable.cs","DataTable","TextProperties","Property"
"D:\OneDrive\VS\Projects\DocxDocument\DocumentModel.InOpenXml\Drawings.Charts\Data\ExternalData.cs","ExternalData","AutoUpdate","Property"
"D:\OneDrive\VS\Projects\DocxDocument\DocumentModel.InOpenXml\Drawings.Charts\Data\ExternalData.cs","ExternalData","Id","Property"
"D:\OneDrive\VS\Projects\DocxDocument\DocumentModel.InOpenXml\Drawings.Charts\Data\FormulaReference.cs","FormulaReference","SequenceOfReferences","Property"
"D:\OneDrive\VS\Projects\DocxDocument\DocumentModel.InOpenXml\Drawings.Charts\Data\FullReference.cs","FullReference","SequenceOfReferences","Property"
"D:\OneDrive\VS\Projects\DocxDocument\DocumentModel.InOpenXml\Drawings.Charts\Data\LevelReference.cs","LevelReference","SequenceOfReferences","Property"
"D:\OneDrive\VS\Projects\DocxDocument\DocumentModel.InOpenXml\Drawings.Charts\Data\MultiLevelStringCache.cs","MultiLevelStringCache","ExtensionList","Element"
"D:\OneDrive\VS\Projects\DocxDocument\DocumentModel.InOpenXml\Drawings.Charts\Data\MultiLevelStringCache.cs","MultiLevelStringCache","Levels","Element"
"D:\OneDrive\VS\Projects\DocxDocument\DocumentModel.InOpenXml\Drawings.Charts\Data\MultiLevelStringCache.cs","MultiLevelStringCache","PointCount","Property"
"D:\OneDrive\VS\Projects\DocxDocument\DocumentModel.InOpenXml\Drawings.Charts\Data\MultiLevelStringReference.cs","MultiLevelStringReference","Formula","Property"
"D:\OneDrive\VS\Projects\DocxDocument\DocumentModel.InOpenXml\Drawings.Charts\Data\MultiLevelStringReference.cs","MultiLevelStringReference","MultiLevelStringCache","Property"
"D:\OneDrive\VS\Projects\DocxDocument\DocumentModel.InOpenXml\Drawings.Charts\Data\MultiLevelStringReference.cs","MultiLevelStringReference","MultiLvlStrRefExtensionList","Property"
"D:\OneDrive\VS\Projects\DocxDocument\DocumentModel.InOpenXml\Drawings.Charts\Data\NumberDataSourceType.cs","NumberDataSourceType","NumberLiteral","Property"
"D:\OneDrive\VS\Projects\DocxDocument\DocumentModel.InOpenXml\Drawings.Charts\Data\NumberDataSourceType.cs","NumberDataSourceType","NumberReference","Property"
"D:\OneDrive\VS\Projects\DocxDocument\DocumentModel.InOpenXml\Drawings.Charts\Data\NumberDataType.cs","NumberDataType","FormatCode","Property"
"D:\OneDrive\VS\Projects\DocxDocument\DocumentModel.InOpenXml\Drawings.Charts\Data\NumberDataType.cs","NumberDataType","PointCount","Property"
"D:\OneDrive\VS\Projects\DocxDocument\DocumentModel.InOpenXml\Drawings.Charts\Data\NumberingCache.cs","NumberingCache","ExtensionList","Element"
"D:\OneDrive\VS\Projects\DocxDocument\DocumentModel.InOpenXml\Drawings.Charts\Data\NumberingCache.cs","NumberingCache","FormatCode","Property"
"D:\OneDrive\VS\Projects\DocxDocument\DocumentModel.InOpenXml\Drawings.Charts\Data\NumberingCache.cs","NumberingCache","NumericPoints","Element"
"D:\OneDrive\VS\Projects\DocxDocument\DocumentModel.InOpenXml\Drawings.Charts\Data\NumberingCache.cs","NumberingCache","PointCount","Property"
"D:\OneDrive\VS\Projects\DocxDocument\DocumentModel.InOpenXml\Drawings.Charts\Data\NumberLiteral.cs","NumberLiteral","ExtensionList","Element"
"D:\OneDrive\VS\Projects\DocxDocument\DocumentModel.InOpenXml\Drawings.Charts\Data\NumberLiteral.cs","NumberLiteral","FormatCode","Property"
"D:\OneDrive\VS\Projects\DocxDocument\DocumentModel.InOpenXml\Drawings.Charts\Data\NumberLiteral.cs","NumberLiteral","NumericPoints","Element"
"D:\OneDrive\VS\Projects\DocxDocument\DocumentModel.InOpenXml\Drawings.Charts\Data\NumberLiteral.cs","NumberLiteral","PointCount","Property"
"D:\OneDrive\VS\Projects\DocxDocument\DocumentModel.InOpenXml\Drawings.Charts\Data\NumberReference.cs","NumberReference","Formula","Property"
"D:\OneDrive\VS\Projects\DocxDocument\DocumentModel.InOpenXml\Drawings.Charts\Data\NumberReference.cs","NumberReference","NumberingCache","Property"
"D:\OneDrive\VS\Projects\DocxDocument\DocumentModel.InOpenXml\Drawings.Charts\Data\NumberReference.cs","NumberReference","NumRefExtension","Element"
"D:\OneDrive\VS\Projects\DocxDocument\DocumentModel.InOpenXml\Drawings.Charts\Data\NumericPoints.cs","NumericPoints","FormatCode","Property"
"D:\OneDrive\VS\Projects\DocxDocument\DocumentModel.InOpenXml\Drawings.Charts\Data\NumericPoints.cs","NumericPoints","Index","Property"
"D:\OneDrive\VS\Projects\DocxDocument\DocumentModel.InOpenXml\Drawings.Charts\Data\NumericPoints.cs","NumericPoints","NumericValue","Property"
"D:\OneDrive\VS\Projects\DocxDocument\DocumentModel.InOpenXml\Drawings.Charts\Data\RichText.cs","RichText","BodyProperties","Property"
"D:\OneDrive\VS\Projects\DocxDocument\DocumentModel.InOpenXml\Drawings.Charts\Data\RichText.cs","RichText","ListStyle","Property"
"D:\OneDrive\VS\Projects\DocxDocument\DocumentModel.InOpenXml\Drawings.Charts\Data\RichText.cs","RichText","Paragraph","Element"
"D:\OneDrive\VS\Projects\DocxDocument\DocumentModel.InOpenXml\Drawings.Charts\Data\SeriesText.cs","SeriesText","NumericValue","Property"
"D:\OneDrive\VS\Projects\DocxDocument\DocumentModel.InOpenXml\Drawings.Charts\Data\SeriesText.cs","SeriesText","StringReference","Property"
"D:\OneDrive\VS\Projects\DocxDocument\DocumentModel.InOpenXml\Drawings.Charts\Data\StringCache.cs","StringCache","PointCount","Property"
"D:\OneDrive\VS\Projects\DocxDocument\DocumentModel.InOpenXml\Drawings.Charts\Data\StringCache.cs","StringCache","StrDataExtension","Element"
"D:\OneDrive\VS\Projects\DocxDocument\DocumentModel.InOpenXml\Drawings.Charts\Data\StringCache.cs","StringCache","StringPoints","Element"
"D:\OneDrive\VS\Projects\DocxDocument\DocumentModel.InOpenXml\Drawings.Charts\Data\StringDataType.cs","StringDataType","PointCount","Property"
"D:\OneDrive\VS\Projects\DocxDocument\DocumentModel.InOpenXml\Drawings.Charts\Data\StringLiteral.cs","StringLiteral","PointCount","Property"
"D:\OneDrive\VS\Projects\DocxDocument\DocumentModel.InOpenXml\Drawings.Charts\Data\StringLiteral.cs","StringLiteral","StrDataExtension","Element"
"D:\OneDrive\VS\Projects\DocxDocument\DocumentModel.InOpenXml\Drawings.Charts\Data\StringLiteral.cs","StringLiteral","StringPoints","Element"
"D:\OneDrive\VS\Projects\DocxDocument\DocumentModel.InOpenXml\Drawings.Charts\Data\StringPoint.cs","StringPoint","Index","Property"
"D:\OneDrive\VS\Projects\DocxDocument\DocumentModel.InOpenXml\Drawings.Charts\Data\StringPoint.cs","StringPoint","NumericValue","Property"
"D:\OneDrive\VS\Projects\DocxDocument\DocumentModel.InOpenXml\Drawings.Charts\Data\StringReference.cs","StringReference","Formula","Property"
"D:\OneDrive\VS\Projects\DocxDocument\DocumentModel.InOpenXml\Drawings.Charts\Data\StringReference.cs","StringReference","StringCache","Property"
"D:\OneDrive\VS\Projects\DocxDocument\DocumentModel.InOpenXml\Drawings.Charts\Data\StringReference.cs","StringReference","StrRefExtension","Element"
"D:\OneDrive\VS\Projects\DocxDocument\DocumentModel.InOpenXml\Drawings.Charts\Data\Values.cs","Values","NumberLiteral","Property"
"D:\OneDrive\VS\Projects\DocxDocument\DocumentModel.InOpenXml\Drawings.Charts\Data\Values.cs","Values","NumberReference","Property"
"D:\OneDrive\VS\Projects\DocxDocument\DocumentModel.InOpenXml\Drawings.Charts\Data\XValues.cs","XValues","MultiLevelStringReference","Property"
"D:\OneDrive\VS\Projects\DocxDocument\DocumentModel.InOpenXml\Drawings.Charts\Data\XValues.cs","XValues","NumberLiteral","Property"
"D:\OneDrive\VS\Projects\DocxDocument\DocumentModel.InOpenXml\Drawings.Charts\Data\XValues.cs","XValues","NumberReference","Property"
"D:\OneDrive\VS\Projects\DocxDocument\DocumentModel.InOpenXml\Drawings.Charts\Data\XValues.cs","XValues","StringLiteral","Property"
"D:\OneDrive\VS\Projects\DocxDocument\DocumentModel.InOpenXml\Drawings.Charts\Data\XValues.cs","XValues","StringReference","Property"
"D:\OneDrive\VS\Projects\DocxDocument\DocumentModel.InOpenXml\Drawings.Charts\Data\YValues.cs","YValues","NumberLiteral","Property"
"D:\OneDrive\VS\Projects\DocxDocument\DocumentModel.InOpenXml\Drawings.Charts\Data\YValues.cs","YValues","NumberReference","Property"
"D:\OneDrive\VS\Projects\DocxDocument\DocumentModel.InOpenXml\Drawings.Charts\Extensions\DataLabelExtension.cs","DataLabelExtension","DataLabelFieldTable","Element"
"D:\OneDrive\VS\Projects\DocxDocument\DocumentModel.InOpenXml\Drawings.Charts\Extensions\DataLabelExtension.cs","DataLabelExtension","ExceptionForSave","Element"
"D:\OneDrive\VS\Projects\DocxDocument\DocumentModel.InOpenXml\Drawings.Charts\Extensions\DataLabelExtension.cs","DataLabelExtension","ShapeProperties","Element"
"D:\OneDrive\VS\Projects\DocxDocument\DocumentModel.InOpenXml\Drawings.Charts\Extensions\DataLabelExtension.cs","DataLabelExtension","ShowDataLabelsRange","Element"
"D:\OneDrive\VS\Projects\DocxDocument\DocumentModel.InOpenXml\Drawings.Charts\Extensions\DataLabelsExtension.cs","DataLabelsExtension","ChartText","Element"
"D:\OneDrive\VS\Projects\DocxDocument\DocumentModel.InOpenXml\Drawings.Charts\Extensions\DataLabelsExtension.cs","DataLabelsExtension","DataLabelFieldTable","Element"
"D:\OneDrive\VS\Projects\DocxDocument\DocumentModel.InOpenXml\Drawings.Charts\Extensions\DataLabelsExtension.cs","DataLabelsExtension","ShowDataLabelsRange","Element"
"D:\OneDrive\VS\Projects\DocxDocument\DocumentModel.InOpenXml\Drawings.Charts\Extensions\DataLabelsExtension.cs","DataLabelsExtension","ShowLeaderLines","Element"
"D:\OneDrive\VS\Projects\DocxDocument\DocumentModel.InOpenXml\Drawings.Charts\Extensions\MultiLevelStrRefExtension.cs","MultiLevelStrRefExtension","FormulaReference","Element"
"D:\OneDrive\VS\Projects\DocxDocument\DocumentModel.InOpenXml\Drawings.Charts\Extensions\MultiLevelStrRefExtension.cs","MultiLevelStrRefExtension","FullReference","Element"
"D:\OneDrive\VS\Projects\DocxDocument\DocumentModel.InOpenXml\Drawings.Charts\Extensions\MultiLevelStrRefExtension.cs","MultiLevelStrRefExtension","LevelReference","Element"
"D:\OneDrive\VS\Projects\DocxDocument\DocumentModel.InOpenXml\Drawings.Charts\Extensions\StrDataExtension.cs","StrDataExtension","AutoGeneratedCategories","Element"
"D:\OneDrive\VS\Projects\DocxDocument\DocumentModel.InOpenXml\Drawings.Charts\Extensions\StrRefExtension.cs","StrRefExtension","FormulaReference","Element"
"D:\OneDrive\VS\Projects\DocxDocument\DocumentModel.InOpenXml\Drawings.Charts\Extensions\StrRefExtension.cs","StrRefExtension","FullReference","Element"
"D:\OneDrive\VS\Projects\DocxDocument\DocumentModel.InOpenXml\Drawings.Charts\Extensions\StrRefExtension.cs","StrRefExtension","LevelReference","Element"
"D:\OneDrive\VS\Projects\DocxDocument\DocumentModel.InOpenXml\Drawings.Charts\Formatting\BandFormat.cs","BandFormat","ChartShapeProperties","Property"
"D:\OneDrive\VS\Projects\DocxDocument\DocumentModel.InOpenXml\Drawings.Charts\Formatting\BandFormat.cs","BandFormat","Index","Property"
"D:\OneDrive\VS\Projects\DocxDocument\DocumentModel.InOpenXml\Drawings.Charts\Formatting\ChartShapeProperties.cs","ChartShapeProperties","BlackWhiteMode","Property"
"D:\OneDrive\VS\Projects\DocxDocument\DocumentModel.InOpenXml\Drawings.Charts\Formatting\ChartShapeProperties.cs","ChartShapeProperties","CustomGeometry","Element"
"D:\OneDrive\VS\Projects\DocxDocument\DocumentModel.InOpenXml\Drawings.Charts\Formatting\ChartShapeProperties.cs","ChartShapeProperties","EffectDag","Element"
"D:\OneDrive\VS\Projects\DocxDocument\DocumentModel.InOpenXml\Drawings.Charts\Formatting\ChartShapeProperties.cs","ChartShapeProperties","EffectList","Element"
"D:\OneDrive\VS\Projects\DocxDocument\DocumentModel.InOpenXml\Drawings.Charts\Formatting\ChartShapeProperties.cs","ChartShapeProperties","ExtensionList","Element"
"D:\OneDrive\VS\Projects\DocxDocument\DocumentModel.InOpenXml\Drawings.Charts\Formatting\ChartShapeProperties.cs","ChartShapeProperties","Fill","Element"
"D:\OneDrive\VS\Projects\DocxDocument\DocumentModel.InOpenXml\Drawings.Charts\Formatting\ChartShapeProperties.cs","ChartShapeProperties","Outline","Element"
"D:\OneDrive\VS\Projects\DocxDocument\DocumentModel.InOpenXml\Drawings.Charts\Formatting\ChartShapeProperties.cs","ChartShapeProperties","PresetGeometry","Element"
"D:\OneDrive\VS\Projects\DocxDocument\DocumentModel.InOpenXml\Drawings.Charts\Formatting\ChartShapeProperties.cs","ChartShapeProperties","Scene3DType","Element"
"D:\OneDrive\VS\Projects\DocxDocument\DocumentModel.InOpenXml\Drawings.Charts\Formatting\ChartShapeProperties.cs","ChartShapeProperties","Shape3DType","Element"
"D:\OneDrive\VS\Projects\DocxDocument\DocumentModel.InOpenXml\Drawings.Charts\Formatting\ChartShapeProperties.cs","ChartShapeProperties","Transform2D","Property"
"D:\OneDrive\VS\Projects\DocxDocument\DocumentModel.InOpenXml\Drawings.Charts\Formatting\OverrideColorMapping.cs","OverrideColorMapping","Accent1","Property"
"D:\OneDrive\VS\Projects\DocxDocument\DocumentModel.InOpenXml\Drawings.Charts\Formatting\OverrideColorMapping.cs","OverrideColorMapping","Accent2","Property"
"D:\OneDrive\VS\Projects\DocxDocument\DocumentModel.InOpenXml\Drawings.Charts\Formatting\OverrideColorMapping.cs","OverrideColorMapping","Accent3","Property"
"D:\OneDrive\VS\Projects\DocxDocument\DocumentModel.InOpenXml\Drawings.Charts\Formatting\OverrideColorMapping.cs","OverrideColorMapping","Accent4","Property"
"D:\OneDrive\VS\Projects\DocxDocument\DocumentModel.InOpenXml\Drawings.Charts\Formatting\OverrideColorMapping.cs","OverrideColorMapping","Accent5","Property"
"D:\OneDrive\VS\Projects\DocxDocument\DocumentModel.InOpenXml\Drawings.Charts\Formatting\OverrideColorMapping.cs","OverrideColorMapping","Accent6","Property"
"D:\OneDrive\VS\Projects\DocxDocument\DocumentModel.InOpenXml\Drawings.Charts\Formatting\OverrideColorMapping.cs","OverrideColorMapping","Background1","Property"
"D:\OneDrive\VS\Projects\DocxDocument\DocumentModel.InOpenXml\Drawings.Charts\Formatting\OverrideColorMapping.cs","OverrideColorMapping","Background2","Property"
"D:\OneDrive\VS\Projects\DocxDocument\DocumentModel.InOpenXml\Drawings.Charts\Formatting\OverrideColorMapping.cs","OverrideColorMapping","FollowedHyperlink","Property"
"D:\OneDrive\VS\Projects\DocxDocument\DocumentModel.InOpenXml\Drawings.Charts\Formatting\OverrideColorMapping.cs","OverrideColorMapping","Hyperlink","Property"
"D:\OneDrive\VS\Projects\DocxDocument\DocumentModel.InOpenXml\Drawings.Charts\Formatting\OverrideColorMapping.cs","OverrideColorMapping","Text1","Property"
"D:\OneDrive\VS\Projects\DocxDocument\DocumentModel.InOpenXml\Drawings.Charts\Formatting\OverrideColorMapping.cs","OverrideColorMapping","Text2","Property"
"D:\OneDrive\VS\Projects\DocxDocument\DocumentModel.InOpenXml\Drawings.Charts\Formatting\PictureOptions.cs","PictureOptions","ApplyToEnd","Property"
"D:\OneDrive\VS\Projects\DocxDocument\DocumentModel.InOpenXml\Drawings.Charts\Formatting\PictureOptions.cs","PictureOptions","ApplyToFront","Property"
"D:\OneDrive\VS\Projects\DocxDocument\DocumentModel.InOpenXml\Drawings.Charts\Formatting\PictureOptions.cs","PictureOptions","ApplyToSides","Property"
"D:\OneDrive\VS\Projects\DocxDocument\DocumentModel.InOpenXml\Drawings.Charts\Formatting\PictureOptions.cs","PictureOptions","PictureFormat","Property"
"D:\OneDrive\VS\Projects\DocxDocument\DocumentModel.InOpenXml\Drawings.Charts\Formatting\PictureOptions.cs","PictureOptions","PictureStackUnit","Property"
"D:\OneDrive\VS\Projects\DocxDocument\DocumentModel.InOpenXml\Drawings.Charts\Formatting\PivotFormat.cs","PivotFormat","DataLabel","Property"
"D:\OneDrive\VS\Projects\DocxDocument\DocumentModel.InOpenXml\Drawings.Charts\Formatting\PivotFormat.cs","PivotFormat","ExtensionList","Property"
"D:\OneDrive\VS\Projects\DocxDocument\DocumentModel.InOpenXml\Drawings.Charts\Formatting\PivotFormat.cs","PivotFormat","Index","Property"
"D:\OneDrive\VS\Projects\DocxDocument\DocumentModel.InOpenXml\Drawings.Charts\Formatting\PivotFormat.cs","PivotFormat","Marker","Property"
"D:\OneDrive\VS\Projects\DocxDocument\DocumentModel.InOpenXml\Drawings.Charts\Formatting\PivotFormat.cs","PivotFormat","ShapeProperties","Property"
"D:\OneDrive\VS\Projects\DocxDocument\DocumentModel.InOpenXml\Drawings.Charts\Formatting\ShapeProperties.cs","ShapeProperties","CustomGeometry","Element"
"D:\OneDrive\VS\Projects\DocxDocument\DocumentModel.InOpenXml\Drawings.Charts\Formatting\ShapeProperties.cs","ShapeProperties","EffectDag","Element"
"D:\OneDrive\VS\Projects\DocxDocument\DocumentModel.InOpenXml\Drawings.Charts\Formatting\ShapeProperties.cs","ShapeProperties","EffectList","Element"
"D:\OneDrive\VS\Projects\DocxDocument\DocumentModel.InOpenXml\Drawings.Charts\Formatting\ShapeProperties.cs","ShapeProperties","Fill","Element"
"D:\OneDrive\VS\Projects\DocxDocument\DocumentModel.InOpenXml\Drawings.Charts\Formatting\ShapeProperties.cs","ShapeProperties","Outline","Element"
"D:\OneDrive\VS\Projects\DocxDocument\DocumentModel.InOpenXml\Drawings.Charts\Formatting\ShapeProperties.cs","ShapeProperties","PresetGeometry","Element"
"D:\OneDrive\VS\Projects\DocxDocument\DocumentModel.InOpenXml\Drawings.Charts\Formatting\ShapeProperties.cs","ShapeProperties","Scene3DType","Element"
"D:\OneDrive\VS\Projects\DocxDocument\DocumentModel.InOpenXml\Drawings.Charts\Formatting\ShapeProperties.cs","ShapeProperties","Shape3DType","Element"
"D:\OneDrive\VS\Projects\DocxDocument\DocumentModel.InOpenXml\Drawings.Charts\Formatting\ShapeProperties.cs","ShapeProperties","ShapePropertiesExtensionList","Element"
"D:\OneDrive\VS\Projects\DocxDocument\DocumentModel.InOpenXml\Drawings.Charts\Formatting\SketchOptions.cs","SketchOptions","InSketchMode","Property"
"D:\OneDrive\VS\Projects\DocxDocument\DocumentModel.InOpenXml\Drawings.Charts\Formatting\SketchOptions.cs","SketchOptions","ShowSketchButton","Property"
"D:\OneDrive\VS\Projects\DocxDocument\DocumentModel.InOpenXml\Drawings.Charts\Formatting\TextBodyType.cs","TextBodyType","BodyProperties","Property"
"D:\OneDrive\VS\Projects\DocxDocument\DocumentModel.InOpenXml\Drawings.Charts\Formatting\TextBodyType.cs","TextBodyType","ListStyle","Property"
"D:\OneDrive\VS\Projects\DocxDocument\DocumentModel.InOpenXml\Drawings.Charts\Formatting\TextProperties.cs","TextProperties","BodyProperties","Property"
"D:\OneDrive\VS\Projects\DocxDocument\DocumentModel.InOpenXml\Drawings.Charts\Formatting\TextProperties.cs","TextProperties","ListStyle","Property"
"D:\OneDrive\VS\Projects\DocxDocument\DocumentModel.InOpenXml\Drawings.Charts\Formatting\TextProperties.cs","TextProperties","Paragraph","Element"
"D:\OneDrive\VS\Projects\DocxDocument\DocumentModel.InOpenXml\Drawings.Charts\Specific axis types\Category axis\CategoryAxisData.cs","CategoryAxisData","MultiLevelStringReference","Element"
"D:\OneDrive\VS\Projects\DocxDocument\DocumentModel.InOpenXml\Drawings.Charts\Specific axis types\Category axis\CategoryAxisData.cs","CategoryAxisData","NumberLiteral","Element"
"D:\OneDrive\VS\Projects\DocxDocument\DocumentModel.InOpenXml\Drawings.Charts\Specific axis types\Category axis\CategoryAxisData.cs","CategoryAxisData","NumberReference","Element"
"D:\OneDrive\VS\Projects\DocxDocument\DocumentModel.InOpenXml\Drawings.Charts\Specific axis types\Category axis\CategoryAxisData.cs","CategoryAxisData","StringLiteral","Element"
"D:\OneDrive\VS\Projects\DocxDocument\DocumentModel.InOpenXml\Drawings.Charts\Specific axis types\Category axis\CategoryAxisData.cs","CategoryAxisData","StringReference","Element"
"D:\OneDrive\VS\Projects\DocxDocument\DocumentModel.InOpenXml\Drawings.Charts\Specific axis types\Date axis\DateAxis.cs","DateAxis","AutoLabeled","Element"
"D:\OneDrive\VS\Projects\DocxDocument\DocumentModel.InOpenXml\Drawings.Charts\Specific axis types\Date axis\DateAxis.cs","DateAxis","BaseTimeUnit","Element"
"D:\OneDrive\VS\Projects\DocxDocument\DocumentModel.InOpenXml\Drawings.Charts\Specific axis types\Date axis\DateAxis.cs","DateAxis","DateAxExtensionList","Element"
"D:\OneDrive\VS\Projects\DocxDocument\DocumentModel.InOpenXml\Drawings.Charts\Specific axis types\Date axis\DateAxis.cs","DateAxis","LabelOffset","Element"
"D:\OneDrive\VS\Projects\DocxDocument\DocumentModel.InOpenXml\Drawings.Charts\Specific axis types\Date axis\DateAxis.cs","DateAxis","MajorTimeUnit","Element"
"D:\OneDrive\VS\Projects\DocxDocument\DocumentModel.InOpenXml\Drawings.Charts\Specific axis types\Date axis\DateAxis.cs","DateAxis","MajorUnit","Element"
"D:\OneDrive\VS\Projects\DocxDocument\DocumentModel.InOpenXml\Drawings.Charts\Specific axis types\Date axis\DateAxis.cs","DateAxis","MinorTimeUnit","Element"
"D:\OneDrive\VS\Projects\DocxDocument\DocumentModel.InOpenXml\Drawings.Charts\Specific axis types\Date axis\DateAxis.cs","DateAxis","MinorUnit","Element"
"D:\OneDrive\VS\Projects\DocxDocument\DocumentModel.InOpenXml\Drawings.Charts\Specific axis types\Series axis\SeriesAxis.cs","SeriesAxis","SerAxExtensionList","Element"
"D:\OneDrive\VS\Projects\DocxDocument\DocumentModel.InOpenXml\Drawings.Charts\Specific axis types\Series axis\SeriesAxis.cs","SeriesAxis","TickLabelSkip","Element"
"D:\OneDrive\VS\Projects\DocxDocument\DocumentModel.InOpenXml\Drawings.Charts\Specific axis types\Series axis\SeriesAxis.cs","SeriesAxis","TickMarkSkip","Element"
"D:\OneDrive\VS\Projects\DocxDocument\DocumentModel.InOpenXml\Drawings.Charts\Specific axis types\Value axis\ValueAxis.cs","ValueAxis","CrossBetween","Element"
"D:\OneDrive\VS\Projects\DocxDocument\DocumentModel.InOpenXml\Drawings.Charts\Specific axis types\Value axis\ValueAxis.cs","ValueAxis","DisplayUnits","Element"
"D:\OneDrive\VS\Projects\DocxDocument\DocumentModel.InOpenXml\Drawings.Charts\Specific axis types\Value axis\ValueAxis.cs","ValueAxis","MajorUnit","Element"
"D:\OneDrive\VS\Projects\DocxDocument\DocumentModel.InOpenXml\Drawings.Charts\Specific axis types\Value axis\ValueAxis.cs","ValueAxis","MinorUnit","Element"
"D:\OneDrive\VS\Projects\DocxDocument\DocumentModel.InOpenXml\Drawings.Charts\Specific axis types\Value axis\ValueAxis.cs","ValueAxis","ValAxExtensionList","Element"
"D:\OneDrive\VS\Projects\DocxDocument\DocumentModel.InOpenXml\Drawings.Charts\Specific chart types\Area charts\Area3DChart.cs","Area3DChart","Area3DChartExtension","Element"
"D:\OneDrive\VS\Projects\DocxDocument\DocumentModel.InOpenXml\Drawings.Charts\Specific chart types\Area charts\Area3DChart.cs","Area3DChart","AreaChartSeries","Element"
"D:\OneDrive\VS\Projects\DocxDocument\DocumentModel.InOpenXml\Drawings.Charts\Specific chart types\Area charts\Area3DChart.cs","Area3DChart","AxisIds","Element"
"D:\OneDrive\VS\Projects\DocxDocument\DocumentModel.InOpenXml\Drawings.Charts\Specific chart types\Area charts\Area3DChart.cs","Area3DChart","DataLabels","Element"
"D:\OneDrive\VS\Projects\DocxDocument\DocumentModel.InOpenXml\Drawings.Charts\Specific chart types\Area charts\Area3DChart.cs","Area3DChart","DropLines","Element"
"D:\OneDrive\VS\Projects\DocxDocument\DocumentModel.InOpenXml\Drawings.Charts\Specific chart types\Area charts\Area3DChart.cs","Area3DChart","GapDepth","Element"
"D:\OneDrive\VS\Projects\DocxDocument\DocumentModel.InOpenXml\Drawings.Charts\Specific chart types\Area charts\Area3DChart.cs","Area3DChart","Grouping","Property"
"D:\OneDrive\VS\Projects\DocxDocument\DocumentModel.InOpenXml\Drawings.Charts\Specific chart types\Area charts\Area3DChart.cs","Area3DChart","VaryColors","Property"
"D:\OneDrive\VS\Projects\DocxDocument\DocumentModel.InOpenXml\Drawings.Charts\Specific chart types\Area charts\Area3DChartExtension.cs","Area3DChartExtension","FilteredAreaSeries","Element"
"D:\OneDrive\VS\Projects\DocxDocument\DocumentModel.InOpenXml\Drawings.Charts\Specific chart types\Area charts\AreaChart.cs","AreaChart","AreaChartExtension","Element"
"D:\OneDrive\VS\Projects\DocxDocument\DocumentModel.InOpenXml\Drawings.Charts\Specific chart types\Area charts\AreaChart.cs","AreaChart","AreaChartSeries","Element"
"D:\OneDrive\VS\Projects\DocxDocument\DocumentModel.InOpenXml\Drawings.Charts\Specific chart types\Area charts\AreaChart.cs","AreaChart","AxisIds","Element"
"D:\OneDrive\VS\Projects\DocxDocument\DocumentModel.InOpenXml\Drawings.Charts\Specific chart types\Area charts\AreaChart.cs","AreaChart","DataLabels","Element"
"D:\OneDrive\VS\Projects\DocxDocument\DocumentModel.InOpenXml\Drawings.Charts\Specific chart types\Area charts\AreaChart.cs","AreaChart","DropLines","Element"
"D:\OneDrive\VS\Projects\DocxDocument\DocumentModel.InOpenXml\Drawings.Charts\Specific chart types\Area charts\AreaChart.cs","AreaChart","Grouping","Property"
"D:\OneDrive\VS\Projects\DocxDocument\DocumentModel.InOpenXml\Drawings.Charts\Specific chart types\Area charts\AreaChart.cs","AreaChart","VaryColors","Property"
"D:\OneDrive\VS\Projects\DocxDocument\DocumentModel.InOpenXml\Drawings.Charts\Specific chart types\Area charts\AreaChartExtension.cs","AreaChartExtension","FilteredAreaSeries","Element"
"D:\OneDrive\VS\Projects\DocxDocument\DocumentModel.InOpenXml\Drawings.Charts\Specific chart types\Area charts\AreaChartSeries.cs","AreaChartSeries","AreaSerExtensionList","Element"
"D:\OneDrive\VS\Projects\DocxDocument\DocumentModel.InOpenXml\Drawings.Charts\Specific chart types\Area charts\AreaChartSeries.cs","AreaChartSeries","DataLabels","Element"
"D:\OneDrive\VS\Projects\DocxDocument\DocumentModel.InOpenXml\Drawings.Charts\Specific chart types\Area charts\AreaChartSeries.cs","AreaChartSeries","DataPoints","Element"
"D:\OneDrive\VS\Projects\DocxDocument\DocumentModel.InOpenXml\Drawings.Charts\Specific chart types\Area charts\AreaChartSeries.cs","AreaChartSeries","Index","Property"
"D:\OneDrive\VS\Projects\DocxDocument\DocumentModel.InOpenXml\Drawings.Charts\Specific chart types\Area charts\AreaChartSeries.cs","AreaChartSeries","Order","Property"
"D:\OneDrive\VS\Projects\DocxDocument\DocumentModel.InOpenXml\Drawings.Charts\Specific chart types\Area charts\AreaChartSeries.cs","AreaChartSeries","SeriesText","Property"
"D:\OneDrive\VS\Projects\DocxDocument\DocumentModel.InOpenXml\Drawings.Charts\Specific chart types\Area charts\AreaChartSeries.cs","AreaChartSeries","ShapeProperties","Element"
"D:\OneDrive\VS\Projects\DocxDocument\DocumentModel.InOpenXml\Drawings.Charts\Specific chart types\Area charts\AreaSerExtension.cs","AreaSerExtension","CategoryFilterExceptions","Element"
"D:\OneDrive\VS\Projects\DocxDocument\DocumentModel.InOpenXml\Drawings.Charts\Specific chart types\Area charts\AreaSerExtension.cs","AreaSerExtension","DataLabelsRange","Element"
"D:\OneDrive\VS\Projects\DocxDocument\DocumentModel.InOpenXml\Drawings.Charts\Specific chart types\Area charts\AreaSerExtension.cs","AreaSerExtension","FilteredCategoryTitle","Element"
"D:\OneDrive\VS\Projects\DocxDocument\DocumentModel.InOpenXml\Drawings.Charts\Specific chart types\Area charts\AreaSerExtension.cs","AreaSerExtension","FilteredSeriesTitle","Element"
"D:\OneDrive\VS\Projects\DocxDocument\DocumentModel.InOpenXml\Drawings.Charts\Specific chart types\Bar charts\Bar3DChart.cs","Bar3DChart","AxisIds","Element"
"D:\OneDrive\VS\Projects\DocxDocument\DocumentModel.InOpenXml\Drawings.Charts\Specific chart types\Bar charts\Bar3DChart.cs","Bar3DChart","Bar3DChartExtensionList","Element"
"D:\OneDrive\VS\Projects\DocxDocument\DocumentModel.InOpenXml\Drawings.Charts\Specific chart types\Bar charts\Bar3DChart.cs","Bar3DChart","BarChartSeries","Element"
"D:\OneDrive\VS\Projects\DocxDocument\DocumentModel.InOpenXml\Drawings.Charts\Specific chart types\Bar charts\Bar3DChart.cs","Bar3DChart","BarDirection","Property"
"D:\OneDrive\VS\Projects\DocxDocument\DocumentModel.InOpenXml\Drawings.Charts\Specific chart types\Bar charts\Bar3DChart.cs","Bar3DChart","BarGrouping","Property"
"D:\OneDrive\VS\Projects\DocxDocument\DocumentModel.InOpenXml\Drawings.Charts\Specific chart types\Bar charts\Bar3DChart.cs","Bar3DChart","DataLabels","Element"
"D:\OneDrive\VS\Projects\DocxDocument\DocumentModel.InOpenXml\Drawings.Charts\Specific chart types\Bar charts\Bar3DChart.cs","Bar3DChart","GapDepth","Element"
"D:\OneDrive\VS\Projects\DocxDocument\DocumentModel.InOpenXml\Drawings.Charts\Specific chart types\Bar charts\Bar3DChart.cs","Bar3DChart","GapWidth","Element"
"D:\OneDrive\VS\Projects\DocxDocument\DocumentModel.InOpenXml\Drawings.Charts\Specific chart types\Bar charts\Bar3DChart.cs","Bar3DChart","Shape","Element"
"D:\OneDrive\VS\Projects\DocxDocument\DocumentModel.InOpenXml\Drawings.Charts\Specific chart types\Bar charts\Bar3DChart.cs","Bar3DChart","VaryColors","Property"
"D:\OneDrive\VS\Projects\DocxDocument\DocumentModel.InOpenXml\Drawings.Charts\Specific chart types\Bar charts\BarChart.cs","BarChart","AxisIds","Element"
"D:\OneDrive\VS\Projects\DocxDocument\DocumentModel.InOpenXml\Drawings.Charts\Specific chart types\Bar charts\BarChart.cs","BarChart","BarChartExtensionList","Element"
"D:\OneDrive\VS\Projects\DocxDocument\DocumentModel.InOpenXml\Drawings.Charts\Specific chart types\Bar charts\BarChart.cs","BarChart","BarChartSeries","Element"
"D:\OneDrive\VS\Projects\DocxDocument\DocumentModel.InOpenXml\Drawings.Charts\Specific chart types\Bar charts\BarChart.cs","BarChart","BarDirection","Property"
"D:\OneDrive\VS\Projects\DocxDocument\DocumentModel.InOpenXml\Drawings.Charts\Specific chart types\Bar charts\BarChart.cs","BarChart","BarGrouping","Property"
"D:\OneDrive\VS\Projects\DocxDocument\DocumentModel.InOpenXml\Drawings.Charts\Specific chart types\Bar charts\BarChart.cs","BarChart","DataLabels","Element"
"D:\OneDrive\VS\Projects\DocxDocument\DocumentModel.InOpenXml\Drawings.Charts\Specific chart types\Bar charts\BarChart.cs","BarChart","GapWidth","Element"
"D:\OneDrive\VS\Projects\DocxDocument\DocumentModel.InOpenXml\Drawings.Charts\Specific chart types\Bar charts\BarChart.cs","BarChart","Overlap","Element"
"D:\OneDrive\VS\Projects\DocxDocument\DocumentModel.InOpenXml\Drawings.Charts\Specific chart types\Bar charts\BarChart.cs","BarChart","SeriesLines","Element"
"D:\OneDrive\VS\Projects\DocxDocument\DocumentModel.InOpenXml\Drawings.Charts\Specific chart types\Bar charts\BarChart.cs","BarChart","VaryColors","Property"
"D:\OneDrive\VS\Projects\DocxDocument\DocumentModel.InOpenXml\Drawings.Charts\Specific chart types\Bar charts\BarChartExtension.cs","BarChartExtension","FilteredBarSeries","Element"
"D:\OneDrive\VS\Projects\DocxDocument\DocumentModel.InOpenXml\Drawings.Charts\Specific chart types\Bar charts\BarChartSeries.cs","BarChartSeries","BarSerExtensionList","Element"
"D:\OneDrive\VS\Projects\DocxDocument\DocumentModel.InOpenXml\Drawings.Charts\Specific chart types\Bar charts\BarChartSeries.cs","BarChartSeries","CategoryAxisData","Element"
"D:\OneDrive\VS\Projects\DocxDocument\DocumentModel.InOpenXml\Drawings.Charts\Specific chart types\Bar charts\BarChartSeries.cs","BarChartSeries","ChartShapeProperties","Property"
"D:\OneDrive\VS\Projects\DocxDocument\DocumentModel.InOpenXml\Drawings.Charts\Specific chart types\Bar charts\BarChartSeries.cs","BarChartSeries","DataLabels","Element"
"D:\OneDrive\VS\Projects\DocxDocument\DocumentModel.InOpenXml\Drawings.Charts\Specific chart types\Bar charts\BarChartSeries.cs","BarChartSeries","DataPoints","Element"
"D:\OneDrive\VS\Projects\DocxDocument\DocumentModel.InOpenXml\Drawings.Charts\Specific chart types\Bar charts\BarChartSeries.cs","BarChartSeries","ErrorBars","Element"
"D:\OneDrive\VS\Projects\DocxDocument\DocumentModel.InOpenXml\Drawings.Charts\Specific chart types\Bar charts\BarChartSeries.cs","BarChartSeries","Index","Property"
"D:\OneDrive\VS\Projects\DocxDocument\DocumentModel.InOpenXml\Drawings.Charts\Specific chart types\Bar charts\BarChartSeries.cs","BarChartSeries","InvertIfNegative","Property"
"D:\OneDrive\VS\Projects\DocxDocument\DocumentModel.InOpenXml\Drawings.Charts\Specific chart types\Bar charts\BarChartSeries.cs","BarChartSeries","Order","Property"
"D:\OneDrive\VS\Projects\DocxDocument\DocumentModel.InOpenXml\Drawings.Charts\Specific chart types\Bar charts\BarChartSeries.cs","BarChartSeries","PictureOptions","Property"
"D:\OneDrive\VS\Projects\DocxDocument\DocumentModel.InOpenXml\Drawings.Charts\Specific chart types\Bar charts\BarChartSeries.cs","BarChartSeries","SeriesText","Property"
"D:\OneDrive\VS\Projects\DocxDocument\DocumentModel.InOpenXml\Drawings.Charts\Specific chart types\Bar charts\BarChartSeries.cs","BarChartSeries","Shape","Element"
"D:\OneDrive\VS\Projects\DocxDocument\DocumentModel.InOpenXml\Drawings.Charts\Specific chart types\Bar charts\BarChartSeries.cs","BarChartSeries","Trendline","Element"
"D:\OneDrive\VS\Projects\DocxDocument\DocumentModel.InOpenXml\Drawings.Charts\Specific chart types\Bar charts\BarChartSeries.cs","BarChartSeries","Values","Element"
"D:\OneDrive\VS\Projects\DocxDocument\DocumentModel.InOpenXml\Drawings.Charts\Specific chart types\Bar charts\BarSerExtension.cs","BarSerExtension","CategoryFilterExceptions","Element"
"D:\OneDrive\VS\Projects\DocxDocument\DocumentModel.InOpenXml\Drawings.Charts\Specific chart types\Bar charts\BarSerExtension.cs","BarSerExtension","DataLabelsRange","Element"
"D:\OneDrive\VS\Projects\DocxDocument\DocumentModel.InOpenXml\Drawings.Charts\Specific chart types\Bar charts\BarSerExtension.cs","BarSerExtension","FilteredCategoryTitle","Element"
"D:\OneDrive\VS\Projects\DocxDocument\DocumentModel.InOpenXml\Drawings.Charts\Specific chart types\Bar charts\BarSerExtension.cs","BarSerExtension","FilteredSeriesTitle","Element"
"D:\OneDrive\VS\Projects\DocxDocument\DocumentModel.InOpenXml\Drawings.Charts\Specific chart types\Bar charts\BarSerExtension.cs","BarSerExtension","InvertSolidFillFormat","Element"
"D:\OneDrive\VS\Projects\DocxDocument\DocumentModel.InOpenXml\Drawings.Charts\Specific chart types\Bar charts\FilteredBarSeries.cs","FilteredBarSeries","BarChartSeries","Property"
"D:\OneDrive\VS\Projects\DocxDocument\DocumentModel.InOpenXml\Drawings.Charts\Specific chart types\Bubble charts\BubbleChartSeries.cs","BubbleChartSeries","Bubble3D","Element"
"D:\OneDrive\VS\Projects\DocxDocument\DocumentModel.InOpenXml\Drawings.Charts\Specific chart types\Bubble charts\BubbleChartSeries.cs","BubbleChartSeries","BubbleSerExtensionList","Element"
"D:\OneDrive\VS\Projects\DocxDocument\DocumentModel.InOpenXml\Drawings.Charts\Specific chart types\Bubble charts\BubbleChartSeries.cs","BubbleChartSeries","BubbleSize","Element"
"D:\OneDrive\VS\Projects\DocxDocument\DocumentModel.InOpenXml\Drawings.Charts\Specific chart types\Bubble charts\BubbleChartSeries.cs","BubbleChartSeries","ChartShapeProperties","Property"
"D:\OneDrive\VS\Projects\DocxDocument\DocumentModel.InOpenXml\Drawings.Charts\Specific chart types\Bubble charts\BubbleChartSeries.cs","BubbleChartSeries","DataLabels","Element"
"D:\OneDrive\VS\Projects\DocxDocument\DocumentModel.InOpenXml\Drawings.Charts\Specific chart types\Bubble charts\BubbleChartSeries.cs","BubbleChartSeries","DataPoints","Element"
"D:\OneDrive\VS\Projects\DocxDocument\DocumentModel.InOpenXml\Drawings.Charts\Specific chart types\Bubble charts\BubbleChartSeries.cs","BubbleChartSeries","ErrorBars","Element"
"D:\OneDrive\VS\Projects\DocxDocument\DocumentModel.InOpenXml\Drawings.Charts\Specific chart types\Bubble charts\BubbleChartSeries.cs","BubbleChartSeries","Index","Property"
"D:\OneDrive\VS\Projects\DocxDocument\DocumentModel.InOpenXml\Drawings.Charts\Specific chart types\Bubble charts\BubbleChartSeries.cs","BubbleChartSeries","InvertIfNegative","Property"
"D:\OneDrive\VS\Projects\DocxDocument\DocumentModel.InOpenXml\Drawings.Charts\Specific chart types\Bubble charts\BubbleChartSeries.cs","BubbleChartSeries","Order","Property"
"D:\OneDrive\VS\Projects\DocxDocument\DocumentModel.InOpenXml\Drawings.Charts\Specific chart types\Bubble charts\BubbleChartSeries.cs","BubbleChartSeries","PictureOptions","Property"
"D:\OneDrive\VS\Projects\DocxDocument\DocumentModel.InOpenXml\Drawings.Charts\Specific chart types\Bubble charts\BubbleChartSeries.cs","BubbleChartSeries","SeriesText","Property"
"D:\OneDrive\VS\Projects\DocxDocument\DocumentModel.InOpenXml\Drawings.Charts\Specific chart types\Bubble charts\BubbleChartSeries.cs","BubbleChartSeries","Trendline","Element"
"D:\OneDrive\VS\Projects\DocxDocument\DocumentModel.InOpenXml\Drawings.Charts\Specific chart types\Bubble charts\BubbleChartSeries.cs","BubbleChartSeries","XValues","Element"
"D:\OneDrive\VS\Projects\DocxDocument\DocumentModel.InOpenXml\Drawings.Charts\Specific chart types\Bubble charts\BubbleChartSeries.cs","BubbleChartSeries","YValues","Element"
"D:\OneDrive\VS\Projects\DocxDocument\DocumentModel.InOpenXml\Drawings.Charts\Specific chart types\Bubble charts\BubbleSerExtension.cs","BubbleSerExtension","CategoryFilterExceptions","Element"
"D:\OneDrive\VS\Projects\DocxDocument\DocumentModel.InOpenXml\Drawings.Charts\Specific chart types\Bubble charts\BubbleSerExtension.cs","BubbleSerExtension","DataLabelsRange","Element"
"D:\OneDrive\VS\Projects\DocxDocument\DocumentModel.InOpenXml\Drawings.Charts\Specific chart types\Bubble charts\BubbleSerExtension.cs","BubbleSerExtension","FilteredCategoryTitle","Element"
"D:\OneDrive\VS\Projects\DocxDocument\DocumentModel.InOpenXml\Drawings.Charts\Specific chart types\Bubble charts\BubbleSerExtension.cs","BubbleSerExtension","InvertSolidFillFormat","Element"
"D:\OneDrive\VS\Projects\DocxDocument\DocumentModel.InOpenXml\Drawings.Charts\Specific chart types\Line charts\Line3DChartExtension.cs","Line3DChartExtension","FilteredLineSeriesExtension","Element"
"D:\OneDrive\VS\Projects\DocxDocument\DocumentModel.InOpenXml\Drawings.Charts\Specific chart types\Line charts\LineChart.cs","LineChart","AxisIds","Element"
"D:\OneDrive\VS\Projects\DocxDocument\DocumentModel.InOpenXml\Drawings.Charts\Specific chart types\Line charts\LineChart.cs","LineChart","DataLabels","Element"
"D:\OneDrive\VS\Projects\DocxDocument\DocumentModel.InOpenXml\Drawings.Charts\Specific chart types\Line charts\LineChart.cs","LineChart","DropLines","Element"
"D:\OneDrive\VS\Projects\DocxDocument\DocumentModel.InOpenXml\Drawings.Charts\Specific chart types\Line charts\LineChart.cs","LineChart","Grouping","Property"
"D:\OneDrive\VS\Projects\DocxDocument\DocumentModel.InOpenXml\Drawings.Charts\Specific chart types\Line charts\LineChart.cs","LineChart","HighLowLines","Element"
"D:\OneDrive\VS\Projects\DocxDocument\DocumentModel.InOpenXml\Drawings.Charts\Specific chart types\Line charts\LineChart.cs","LineChart","LineChartExtensionList","Element"
"D:\OneDrive\VS\Projects\DocxDocument\DocumentModel.InOpenXml\Drawings.Charts\Specific chart types\Line charts\LineChart.cs","LineChart","LineChartSeries","Element"
"D:\OneDrive\VS\Projects\DocxDocument\DocumentModel.InOpenXml\Drawings.Charts\Specific chart types\Line charts\LineChart.cs","LineChart","ShowMarker","Element"
"D:\OneDrive\VS\Projects\DocxDocument\DocumentModel.InOpenXml\Drawings.Charts\Specific chart types\Line charts\LineChart.cs","LineChart","Smooth","Element"
"D:\OneDrive\VS\Projects\DocxDocument\DocumentModel.InOpenXml\Drawings.Charts\Specific chart types\Line charts\LineChart.cs","LineChart","UpDownBars","Element"
"D:\OneDrive\VS\Projects\DocxDocument\DocumentModel.InOpenXml\Drawings.Charts\Specific chart types\Line charts\LineChart.cs","LineChart","VaryColors","Property"
"D:\OneDrive\VS\Projects\DocxDocument\DocumentModel.InOpenXml\Drawings.Charts\Specific chart types\Line charts\LineChartExtension.cs","LineChartExtension","FilteredLineSeriesExtension","Element"
"D:\OneDrive\VS\Projects\DocxDocument\DocumentModel.InOpenXml\Drawings.Charts\Specific chart types\Line charts\LineChartSeries.cs","LineChartSeries","CategoryAxisData","Element"
"D:\OneDrive\VS\Projects\DocxDocument\DocumentModel.InOpenXml\Drawings.Charts\Specific chart types\Line charts\LineChartSeries.cs","LineChartSeries","ChartShapeProperties","Property"
"D:\OneDrive\VS\Projects\DocxDocument\DocumentModel.InOpenXml\Drawings.Charts\Specific chart types\Line charts\LineChartSeries.cs","LineChartSeries","DataLabels","Element"
"D:\OneDrive\VS\Projects\DocxDocument\DocumentModel.InOpenXml\Drawings.Charts\Specific chart types\Line charts\LineChartSeries.cs","LineChartSeries","DataPoints","Element"
"D:\OneDrive\VS\Projects\DocxDocument\DocumentModel.InOpenXml\Drawings.Charts\Specific chart types\Line charts\LineChartSeries.cs","LineChartSeries","ErrorBars","Element"
"D:\OneDrive\VS\Projects\DocxDocument\DocumentModel.InOpenXml\Drawings.Charts\Specific chart types\Line charts\LineChartSeries.cs","LineChartSeries","Index","Property"
"D:\OneDrive\VS\Projects\DocxDocument\DocumentModel.InOpenXml\Drawings.Charts\Specific chart types\Line charts\LineChartSeries.cs","LineChartSeries","LineSerExtensionList","Element"
"D:\OneDrive\VS\Projects\DocxDocument\DocumentModel.InOpenXml\Drawings.Charts\Specific chart types\Line charts\LineChartSeries.cs","LineChartSeries","Marker","Property"
"D:\OneDrive\VS\Projects\DocxDocument\DocumentModel.InOpenXml\Drawings.Charts\Specific chart types\Line charts\LineChartSeries.cs","LineChartSeries","Order","Property"
"D:\OneDrive\VS\Projects\DocxDocument\DocumentModel.InOpenXml\Drawings.Charts\Specific chart types\Line charts\LineChartSeries.cs","LineChartSeries","PictureOptions","Property"
"D:\OneDrive\VS\Projects\DocxDocument\DocumentModel.InOpenXml\Drawings.Charts\Specific chart types\Line charts\LineChartSeries.cs","LineChartSeries","SeriesText","Property"
"D:\OneDrive\VS\Projects\DocxDocument\DocumentModel.InOpenXml\Drawings.Charts\Specific chart types\Line charts\LineChartSeries.cs","LineChartSeries","Smooth","Element"
"D:\OneDrive\VS\Projects\DocxDocument\DocumentModel.InOpenXml\Drawings.Charts\Specific chart types\Line charts\LineChartSeries.cs","LineChartSeries","Trendline","Element"
"D:\OneDrive\VS\Projects\DocxDocument\DocumentModel.InOpenXml\Drawings.Charts\Specific chart types\Line charts\LineChartSeries.cs","LineChartSeries","Values","Element"
"D:\OneDrive\VS\Projects\DocxDocument\DocumentModel.InOpenXml\Drawings.Charts\Specific chart types\Line charts\LineSerExtension.cs","LineSerExtension","CategoryFilterExceptions","Element"
"D:\OneDrive\VS\Projects\DocxDocument\DocumentModel.InOpenXml\Drawings.Charts\Specific chart types\Line charts\LineSerExtension.cs","LineSerExtension","DataLabelsRange","Element"
"D:\OneDrive\VS\Projects\DocxDocument\DocumentModel.InOpenXml\Drawings.Charts\Specific chart types\Line charts\LineSerExtension.cs","LineSerExtension","FilteredCategoryTitle","Element"
"D:\OneDrive\VS\Projects\DocxDocument\DocumentModel.InOpenXml\Drawings.Charts\Specific chart types\Line charts\LineSerExtension.cs","LineSerExtension","FilteredSeriesTitle","Element"
"D:\OneDrive\VS\Projects\DocxDocument\DocumentModel.InOpenXml\Drawings.Charts\Specific chart types\Line charts\StockChart.cs","StockChart","AxisIds","Element"
"D:\OneDrive\VS\Projects\DocxDocument\DocumentModel.InOpenXml\Drawings.Charts\Specific chart types\Line charts\StockChart.cs","StockChart","DataLabels","Element"
"D:\OneDrive\VS\Projects\DocxDocument\DocumentModel.InOpenXml\Drawings.Charts\Specific chart types\Line charts\StockChart.cs","StockChart","DropLines","Element"
"D:\OneDrive\VS\Projects\DocxDocument\DocumentModel.InOpenXml\Drawings.Charts\Specific chart types\Line charts\StockChart.cs","StockChart","HighLowLines","Element"
"D:\OneDrive\VS\Projects\DocxDocument\DocumentModel.InOpenXml\Drawings.Charts\Specific chart types\Line charts\StockChart.cs","StockChart","LineChartSeries","Element"
"D:\OneDrive\VS\Projects\DocxDocument\DocumentModel.InOpenXml\Drawings.Charts\Specific chart types\Line charts\StockChart.cs","StockChart","StockChartExtensionList","Element"
"D:\OneDrive\VS\Projects\DocxDocument\DocumentModel.InOpenXml\Drawings.Charts\Specific chart types\Line charts\StockChart.cs","StockChart","UpDownBars","Element"
"D:\OneDrive\VS\Projects\DocxDocument\DocumentModel.InOpenXml\Drawings.Charts\Specific chart types\Line charts\StockChartExtension.cs","StockChartExtension","FilteredLineSeriesExtension","Element"
"D:\OneDrive\VS\Projects\DocxDocument\DocumentModel.InOpenXml\Drawings.Charts\Specific chart types\Pie charts\DoughnutChart.cs","DoughnutChart","DataLabels","Element"
"D:\OneDrive\VS\Projects\DocxDocument\DocumentModel.InOpenXml\Drawings.Charts\Specific chart types\Pie charts\DoughnutChart.cs","DoughnutChart","ExtensionList","Element"
"D:\OneDrive\VS\Projects\DocxDocument\DocumentModel.InOpenXml\Drawings.Charts\Specific chart types\Pie charts\DoughnutChart.cs","DoughnutChart","FirstSliceAngle","Element"
"D:\OneDrive\VS\Projects\DocxDocument\DocumentModel.InOpenXml\Drawings.Charts\Specific chart types\Pie charts\DoughnutChart.cs","DoughnutChart","HoleSize","Element"
"D:\OneDrive\VS\Projects\DocxDocument\DocumentModel.InOpenXml\Drawings.Charts\Specific chart types\Pie charts\DoughnutChart.cs","DoughnutChart","PieChartSeries","Element"
"D:\OneDrive\VS\Projects\DocxDocument\DocumentModel.InOpenXml\Drawings.Charts\Specific chart types\Pie charts\DoughnutChart.cs","DoughnutChart","VaryColors","Property"
"D:\OneDrive\VS\Projects\DocxDocument\DocumentModel.InOpenXml\Drawings.Charts\Specific chart types\Pie charts\OfPieChart.cs","OfPieChart","CustomSplit","Element"
"D:\OneDrive\VS\Projects\DocxDocument\DocumentModel.InOpenXml\Drawings.Charts\Specific chart types\Pie charts\OfPieChart.cs","OfPieChart","DataLabels","Element"
"D:\OneDrive\VS\Projects\DocxDocument\DocumentModel.InOpenXml\Drawings.Charts\Specific chart types\Pie charts\OfPieChart.cs","OfPieChart","ExtensionList","Element"
"D:\OneDrive\VS\Projects\DocxDocument\DocumentModel.InOpenXml\Drawings.Charts\Specific chart types\Pie charts\OfPieChart.cs","OfPieChart","GapWidth","Element"
"D:\OneDrive\VS\Projects\DocxDocument\DocumentModel.InOpenXml\Drawings.Charts\Specific chart types\Pie charts\OfPieChart.cs","OfPieChart","OfPieType","Property"
"D:\OneDrive\VS\Projects\DocxDocument\DocumentModel.InOpenXml\Drawings.Charts\Specific chart types\Pie charts\OfPieChart.cs","OfPieChart","PieChartSeries","Element"
"D:\OneDrive\VS\Projects\DocxDocument\DocumentModel.InOpenXml\Drawings.Charts\Specific chart types\Pie charts\OfPieChart.cs","OfPieChart","SecondPieSize","Element"
"D:\OneDrive\VS\Projects\DocxDocument\DocumentModel.InOpenXml\Drawings.Charts\Specific chart types\Pie charts\OfPieChart.cs","OfPieChart","SeriesLines","Element"
"D:\OneDrive\VS\Projects\DocxDocument\DocumentModel.InOpenXml\Drawings.Charts\Specific chart types\Pie charts\OfPieChart.cs","OfPieChart","SplitPosition","Element"
"D:\OneDrive\VS\Projects\DocxDocument\DocumentModel.InOpenXml\Drawings.Charts\Specific chart types\Pie charts\OfPieChart.cs","OfPieChart","SplitType","Element"
"D:\OneDrive\VS\Projects\DocxDocument\DocumentModel.InOpenXml\Drawings.Charts\Specific chart types\Pie charts\OfPieChart.cs","OfPieChart","VaryColors","Property"
"D:\OneDrive\VS\Projects\DocxDocument\DocumentModel.InOpenXml\Drawings.Charts\Specific chart types\Pie charts\Pie3DChart.cs","Pie3DChart","DataLabels","Element"
"D:\OneDrive\VS\Projects\DocxDocument\DocumentModel.InOpenXml\Drawings.Charts\Specific chart types\Pie charts\Pie3DChart.cs","Pie3DChart","Pie3DChartExtensionList","Element"
"D:\OneDrive\VS\Projects\DocxDocument\DocumentModel.InOpenXml\Drawings.Charts\Specific chart types\Pie charts\Pie3DChart.cs","Pie3DChart","PieChartSeries","Element"
"D:\OneDrive\VS\Projects\DocxDocument\DocumentModel.InOpenXml\Drawings.Charts\Specific chart types\Pie charts\Pie3DChart.cs","Pie3DChart","VaryColors","Property"
"D:\OneDrive\VS\Projects\DocxDocument\DocumentModel.InOpenXml\Drawings.Charts\Specific chart types\Pie charts\Pie3DChartExtension.cs","Pie3DChartExtension","FilteredPieSeries","Element"
"D:\OneDrive\VS\Projects\DocxDocument\DocumentModel.InOpenXml\Drawings.Charts\Specific chart types\Pie charts\PieChart.cs","PieChart","DataLabels","Element"
"D:\OneDrive\VS\Projects\DocxDocument\DocumentModel.InOpenXml\Drawings.Charts\Specific chart types\Pie charts\PieChart.cs","PieChart","FirstSliceAngle","Element"
"D:\OneDrive\VS\Projects\DocxDocument\DocumentModel.InOpenXml\Drawings.Charts\Specific chart types\Pie charts\PieChart.cs","PieChart","PieChartExtensionList","Element"
"D:\OneDrive\VS\Projects\DocxDocument\DocumentModel.InOpenXml\Drawings.Charts\Specific chart types\Pie charts\PieChart.cs","PieChart","PieChartSeries","Element"
"D:\OneDrive\VS\Projects\DocxDocument\DocumentModel.InOpenXml\Drawings.Charts\Specific chart types\Pie charts\PieChart.cs","PieChart","VaryColors","Property"
"D:\OneDrive\VS\Projects\DocxDocument\DocumentModel.InOpenXml\Drawings.Charts\Specific chart types\Pie charts\PieChartExtension.cs","PieChartExtension","FilteredPieSeries","Element"
"D:\OneDrive\VS\Projects\DocxDocument\DocumentModel.InOpenXml\Drawings.Charts\Specific chart types\Pie charts\PieChartSeries.cs","PieChartSeries","CategoryAxisData","Element"
"D:\OneDrive\VS\Projects\DocxDocument\DocumentModel.InOpenXml\Drawings.Charts\Specific chart types\Pie charts\PieChartSeries.cs","PieChartSeries","ChartShapeProperties","Property"
"D:\OneDrive\VS\Projects\DocxDocument\DocumentModel.InOpenXml\Drawings.Charts\Specific chart types\Pie charts\PieChartSeries.cs","PieChartSeries","DataLabels","Element"
"D:\OneDrive\VS\Projects\DocxDocument\DocumentModel.InOpenXml\Drawings.Charts\Specific chart types\Pie charts\PieChartSeries.cs","PieChartSeries","DataPoints","Element"
"D:\OneDrive\VS\Projects\DocxDocument\DocumentModel.InOpenXml\Drawings.Charts\Specific chart types\Pie charts\PieChartSeries.cs","PieChartSeries","Explosion","Property"
"D:\OneDrive\VS\Projects\DocxDocument\DocumentModel.InOpenXml\Drawings.Charts\Specific chart types\Pie charts\PieChartSeries.cs","PieChartSeries","Index","Property"
"D:\OneDrive\VS\Projects\DocxDocument\DocumentModel.InOpenXml\Drawings.Charts\Specific chart types\Pie charts\PieChartSeries.cs","PieChartSeries","Order","Property"
"D:\OneDrive\VS\Projects\DocxDocument\DocumentModel.InOpenXml\Drawings.Charts\Specific chart types\Pie charts\PieChartSeries.cs","PieChartSeries","PictureOptions","Property"
"D:\OneDrive\VS\Projects\DocxDocument\DocumentModel.InOpenXml\Drawings.Charts\Specific chart types\Pie charts\PieChartSeries.cs","PieChartSeries","PieSerExtensionList","Element"
"D:\OneDrive\VS\Projects\DocxDocument\DocumentModel.InOpenXml\Drawings.Charts\Specific chart types\Pie charts\PieChartSeries.cs","PieChartSeries","SeriesText","Property"
"D:\OneDrive\VS\Projects\DocxDocument\DocumentModel.InOpenXml\Drawings.Charts\Specific chart types\Pie charts\PieChartSeries.cs","PieChartSeries","Values","Element"
"D:\OneDrive\VS\Projects\DocxDocument\DocumentModel.InOpenXml\Drawings.Charts\Specific chart types\Pie charts\PieSerExtension.cs","PieSerExtension","CategoryFilterExceptions","Element"
"D:\OneDrive\VS\Projects\DocxDocument\DocumentModel.InOpenXml\Drawings.Charts\Specific chart types\Pie charts\PieSerExtension.cs","PieSerExtension","DataLabelsRange","Element"
"D:\OneDrive\VS\Projects\DocxDocument\DocumentModel.InOpenXml\Drawings.Charts\Specific chart types\Pie charts\PieSerExtension.cs","PieSerExtension","FilteredCategoryTitle","Element"
"D:\OneDrive\VS\Projects\DocxDocument\DocumentModel.InOpenXml\Drawings.Charts\Specific chart types\Pie charts\PieSerExtension.cs","PieSerExtension","FilteredSeriesTitle","Element"
"D:\OneDrive\VS\Projects\DocxDocument\DocumentModel.InOpenXml\Drawings.Charts\Specific chart types\Radar charts\RadarChart.cs","RadarChart","AxisIds","Element"
"D:\OneDrive\VS\Projects\DocxDocument\DocumentModel.InOpenXml\Drawings.Charts\Specific chart types\Radar charts\RadarChart.cs","RadarChart","DataLabels","Element"
"D:\OneDrive\VS\Projects\DocxDocument\DocumentModel.InOpenXml\Drawings.Charts\Specific chart types\Radar charts\RadarChart.cs","RadarChart","RadarChartExtensionList","Element"
"D:\OneDrive\VS\Projects\DocxDocument\DocumentModel.InOpenXml\Drawings.Charts\Specific chart types\Radar charts\RadarChart.cs","RadarChart","RadarChartSeries","Element"
"D:\OneDrive\VS\Projects\DocxDocument\DocumentModel.InOpenXml\Drawings.Charts\Specific chart types\Radar charts\RadarChart.cs","RadarChart","RadarStyle","Property"
"D:\OneDrive\VS\Projects\DocxDocument\DocumentModel.InOpenXml\Drawings.Charts\Specific chart types\Radar charts\RadarChart.cs","RadarChart","VaryColors","Property"
"D:\OneDrive\VS\Projects\DocxDocument\DocumentModel.InOpenXml\Drawings.Charts\Specific chart types\Radar charts\RadarChartExtension.cs","RadarChartExtension","FilteredRadarSeries","Element"
"D:\OneDrive\VS\Projects\DocxDocument\DocumentModel.InOpenXml\Drawings.Charts\Specific chart types\Radar charts\RadarChartSeries.cs","RadarChartSeries","CategoryAxisData","Element"
"D:\OneDrive\VS\Projects\DocxDocument\DocumentModel.InOpenXml\Drawings.Charts\Specific chart types\Radar charts\RadarChartSeries.cs","RadarChartSeries","ChartShapeProperties","Property"
"D:\OneDrive\VS\Projects\DocxDocument\DocumentModel.InOpenXml\Drawings.Charts\Specific chart types\Radar charts\RadarChartSeries.cs","RadarChartSeries","DataLabels","Element"
"D:\OneDrive\VS\Projects\DocxDocument\DocumentModel.InOpenXml\Drawings.Charts\Specific chart types\Radar charts\RadarChartSeries.cs","RadarChartSeries","DataPoints","Element"
"D:\OneDrive\VS\Projects\DocxDocument\DocumentModel.InOpenXml\Drawings.Charts\Specific chart types\Radar charts\RadarChartSeries.cs","RadarChartSeries","Index","Property"
"D:\OneDrive\VS\Projects\DocxDocument\DocumentModel.InOpenXml\Drawings.Charts\Specific chart types\Radar charts\RadarChartSeries.cs","RadarChartSeries","Marker","Property"
"D:\OneDrive\VS\Projects\DocxDocument\DocumentModel.InOpenXml\Drawings.Charts\Specific chart types\Radar charts\RadarChartSeries.cs","RadarChartSeries","Order","Property"
"D:\OneDrive\VS\Projects\DocxDocument\DocumentModel.InOpenXml\Drawings.Charts\Specific chart types\Radar charts\RadarChartSeries.cs","RadarChartSeries","PictureOptions","Property"
"D:\OneDrive\VS\Projects\DocxDocument\DocumentModel.InOpenXml\Drawings.Charts\Specific chart types\Radar charts\RadarChartSeries.cs","RadarChartSeries","RadarSerExtensionList","Element"
"D:\OneDrive\VS\Projects\DocxDocument\DocumentModel.InOpenXml\Drawings.Charts\Specific chart types\Radar charts\RadarChartSeries.cs","RadarChartSeries","SeriesText","Property"
"D:\OneDrive\VS\Projects\DocxDocument\DocumentModel.InOpenXml\Drawings.Charts\Specific chart types\Radar charts\RadarChartSeries.cs","RadarChartSeries","Values","Element"
"D:\OneDrive\VS\Projects\DocxDocument\DocumentModel.InOpenXml\Drawings.Charts\Specific chart types\Radar charts\RadarSerExtension.cs","RadarSerExtension","CategoryFilterExceptions","Element"
"D:\OneDrive\VS\Projects\DocxDocument\DocumentModel.InOpenXml\Drawings.Charts\Specific chart types\Radar charts\RadarSerExtension.cs","RadarSerExtension","DataLabelsRange","Element"
"D:\OneDrive\VS\Projects\DocxDocument\DocumentModel.InOpenXml\Drawings.Charts\Specific chart types\Radar charts\RadarSerExtension.cs","RadarSerExtension","FilteredCategoryTitle","Element"
"D:\OneDrive\VS\Projects\DocxDocument\DocumentModel.InOpenXml\Drawings.Charts\Specific chart types\Radar charts\RadarSerExtension.cs","RadarSerExtension","FilteredSeriesTitle","Element"
"D:\OneDrive\VS\Projects\DocxDocument\DocumentModel.InOpenXml\Drawings.Charts\Specific chart types\Scatter charts\ScatterChart.cs","ScatterChart","AxisIds","Element"
"D:\OneDrive\VS\Projects\DocxDocument\DocumentModel.InOpenXml\Drawings.Charts\Specific chart types\Scatter charts\ScatterChart.cs","ScatterChart","DataLabels","Element"
"D:\OneDrive\VS\Projects\DocxDocument\DocumentModel.InOpenXml\Drawings.Charts\Specific chart types\Scatter charts\ScatterChart.cs","ScatterChart","ScatterChartExtensionList","Element"
"D:\OneDrive\VS\Projects\DocxDocument\DocumentModel.InOpenXml\Drawings.Charts\Specific chart types\Scatter charts\ScatterChart.cs","ScatterChart","ScatterChartSeries","Element"
"D:\OneDrive\VS\Projects\DocxDocument\DocumentModel.InOpenXml\Drawings.Charts\Specific chart types\Scatter charts\ScatterChart.cs","ScatterChart","ScatterStyle","Property"
"D:\OneDrive\VS\Projects\DocxDocument\DocumentModel.InOpenXml\Drawings.Charts\Specific chart types\Scatter charts\ScatterChart.cs","ScatterChart","VaryColors","Property"
"D:\OneDrive\VS\Projects\DocxDocument\DocumentModel.InOpenXml\Drawings.Charts\Specific chart types\Scatter charts\ScatterChartExtension.cs","ScatterChartExtension","FilteredScatterSeries","Element"
"D:\OneDrive\VS\Projects\DocxDocument\DocumentModel.InOpenXml\Drawings.Charts\Specific chart types\Scatter charts\ScatterChartSeries.cs","ScatterChartSeries","ChartShapeProperties","Property"
"D:\OneDrive\VS\Projects\DocxDocument\DocumentModel.InOpenXml\Drawings.Charts\Specific chart types\Scatter charts\ScatterChartSeries.cs","ScatterChartSeries","DataLabels","Element"
"D:\OneDrive\VS\Projects\DocxDocument\DocumentModel.InOpenXml\Drawings.Charts\Specific chart types\Scatter charts\ScatterChartSeries.cs","ScatterChartSeries","DataPoints","Element"
"D:\OneDrive\VS\Projects\DocxDocument\DocumentModel.InOpenXml\Drawings.Charts\Specific chart types\Scatter charts\ScatterChartSeries.cs","ScatterChartSeries","ErrorBars","Element"
"D:\OneDrive\VS\Projects\DocxDocument\DocumentModel.InOpenXml\Drawings.Charts\Specific chart types\Scatter charts\ScatterChartSeries.cs","ScatterChartSeries","Index","Property"
"D:\OneDrive\VS\Projects\DocxDocument\DocumentModel.InOpenXml\Drawings.Charts\Specific chart types\Scatter charts\ScatterChartSeries.cs","ScatterChartSeries","Marker","Property"
"D:\OneDrive\VS\Projects\DocxDocument\DocumentModel.InOpenXml\Drawings.Charts\Specific chart types\Scatter charts\ScatterChartSeries.cs","ScatterChartSeries","Order","Property"
"D:\OneDrive\VS\Projects\DocxDocument\DocumentModel.InOpenXml\Drawings.Charts\Specific chart types\Scatter charts\ScatterChartSeries.cs","ScatterChartSeries","ScatterSerExtensionList","Element"
"D:\OneDrive\VS\Projects\DocxDocument\DocumentModel.InOpenXml\Drawings.Charts\Specific chart types\Scatter charts\ScatterChartSeries.cs","ScatterChartSeries","SeriesText","Property"
"D:\OneDrive\VS\Projects\DocxDocument\DocumentModel.InOpenXml\Drawings.Charts\Specific chart types\Scatter charts\ScatterChartSeries.cs","ScatterChartSeries","Smooth","Element"
"D:\OneDrive\VS\Projects\DocxDocument\DocumentModel.InOpenXml\Drawings.Charts\Specific chart types\Scatter charts\ScatterChartSeries.cs","ScatterChartSeries","Trendline","Element"
"D:\OneDrive\VS\Projects\DocxDocument\DocumentModel.InOpenXml\Drawings.Charts\Specific chart types\Scatter charts\ScatterChartSeries.cs","ScatterChartSeries","XValues","Element"
"D:\OneDrive\VS\Projects\DocxDocument\DocumentModel.InOpenXml\Drawings.Charts\Specific chart types\Scatter charts\ScatterChartSeries.cs","ScatterChartSeries","YValues","Element"
"D:\OneDrive\VS\Projects\DocxDocument\DocumentModel.InOpenXml\Drawings.Charts\Specific chart types\Scatter charts\ScatterSerExtension.cs","ScatterSerExtension","CategoryFilterExceptions","Element"
"D:\OneDrive\VS\Projects\DocxDocument\DocumentModel.InOpenXml\Drawings.Charts\Specific chart types\Scatter charts\ScatterSerExtension.cs","ScatterSerExtension","DataLabelsRange","Element"
"D:\OneDrive\VS\Projects\DocxDocument\DocumentModel.InOpenXml\Drawings.Charts\Specific chart types\Scatter charts\ScatterSerExtension.cs","ScatterSerExtension","FilteredCategoryTitle","Element"
"D:\OneDrive\VS\Projects\DocxDocument\DocumentModel.InOpenXml\Drawings.Charts\Specific chart types\Scatter charts\ScatterSerExtension.cs","ScatterSerExtension","FilteredSeriesTitle","Element"
"D:\OneDrive\VS\Projects\DocxDocument\DocumentModel.InOpenXml\Drawings.Charts\Specific chart types\Surface charts\Surface3DChart.cs","Surface3DChart","AxisIds","Element"
"D:\OneDrive\VS\Projects\DocxDocument\DocumentModel.InOpenXml\Drawings.Charts\Specific chart types\Surface charts\Surface3DChart.cs","Surface3DChart","BandFormats","Element"
"D:\OneDrive\VS\Projects\DocxDocument\DocumentModel.InOpenXml\Drawings.Charts\Specific chart types\Surface charts\Surface3DChart.cs","Surface3DChart","Surface3DChartExtensionList","Element"
"D:\OneDrive\VS\Projects\DocxDocument\DocumentModel.InOpenXml\Drawings.Charts\Specific chart types\Surface charts\Surface3DChart.cs","Surface3DChart","SurfaceChartSeries","Element"
"D:\OneDrive\VS\Projects\DocxDocument\DocumentModel.InOpenXml\Drawings.Charts\Specific chart types\Surface charts\Surface3DChart.cs","Surface3DChart","VaryColors","Property"
"D:\OneDrive\VS\Projects\DocxDocument\DocumentModel.InOpenXml\Drawings.Charts\Specific chart types\Surface charts\Surface3DChart.cs","Surface3DChart","Wireframe","Property"
"D:\OneDrive\VS\Projects\DocxDocument\DocumentModel.InOpenXml\Drawings.Charts\Specific chart types\Surface charts\Surface3DChartExtension.cs","Surface3DChartExtension","FilteredSurfaceSeries","Element"
"D:\OneDrive\VS\Projects\DocxDocument\DocumentModel.InOpenXml\Drawings.Charts\Specific chart types\Surface charts\Surface3DChartExtensionList.cs","Surface3DChartExtensionList","Surface3DChartExtensions","Element"
"D:\OneDrive\VS\Projects\DocxDocument\DocumentModel.InOpenXml\Drawings.Charts\Specific chart types\Surface charts\SurfaceChart.cs","SurfaceChart","AxisIds","Element"
"D:\OneDrive\VS\Projects\DocxDocument\DocumentModel.InOpenXml\Drawings.Charts\Specific chart types\Surface charts\SurfaceChart.cs","SurfaceChart","BandFormats","Element"
"D:\OneDrive\VS\Projects\DocxDocument\DocumentModel.InOpenXml\Drawings.Charts\Specific chart types\Surface charts\SurfaceChart.cs","SurfaceChart","SurfaceChartExtensionList","Element"
"D:\OneDrive\VS\Projects\DocxDocument\DocumentModel.InOpenXml\Drawings.Charts\Specific chart types\Surface charts\SurfaceChart.cs","SurfaceChart","SurfaceChartSeries","Element"
"D:\OneDrive\VS\Projects\DocxDocument\DocumentModel.InOpenXml\Drawings.Charts\Specific chart types\Surface charts\SurfaceChart.cs","SurfaceChart","Wireframe","Property"
"D:\OneDrive\VS\Projects\DocxDocument\DocumentModel.InOpenXml\Drawings.Charts\Specific chart types\Surface charts\SurfaceChartExtension.cs","SurfaceChartExtension","FilteredSurfaceSeries","Element"
"D:\OneDrive\VS\Projects\DocxDocument\DocumentModel.InOpenXml\Drawings.Charts\Specific chart types\Surface charts\SurfaceChartSeries.cs","SurfaceChartSeries","Bubble3D","Property"
"D:\OneDrive\VS\Projects\DocxDocument\DocumentModel.InOpenXml\Drawings.Charts\Specific chart types\Surface charts\SurfaceChartSeries.cs","SurfaceChartSeries","CategoryAxisData","Property"
"D:\OneDrive\VS\Projects\DocxDocument\DocumentModel.InOpenXml\Drawings.Charts\Specific chart types\Surface charts\SurfaceChartSeries.cs","SurfaceChartSeries","ChartShapeProperties","Property"
"D:\OneDrive\VS\Projects\DocxDocument\DocumentModel.InOpenXml\Drawings.Charts\Specific chart types\Surface charts\SurfaceChartSeries.cs","SurfaceChartSeries","Index","Property"
"D:\OneDrive\VS\Projects\DocxDocument\DocumentModel.InOpenXml\Drawings.Charts\Specific chart types\Surface charts\SurfaceChartSeries.cs","SurfaceChartSeries","Order","Property"
"D:\OneDrive\VS\Projects\DocxDocument\DocumentModel.InOpenXml\Drawings.Charts\Specific chart types\Surface charts\SurfaceChartSeries.cs","SurfaceChartSeries","PictureOptions","Property"
"D:\OneDrive\VS\Projects\DocxDocument\DocumentModel.InOpenXml\Drawings.Charts\Specific chart types\Surface charts\SurfaceChartSeries.cs","SurfaceChartSeries","SeriesText","Property"
"D:\OneDrive\VS\Projects\DocxDocument\DocumentModel.InOpenXml\Drawings.Charts\Specific chart types\Surface charts\SurfaceChartSeries.cs","SurfaceChartSeries","SurfaceSerExtensionList","Property"
"D:\OneDrive\VS\Projects\DocxDocument\DocumentModel.InOpenXml\Drawings.Charts\Specific chart types\Surface charts\SurfaceChartSeries.cs","SurfaceChartSeries","Values","Property"
"D:\OneDrive\VS\Projects\DocxDocument\DocumentModel.InOpenXml\Drawings.Charts\Specific chart types\Surface charts\SurfaceSerExtension.cs","SurfaceSerExtension","CategoryFilterExceptions","Element"
"D:\OneDrive\VS\Projects\DocxDocument\DocumentModel.InOpenXml\Drawings.Charts\Specific chart types\Surface charts\SurfaceSerExtension.cs","SurfaceSerExtension","FilteredCategoryTitle","Element"
"D:\OneDrive\VS\Projects\DocxDocument\DocumentModel.InOpenXml\Drawings.Charts\Specific chart types\Surface charts\SurfaceSerExtension.cs","SurfaceSerExtension","FilteredSeriesTitle","Element"
"D:\OneDrive\VS\Projects\DocxDocument\DocumentModel.InOpenXml\Drawings.Charts\Specific chart types\Surface charts\SurfaceType.cs","SurfaceType","ExtensionList","Element"
"D:\OneDrive\VS\Projects\DocxDocument\DocumentModel.InOpenXml\Drawings.Charts\Specific chart types\Surface charts\SurfaceType.cs","SurfaceType","PictureOptions","Element"
"D:\OneDrive\VS\Projects\DocxDocument\DocumentModel.InOpenXml\Drawings.Charts\Specific chart types\Surface charts\SurfaceType.cs","SurfaceType","ShapeProperties","Element"
"D:\OneDrive\VS\Projects\DocxDocument\DocumentModel.InOpenXml\Drawings.Charts\Specific chart types\Surface charts\SurfaceType.cs","SurfaceType","Thickness","Element"
"D:\OneDrive\VS\Projects\DocxDocument\DocumentModel.InOpenXml\Drawings.ChartsStyle\Common\EffectReference.cs","EffectReference","StyleColor","Element"
"D:\OneDrive\VS\Projects\DocxDocument\DocumentModel.InOpenXml\Drawings.ChartsStyle\Common\FillReference.cs","FillReference","StyleColor","Element"
"D:\OneDrive\VS\Projects\DocxDocument\DocumentModel.InOpenXml\Drawings.ChartsStyle\Common\FontReference.cs","FontReference","StyleColor","Element"
"D:\OneDrive\VS\Projects\DocxDocument\DocumentModel.InOpenXml\Drawings.ChartsStyle\Common\LineReference.cs","LineReference","StyleColor","Element"
"D:\OneDrive\VS\Projects\DocxDocument\DocumentModel.InOpenXml\Drawings.ChartsStyle\Common\StyleColor.cs","StyleColor","Alpha","Element"
"D:\OneDrive\VS\Projects\DocxDocument\DocumentModel.InOpenXml\Drawings.ChartsStyle\Common\StyleColor.cs","StyleColor","AlphaModulation","Element"
"D:\OneDrive\VS\Projects\DocxDocument\DocumentModel.InOpenXml\Drawings.ChartsStyle\Common\StyleColor.cs","StyleColor","AlphaOffset","Element"
"D:\OneDrive\VS\Projects\DocxDocument\DocumentModel.InOpenXml\Drawings.ChartsStyle\Common\StyleColor.cs","StyleColor","Blue","Element"
"D:\OneDrive\VS\Projects\DocxDocument\DocumentModel.InOpenXml\Drawings.ChartsStyle\Common\StyleColor.cs","StyleColor","BlueModulation","Element"
"D:\OneDrive\VS\Projects\DocxDocument\DocumentModel.InOpenXml\Drawings.ChartsStyle\Common\StyleColor.cs","StyleColor","BlueOffset","Element"
"D:\OneDrive\VS\Projects\DocxDocument\DocumentModel.InOpenXml\Drawings.ChartsStyle\Common\StyleColor.cs","StyleColor","Complement","Element"
"D:\OneDrive\VS\Projects\DocxDocument\DocumentModel.InOpenXml\Drawings.ChartsStyle\Common\StyleColor.cs","StyleColor","Gray","Element"
"D:\OneDrive\VS\Projects\DocxDocument\DocumentModel.InOpenXml\Drawings.ChartsStyle\Common\StyleColor.cs","StyleColor","Green","Element"
"D:\OneDrive\VS\Projects\DocxDocument\DocumentModel.InOpenXml\Drawings.ChartsStyle\Common\StyleColor.cs","StyleColor","GreenModulation","Element"
"D:\OneDrive\VS\Projects\DocxDocument\DocumentModel.InOpenXml\Drawings.ChartsStyle\Common\StyleColor.cs","StyleColor","GreenOffset","Element"
"D:\OneDrive\VS\Projects\DocxDocument\DocumentModel.InOpenXml\Drawings.ChartsStyle\Common\StyleColor.cs","StyleColor","Hue","Element"
"D:\OneDrive\VS\Projects\DocxDocument\DocumentModel.InOpenXml\Drawings.ChartsStyle\Common\StyleColor.cs","StyleColor","HueModulation","Element"
"D:\OneDrive\VS\Projects\DocxDocument\DocumentModel.InOpenXml\Drawings.ChartsStyle\Common\StyleColor.cs","StyleColor","HueOffset","Element"
"D:\OneDrive\VS\Projects\DocxDocument\DocumentModel.InOpenXml\Drawings.ChartsStyle\Common\StyleColor.cs","StyleColor","Inverse","Element"
"D:\OneDrive\VS\Projects\DocxDocument\DocumentModel.InOpenXml\Drawings.ChartsStyle\Common\StyleColor.cs","StyleColor","Luminance","Element"
"D:\OneDrive\VS\Projects\DocxDocument\DocumentModel.InOpenXml\Drawings.ChartsStyle\Common\StyleColor.cs","StyleColor","LuminanceModulation","Element"
"D:\OneDrive\VS\Projects\DocxDocument\DocumentModel.InOpenXml\Drawings.ChartsStyle\Common\StyleColor.cs","StyleColor","LuminanceOffset","Element"
"D:\OneDrive\VS\Projects\DocxDocument\DocumentModel.InOpenXml\Drawings.ChartsStyle\Common\StyleColor.cs","StyleColor","Red","Element"
"D:\OneDrive\VS\Projects\DocxDocument\DocumentModel.InOpenXml\Drawings.ChartsStyle\Common\StyleColor.cs","StyleColor","RedModulation","Element"
"D:\OneDrive\VS\Projects\DocxDocument\DocumentModel.InOpenXml\Drawings.ChartsStyle\Common\StyleColor.cs","StyleColor","RedOffset","Element"
"D:\OneDrive\VS\Projects\DocxDocument\DocumentModel.InOpenXml\Drawings.ChartsStyle\Common\StyleColor.cs","StyleColor","Saturation","Element"
"D:\OneDrive\VS\Projects\DocxDocument\DocumentModel.InOpenXml\Drawings.ChartsStyle\Common\StyleColor.cs","StyleColor","SaturationModulation","Element"
"D:\OneDrive\VS\Projects\DocxDocument\DocumentModel.InOpenXml\Drawings.ChartsStyle\Common\StyleColor.cs","StyleColor","SaturationOffset","Element"
"D:\OneDrive\VS\Projects\DocxDocument\DocumentModel.InOpenXml\Drawings.ChartsStyle\Common\StyleColor.cs","StyleColor","Shade","Element"
"D:\OneDrive\VS\Projects\DocxDocument\DocumentModel.InOpenXml\Drawings.ChartsStyle\Common\StyleColor.cs","StyleColor","Tint","Element"
"D:\OneDrive\VS\Projects\DocxDocument\DocumentModel.InOpenXml\Drawings.ChartsStyle\Common\StyleColor.cs","StyleColor","Val","Property"
"D:\OneDrive\VS\Projects\DocxDocument\DocumentModel.InOpenXml\Drawings.ChartsStyle\Common\TextBodyProperties.cs","TextBodyProperties","Anchor","Property"
"D:\OneDrive\VS\Projects\DocxDocument\DocumentModel.InOpenXml\Drawings.ChartsStyle\Common\TextBodyProperties.cs","TextBodyProperties","AnchorCenter","Property"
"D:\OneDrive\VS\Projects\DocxDocument\DocumentModel.InOpenXml\Drawings.ChartsStyle\Common\TextBodyProperties.cs","TextBodyProperties","BottomInset","Property"
"D:\OneDrive\VS\Projects\DocxDocument\DocumentModel.InOpenXml\Drawings.ChartsStyle\Common\TextBodyProperties.cs","TextBodyProperties","ColumnCount","Property"
"D:\OneDrive\VS\Projects\DocxDocument\DocumentModel.InOpenXml\Drawings.ChartsStyle\Common\TextBodyProperties.cs","TextBodyProperties","ColumnSpacing","Property"
"D:\OneDrive\VS\Projects\DocxDocument\DocumentModel.InOpenXml\Drawings.ChartsStyle\Common\TextBodyProperties.cs","TextBodyProperties","CompatibleLineSpacing","Property"
"D:\OneDrive\VS\Projects\DocxDocument\DocumentModel.InOpenXml\Drawings.ChartsStyle\Common\TextBodyProperties.cs","TextBodyProperties","ExtensionList","Element"
"D:\OneDrive\VS\Projects\DocxDocument\DocumentModel.InOpenXml\Drawings.ChartsStyle\Common\TextBodyProperties.cs","TextBodyProperties","FlatText","Element"
"D:\OneDrive\VS\Projects\DocxDocument\DocumentModel.InOpenXml\Drawings.ChartsStyle\Common\TextBodyProperties.cs","TextBodyProperties","ForceAntiAlias","Property"
"D:\OneDrive\VS\Projects\DocxDocument\DocumentModel.InOpenXml\Drawings.ChartsStyle\Common\TextBodyProperties.cs","TextBodyProperties","FromWordArt","Property"
"D:\OneDrive\VS\Projects\DocxDocument\DocumentModel.InOpenXml\Drawings.ChartsStyle\Common\TextBodyProperties.cs","TextBodyProperties","HorizontalOverflow","Property"
"D:\OneDrive\VS\Projects\DocxDocument\DocumentModel.InOpenXml\Drawings.ChartsStyle\Common\TextBodyProperties.cs","TextBodyProperties","LeftInset","Property"
"D:\OneDrive\VS\Projects\DocxDocument\DocumentModel.InOpenXml\Drawings.ChartsStyle\Common\TextBodyProperties.cs","TextBodyProperties","NoAutoFit","Element"
"D:\OneDrive\VS\Projects\DocxDocument\DocumentModel.InOpenXml\Drawings.ChartsStyle\Common\TextBodyProperties.cs","TextBodyProperties","NormalAutoFit","Element"
"D:\OneDrive\VS\Projects\DocxDocument\DocumentModel.InOpenXml\Drawings.ChartsStyle\Common\TextBodyProperties.cs","TextBodyProperties","PresetTextWrap","Element"
"D:\OneDrive\VS\Projects\DocxDocument\DocumentModel.InOpenXml\Drawings.ChartsStyle\Common\TextBodyProperties.cs","TextBodyProperties","RightInset","Property"
"D:\OneDrive\VS\Projects\DocxDocument\DocumentModel.InOpenXml\Drawings.ChartsStyle\Common\TextBodyProperties.cs","TextBodyProperties","RightToLeftColumns","Property"
"D:\OneDrive\VS\Projects\DocxDocument\DocumentModel.InOpenXml\Drawings.ChartsStyle\Common\TextBodyProperties.cs","TextBodyProperties","Rotation","Property"
"D:\OneDrive\VS\Projects\DocxDocument\DocumentModel.InOpenXml\Drawings.ChartsStyle\Common\TextBodyProperties.cs","TextBodyProperties","Scene3DType","Element"
"D:\OneDrive\VS\Projects\DocxDocument\DocumentModel.InOpenXml\Drawings.ChartsStyle\Common\TextBodyProperties.cs","TextBodyProperties","Shape3DType","Element"
"D:\OneDrive\VS\Projects\DocxDocument\DocumentModel.InOpenXml\Drawings.ChartsStyle\Common\TextBodyProperties.cs","TextBodyProperties","ShapeAutoFit","Element"
"D:\OneDrive\VS\Projects\DocxDocument\DocumentModel.InOpenXml\Drawings.ChartsStyle\Common\TextBodyProperties.cs","TextBodyProperties","TopInset","Property"
"D:\OneDrive\VS\Projects\DocxDocument\DocumentModel.InOpenXml\Drawings.ChartsStyle\Common\TextBodyProperties.cs","TextBodyProperties","UpRight","Property"
"D:\OneDrive\VS\Projects\DocxDocument\DocumentModel.InOpenXml\Drawings.ChartsStyle\Common\TextBodyProperties.cs","TextBodyProperties","UseParagraphSpacing","Property"
"D:\OneDrive\VS\Projects\DocxDocument\DocumentModel.InOpenXml\Drawings.ChartsStyle\Common\TextBodyProperties.cs","TextBodyProperties","Vertical","Property"
"D:\OneDrive\VS\Projects\DocxDocument\DocumentModel.InOpenXml\Drawings.ChartsStyle\Common\TextBodyProperties.cs","TextBodyProperties","VerticalOverflow","Property"
"D:\OneDrive\VS\Projects\DocxDocument\DocumentModel.InOpenXml\Drawings.ChartsStyle\Common\TextBodyProperties.cs","TextBodyProperties","Wrap","Property"
"D:\OneDrive\VS\Projects\DocxDocument\DocumentModel.InOpenXml\Drawings.ChartsStyle\Common\TextCharacterPropertiesType.cs","TextCharacterPropertiesType","AlternativeLanguage","Property"
"D:\OneDrive\VS\Projects\DocxDocument\DocumentModel.InOpenXml\Drawings.ChartsStyle\Common\TextCharacterPropertiesType.cs","TextCharacterPropertiesType","Baseline","Property"
"D:\OneDrive\VS\Projects\DocxDocument\DocumentModel.InOpenXml\Drawings.ChartsStyle\Common\TextCharacterPropertiesType.cs","TextCharacterPropertiesType","Bold","Property"
"D:\OneDrive\VS\Projects\DocxDocument\DocumentModel.InOpenXml\Drawings.ChartsStyle\Common\TextCharacterPropertiesType.cs","TextCharacterPropertiesType","Bookmark","Property"
"D:\OneDrive\VS\Projects\DocxDocument\DocumentModel.InOpenXml\Drawings.ChartsStyle\Common\TextCharacterPropertiesType.cs","TextCharacterPropertiesType","Capital","Property"
"D:\OneDrive\VS\Projects\DocxDocument\DocumentModel.InOpenXml\Drawings.ChartsStyle\Common\TextCharacterPropertiesType.cs","TextCharacterPropertiesType","ComplexScriptFont","Element"
"D:\OneDrive\VS\Projects\DocxDocument\DocumentModel.InOpenXml\Drawings.ChartsStyle\Common\TextCharacterPropertiesType.cs","TextCharacterPropertiesType","Dirty","Property"
"D:\OneDrive\VS\Projects\DocxDocument\DocumentModel.InOpenXml\Drawings.ChartsStyle\Common\TextCharacterPropertiesType.cs","TextCharacterPropertiesType","EastAsianFont","Element"
"D:\OneDrive\VS\Projects\DocxDocument\DocumentModel.InOpenXml\Drawings.ChartsStyle\Common\TextCharacterPropertiesType.cs","TextCharacterPropertiesType","EffectDag","Element"
"D:\OneDrive\VS\Projects\DocxDocument\DocumentModel.InOpenXml\Drawings.ChartsStyle\Common\TextCharacterPropertiesType.cs","TextCharacterPropertiesType","EffectList","Element"
"D:\OneDrive\VS\Projects\DocxDocument\DocumentModel.InOpenXml\Drawings.ChartsStyle\Common\TextCharacterPropertiesType.cs","TextCharacterPropertiesType","ExtensionList","Element"
"D:\OneDrive\VS\Projects\DocxDocument\DocumentModel.InOpenXml\Drawings.ChartsStyle\Common\TextCharacterPropertiesType.cs","TextCharacterPropertiesType","Fill","Element"
"D:\OneDrive\VS\Projects\DocxDocument\DocumentModel.InOpenXml\Drawings.ChartsStyle\Common\TextCharacterPropertiesType.cs","TextCharacterPropertiesType","FontSize","Property"
"D:\OneDrive\VS\Projects\DocxDocument\DocumentModel.InOpenXml\Drawings.ChartsStyle\Common\TextCharacterPropertiesType.cs","TextCharacterPropertiesType","Highlight","Element"
"D:\OneDrive\VS\Projects\DocxDocument\DocumentModel.InOpenXml\Drawings.ChartsStyle\Common\TextCharacterPropertiesType.cs","TextCharacterPropertiesType","HyperlinkOnClick","Element"
"D:\OneDrive\VS\Projects\DocxDocument\DocumentModel.InOpenXml\Drawings.ChartsStyle\Common\TextCharacterPropertiesType.cs","TextCharacterPropertiesType","HyperlinkOnMouseOver","Element"
"D:\OneDrive\VS\Projects\DocxDocument\DocumentModel.InOpenXml\Drawings.ChartsStyle\Common\TextCharacterPropertiesType.cs","TextCharacterPropertiesType","Italic","Property"
"D:\OneDrive\VS\Projects\DocxDocument\DocumentModel.InOpenXml\Drawings.ChartsStyle\Common\TextCharacterPropertiesType.cs","TextCharacterPropertiesType","Kerning","Property"
"D:\OneDrive\VS\Projects\DocxDocument\DocumentModel.InOpenXml\Drawings.ChartsStyle\Common\TextCharacterPropertiesType.cs","TextCharacterPropertiesType","Kumimoji","Property"
"D:\OneDrive\VS\Projects\DocxDocument\DocumentModel.InOpenXml\Drawings.ChartsStyle\Common\TextCharacterPropertiesType.cs","TextCharacterPropertiesType","Language","Property"
"D:\OneDrive\VS\Projects\DocxDocument\DocumentModel.InOpenXml\Drawings.ChartsStyle\Common\TextCharacterPropertiesType.cs","TextCharacterPropertiesType","LatinFont","Element"
"D:\OneDrive\VS\Projects\DocxDocument\DocumentModel.InOpenXml\Drawings.ChartsStyle\Common\TextCharacterPropertiesType.cs","TextCharacterPropertiesType","NoProof","Property"
"D:\OneDrive\VS\Projects\DocxDocument\DocumentModel.InOpenXml\Drawings.ChartsStyle\Common\TextCharacterPropertiesType.cs","TextCharacterPropertiesType","NormalizeHeight","Property"
"D:\OneDrive\VS\Projects\DocxDocument\DocumentModel.InOpenXml\Drawings.ChartsStyle\Common\TextCharacterPropertiesType.cs","TextCharacterPropertiesType","Outline","Property"
"D:\OneDrive\VS\Projects\DocxDocument\DocumentModel.InOpenXml\Drawings.ChartsStyle\Common\TextCharacterPropertiesType.cs","TextCharacterPropertiesType","RightToLeft","Element"
"D:\OneDrive\VS\Projects\DocxDocument\DocumentModel.InOpenXml\Drawings.ChartsStyle\Common\TextCharacterPropertiesType.cs","TextCharacterPropertiesType","SmartTagClean","Property"
"D:\OneDrive\VS\Projects\DocxDocument\DocumentModel.InOpenXml\Drawings.ChartsStyle\Common\TextCharacterPropertiesType.cs","TextCharacterPropertiesType","SmartTagId","Property"
"D:\OneDrive\VS\Projects\DocxDocument\DocumentModel.InOpenXml\Drawings.ChartsStyle\Common\TextCharacterPropertiesType.cs","TextCharacterPropertiesType","SmtClean","Element"
"D:\OneDrive\VS\Projects\DocxDocument\DocumentModel.InOpenXml\Drawings.ChartsStyle\Common\TextCharacterPropertiesType.cs","TextCharacterPropertiesType","SmtId","Element"
"D:\OneDrive\VS\Projects\DocxDocument\DocumentModel.InOpenXml\Drawings.ChartsStyle\Common\TextCharacterPropertiesType.cs","TextCharacterPropertiesType","Spacing","Property"
"D:\OneDrive\VS\Projects\DocxDocument\DocumentModel.InOpenXml\Drawings.ChartsStyle\Common\TextCharacterPropertiesType.cs","TextCharacterPropertiesType","SpellingError","Property"
"D:\OneDrive\VS\Projects\DocxDocument\DocumentModel.InOpenXml\Drawings.ChartsStyle\Common\TextCharacterPropertiesType.cs","TextCharacterPropertiesType","Strike","Property"
"D:\OneDrive\VS\Projects\DocxDocument\DocumentModel.InOpenXml\Drawings.ChartsStyle\Common\TextCharacterPropertiesType.cs","TextCharacterPropertiesType","SymbolFont","Element"
"D:\OneDrive\VS\Projects\DocxDocument\DocumentModel.InOpenXml\Drawings.ChartsStyle\Common\TextCharacterPropertiesType.cs","TextCharacterPropertiesType","Underline","Property"
"D:\OneDrive\VS\Projects\DocxDocument\DocumentModel.InOpenXml\Drawings.ChartsStyle\Common\TextCharacterPropertiesType.cs","TextCharacterPropertiesType","UnderlineFill","Element"
"D:\OneDrive\VS\Projects\DocxDocument\DocumentModel.InOpenXml\Drawings.ChartsStyle\Common\TextCharacterPropertiesType.cs","TextCharacterPropertiesType","UnderlineFillText","Element"
"D:\OneDrive\VS\Projects\DocxDocument\DocumentModel.InOpenXml\Drawings.ChartsStyle\Common\TextCharacterPropertiesType.cs","TextCharacterPropertiesType","UnderlineFollowsText","Element"
"D:\OneDrive\VS\Projects\DocxDocument\DocumentModel.InOpenXml\Drawings.Diagrams\Adjust.cs","Adjust","Index","Property"
"D:\OneDrive\VS\Projects\DocxDocument\DocumentModel.InOpenXml\Drawings.Diagrams\Adjust.cs","Adjust","Val","Property"
"D:\OneDrive\VS\Projects\DocxDocument\DocumentModel.InOpenXml\Drawings.Diagrams\Algorithm.cs","Algorithm","ExtensionList","Element"
"D:\OneDrive\VS\Projects\DocxDocument\DocumentModel.InOpenXml\Drawings.Diagrams\Algorithm.cs","Algorithm","Parameters","Element"
"D:\OneDrive\VS\Projects\DocxDocument\DocumentModel.InOpenXml\Drawings.Diagrams\Algorithm.cs","Algorithm","Revision","Property"
"D:\OneDrive\VS\Projects\DocxDocument\DocumentModel.InOpenXml\Drawings.Diagrams\Algorithm.cs","Algorithm","Type","Property"
"D:\OneDrive\VS\Projects\DocxDocument\DocumentModel.InOpenXml\Drawings.Diagrams\Background.cs","Background","EffectDag","Element"
"D:\OneDrive\VS\Projects\DocxDocument\DocumentModel.InOpenXml\Drawings.Diagrams\Background.cs","Background","EffectList","Element"
"D:\OneDrive\VS\Projects\DocxDocument\DocumentModel.InOpenXml\Drawings.Diagrams\Background.cs","Background","Fill","Element"
"D:\OneDrive\VS\Projects\DocxDocument\DocumentModel.InOpenXml\Drawings.Diagrams\BuildDiagram.cs","BuildDiagram","Build","Property"
"D:\OneDrive\VS\Projects\DocxDocument\DocumentModel.InOpenXml\Drawings.Diagrams\BuildDiagram.cs","BuildDiagram","ReverseAnimation","Property"
"D:\OneDrive\VS\Projects\DocxDocument\DocumentModel.InOpenXml\Drawings.Diagrams\Category.cs","Category","Priority","Property"
"D:\OneDrive\VS\Projects\DocxDocument\DocumentModel.InOpenXml\Drawings.Diagrams\Category.cs","Category","Type","Property"
"D:\OneDrive\VS\Projects\DocxDocument\DocumentModel.InOpenXml\Drawings.Diagrams\Choose.cs","Choose","DiagramChooseElse","Element"
"D:\OneDrive\VS\Projects\DocxDocument\DocumentModel.InOpenXml\Drawings.Diagrams\Choose.cs","Choose","DiagramChooseIf","Element"
"D:\OneDrive\VS\Projects\DocxDocument\DocumentModel.InOpenXml\Drawings.Diagrams\Choose.cs","Choose","Name","Property"
"D:\OneDrive\VS\Projects\DocxDocument\DocumentModel.InOpenXml\Drawings.Diagrams\ColorDefinition.cs","ColorDefinition","ColorDefinitionTitles","Element"
"D:\OneDrive\VS\Projects\DocxDocument\DocumentModel.InOpenXml\Drawings.Diagrams\ColorDefinition.cs","ColorDefinition","ColorTransformCategories","Element"
"D:\OneDrive\VS\Projects\DocxDocument\DocumentModel.InOpenXml\Drawings.Diagrams\ColorDefinition.cs","ColorDefinition","ColorTransformDescriptions","Element"
"D:\OneDrive\VS\Projects\DocxDocument\DocumentModel.InOpenXml\Drawings.Diagrams\ColorDefinition.cs","ColorDefinition","ColorTransformStyleLabels","Element"
"D:\OneDrive\VS\Projects\DocxDocument\DocumentModel.InOpenXml\Drawings.Diagrams\ColorDefinition.cs","ColorDefinition","ExtensionList","Element"
"D:\OneDrive\VS\Projects\DocxDocument\DocumentModel.InOpenXml\Drawings.Diagrams\ColorDefinition.cs","ColorDefinition","MinVersion","Property"
"D:\OneDrive\VS\Projects\DocxDocument\DocumentModel.InOpenXml\Drawings.Diagrams\ColorDefinition.cs","ColorDefinition","UniqueId","Property"
"D:\OneDrive\VS\Projects\DocxDocument\DocumentModel.InOpenXml\Drawings.Diagrams\ColorDefinitionTitle.cs","ColorDefinitionTitle","Language","Property"
"D:\OneDrive\VS\Projects\DocxDocument\DocumentModel.InOpenXml\Drawings.Diagrams\ColorDefinitionTitle.cs","ColorDefinitionTitle","Val","Property"
"D:\OneDrive\VS\Projects\DocxDocument\DocumentModel.InOpenXml\Drawings.Diagrams\ColorTransformCategory.cs","ColorTransformCategory","Priority","Property"
"D:\OneDrive\VS\Projects\DocxDocument\DocumentModel.InOpenXml\Drawings.Diagrams\ColorTransformCategory.cs","ColorTransformCategory","Type","Property"
"D:\OneDrive\VS\Projects\DocxDocument\DocumentModel.InOpenXml\Drawings.Diagrams\ColorTransformDescription.cs","ColorTransformDescription","Language","Property"
"D:\OneDrive\VS\Projects\DocxDocument\DocumentModel.InOpenXml\Drawings.Diagrams\ColorTransformDescription.cs","ColorTransformDescription","Val","Property"
"D:\OneDrive\VS\Projects\DocxDocument\DocumentModel.InOpenXml\Drawings.Diagrams\ColorTransformStyleLabel.cs","ColorTransformStyleLabel","EffectColorList","Property"
"D:\OneDrive\VS\Projects\DocxDocument\DocumentModel.InOpenXml\Drawings.Diagrams\ColorTransformStyleLabel.cs","ColorTransformStyleLabel","ExtensionList","Property"
"D:\OneDrive\VS\Projects\DocxDocument\DocumentModel.InOpenXml\Drawings.Diagrams\ColorTransformStyleLabel.cs","ColorTransformStyleLabel","FillColorList","Property"
"D:\OneDrive\VS\Projects\DocxDocument\DocumentModel.InOpenXml\Drawings.Diagrams\ColorTransformStyleLabel.cs","ColorTransformStyleLabel","LineColorList","Property"
"D:\OneDrive\VS\Projects\DocxDocument\DocumentModel.InOpenXml\Drawings.Diagrams\ColorTransformStyleLabel.cs","ColorTransformStyleLabel","Name","Property"
"D:\OneDrive\VS\Projects\DocxDocument\DocumentModel.InOpenXml\Drawings.Diagrams\ColorTransformStyleLabel.cs","ColorTransformStyleLabel","TextEffectColorList","Property"
"D:\OneDrive\VS\Projects\DocxDocument\DocumentModel.InOpenXml\Drawings.Diagrams\ColorTransformStyleLabel.cs","ColorTransformStyleLabel","TextFillColorList","Property"
"D:\OneDrive\VS\Projects\DocxDocument\DocumentModel.InOpenXml\Drawings.Diagrams\ColorTransformStyleLabel.cs","ColorTransformStyleLabel","TextLineColorList","Property"
"D:\OneDrive\VS\Projects\DocxDocument\DocumentModel.InOpenXml\Drawings.Diagrams\ColorType.cs","ColorType","HueDirection","Property"
"D:\OneDrive\VS\Projects\DocxDocument\DocumentModel.InOpenXml\Drawings.Diagrams\ColorType.cs","ColorType","Method","Property"
"D:\OneDrive\VS\Projects\DocxDocument\DocumentModel.InOpenXml\Drawings.Diagrams\Connection.cs","Connection","DestinationId","Property"
"D:\OneDrive\VS\Projects\DocxDocument\DocumentModel.InOpenXml\Drawings.Diagrams\Connection.cs","Connection","DestinationPosition","Property"
"D:\OneDrive\VS\Projects\DocxDocument\DocumentModel.InOpenXml\Drawings.Diagrams\Connection.cs","Connection","ExtensionList","Property"
"D:\OneDrive\VS\Projects\DocxDocument\DocumentModel.InOpenXml\Drawings.Diagrams\Connection.cs","Connection","ModelId","Property"
"D:\OneDrive\VS\Projects\DocxDocument\DocumentModel.InOpenXml\Drawings.Diagrams\Connection.cs","Connection","ParentTransitionId","Property"
"D:\OneDrive\VS\Projects\DocxDocument\DocumentModel.InOpenXml\Drawings.Diagrams\Connection.cs","Connection","PresentationId","Property"
"D:\OneDrive\VS\Projects\DocxDocument\DocumentModel.InOpenXml\Drawings.Diagrams\Connection.cs","Connection","SiblingTransitionId","Property"
"D:\OneDrive\VS\Projects\DocxDocument\DocumentModel.InOpenXml\Drawings.Diagrams\Connection.cs","Connection","SourceId","Property"
"D:\OneDrive\VS\Projects\DocxDocument\DocumentModel.InOpenXml\Drawings.Diagrams\Connection.cs","Connection","SourcePosition","Property"
"D:\OneDrive\VS\Projects\DocxDocument\DocumentModel.InOpenXml\Drawings.Diagrams\Connection.cs","Connection","Type","Property"
"D:\OneDrive\VS\Projects\DocxDocument\DocumentModel.InOpenXml\Drawings.Diagrams\Constraint.cs","Constraint","ExtensionList","Property"
"D:\OneDrive\VS\Projects\DocxDocument\DocumentModel.InOpenXml\Drawings.Diagrams\Constraint.cs","Constraint","Fact","Property"
"D:\OneDrive\VS\Projects\DocxDocument\DocumentModel.InOpenXml\Drawings.Diagrams\Constraint.cs","Constraint","For","Property"
"D:\OneDrive\VS\Projects\DocxDocument\DocumentModel.InOpenXml\Drawings.Diagrams\Constraint.cs","Constraint","ForName","Property"
"D:\OneDrive\VS\Projects\DocxDocument\DocumentModel.InOpenXml\Drawings.Diagrams\Constraint.cs","Constraint","Operator","Property"
"D:\OneDrive\VS\Projects\DocxDocument\DocumentModel.InOpenXml\Drawings.Diagrams\Constraint.cs","Constraint","PointType","Property"
"D:\OneDrive\VS\Projects\DocxDocument\DocumentModel.InOpenXml\Drawings.Diagrams\Constraint.cs","Constraint","ReferenceFor","Property"
"D:\OneDrive\VS\Projects\DocxDocument\DocumentModel.InOpenXml\Drawings.Diagrams\Constraint.cs","Constraint","ReferenceForName","Property"
"D:\OneDrive\VS\Projects\DocxDocument\DocumentModel.InOpenXml\Drawings.Diagrams\Constraint.cs","Constraint","ReferencePointType","Property"
"D:\OneDrive\VS\Projects\DocxDocument\DocumentModel.InOpenXml\Drawings.Diagrams\Constraint.cs","Constraint","ReferenceType","Property"
"D:\OneDrive\VS\Projects\DocxDocument\DocumentModel.InOpenXml\Drawings.Diagrams\Constraint.cs","Constraint","Type","Property"
"D:\OneDrive\VS\Projects\DocxDocument\DocumentModel.InOpenXml\Drawings.Diagrams\Constraint.cs","Constraint","Val","Property"
"D:\OneDrive\VS\Projects\DocxDocument\DocumentModel.InOpenXml\Drawings.Diagrams\DataModel.cs","DataModel","Background","Property"
"D:\OneDrive\VS\Projects\DocxDocument\DocumentModel.InOpenXml\Drawings.Diagrams\DataModel.cs","DataModel","ConnectionList","Property"
"D:\OneDrive\VS\Projects\DocxDocument\DocumentModel.InOpenXml\Drawings.Diagrams\DataModel.cs","DataModel","DataModelExtensionList","Property"
"D:\OneDrive\VS\Projects\DocxDocument\DocumentModel.InOpenXml\Drawings.Diagrams\DataModel.cs","DataModel","PointList","Property"
"D:\OneDrive\VS\Projects\DocxDocument\DocumentModel.InOpenXml\Drawings.Diagrams\DataModel.cs","DataModel","Whole","Property"
"D:\OneDrive\VS\Projects\DocxDocument\DocumentModel.InOpenXml\Drawings.Diagrams\DataModelExtension.cs","DataModelExtension","DataModelExtensionBlock","Element"
"D:\OneDrive\VS\Projects\DocxDocument\DocumentModel.InOpenXml\Drawings.Diagrams\DataModelExtension.cs","DataModelExtension","RecolorImages","Element"
"D:\OneDrive\VS\Projects\DocxDocument\DocumentModel.InOpenXml\Drawings.Diagrams\DataModelRoot.cs","DataModelRoot","Background","Property"
"D:\OneDrive\VS\Projects\DocxDocument\DocumentModel.InOpenXml\Drawings.Diagrams\DataModelRoot.cs","DataModelRoot","ConnectionList","Property"
"D:\OneDrive\VS\Projects\DocxDocument\DocumentModel.InOpenXml\Drawings.Diagrams\DataModelRoot.cs","DataModelRoot","DataModelExtensionList","Property"
"D:\OneDrive\VS\Projects\DocxDocument\DocumentModel.InOpenXml\Drawings.Diagrams\DataModelRoot.cs","DataModelRoot","PointList","Property"
"D:\OneDrive\VS\Projects\DocxDocument\DocumentModel.InOpenXml\Drawings.Diagrams\DataModelRoot.cs","DataModelRoot","Whole","Property"
"D:\OneDrive\VS\Projects\DocxDocument\DocumentModel.InOpenXml\Drawings.Diagrams\Description.cs","Description","Language","Property"
"D:\OneDrive\VS\Projects\DocxDocument\DocumentModel.InOpenXml\Drawings.Diagrams\Description.cs","Description","Val","Property"
"D:\OneDrive\VS\Projects\DocxDocument\DocumentModel.InOpenXml\Drawings.Diagrams\Diagram.cs","Diagram","BuildStep","Property"
"D:\OneDrive\VS\Projects\DocxDocument\DocumentModel.InOpenXml\Drawings.Diagrams\Diagram.cs","Diagram","Id","Property"
"D:\OneDrive\VS\Projects\DocxDocument\DocumentModel.InOpenXml\Drawings.Diagrams\DiagramAutoBullet.cs","DiagramAutoBullet","AutoBulletPrefix","Property"
"D:\OneDrive\VS\Projects\DocxDocument\DocumentModel.InOpenXml\Drawings.Diagrams\DiagramAutoBullet.cs","DiagramAutoBullet","AutoNumberedBullet","Property"
"D:\OneDrive\VS\Projects\DocxDocument\DocumentModel.InOpenXml\Drawings.Diagrams\DiagramAutoBullet.cs","DiagramAutoBullet","CharacterBullet","Property"
"D:\OneDrive\VS\Projects\DocxDocument\DocumentModel.InOpenXml\Drawings.Diagrams\DiagramAutoBullet.cs","DiagramAutoBullet","LeadZeros","Property"
"D:\OneDrive\VS\Projects\DocxDocument\DocumentModel.InOpenXml\Drawings.Diagrams\DiagramAutoBullet.cs","DiagramAutoBullet","NoBullet","Property"
"D:\OneDrive\VS\Projects\DocxDocument\DocumentModel.InOpenXml\Drawings.Diagrams\DiagramAutoBullet.cs","DiagramAutoBullet","PictureBullet","Property"
"D:\OneDrive\VS\Projects\DocxDocument\DocumentModel.InOpenXml\Drawings.Diagrams\DiagramChooseElse.cs","DiagramChooseElse","Algorithm","Element"
"D:\OneDrive\VS\Projects\DocxDocument\DocumentModel.InOpenXml\Drawings.Diagrams\DiagramChooseElse.cs","DiagramChooseElse","Choose","Element"
"D:\OneDrive\VS\Projects\DocxDocument\DocumentModel.InOpenXml\Drawings.Diagrams\DiagramChooseElse.cs","DiagramChooseElse","Constraints","Element"
"D:\OneDrive\VS\Projects\DocxDocument\DocumentModel.InOpenXml\Drawings.Diagrams\DiagramChooseElse.cs","DiagramChooseElse","ExtensionList","Element"
"D:\OneDrive\VS\Projects\DocxDocument\DocumentModel.InOpenXml\Drawings.Diagrams\DiagramChooseElse.cs","DiagramChooseElse","ForEach","Element"
"D:\OneDrive\VS\Projects\DocxDocument\DocumentModel.InOpenXml\Drawings.Diagrams\DiagramChooseElse.cs","DiagramChooseElse","LayoutNode","Element"
"D:\OneDrive\VS\Projects\DocxDocument\DocumentModel.InOpenXml\Drawings.Diagrams\DiagramChooseElse.cs","DiagramChooseElse","Name","Property"
"D:\OneDrive\VS\Projects\DocxDocument\DocumentModel.InOpenXml\Drawings.Diagrams\DiagramChooseElse.cs","DiagramChooseElse","PresentationOf","Element"
"D:\OneDrive\VS\Projects\DocxDocument\DocumentModel.InOpenXml\Drawings.Diagrams\DiagramChooseElse.cs","DiagramChooseElse","RuleList","Element"
"D:\OneDrive\VS\Projects\DocxDocument\DocumentModel.InOpenXml\Drawings.Diagrams\DiagramChooseElse.cs","DiagramChooseElse","Shape","Element"
"D:\OneDrive\VS\Projects\DocxDocument\DocumentModel.InOpenXml\Drawings.Diagrams\DiagramChooseIf.cs","DiagramChooseIf","Algorithm","Element"
"D:\OneDrive\VS\Projects\DocxDocument\DocumentModel.InOpenXml\Drawings.Diagrams\DiagramChooseIf.cs","DiagramChooseIf","Argument","Property"
"D:\OneDrive\VS\Projects\DocxDocument\DocumentModel.InOpenXml\Drawings.Diagrams\DiagramChooseIf.cs","DiagramChooseIf","Axis","Property"
"D:\OneDrive\VS\Projects\DocxDocument\DocumentModel.InOpenXml\Drawings.Diagrams\DiagramChooseIf.cs","DiagramChooseIf","Choose","Element"
"D:\OneDrive\VS\Projects\DocxDocument\DocumentModel.InOpenXml\Drawings.Diagrams\DiagramChooseIf.cs","DiagramChooseIf","Constraints","Element"
"D:\OneDrive\VS\Projects\DocxDocument\DocumentModel.InOpenXml\Drawings.Diagrams\DiagramChooseIf.cs","DiagramChooseIf","Count","Property"
"D:\OneDrive\VS\Projects\DocxDocument\DocumentModel.InOpenXml\Drawings.Diagrams\DiagramChooseIf.cs","DiagramChooseIf","ExtensionList","Element"
"D:\OneDrive\VS\Projects\DocxDocument\DocumentModel.InOpenXml\Drawings.Diagrams\DiagramChooseIf.cs","DiagramChooseIf","ForEach","Element"
"D:\OneDrive\VS\Projects\DocxDocument\DocumentModel.InOpenXml\Drawings.Diagrams\DiagramChooseIf.cs","DiagramChooseIf","Function","Property"
"D:\OneDrive\VS\Projects\DocxDocument\DocumentModel.InOpenXml\Drawings.Diagrams\DiagramChooseIf.cs","DiagramChooseIf","HideLastTrans","Property"
"D:\OneDrive\VS\Projects\DocxDocument\DocumentModel.InOpenXml\Drawings.Diagrams\DiagramChooseIf.cs","DiagramChooseIf","LayoutNode","Element"
"D:\OneDrive\VS\Projects\DocxDocument\DocumentModel.InOpenXml\Drawings.Diagrams\DiagramChooseIf.cs","DiagramChooseIf","Name","Property"
"D:\OneDrive\VS\Projects\DocxDocument\DocumentModel.InOpenXml\Drawings.Diagrams\DiagramChooseIf.cs","DiagramChooseIf","Operator","Property"
"D:\OneDrive\VS\Projects\DocxDocument\DocumentModel.InOpenXml\Drawings.Diagrams\DiagramChooseIf.cs","DiagramChooseIf","PointType","Property"
"D:\OneDrive\VS\Projects\DocxDocument\DocumentModel.InOpenXml\Drawings.Diagrams\DiagramChooseIf.cs","DiagramChooseIf","PresentationOf","Element"
"D:\OneDrive\VS\Projects\DocxDocument\DocumentModel.InOpenXml\Drawings.Diagrams\DiagramChooseIf.cs","DiagramChooseIf","RuleList","Element"
"D:\OneDrive\VS\Projects\DocxDocument\DocumentModel.InOpenXml\Drawings.Diagrams\DiagramChooseIf.cs","DiagramChooseIf","Shape","Element"
"D:\OneDrive\VS\Projects\DocxDocument\DocumentModel.InOpenXml\Drawings.Diagrams\DiagramChooseIf.cs","DiagramChooseIf","Start","Property"
"D:\OneDrive\VS\Projects\DocxDocument\DocumentModel.InOpenXml\Drawings.Diagrams\DiagramChooseIf.cs","DiagramChooseIf","Step","Property"
"D:\OneDrive\VS\Projects\DocxDocument\DocumentModel.InOpenXml\Drawings.Diagrams\DiagramChooseIf.cs","DiagramChooseIf","Val","Property"
"D:\OneDrive\VS\Projects\DocxDocument\DocumentModel.InOpenXml\Drawings.Diagrams\DiagramDefinitionExtension.cs","DiagramDefinitionExtension","NumberDiagramInfoList","Element"
"D:\OneDrive\VS\Projects\DocxDocument\DocumentModel.InOpenXml\Drawings.Diagrams\DiagramDefinitionExtension.cs","DiagramDefinitionExtension","TextListStyleType","Element"
"D:\OneDrive\VS\Projects\DocxDocument\DocumentModel.InOpenXml\Drawings.Diagrams\ForEach.cs","ForEach","Algorithm","Element"
"D:\OneDrive\VS\Projects\DocxDocument\DocumentModel.InOpenXml\Drawings.Diagrams\ForEach.cs","ForEach","Axis","Property"
"D:\OneDrive\VS\Projects\DocxDocument\DocumentModel.InOpenXml\Drawings.Diagrams\ForEach.cs","ForEach","ChildForEach","Element"
"D:\OneDrive\VS\Projects\DocxDocument\DocumentModel.InOpenXml\Drawings.Diagrams\ForEach.cs","ForEach","Choose","Element"
"D:\OneDrive\VS\Projects\DocxDocument\DocumentModel.InOpenXml\Drawings.Diagrams\ForEach.cs","ForEach","Constraints","Element"
"D:\OneDrive\VS\Projects\DocxDocument\DocumentModel.InOpenXml\Drawings.Diagrams\ForEach.cs","ForEach","Count","Property"
"D:\OneDrive\VS\Projects\DocxDocument\DocumentModel.InOpenXml\Drawings.Diagrams\ForEach.cs","ForEach","ExtensionList","Element"
"D:\OneDrive\VS\Projects\DocxDocument\DocumentModel.InOpenXml\Drawings.Diagrams\ForEach.cs","ForEach","HideLastTrans","Property"
"D:\OneDrive\VS\Projects\DocxDocument\DocumentModel.InOpenXml\Drawings.Diagrams\ForEach.cs","ForEach","LayoutNode","Element"
"D:\OneDrive\VS\Projects\DocxDocument\DocumentModel.InOpenXml\Drawings.Diagrams\ForEach.cs","ForEach","Name","Property"
"D:\OneDrive\VS\Projects\DocxDocument\DocumentModel.InOpenXml\Drawings.Diagrams\ForEach.cs","ForEach","PointType","Property"
"D:\OneDrive\VS\Projects\DocxDocument\DocumentModel.InOpenXml\Drawings.Diagrams\ForEach.cs","ForEach","PresentationOf","Element"
"D:\OneDrive\VS\Projects\DocxDocument\DocumentModel.InOpenXml\Drawings.Diagrams\ForEach.cs","ForEach","Reference","Property"
"D:\OneDrive\VS\Projects\DocxDocument\DocumentModel.InOpenXml\Drawings.Diagrams\ForEach.cs","ForEach","RuleList","Element"
"D:\OneDrive\VS\Projects\DocxDocument\DocumentModel.InOpenXml\Drawings.Diagrams\ForEach.cs","ForEach","Shape","Element"
"D:\OneDrive\VS\Projects\DocxDocument\DocumentModel.InOpenXml\Drawings.Diagrams\ForEach.cs","ForEach","Start","Property"
"D:\OneDrive\VS\Projects\DocxDocument\DocumentModel.InOpenXml\Drawings.Diagrams\ForEach.cs","ForEach","Step","Property"
"D:\OneDrive\VS\Projects\DocxDocument\DocumentModel.InOpenXml\Drawings.Diagrams\LayoutDefinition.cs","LayoutDefinition","CategoryList","Element"
"D:\OneDrive\VS\Projects\DocxDocument\DocumentModel.InOpenXml\Drawings.Diagrams\LayoutDefinition.cs","LayoutDefinition","ColorData","Element"
"D:\OneDrive\VS\Projects\DocxDocument\DocumentModel.InOpenXml\Drawings.Diagrams\LayoutDefinition.cs","LayoutDefinition","DefaultStyle","Property"
"D:\OneDrive\VS\Projects\DocxDocument\DocumentModel.InOpenXml\Drawings.Diagrams\LayoutDefinition.cs","LayoutDefinition","Descriptions","Element"
"D:\OneDrive\VS\Projects\DocxDocument\DocumentModel.InOpenXml\Drawings.Diagrams\LayoutDefinition.cs","LayoutDefinition","DiagramDefinitionExtensionList","Element"
"D:\OneDrive\VS\Projects\DocxDocument\DocumentModel.InOpenXml\Drawings.Diagrams\LayoutDefinition.cs","LayoutDefinition","LayoutNode","Element"
"D:\OneDrive\VS\Projects\DocxDocument\DocumentModel.InOpenXml\Drawings.Diagrams\LayoutDefinition.cs","LayoutDefinition","MinVersion","Property"
"D:\OneDrive\VS\Projects\DocxDocument\DocumentModel.InOpenXml\Drawings.Diagrams\LayoutDefinition.cs","LayoutDefinition","SampleData","Element"
"D:\OneDrive\VS\Projects\DocxDocument\DocumentModel.InOpenXml\Drawings.Diagrams\LayoutDefinition.cs","LayoutDefinition","StyleData","Element"
"D:\OneDrive\VS\Projects\DocxDocument\DocumentModel.InOpenXml\Drawings.Diagrams\LayoutDefinition.cs","LayoutDefinition","Titles","Element"
"D:\OneDrive\VS\Projects\DocxDocument\DocumentModel.InOpenXml\Drawings.Diagrams\LayoutDefinition.cs","LayoutDefinition","UniqueId","Property"
"D:\OneDrive\VS\Projects\DocxDocument\DocumentModel.InOpenXml\Drawings.Diagrams\LayoutNode.cs","LayoutNode","Algorithm","Element"
"D:\OneDrive\VS\Projects\DocxDocument\DocumentModel.InOpenXml\Drawings.Diagrams\LayoutNode.cs","LayoutNode","ChildLayoutNode","Element"
"D:\OneDrive\VS\Projects\DocxDocument\DocumentModel.InOpenXml\Drawings.Diagrams\LayoutNode.cs","LayoutNode","ChildOrder","Property"
"D:\OneDrive\VS\Projects\DocxDocument\DocumentModel.InOpenXml\Drawings.Diagrams\LayoutNode.cs","LayoutNode","Choose","Element"
"D:\OneDrive\VS\Projects\DocxDocument\DocumentModel.InOpenXml\Drawings.Diagrams\LayoutNode.cs","LayoutNode","Constraints","Element"
"D:\OneDrive\VS\Projects\DocxDocument\DocumentModel.InOpenXml\Drawings.Diagrams\LayoutNode.cs","LayoutNode","ExtensionList","Element"
"D:\OneDrive\VS\Projects\DocxDocument\DocumentModel.InOpenXml\Drawings.Diagrams\LayoutNode.cs","LayoutNode","ForEach","Element"
"D:\OneDrive\VS\Projects\DocxDocument\DocumentModel.InOpenXml\Drawings.Diagrams\LayoutNode.cs","LayoutNode","MoveWith","Property"
"D:\OneDrive\VS\Projects\DocxDocument\DocumentModel.InOpenXml\Drawings.Diagrams\LayoutNode.cs","LayoutNode","Name","Property"
"D:\OneDrive\VS\Projects\DocxDocument\DocumentModel.InOpenXml\Drawings.Diagrams\LayoutNode.cs","LayoutNode","PresentationOf","Element"
"D:\OneDrive\VS\Projects\DocxDocument\DocumentModel.InOpenXml\Drawings.Diagrams\LayoutNode.cs","LayoutNode","RuleList","Element"
"D:\OneDrive\VS\Projects\DocxDocument\DocumentModel.InOpenXml\Drawings.Diagrams\LayoutNode.cs","LayoutNode","Shape","Element"
"D:\OneDrive\VS\Projects\DocxDocument\DocumentModel.InOpenXml\Drawings.Diagrams\LayoutNode.cs","LayoutNode","StyleLabel","Property"
"D:\OneDrive\VS\Projects\DocxDocument\DocumentModel.InOpenXml\Drawings.Diagrams\LayoutNode.cs","LayoutNode","VariableList","Element"
"D:\OneDrive\VS\Projects\DocxDocument\DocumentModel.InOpenXml\Drawings.Diagrams\LayoutVariablePropertySetType.cs","LayoutVariablePropertySetType","AnimateOneByOne","Property"
"D:\OneDrive\VS\Projects\DocxDocument\DocumentModel.InOpenXml\Drawings.Diagrams\LayoutVariablePropertySetType.cs","LayoutVariablePropertySetType","AnimationLevel","Property"
"D:\OneDrive\VS\Projects\DocxDocument\DocumentModel.InOpenXml\Drawings.Diagrams\LayoutVariablePropertySetType.cs","LayoutVariablePropertySetType","BulletEnabled","Property"
"D:\OneDrive\VS\Projects\DocxDocument\DocumentModel.InOpenXml\Drawings.Diagrams\LayoutVariablePropertySetType.cs","LayoutVariablePropertySetType","Direction","Property"
"D:\OneDrive\VS\Projects\DocxDocument\DocumentModel.InOpenXml\Drawings.Diagrams\LayoutVariablePropertySetType.cs","LayoutVariablePropertySetType","HierarchyBranch","Property"
"D:\OneDrive\VS\Projects\DocxDocument\DocumentModel.InOpenXml\Drawings.Diagrams\LayoutVariablePropertySetType.cs","LayoutVariablePropertySetType","MaxNumberOfChildren","Property"
"D:\OneDrive\VS\Projects\DocxDocument\DocumentModel.InOpenXml\Drawings.Diagrams\LayoutVariablePropertySetType.cs","LayoutVariablePropertySetType","OrganizationChart","Property"
"D:\OneDrive\VS\Projects\DocxDocument\DocumentModel.InOpenXml\Drawings.Diagrams\LayoutVariablePropertySetType.cs","LayoutVariablePropertySetType","PreferredNumberOfChildren","Property"
"D:\OneDrive\VS\Projects\DocxDocument\DocumentModel.InOpenXml\Drawings.Diagrams\LayoutVariablePropertySetType.cs","LayoutVariablePropertySetType","ResizeHandles","Property"
"D:\OneDrive\VS\Projects\DocxDocument\DocumentModel.InOpenXml\Drawings.Diagrams\NonVisualDrawingProperties.cs","NonVisualDrawingProperties","Description","Property"
"D:\OneDrive\VS\Projects\DocxDocument\DocumentModel.InOpenXml\Drawings.Diagrams\NonVisualDrawingProperties.cs","NonVisualDrawingProperties","Hidden","Property"
"D:\OneDrive\VS\Projects\DocxDocument\DocumentModel.InOpenXml\Drawings.Diagrams\NonVisualDrawingProperties.cs","NonVisualDrawingProperties","HyperlinkOnClick","Property"
"D:\OneDrive\VS\Projects\DocxDocument\DocumentModel.InOpenXml\Drawings.Diagrams\NonVisualDrawingProperties.cs","NonVisualDrawingProperties","HyperlinkOnHover","Property"
"D:\OneDrive\VS\Projects\DocxDocument\DocumentModel.InOpenXml\Drawings.Diagrams\NonVisualDrawingProperties.cs","NonVisualDrawingProperties","Id","Property"
"D:\OneDrive\VS\Projects\DocxDocument\DocumentModel.InOpenXml\Drawings.Diagrams\NonVisualDrawingProperties.cs","NonVisualDrawingProperties","Name","Property"
"D:\OneDrive\VS\Projects\DocxDocument\DocumentModel.InOpenXml\Drawings.Diagrams\NonVisualDrawingProperties.cs","NonVisualDrawingProperties","NonVisualDrawingPropertiesExtensionList","Property"
"D:\OneDrive\VS\Projects\DocxDocument\DocumentModel.InOpenXml\Drawings.Diagrams\NonVisualDrawingProperties.cs","NonVisualDrawingProperties","Title","Property"
"D:\OneDrive\VS\Projects\DocxDocument\DocumentModel.InOpenXml\Drawings.Diagrams\NumberDiagramInfo.cs","NumberDiagramInfo","DiagramAutoBullet","Property"
"D:\OneDrive\VS\Projects\DocxDocument\DocumentModel.InOpenXml\Drawings.Diagrams\NumberDiagramInfo.cs","NumberDiagramInfo","Lvl","Property"
"D:\OneDrive\VS\Projects\DocxDocument\DocumentModel.InOpenXml\Drawings.Diagrams\NumberDiagramInfo.cs","NumberDiagramInfo","PtType","Property"
"D:\OneDrive\VS\Projects\DocxDocument\DocumentModel.InOpenXml\Drawings.Diagrams\Parameter.cs","Parameter","Type","Property"
"D:\OneDrive\VS\Projects\DocxDocument\DocumentModel.InOpenXml\Drawings.Diagrams\Parameter.cs","Parameter","Val","Property"
"D:\OneDrive\VS\Projects\DocxDocument\DocumentModel.InOpenXml\Drawings.Diagrams\PictureBullet.cs","PictureBullet","Blip","Property"
"D:\OneDrive\VS\Projects\DocxDocument\DocumentModel.InOpenXml\Drawings.Diagrams\Point.cs","Point","ConnectionId","Property"
"D:\OneDrive\VS\Projects\DocxDocument\DocumentModel.InOpenXml\Drawings.Diagrams\Point.cs","Point","ModelId","Property"
"D:\OneDrive\VS\Projects\DocxDocument\DocumentModel.InOpenXml\Drawings.Diagrams\Point.cs","Point","PropertySet","Property"
"D:\OneDrive\VS\Projects\DocxDocument\DocumentModel.InOpenXml\Drawings.Diagrams\Point.cs","Point","PtExtensionList","Property"
"D:\OneDrive\VS\Projects\DocxDocument\DocumentModel.InOpenXml\Drawings.Diagrams\Point.cs","Point","ShapeProperties","Property"
"D:\OneDrive\VS\Projects\DocxDocument\DocumentModel.InOpenXml\Drawings.Diagrams\Point.cs","Point","TextBody","Property"
"D:\OneDrive\VS\Projects\DocxDocument\DocumentModel.InOpenXml\Drawings.Diagrams\Point.cs","Point","Type","Property"
"D:\OneDrive\VS\Projects\DocxDocument\DocumentModel.InOpenXml\Drawings.Diagrams\PresentationOf.cs","PresentationOf","Axis","Property"
"D:\OneDrive\VS\Projects\DocxDocument\DocumentModel.InOpenXml\Drawings.Diagrams\PresentationOf.cs","PresentationOf","Count","Property"
"D:\OneDrive\VS\Projects\DocxDocument\DocumentModel.InOpenXml\Drawings.Diagrams\PresentationOf.cs","PresentationOf","ExtensionList","Property"
"D:\OneDrive\VS\Projects\DocxDocument\DocumentModel.InOpenXml\Drawings.Diagrams\PresentationOf.cs","PresentationOf","HideLastTrans","Property"
"D:\OneDrive\VS\Projects\DocxDocument\DocumentModel.InOpenXml\Drawings.Diagrams\PresentationOf.cs","PresentationOf","PointType","Property"
"D:\OneDrive\VS\Projects\DocxDocument\DocumentModel.InOpenXml\Drawings.Diagrams\PresentationOf.cs","PresentationOf","Start","Property"
"D:\OneDrive\VS\Projects\DocxDocument\DocumentModel.InOpenXml\Drawings.Diagrams\PresentationOf.cs","PresentationOf","Step","Property"
"D:\OneDrive\VS\Projects\DocxDocument\DocumentModel.InOpenXml\Drawings.Diagrams\PropertySet.cs","PropertySet","Coherent3D","Property"
"D:\OneDrive\VS\Projects\DocxDocument\DocumentModel.InOpenXml\Drawings.Diagrams\PropertySet.cs","PropertySet","ColorCategoryId","Property"
"D:\OneDrive\VS\Projects\DocxDocument\DocumentModel.InOpenXml\Drawings.Diagrams\PropertySet.cs","PropertySet","ColorType","Property"
"D:\OneDrive\VS\Projects\DocxDocument\DocumentModel.InOpenXml\Drawings.Diagrams\PropertySet.cs","PropertySet","FactorHeight","Property"
"D:\OneDrive\VS\Projects\DocxDocument\DocumentModel.InOpenXml\Drawings.Diagrams\PropertySet.cs","PropertySet","FactorWidth","Property"
"D:\OneDrive\VS\Projects\DocxDocument\DocumentModel.InOpenXml\Drawings.Diagrams\PropertySet.cs","PropertySet","FixedHeightOverride","Property"
"D:\OneDrive\VS\Projects\DocxDocument\DocumentModel.InOpenXml\Drawings.Diagrams\PropertySet.cs","PropertySet","FixedWidthOverride","Property"
"D:\OneDrive\VS\Projects\DocxDocument\DocumentModel.InOpenXml\Drawings.Diagrams\PropertySet.cs","PropertySet","HightScale","Element"
"D:\OneDrive\VS\Projects\DocxDocument\DocumentModel.InOpenXml\Drawings.Diagrams\PropertySet.cs","PropertySet","HorizontalFlip","Property"
"D:\OneDrive\VS\Projects\DocxDocument\DocumentModel.InOpenXml\Drawings.Diagrams\PropertySet.cs","PropertySet","IncludeAngleScale","Property"
"D:\OneDrive\VS\Projects\DocxDocument\DocumentModel.InOpenXml\Drawings.Diagrams\PropertySet.cs","PropertySet","LayoutCategoryId","Property"
"D:\OneDrive\VS\Projects\DocxDocument\DocumentModel.InOpenXml\Drawings.Diagrams\PropertySet.cs","PropertySet","LayoutTypeId","Property"
"D:\OneDrive\VS\Projects\DocxDocument\DocumentModel.InOpenXml\Drawings.Diagrams\PropertySet.cs","PropertySet","NeighborOffsetHeight","Property"
"D:\OneDrive\VS\Projects\DocxDocument\DocumentModel.InOpenXml\Drawings.Diagrams\PropertySet.cs","PropertySet","NeighborOffsetWidth","Property"
"D:\OneDrive\VS\Projects\DocxDocument\DocumentModel.InOpenXml\Drawings.Diagrams\PropertySet.cs","PropertySet","Placeholder","Property"
"D:\OneDrive\VS\Projects\DocxDocument\DocumentModel.InOpenXml\Drawings.Diagrams\PropertySet.cs","PropertySet","PlaceholderText","Property"
"D:\OneDrive\VS\Projects\DocxDocument\DocumentModel.InOpenXml\Drawings.Diagrams\PropertySet.cs","PropertySet","PresentationElementId","Property"
"D:\OneDrive\VS\Projects\DocxDocument\DocumentModel.InOpenXml\Drawings.Diagrams\PropertySet.cs","PropertySet","PresentationLayoutVariables","Property"
"D:\OneDrive\VS\Projects\DocxDocument\DocumentModel.InOpenXml\Drawings.Diagrams\PropertySet.cs","PropertySet","PresentationName","Property"
"D:\OneDrive\VS\Projects\DocxDocument\DocumentModel.InOpenXml\Drawings.Diagrams\PropertySet.cs","PropertySet","PresentationStyleCount","Property"
"D:\OneDrive\VS\Projects\DocxDocument\DocumentModel.InOpenXml\Drawings.Diagrams\PropertySet.cs","PropertySet","PresentationStyleIndex","Property"
"D:\OneDrive\VS\Projects\DocxDocument\DocumentModel.InOpenXml\Drawings.Diagrams\PropertySet.cs","PropertySet","PresentationStyleLabel","Property"
"D:\OneDrive\VS\Projects\DocxDocument\DocumentModel.InOpenXml\Drawings.Diagrams\PropertySet.cs","PropertySet","QuickStyleCategoryId","Property"
"D:\OneDrive\VS\Projects\DocxDocument\DocumentModel.InOpenXml\Drawings.Diagrams\PropertySet.cs","PropertySet","QuickStyleTypeId","Property"
"D:\OneDrive\VS\Projects\DocxDocument\DocumentModel.InOpenXml\Drawings.Diagrams\PropertySet.cs","PropertySet","RadiusScale","Property"
"D:\OneDrive\VS\Projects\DocxDocument\DocumentModel.InOpenXml\Drawings.Diagrams\PropertySet.cs","PropertySet","Rotation","Property"
"D:\OneDrive\VS\Projects\DocxDocument\DocumentModel.InOpenXml\Drawings.Diagrams\PropertySet.cs","PropertySet","Style","Property"
"D:\OneDrive\VS\Projects\DocxDocument\DocumentModel.InOpenXml\Drawings.Diagrams\PropertySet.cs","PropertySet","TextChanged","Property"
"D:\OneDrive\VS\Projects\DocxDocument\DocumentModel.InOpenXml\Drawings.Diagrams\PropertySet.cs","PropertySet","VerticalFlip","Property"
"D:\OneDrive\VS\Projects\DocxDocument\DocumentModel.InOpenXml\Drawings.Diagrams\PropertySet.cs","PropertySet","WidthScale","Property"
"D:\OneDrive\VS\Projects\DocxDocument\DocumentModel.InOpenXml\Drawings.Diagrams\PtExtension.cs","PtExtension","NonVisualDrawingProperties","Element"
"D:\OneDrive\VS\Projects\DocxDocument\DocumentModel.InOpenXml\Drawings.Diagrams\Rule.cs","Rule","ExtensionList","Property"
"D:\OneDrive\VS\Projects\DocxDocument\DocumentModel.InOpenXml\Drawings.Diagrams\Rule.cs","Rule","Fact","Property"
"D:\OneDrive\VS\Projects\DocxDocument\DocumentModel.InOpenXml\Drawings.Diagrams\Rule.cs","Rule","For","Property"
"D:\OneDrive\VS\Projects\DocxDocument\DocumentModel.InOpenXml\Drawings.Diagrams\Rule.cs","Rule","ForName","Property"
"D:\OneDrive\VS\Projects\DocxDocument\DocumentModel.InOpenXml\Drawings.Diagrams\Rule.cs","Rule","Max","Property"
"D:\OneDrive\VS\Projects\DocxDocument\DocumentModel.InOpenXml\Drawings.Diagrams\Rule.cs","Rule","PointType","Property"
"D:\OneDrive\VS\Projects\DocxDocument\DocumentModel.InOpenXml\Drawings.Diagrams\Rule.cs","Rule","Type","Property"
"D:\OneDrive\VS\Projects\DocxDocument\DocumentModel.InOpenXml\Drawings.Diagrams\Rule.cs","Rule","Val","Property"
"D:\OneDrive\VS\Projects\DocxDocument\DocumentModel.InOpenXml\Drawings.Diagrams\SampleDataType.cs","SampleDataType","DataModel","Property"
"D:\OneDrive\VS\Projects\DocxDocument\DocumentModel.InOpenXml\Drawings.Diagrams\SampleDataType.cs","SampleDataType","UseDefault","Property"
"D:\OneDrive\VS\Projects\DocxDocument\DocumentModel.InOpenXml\Drawings.Diagrams\Shape.cs","Shape","AdjustList","Property"
"D:\OneDrive\VS\Projects\DocxDocument\DocumentModel.InOpenXml\Drawings.Diagrams\Shape.cs","Shape","Blip","Property"
"D:\OneDrive\VS\Projects\DocxDocument\DocumentModel.InOpenXml\Drawings.Diagrams\Shape.cs","Shape","BlipPlaceholder","Property"
"D:\OneDrive\VS\Projects\DocxDocument\DocumentModel.InOpenXml\Drawings.Diagrams\Shape.cs","Shape","ExtensionList","Property"
"D:\OneDrive\VS\Projects\DocxDocument\DocumentModel.InOpenXml\Drawings.Diagrams\Shape.cs","Shape","HideGeometry","Property"
"D:\OneDrive\VS\Projects\DocxDocument\DocumentModel.InOpenXml\Drawings.Diagrams\Shape.cs","Shape","LockedText","Property"
"D:\OneDrive\VS\Projects\DocxDocument\DocumentModel.InOpenXml\Drawings.Diagrams\Shape.cs","Shape","Rotation","Property"
"D:\OneDrive\VS\Projects\DocxDocument\DocumentModel.InOpenXml\Drawings.Diagrams\Shape.cs","Shape","Type","Property"
"D:\OneDrive\VS\Projects\DocxDocument\DocumentModel.InOpenXml\Drawings.Diagrams\Shape.cs","Shape","ZOrderOffset","Property"
"D:\OneDrive\VS\Projects\DocxDocument\DocumentModel.InOpenXml\Drawings.Diagrams\ShapeProperties.cs","ShapeProperties","BlackWhiteMode","Property"
"D:\OneDrive\VS\Projects\DocxDocument\DocumentModel.InOpenXml\Drawings.Diagrams\ShapeProperties.cs","ShapeProperties","CustomGeometry","Element"
"D:\OneDrive\VS\Projects\DocxDocument\DocumentModel.InOpenXml\Drawings.Diagrams\ShapeProperties.cs","ShapeProperties","EffectDag","Element"
"D:\OneDrive\VS\Projects\DocxDocument\DocumentModel.InOpenXml\Drawings.Diagrams\ShapeProperties.cs","ShapeProperties","EffectList","Element"
"D:\OneDrive\VS\Projects\DocxDocument\DocumentModel.InOpenXml\Drawings.Diagrams\ShapeProperties.cs","ShapeProperties","Fill","Element"
"D:\OneDrive\VS\Projects\DocxDocument\DocumentModel.InOpenXml\Drawings.Diagrams\ShapeProperties.cs","ShapeProperties","Outline","Element"
"D:\OneDrive\VS\Projects\DocxDocument\DocumentModel.InOpenXml\Drawings.Diagrams\ShapeProperties.cs","ShapeProperties","PresetGeometry","Element"
"D:\OneDrive\VS\Projects\DocxDocument\DocumentModel.InOpenXml\Drawings.Diagrams\ShapeProperties.cs","ShapeProperties","Scene3DType","Element"
"D:\OneDrive\VS\Projects\DocxDocument\DocumentModel.InOpenXml\Drawings.Diagrams\ShapeProperties.cs","ShapeProperties","Shape3DType","Element"
"D:\OneDrive\VS\Projects\DocxDocument\DocumentModel.InOpenXml\Drawings.Diagrams\ShapeProperties.cs","ShapeProperties","ShapePropertiesExtensionList","Element"
"D:\OneDrive\VS\Projects\DocxDocument\DocumentModel.InOpenXml\Drawings.Diagrams\ShapeProperties.cs","ShapeProperties","Transform2D","Property"
"D:\OneDrive\VS\Projects\DocxDocument\DocumentModel.InOpenXml\Drawings.Diagrams\Style.cs","Style","EffectReference","Property"
"D:\OneDrive\VS\Projects\DocxDocument\DocumentModel.InOpenXml\Drawings.Diagrams\Style.cs","Style","FillReference","Property"
"D:\OneDrive\VS\Projects\DocxDocument\DocumentModel.InOpenXml\Drawings.Diagrams\Style.cs","Style","FontReference","Property"
"D:\OneDrive\VS\Projects\DocxDocument\DocumentModel.InOpenXml\Drawings.Diagrams\Style.cs","Style","LineReference","Property"
"D:\OneDrive\VS\Projects\DocxDocument\DocumentModel.InOpenXml\Drawings.Diagrams\StyleDefinition.cs","StyleDefinition","ExtensionList","Element"
"D:\OneDrive\VS\Projects\DocxDocument\DocumentModel.InOpenXml\Drawings.Diagrams\StyleDefinition.cs","StyleDefinition","MinVersion","Property"
"D:\OneDrive\VS\Projects\DocxDocument\DocumentModel.InOpenXml\Drawings.Diagrams\StyleDefinition.cs","StyleDefinition","Scene3D","Element"
"D:\OneDrive\VS\Projects\DocxDocument\DocumentModel.InOpenXml\Drawings.Diagrams\StyleDefinition.cs","StyleDefinition","StyleDefinitionTitles","Element"
"D:\OneDrive\VS\Projects\DocxDocument\DocumentModel.InOpenXml\Drawings.Diagrams\StyleDefinition.cs","StyleDefinition","StyleDisplayCategories","Element"
"D:\OneDrive\VS\Projects\DocxDocument\DocumentModel.InOpenXml\Drawings.Diagrams\StyleDefinition.cs","StyleDefinition","StyleLabel","Element"
"D:\OneDrive\VS\Projects\DocxDocument\DocumentModel.InOpenXml\Drawings.Diagrams\StyleDefinition.cs","StyleDefinition","StyleLabelDescriptions","Element"
"D:\OneDrive\VS\Projects\DocxDocument\DocumentModel.InOpenXml\Drawings.Diagrams\StyleDefinition.cs","StyleDefinition","UniqueId","Property"
"D:\OneDrive\VS\Projects\DocxDocument\DocumentModel.InOpenXml\Drawings.Diagrams\StyleDefinitionTitle.cs","StyleDefinitionTitle","Language","Property"
"D:\OneDrive\VS\Projects\DocxDocument\DocumentModel.InOpenXml\Drawings.Diagrams\StyleDefinitionTitle.cs","StyleDefinitionTitle","Val","Property"
"D:\OneDrive\VS\Projects\DocxDocument\DocumentModel.InOpenXml\Drawings.Diagrams\StyleDisplayCategory.cs","StyleDisplayCategory","Priority","Property"
"D:\OneDrive\VS\Projects\DocxDocument\DocumentModel.InOpenXml\Drawings.Diagrams\StyleDisplayCategory.cs","StyleDisplayCategory","Type","Property"
"D:\OneDrive\VS\Projects\DocxDocument\DocumentModel.InOpenXml\Drawings.Diagrams\StyleLabel.cs","StyleLabel","ExtensionList","Property"
"D:\OneDrive\VS\Projects\DocxDocument\DocumentModel.InOpenXml\Drawings.Diagrams\StyleLabel.cs","StyleLabel","Name","Property"
"D:\OneDrive\VS\Projects\DocxDocument\DocumentModel.InOpenXml\Drawings.Diagrams\StyleLabel.cs","StyleLabel","Scene3D","Property"
"D:\OneDrive\VS\Projects\DocxDocument\DocumentModel.InOpenXml\Drawings.Diagrams\StyleLabel.cs","StyleLabel","Shape3D","Property"
"D:\OneDrive\VS\Projects\DocxDocument\DocumentModel.InOpenXml\Drawings.Diagrams\StyleLabel.cs","StyleLabel","Style","Property"
"D:\OneDrive\VS\Projects\DocxDocument\DocumentModel.InOpenXml\Drawings.Diagrams\StyleLabel.cs","StyleLabel","TextProperties","Property"
"D:\OneDrive\VS\Projects\DocxDocument\DocumentModel.InOpenXml\Drawings.Diagrams\StyleLabelDescription.cs","StyleLabelDescription","Language","Property"
"D:\OneDrive\VS\Projects\DocxDocument\DocumentModel.InOpenXml\Drawings.Diagrams\StyleLabelDescription.cs","StyleLabelDescription","Val","Property"
"D:\OneDrive\VS\Projects\DocxDocument\DocumentModel.InOpenXml\Drawings.Diagrams\TextBody.cs","TextBody","BodyProperties","Property"
"D:\OneDrive\VS\Projects\DocxDocument\DocumentModel.InOpenXml\Drawings.Diagrams\TextBody.cs","TextBody","ListStyle","Property"
"D:\OneDrive\VS\Projects\DocxDocument\DocumentModel.InOpenXml\Drawings.Diagrams\TextBody.cs","TextBody","Paragraph","Element"
"D:\OneDrive\VS\Projects\DocxDocument\DocumentModel.InOpenXml\Drawings.Diagrams\TextProperties.cs","TextProperties","FlatText","Property"
"D:\OneDrive\VS\Projects\DocxDocument\DocumentModel.InOpenXml\Drawings.Diagrams\TextProperties.cs","TextProperties","Shape3DType","Property"
"D:\OneDrive\VS\Projects\DocxDocument\DocumentModel.InOpenXml\Drawings.Diagrams\Title.cs","Title","Language","Property"
"D:\OneDrive\VS\Projects\DocxDocument\DocumentModel.InOpenXml\Drawings.Diagrams\Title.cs","Title","Val","Property"
"D:\OneDrive\VS\Projects\DocxDocument\DocumentModel.InOpenXml\Drawings.Diagrams\Whole.cs","Whole","EffectDag","Element"
"D:\OneDrive\VS\Projects\DocxDocument\DocumentModel.InOpenXml\Drawings.Diagrams\Whole.cs","Whole","EffectList","Element"
"D:\OneDrive\VS\Projects\DocxDocument\DocumentModel.InOpenXml\Drawings.Diagrams\Whole.cs","Whole","Outline","Property"
"D:\OneDrive\VS\Projects\DocxDocument\DocumentModel.InOpenXml\Drawings.Office.OEmbed\OEmbedShared.cs","OEmbedShared","OfficeArtExtensionList","Property"
"D:\OneDrive\VS\Projects\DocxDocument\DocumentModel.InOpenXml\Drawings.Office.OEmbed\OEmbedShared.cs","OEmbedShared","SrcUrl","Property"
"D:\OneDrive\VS\Projects\DocxDocument\DocumentModel.InOpenXml\Drawings.Office.OEmbed\OEmbedShared.cs","OEmbedShared","Type","Property"
"D:\OneDrive\VS\Projects\DocxDocument\DocumentModel.InOpenXml\Drawings.Office\DataModelExtensionBlock.cs","DataModelExtensionBlock","MinVer","Property"
"D:\OneDrive\VS\Projects\DocxDocument\DocumentModel.InOpenXml\Drawings.Office\DataModelExtensionBlock.cs","DataModelExtensionBlock","RelId","Property"
"D:\OneDrive\VS\Projects\DocxDocument\DocumentModel.InOpenXml\Drawings.Office\Drawing.cs","Drawing","ShapeTree","Property"
"D:\OneDrive\VS\Projects\DocxDocument\DocumentModel.InOpenXml\Drawings.Office\GroupShape.cs","GroupShape","GroupShapeNonVisualProperties","Property"
"D:\OneDrive\VS\Projects\DocxDocument\DocumentModel.InOpenXml\Drawings.Office\GroupShape.cs","GroupShape","GroupShapeProperties","Property"
"D:\OneDrive\VS\Projects\DocxDocument\DocumentModel.InOpenXml\Drawings.Office\GroupShapeNonVisualProperties.cs","GroupShapeNonVisualProperties","NonVisualDrawingProperties","Property"
"D:\OneDrive\VS\Projects\DocxDocument\DocumentModel.InOpenXml\Drawings.Office\GroupShapeNonVisualProperties.cs","GroupShapeNonVisualProperties","NonVisualGroupDrawingShapeProperties","Property"
"D:\OneDrive\VS\Projects\DocxDocument\DocumentModel.InOpenXml\Drawings.Office\GroupShapeProperties.cs","GroupShapeProperties","BlackWhiteMode","Property"
"D:\OneDrive\VS\Projects\DocxDocument\DocumentModel.InOpenXml\Drawings.Office\GroupShapeProperties.cs","GroupShapeProperties","TransformGroup","Property"
"D:\OneDrive\VS\Projects\DocxDocument\DocumentModel.InOpenXml\Drawings.Office\GroupShapeType.cs","GroupShapeType","GroupShapeNonVisualProperties","Property"
"D:\OneDrive\VS\Projects\DocxDocument\DocumentModel.InOpenXml\Drawings.Office\GroupShapeType.cs","GroupShapeType","GroupShapeProperties","Property"
"D:\OneDrive\VS\Projects\DocxDocument\DocumentModel.InOpenXml\Drawings.Office\Shape.cs","Shape","ModelId","Property"
"D:\OneDrive\VS\Projects\DocxDocument\DocumentModel.InOpenXml\Drawings.Office\Shape.cs","Shape","OfficeArtExtensionList","Property"
"D:\OneDrive\VS\Projects\DocxDocument\DocumentModel.InOpenXml\Drawings.Office\Shape.cs","Shape","ShapeNonVisualProperties","Property"
"D:\OneDrive\VS\Projects\DocxDocument\DocumentModel.InOpenXml\Drawings.Office\Shape.cs","Shape","ShapeProperties","Property"
"D:\OneDrive\VS\Projects\DocxDocument\DocumentModel.InOpenXml\Drawings.Office\Shape.cs","Shape","ShapeStyle","Property"
"D:\OneDrive\VS\Projects\DocxDocument\DocumentModel.InOpenXml\Drawings.Office\Shape.cs","Shape","TextBody","Property"
"D:\OneDrive\VS\Projects\DocxDocument\DocumentModel.InOpenXml\Drawings.Office\Shape.cs","Shape","Transform2D","Property"
"D:\OneDrive\VS\Projects\DocxDocument\DocumentModel.InOpenXml\Drawings.Office\ShapeNonVisualProperties.cs","ShapeNonVisualProperties","NonVisualDrawingProperties","Property"
"D:\OneDrive\VS\Projects\DocxDocument\DocumentModel.InOpenXml\Drawings.Office\ShapeNonVisualProperties.cs","ShapeNonVisualProperties","NonVisualDrawingShapeProperties","Property"
"D:\OneDrive\VS\Projects\DocxDocument\DocumentModel.InOpenXml\Drawings.Office\ShapeProperties.cs","ShapeProperties","BlackWhiteMode","Property"
"D:\OneDrive\VS\Projects\DocxDocument\DocumentModel.InOpenXml\Drawings.Office\ShapeProperties.cs","ShapeProperties","Transform2D","Property"
"D:\OneDrive\VS\Projects\DocxDocument\DocumentModel.InOpenXml\Drawings.Office\ShapeTree.cs","ShapeTree","GroupShapeNonVisualProperties","Property"
"D:\OneDrive\VS\Projects\DocxDocument\DocumentModel.InOpenXml\Drawings.Office\ShapeTree.cs","ShapeTree","GroupShapeProperties","Property"
"D:\OneDrive\VS\Projects\DocxDocument\DocumentModel.InOpenXml\Drawings.Office\TextBody.cs","TextBody","BodyProperties","Property"
"D:\OneDrive\VS\Projects\DocxDocument\DocumentModel.InOpenXml\Drawings.Office\TextBody.cs","TextBody","ListStyle","Property"
"D:\OneDrive\VS\Projects\DocxDocument\DocumentModel.InOpenXml\Drawings.Pictures\BlipFill.cs","BlipFill","Blip","Property"
"D:\OneDrive\VS\Projects\DocxDocument\DocumentModel.InOpenXml\Drawings.Pictures\BlipFill.cs","BlipFill","Dpi","Property"
"D:\OneDrive\VS\Projects\DocxDocument\DocumentModel.InOpenXml\Drawings.Pictures\BlipFill.cs","BlipFill","RotateWithShape","Property"
"D:\OneDrive\VS\Projects\DocxDocument\DocumentModel.InOpenXml\Drawings.Pictures\BlipFill.cs","BlipFill","SourceRectangle","Property"
"D:\OneDrive\VS\Projects\DocxDocument\DocumentModel.InOpenXml\Drawings.Pictures\ShapeProperties.cs","ShapeProperties","BlackWhiteMode","Property"
"D:\OneDrive\VS\Projects\DocxDocument\DocumentModel.InOpenXml\Drawings.Pictures\ShapeProperties.cs","ShapeProperties","Transform2D","Property"
"D:\OneDrive\VS\Projects\DocxDocument\DocumentModel.InOpenXml\Drawings.SVG\SVGBlip.cs","SVGBlip","Embed","Property"
"D:\OneDrive\VS\Projects\DocxDocument\DocumentModel.InOpenXml\Drawings.SVG\SVGBlip.cs","SVGBlip","Link","Property"
"D:\OneDrive\VS\Projects\DocxDocument\DocumentModel.InOpenXml\Drawings\Artistic drawings\ArtisticCrisscrossEtching.cs","ArtisticCrisscrossEtching","Pressure","Property"
"D:\OneDrive\VS\Projects\DocxDocument\DocumentModel.InOpenXml\Drawings\Artistic drawings\ArtisticCutout.cs","ArtisticCutout","NumberOfShades","Property"
"D:\OneDrive\VS\Projects\DocxDocument\DocumentModel.InOpenXml\Drawings\Artistic drawings\ArtisticFilmGrain.cs","ArtisticFilmGrain","GrainSize","Property"
"D:\OneDrive\VS\Projects\DocxDocument\DocumentModel.InOpenXml\Drawings\Artistic drawings\ArtisticGlass.cs","ArtisticGlass","Scaling","Property"
"D:\OneDrive\VS\Projects\DocxDocument\DocumentModel.InOpenXml\Drawings\Artistic drawings\ArtisticGlowDiffused.cs","ArtisticGlowDiffused","Intensity","Property"
"D:\OneDrive\VS\Projects\DocxDocument\DocumentModel.InOpenXml\Drawings\Artistic drawings\ArtisticGlowEdges.cs","ArtisticGlowEdges","Smoothness","Property"
"D:\OneDrive\VS\Projects\DocxDocument\DocumentModel.InOpenXml\Drawings\Artistic drawings\ArtisticLightScreen.cs","ArtisticLightScreen","GridSize","Property"
"D:\OneDrive\VS\Projects\DocxDocument\DocumentModel.InOpenXml\Drawings\Artistic drawings\ArtisticLineDrawing.cs","ArtisticLineDrawing","PencilSize","Property"
"D:\OneDrive\VS\Projects\DocxDocument\DocumentModel.InOpenXml\Drawings\Artistic drawings\ArtisticMarker.cs","ArtisticMarker","Size","Property"
"D:\OneDrive\VS\Projects\DocxDocument\DocumentModel.InOpenXml\Drawings\Artistic drawings\ArtisticMosaicBubbles.cs","ArtisticMosaicBubbles","Pressure","Property"
"D:\OneDrive\VS\Projects\DocxDocument\DocumentModel.InOpenXml\Drawings\Artistic drawings\ArtisticPaintBrush.cs","ArtisticPaintBrush","BrushSize","Property"
"D:\OneDrive\VS\Projects\DocxDocument\DocumentModel.InOpenXml\Drawings\Artistic drawings\ArtisticPaintStrokes.cs","ArtisticPaintStrokes","Intensity","Property"
"D:\OneDrive\VS\Projects\DocxDocument\DocumentModel.InOpenXml\Drawings\Artistic drawings\ArtisticPastelsSmooth.cs","ArtisticPastelsSmooth","BrushSize","Property"
"D:\OneDrive\VS\Projects\DocxDocument\DocumentModel.InOpenXml\Drawings\Artistic drawings\ArtisticPencilGrayscale.cs","ArtisticPencilGrayscale","BrushSize","Property"
"D:\OneDrive\VS\Projects\DocxDocument\DocumentModel.InOpenXml\Drawings\Artistic drawings\ArtisticPencilSketch.cs","ArtisticPencilSketch","Pressure","Property"
"D:\OneDrive\VS\Projects\DocxDocument\DocumentModel.InOpenXml\Drawings\Artistic drawings\ArtisticPhotocopy.cs","ArtisticPhotocopy","Detail","Property"
"D:\OneDrive\VS\Projects\DocxDocument\DocumentModel.InOpenXml\Drawings\Artistic drawings\ArtisticPlasticWrap.cs","ArtisticPlasticWrap","Smoothness","Property"
"D:\OneDrive\VS\Projects\DocxDocument\DocumentModel.InOpenXml\Drawings\Artistic drawings\ArtisticTexturizer.cs","ArtisticTexturizer","Scaling","Property"
"D:\OneDrive\VS\Projects\DocxDocument\DocumentModel.InOpenXml\Drawings\Artistic drawings\ArtisticWatercolorSponge.cs","ArtisticWatercolorSponge","BrushSize","Property"
"D:\OneDrive\VS\Projects\DocxDocument\DocumentModel.InOpenXml\Drawings\Audio-video\AudioCDTimeType.cs","AudioCDTimeType","Time","Property"
"D:\OneDrive\VS\Projects\DocxDocument\DocumentModel.InOpenXml\Drawings\Audio-video\AudioCDTimeType.cs","AudioCDTimeType","Track","Property"
"D:\OneDrive\VS\Projects\DocxDocument\DocumentModel.InOpenXml\Drawings\Audio-video\AudioFromCD.cs","AudioFromCD","EndTime","Property"
"D:\OneDrive\VS\Projects\DocxDocument\DocumentModel.InOpenXml\Drawings\Audio-video\AudioFromCD.cs","AudioFromCD","StartTime","Property"
"D:\OneDrive\VS\Projects\DocxDocument\DocumentModel.InOpenXml\Drawings\Audio-video\AudioFromFile.cs","AudioFromFile","ExtensionList","Property"
"D:\OneDrive\VS\Projects\DocxDocument\DocumentModel.InOpenXml\Drawings\Audio-video\AudioFromFile.cs","AudioFromFile","Link","Property"
"D:\OneDrive\VS\Projects\DocxDocument\DocumentModel.InOpenXml\Drawings\Audio-video\QuickTimeFromFile.cs","QuickTimeFromFile","ExtensionList","Property"
"D:\OneDrive\VS\Projects\DocxDocument\DocumentModel.InOpenXml\Drawings\Audio-video\QuickTimeFromFile.cs","QuickTimeFromFile","Link","Property"
"D:\OneDrive\VS\Projects\DocxDocument\DocumentModel.InOpenXml\Drawings\Audio-video\VideoFromFile.cs","VideoFromFile","ExtensionList","Property"
"D:\OneDrive\VS\Projects\DocxDocument\DocumentModel.InOpenXml\Drawings\Audio-video\VideoFromFile.cs","VideoFromFile","Link","Property"
"D:\OneDrive\VS\Projects\DocxDocument\DocumentModel.InOpenXml\Drawings\Autonumbering\AutoNumberedBullet.cs","AutoNumberedBullet","StartAt","Property"
"D:\OneDrive\VS\Projects\DocxDocument\DocumentModel.InOpenXml\Drawings\Autonumbering\AutoNumberedBullet.cs","AutoNumberedBullet","Type","Property"
"D:\OneDrive\VS\Projects\DocxDocument\DocumentModel.InOpenXml\Drawings\Autonumbering\CharacterBullet.cs","CharacterBullet","Char","Property"
"D:\OneDrive\VS\Projects\DocxDocument\DocumentModel.InOpenXml\Drawings\Background properties\BackgroundBlurProperties.cs","BackgroundBlurProperties","OfficeArtExtensionList","Property"
"D:\OneDrive\VS\Projects\DocxDocument\DocumentModel.InOpenXml\Drawings\Background properties\BackgroundMark.cs","BackgroundMark","FirstXCoordinate","Property"
"D:\OneDrive\VS\Projects\DocxDocument\DocumentModel.InOpenXml\Drawings\Background properties\BackgroundMark.cs","BackgroundMark","FirstYCoordinate","Property"
"D:\OneDrive\VS\Projects\DocxDocument\DocumentModel.InOpenXml\Drawings\Background properties\BackgroundMark.cs","BackgroundMark","SecondXCoordinate","Property"
"D:\OneDrive\VS\Projects\DocxDocument\DocumentModel.InOpenXml\Drawings\Background properties\BackgroundMark.cs","BackgroundMark","SecondYCoordinate","Property"
"D:\OneDrive\VS\Projects\DocxDocument\DocumentModel.InOpenXml\Drawings\Background properties\BackgroundNormalProperties.cs","BackgroundNormalProperties","OfficeArtExtensionList","Property"
"D:\OneDrive\VS\Projects\DocxDocument\DocumentModel.InOpenXml\Drawings\Background properties\BackgroundProperties.cs","BackgroundProperties","Mode","Property"
"D:\OneDrive\VS\Projects\DocxDocument\DocumentModel.InOpenXml\Drawings\Background properties\BackgroundProperties.cs","BackgroundProperties","Normal","Property"
"D:\OneDrive\VS\Projects\DocxDocument\DocumentModel.InOpenXml\Drawings\Background properties\BackgroundProperties.cs","BackgroundProperties","Pure","Property"
"D:\OneDrive\VS\Projects\DocxDocument\DocumentModel.InOpenXml\Drawings\Background properties\BackgroundProperties.cs","BackgroundProperties","TargetScreenSize","Property"
"D:\OneDrive\VS\Projects\DocxDocument\DocumentModel.InOpenXml\Drawings\Background properties\BackgroundRemoval.cs","BackgroundRemoval","MarqueeBottom","Property"
"D:\OneDrive\VS\Projects\DocxDocument\DocumentModel.InOpenXml\Drawings\Background properties\BackgroundRemoval.cs","BackgroundRemoval","MarqueeLeft","Property"
"D:\OneDrive\VS\Projects\DocxDocument\DocumentModel.InOpenXml\Drawings\Background properties\BackgroundRemoval.cs","BackgroundRemoval","MarqueeRight","Property"
"D:\OneDrive\VS\Projects\DocxDocument\DocumentModel.InOpenXml\Drawings\Background properties\BackgroundRemoval.cs","BackgroundRemoval","MarqueeTop","Property"
"D:\OneDrive\VS\Projects\DocxDocument\DocumentModel.InOpenXml\Drawings\Background properties\BackgroundRemovedProperties.cs","BackgroundRemovedProperties","OfficeArtExtensionList","Property"
"D:\OneDrive\VS\Projects\DocxDocument\DocumentModel.InOpenXml\Drawings\Background properties\ForegroundMark.cs","ForegroundMark","FirstXCoordinate","Property"
"D:\OneDrive\VS\Projects\DocxDocument\DocumentModel.InOpenXml\Drawings\Background properties\ForegroundMark.cs","ForegroundMark","FirstYCoordinate","Property"
"D:\OneDrive\VS\Projects\DocxDocument\DocumentModel.InOpenXml\Drawings\Background properties\ForegroundMark.cs","ForegroundMark","SecondXCoordinate","Property"
"D:\OneDrive\VS\Projects\DocxDocument\DocumentModel.InOpenXml\Drawings\Background properties\ForegroundMark.cs","ForegroundMark","SecondYCoordinate","Property"
"D:\OneDrive\VS\Projects\DocxDocument\DocumentModel.InOpenXml\Drawings\Colors\ColorChange.cs","ColorChange","ColorFrom","Property"
"D:\OneDrive\VS\Projects\DocxDocument\DocumentModel.InOpenXml\Drawings\Colors\ColorChange.cs","ColorChange","ColorTo","Property"
"D:\OneDrive\VS\Projects\DocxDocument\DocumentModel.InOpenXml\Drawings\Colors\ColorChange.cs","ColorChange","UseAlpha","Property"
"D:\OneDrive\VS\Projects\DocxDocument\DocumentModel.InOpenXml\Drawings\Colors\ColorMap.cs","ColorMap","Accent1","Property"
"D:\OneDrive\VS\Projects\DocxDocument\DocumentModel.InOpenXml\Drawings\Colors\ColorMap.cs","ColorMap","Accent2","Property"
"D:\OneDrive\VS\Projects\DocxDocument\DocumentModel.InOpenXml\Drawings\Colors\ColorMap.cs","ColorMap","Accent3","Property"
"D:\OneDrive\VS\Projects\DocxDocument\DocumentModel.InOpenXml\Drawings\Colors\ColorMap.cs","ColorMap","Accent4","Property"
"D:\OneDrive\VS\Projects\DocxDocument\DocumentModel.InOpenXml\Drawings\Colors\ColorMap.cs","ColorMap","Accent5","Property"
"D:\OneDrive\VS\Projects\DocxDocument\DocumentModel.InOpenXml\Drawings\Colors\ColorMap.cs","ColorMap","Accent6","Property"
"D:\OneDrive\VS\Projects\DocxDocument\DocumentModel.InOpenXml\Drawings\Colors\ColorMap.cs","ColorMap","Background1","Property"
"D:\OneDrive\VS\Projects\DocxDocument\DocumentModel.InOpenXml\Drawings\Colors\ColorMap.cs","ColorMap","Background2","Property"
"D:\OneDrive\VS\Projects\DocxDocument\DocumentModel.InOpenXml\Drawings\Colors\ColorMap.cs","ColorMap","FollowedHyperlink","Property"
"D:\OneDrive\VS\Projects\DocxDocument\DocumentModel.InOpenXml\Drawings\Colors\ColorMap.cs","ColorMap","Hyperlink","Property"
"D:\OneDrive\VS\Projects\DocxDocument\DocumentModel.InOpenXml\Drawings\Colors\ColorMap.cs","ColorMap","Text1","Property"
"D:\OneDrive\VS\Projects\DocxDocument\DocumentModel.InOpenXml\Drawings\Colors\ColorMap.cs","ColorMap","Text2","Property"
"D:\OneDrive\VS\Projects\DocxDocument\DocumentModel.InOpenXml\Drawings\Colors\ColorMappingType.cs","ColorMappingType","ExtensionList","Property"
"D:\OneDrive\VS\Projects\DocxDocument\DocumentModel.InOpenXml\Drawings\Colors\PresetColor.cs","PresetColor","Index","Property"
"D:\OneDrive\VS\Projects\DocxDocument\DocumentModel.InOpenXml\Drawings\Colors\SchemeColor.cs","SchemeColor","Index","Property"
"D:\OneDrive\VS\Projects\DocxDocument\DocumentModel.InOpenXml\Drawings\Colors\SystemColor.cs","SystemColor","Index","Property"
"D:\OneDrive\VS\Projects\DocxDocument\DocumentModel.InOpenXml\Drawings\Colors\SystemColor.cs","SystemColor","LastColor","Property"
"D:\OneDrive\VS\Projects\DocxDocument\DocumentModel.InOpenXml\Drawings\Connectors\ConnectionShapeLocks.cs","ConnectionShapeLocks","ConnectorLockingExtensionList","Property"
"D:\OneDrive\VS\Projects\DocxDocument\DocumentModel.InOpenXml\Drawings\Connectors\ConnectionShapeLocks.cs","ConnectionShapeLocks","NoAdjustHandles","Property"
"D:\OneDrive\VS\Projects\DocxDocument\DocumentModel.InOpenXml\Drawings\Connectors\ConnectionShapeLocks.cs","ConnectionShapeLocks","NoChangeArrowheads","Property"
"D:\OneDrive\VS\Projects\DocxDocument\DocumentModel.InOpenXml\Drawings\Connectors\ConnectionShapeLocks.cs","ConnectionShapeLocks","NoChangeAspect","Property"
"D:\OneDrive\VS\Projects\DocxDocument\DocumentModel.InOpenXml\Drawings\Connectors\ConnectionShapeLocks.cs","ConnectionShapeLocks","NoChangeShapeType","Property"
"D:\OneDrive\VS\Projects\DocxDocument\DocumentModel.InOpenXml\Drawings\Connectors\ConnectionShapeLocks.cs","ConnectionShapeLocks","NoEditPoints","Property"
"D:\OneDrive\VS\Projects\DocxDocument\DocumentModel.InOpenXml\Drawings\Connectors\ConnectionShapeLocks.cs","ConnectionShapeLocks","NoGrouping","Property"
"D:\OneDrive\VS\Projects\DocxDocument\DocumentModel.InOpenXml\Drawings\Connectors\ConnectionShapeLocks.cs","ConnectionShapeLocks","NoMove","Property"
"D:\OneDrive\VS\Projects\DocxDocument\DocumentModel.InOpenXml\Drawings\Connectors\ConnectionShapeLocks.cs","ConnectionShapeLocks","NoResize","Property"
"D:\OneDrive\VS\Projects\DocxDocument\DocumentModel.InOpenXml\Drawings\Connectors\ConnectionShapeLocks.cs","ConnectionShapeLocks","NoRotation","Property"
"D:\OneDrive\VS\Projects\DocxDocument\DocumentModel.InOpenXml\Drawings\Connectors\ConnectionShapeLocks.cs","ConnectionShapeLocks","NoSelection","Property"
"D:\OneDrive\VS\Projects\DocxDocument\DocumentModel.InOpenXml\Drawings\Connectors\ConnectionSite.cs","ConnectionSite","Angle","Property"
"D:\OneDrive\VS\Projects\DocxDocument\DocumentModel.InOpenXml\Drawings\Connectors\ConnectionSite.cs","ConnectionSite","Position","Property"
"D:\OneDrive\VS\Projects\DocxDocument\DocumentModel.InOpenXml\Drawings\Connectors\ConnectionType.cs","ConnectionType","Id","Property"
"D:\OneDrive\VS\Projects\DocxDocument\DocumentModel.InOpenXml\Drawings\Connectors\ConnectionType.cs","ConnectionType","Index","Property"
"D:\OneDrive\VS\Projects\DocxDocument\DocumentModel.InOpenXml\Drawings\Connectors\ConnectorLockingExtension.cs","ConnectorLockingExtension","Uri","Property"
"D:\OneDrive\VS\Projects\DocxDocument\DocumentModel.InOpenXml\Drawings\Custom geometry\AdjustPoint2DType.cs","AdjustPoint2DType","X","Property"
"D:\OneDrive\VS\Projects\DocxDocument\DocumentModel.InOpenXml\Drawings\Custom geometry\AdjustPoint2DType.cs","AdjustPoint2DType","Y","Property"
"D:\OneDrive\VS\Projects\DocxDocument\DocumentModel.InOpenXml\Drawings\Custom geometry\ArcTo.cs","ArcTo","HeightRadius","Property"
"D:\OneDrive\VS\Projects\DocxDocument\DocumentModel.InOpenXml\Drawings\Custom geometry\ArcTo.cs","ArcTo","StartAngle","Property"
"D:\OneDrive\VS\Projects\DocxDocument\DocumentModel.InOpenXml\Drawings\Custom geometry\ArcTo.cs","ArcTo","SwingAngle","Property"
"D:\OneDrive\VS\Projects\DocxDocument\DocumentModel.InOpenXml\Drawings\Custom geometry\ArcTo.cs","ArcTo","WidthRadius","Property"
"D:\OneDrive\VS\Projects\DocxDocument\DocumentModel.InOpenXml\Drawings\Custom geometry\CustomGeometry.cs","CustomGeometry","AdjustHandleList","Property"
"D:\OneDrive\VS\Projects\DocxDocument\DocumentModel.InOpenXml\Drawings\Custom geometry\CustomGeometry.cs","CustomGeometry","AdjustValueList","Property"
"D:\OneDrive\VS\Projects\DocxDocument\DocumentModel.InOpenXml\Drawings\Custom geometry\CustomGeometry.cs","CustomGeometry","ConnectionSiteList","Property"
"D:\OneDrive\VS\Projects\DocxDocument\DocumentModel.InOpenXml\Drawings\Custom geometry\CustomGeometry.cs","CustomGeometry","PathList","Property"
"D:\OneDrive\VS\Projects\DocxDocument\DocumentModel.InOpenXml\Drawings\Custom geometry\CustomGeometry.cs","CustomGeometry","Rectangle","Property"
"D:\OneDrive\VS\Projects\DocxDocument\DocumentModel.InOpenXml\Drawings\Custom geometry\CustomGeometry.cs","CustomGeometry","ShapeGuideList","Property"
"D:\OneDrive\VS\Projects\DocxDocument\DocumentModel.InOpenXml\Drawings\Custom geometry\LineTo.cs","LineTo","Point","Property"
"D:\OneDrive\VS\Projects\DocxDocument\DocumentModel.InOpenXml\Drawings\Custom geometry\MoveTo.cs","MoveTo","Point","Property"
"D:\OneDrive\VS\Projects\DocxDocument\DocumentModel.InOpenXml\Drawings\Custom geometry\Path.cs","Path","ExtrusionOk","Property"
"D:\OneDrive\VS\Projects\DocxDocument\DocumentModel.InOpenXml\Drawings\Custom geometry\Path.cs","Path","Fill","Property"
"D:\OneDrive\VS\Projects\DocxDocument\DocumentModel.InOpenXml\Drawings\Custom geometry\Path.cs","Path","Height","Property"
"D:\OneDrive\VS\Projects\DocxDocument\DocumentModel.InOpenXml\Drawings\Custom geometry\Path.cs","Path","Stroke","Property"
"D:\OneDrive\VS\Projects\DocxDocument\DocumentModel.InOpenXml\Drawings\Custom geometry\Path.cs","Path","Width","Property"
"D:\OneDrive\VS\Projects\DocxDocument\DocumentModel.InOpenXml\Drawings\Custom geometry\Rectangle.cs","Rectangle","Bottom","Property"
"D:\OneDrive\VS\Projects\DocxDocument\DocumentModel.InOpenXml\Drawings\Custom geometry\Rectangle.cs","Rectangle","Left","Property"
"D:\OneDrive\VS\Projects\DocxDocument\DocumentModel.InOpenXml\Drawings\Custom geometry\Rectangle.cs","Rectangle","Right","Property"
"D:\OneDrive\VS\Projects\DocxDocument\DocumentModel.InOpenXml\Drawings\Custom geometry\Rectangle.cs","Rectangle","Top","Property"
"D:\OneDrive\VS\Projects\DocxDocument\DocumentModel.InOpenXml\Drawings\Drawing properties for document objects\Extent.cs","Extent","Cx","Property"
"D:\OneDrive\VS\Projects\DocxDocument\DocumentModel.InOpenXml\Drawings\Drawing properties for document objects\Extent.cs","Extent","Cy","Property"
"D:\OneDrive\VS\Projects\DocxDocument\DocumentModel.InOpenXml\Drawings\Effects\BiLevel.cs","BiLevel","Threshold","Property"
"D:\OneDrive\VS\Projects\DocxDocument\DocumentModel.InOpenXml\Drawings\Effects\Blend.cs","Blend","BlendMode","Property"
"D:\OneDrive\VS\Projects\DocxDocument\DocumentModel.InOpenXml\Drawings\Effects\Blend.cs","Blend","EffectContainer","Property"
"D:\OneDrive\VS\Projects\DocxDocument\DocumentModel.InOpenXml\Drawings\Effects\Blur.cs","Blur","Grow","Property"
"D:\OneDrive\VS\Projects\DocxDocument\DocumentModel.InOpenXml\Drawings\Effects\Blur.cs","Blur","Radius","Property"
"D:\OneDrive\VS\Projects\DocxDocument\DocumentModel.InOpenXml\Drawings\Effects\Effect.cs","Effect","Reference","Property"
"D:\OneDrive\VS\Projects\DocxDocument\DocumentModel.InOpenXml\Drawings\Effects\EffectContainerType.cs","EffectContainerType","Name","Property"
"D:\OneDrive\VS\Projects\DocxDocument\DocumentModel.InOpenXml\Drawings\Effects\EffectContainerType.cs","EffectContainerType","Type","Property"
"D:\OneDrive\VS\Projects\DocxDocument\DocumentModel.InOpenXml\Drawings\Effects\EffectList.cs","EffectList","Blur","Property"
"D:\OneDrive\VS\Projects\DocxDocument\DocumentModel.InOpenXml\Drawings\Effects\EffectList.cs","EffectList","FillOverlay","Property"
"D:\OneDrive\VS\Projects\DocxDocument\DocumentModel.InOpenXml\Drawings\Effects\EffectList.cs","EffectList","Glow","Property"
"D:\OneDrive\VS\Projects\DocxDocument\DocumentModel.InOpenXml\Drawings\Effects\EffectList.cs","EffectList","InnerShadow","Property"
"D:\OneDrive\VS\Projects\DocxDocument\DocumentModel.InOpenXml\Drawings\Effects\EffectList.cs","EffectList","OuterShadow","Property"
"D:\OneDrive\VS\Projects\DocxDocument\DocumentModel.InOpenXml\Drawings\Effects\EffectList.cs","EffectList","PresetShadow","Property"
"D:\OneDrive\VS\Projects\DocxDocument\DocumentModel.InOpenXml\Drawings\Effects\EffectList.cs","EffectList","Reflection","Property"
"D:\OneDrive\VS\Projects\DocxDocument\DocumentModel.InOpenXml\Drawings\Effects\EffectList.cs","EffectList","SoftEdge","Property"
"D:\OneDrive\VS\Projects\DocxDocument\DocumentModel.InOpenXml\Drawings\Effects\EffectReference.cs","EffectReference","Color","Property"
"D:\OneDrive\VS\Projects\DocxDocument\DocumentModel.InOpenXml\Drawings\Effects\Glow.cs","Glow","Color","Property"
"D:\OneDrive\VS\Projects\DocxDocument\DocumentModel.InOpenXml\Drawings\Effects\Glow.cs","Glow","Radius","Property"
"D:\OneDrive\VS\Projects\DocxDocument\DocumentModel.InOpenXml\Drawings\Effects\HiddenEffectsProperties.cs","HiddenEffectsProperties","EffectDag","Property"
"D:\OneDrive\VS\Projects\DocxDocument\DocumentModel.InOpenXml\Drawings\Effects\HiddenEffectsProperties.cs","HiddenEffectsProperties","EffectList","Property"
"D:\OneDrive\VS\Projects\DocxDocument\DocumentModel.InOpenXml\Drawings\Effects\Reflection.cs","Reflection","Alignment","Property"
"D:\OneDrive\VS\Projects\DocxDocument\DocumentModel.InOpenXml\Drawings\Effects\Reflection.cs","Reflection","BlurRadius","Property"
"D:\OneDrive\VS\Projects\DocxDocument\DocumentModel.InOpenXml\Drawings\Effects\Reflection.cs","Reflection","Direction","Property"
"D:\OneDrive\VS\Projects\DocxDocument\DocumentModel.InOpenXml\Drawings\Effects\Reflection.cs","Reflection","Distance","Property"
"D:\OneDrive\VS\Projects\DocxDocument\DocumentModel.InOpenXml\Drawings\Effects\Reflection.cs","Reflection","EndAlpha","Property"
"D:\OneDrive\VS\Projects\DocxDocument\DocumentModel.InOpenXml\Drawings\Effects\Reflection.cs","Reflection","EndPosition","Property"
"D:\OneDrive\VS\Projects\DocxDocument\DocumentModel.InOpenXml\Drawings\Effects\Reflection.cs","Reflection","FadeDirection","Property"
"D:\OneDrive\VS\Projects\DocxDocument\DocumentModel.InOpenXml\Drawings\Effects\Reflection.cs","Reflection","HorizontalRatio","Property"
"D:\OneDrive\VS\Projects\DocxDocument\DocumentModel.InOpenXml\Drawings\Effects\Reflection.cs","Reflection","HorizontalSkew","Property"
"D:\OneDrive\VS\Projects\DocxDocument\DocumentModel.InOpenXml\Drawings\Effects\Reflection.cs","Reflection","RotateWithShape","Property"
"D:\OneDrive\VS\Projects\DocxDocument\DocumentModel.InOpenXml\Drawings\Effects\Reflection.cs","Reflection","StartOpacity","Property"
"D:\OneDrive\VS\Projects\DocxDocument\DocumentModel.InOpenXml\Drawings\Effects\Reflection.cs","Reflection","StartPosition","Property"
"D:\OneDrive\VS\Projects\DocxDocument\DocumentModel.InOpenXml\Drawings\Effects\Reflection.cs","Reflection","VerticalRatio","Property"
"D:\OneDrive\VS\Projects\DocxDocument\DocumentModel.InOpenXml\Drawings\Effects\Reflection.cs","Reflection","VerticalSkew","Property"
"D:\OneDrive\VS\Projects\DocxDocument\DocumentModel.InOpenXml\Drawings\Extensibility\CompatExtension.cs","CompatExtension","ShapeId","Property"
"D:\OneDrive\VS\Projects\DocxDocument\DocumentModel.InOpenXml\Drawings\Fill types\Blip.cs","Blip","CompressionState","Property"
"D:\OneDrive\VS\Projects\DocxDocument\DocumentModel.InOpenXml\Drawings\Fill types\Blip.cs","Blip","Embed","Property"
"D:\OneDrive\VS\Projects\DocxDocument\DocumentModel.InOpenXml\Drawings\Fill types\Blip.cs","Blip","Link","Property"
"D:\OneDrive\VS\Projects\DocxDocument\DocumentModel.InOpenXml\Drawings\Fill types\BlipExtension.cs","BlipExtension","Uri","Property"
"D:\OneDrive\VS\Projects\DocxDocument\DocumentModel.InOpenXml\Drawings\Fill types\FillOverlay.cs","FillOverlay","Blend","Property"
"D:\OneDrive\VS\Projects\DocxDocument\DocumentModel.InOpenXml\Drawings\Fill types\ForegroundColor.cs","ForegroundColor","Color","Property"
"D:\OneDrive\VS\Projects\DocxDocument\DocumentModel.InOpenXml\Drawings\Fill types\GradientStop.cs","GradientStop","Color","Property"
"D:\OneDrive\VS\Projects\DocxDocument\DocumentModel.InOpenXml\Drawings\Fill types\GradientStop.cs","GradientStop","Position","Property"
"D:\OneDrive\VS\Projects\DocxDocument\DocumentModel.InOpenXml\Drawings\Fill types\PatternFill.cs","PatternFill","BackgroundColor","Property"
"D:\OneDrive\VS\Projects\DocxDocument\DocumentModel.InOpenXml\Drawings\Fill types\PatternFill.cs","PatternFill","ForegroundColor","Property"
"D:\OneDrive\VS\Projects\DocxDocument\DocumentModel.InOpenXml\Drawings\Fill types\PatternFill.cs","PatternFill","Preset","Property"
"D:\OneDrive\VS\Projects\DocxDocument\DocumentModel.InOpenXml\Drawings\Fill types\PictureAttributionSourceURL.cs","PictureAttributionSourceURL","Id","Property"
"D:\OneDrive\VS\Projects\DocxDocument\DocumentModel.InOpenXml\Drawings\Fill types\SolidFill.cs","SolidFill","Color","Property"
"D:\OneDrive\VS\Projects\DocxDocument\DocumentModel.InOpenXml\Drawings\Graphic data\Graphic.cs","Graphic","GraphicData","Property"
"D:\OneDrive\VS\Projects\DocxDocument\DocumentModel.InOpenXml\Drawings\Graphic data\GraphicFrameLocks.cs","GraphicFrameLocks","ExtensionList","Property"
"D:\OneDrive\VS\Projects\DocxDocument\DocumentModel.InOpenXml\Drawings\Graphic data\GraphicFrameLocks.cs","GraphicFrameLocks","NoChangeAspect","Property"
"D:\OneDrive\VS\Projects\DocxDocument\DocumentModel.InOpenXml\Drawings\Graphic data\GraphicFrameLocks.cs","GraphicFrameLocks","NoDrilldown","Property"
"D:\OneDrive\VS\Projects\DocxDocument\DocumentModel.InOpenXml\Drawings\Graphic data\GraphicFrameLocks.cs","GraphicFrameLocks","NoGrouping","Property"
"D:\OneDrive\VS\Projects\DocxDocument\DocumentModel.InOpenXml\Drawings\Graphic data\GraphicFrameLocks.cs","GraphicFrameLocks","NoMove","Property"
"D:\OneDrive\VS\Projects\DocxDocument\DocumentModel.InOpenXml\Drawings\Graphic data\GraphicFrameLocks.cs","GraphicFrameLocks","NoResize","Property"
"D:\OneDrive\VS\Projects\DocxDocument\DocumentModel.InOpenXml\Drawings\Graphic data\GraphicFrameLocks.cs","GraphicFrameLocks","NoSelection","Property"
"D:\OneDrive\VS\Projects\DocxDocument\DocumentModel.InOpenXml\Drawings\Hyperlinks\EmbeddedWavAudioFileType.cs","EmbeddedWavAudioFileType","BuiltIn","Property"
"D:\OneDrive\VS\Projects\DocxDocument\DocumentModel.InOpenXml\Drawings\Hyperlinks\EmbeddedWavAudioFileType.cs","EmbeddedWavAudioFileType","Embed","Property"
"D:\OneDrive\VS\Projects\DocxDocument\DocumentModel.InOpenXml\Drawings\Hyperlinks\EmbeddedWavAudioFileType.cs","EmbeddedWavAudioFileType","Name","Property"
"D:\OneDrive\VS\Projects\DocxDocument\DocumentModel.InOpenXml\Drawings\Hyperlinks\HyperlinkOnClick.cs","HyperlinkOnClick","HyperlinkExtensionList","Property"
"D:\OneDrive\VS\Projects\DocxDocument\DocumentModel.InOpenXml\Drawings\Hyperlinks\HyperlinkOnClick.cs","HyperlinkOnClick","HyperlinkSound","Property"
"D:\OneDrive\VS\Projects\DocxDocument\DocumentModel.InOpenXml\Drawings\Hyperlinks\HyperlinkOnHover.cs","HyperlinkOnHover","HyperlinkExtensionList","Property"
"D:\OneDrive\VS\Projects\DocxDocument\DocumentModel.InOpenXml\Drawings\Hyperlinks\HyperlinkOnHover.cs","HyperlinkOnHover","HyperlinkSound","Property"
"D:\OneDrive\VS\Projects\DocxDocument\DocumentModel.InOpenXml\Drawings\Hyperlinks\HyperlinkOnMouseOver.cs","HyperlinkOnMouseOver","HyperlinkExtensionList","Property"
"D:\OneDrive\VS\Projects\DocxDocument\DocumentModel.InOpenXml\Drawings\Hyperlinks\HyperlinkOnMouseOver.cs","HyperlinkOnMouseOver","HyperlinkSound","Property"
"D:\OneDrive\VS\Projects\DocxDocument\DocumentModel.InOpenXml\Drawings\Hyperlinks\HyperlinkType.cs","HyperlinkType","Action","Property"
"D:\OneDrive\VS\Projects\DocxDocument\DocumentModel.InOpenXml\Drawings\Hyperlinks\HyperlinkType.cs","HyperlinkType","EndSound","Property"
"D:\OneDrive\VS\Projects\DocxDocument\DocumentModel.InOpenXml\Drawings\Hyperlinks\HyperlinkType.cs","HyperlinkType","HighlightClick","Property"
"D:\OneDrive\VS\Projects\DocxDocument\DocumentModel.InOpenXml\Drawings\Hyperlinks\HyperlinkType.cs","HyperlinkType","History","Property"
"D:\OneDrive\VS\Projects\DocxDocument\DocumentModel.InOpenXml\Drawings\Hyperlinks\HyperlinkType.cs","HyperlinkType","HyperlinkExtensionList","Property"
"D:\OneDrive\VS\Projects\DocxDocument\DocumentModel.InOpenXml\Drawings\Hyperlinks\HyperlinkType.cs","HyperlinkType","HyperlinkSound","Property"
"D:\OneDrive\VS\Projects\DocxDocument\DocumentModel.InOpenXml\Drawings\Hyperlinks\HyperlinkType.cs","HyperlinkType","Id","Property"
"D:\OneDrive\VS\Projects\DocxDocument\DocumentModel.InOpenXml\Drawings\Hyperlinks\HyperlinkType.cs","HyperlinkType","InvalidUrl","Property"
"D:\OneDrive\VS\Projects\DocxDocument\DocumentModel.InOpenXml\Drawings\Hyperlinks\HyperlinkType.cs","HyperlinkType","TargetFrame","Property"
"D:\OneDrive\VS\Projects\DocxDocument\DocumentModel.InOpenXml\Drawings\Hyperlinks\HyperlinkType.cs","HyperlinkType","Tooltip","Property"
"D:\OneDrive\VS\Projects\DocxDocument\DocumentModel.InOpenXml\Drawings\Image properties\BrightnessContrast.cs","BrightnessContrast","Bright","Property"
"D:\OneDrive\VS\Projects\DocxDocument\DocumentModel.InOpenXml\Drawings\Image properties\BrightnessContrast.cs","BrightnessContrast","Contrast","Property"
"D:\OneDrive\VS\Projects\DocxDocument\DocumentModel.InOpenXml\Drawings\Image properties\ColorTemperature.cs","ColorTemperature","ColorTemperatureValue","Property"
"D:\OneDrive\VS\Projects\DocxDocument\DocumentModel.InOpenXml\Drawings\Image properties\ImageEffect.cs","ImageEffect","ArtisticBlur","Property"
"D:\OneDrive\VS\Projects\DocxDocument\DocumentModel.InOpenXml\Drawings\Image properties\ImageEffect.cs","ImageEffect","ArtisticCement","Property"
"D:\OneDrive\VS\Projects\DocxDocument\DocumentModel.InOpenXml\Drawings\Image properties\ImageEffect.cs","ImageEffect","ArtisticChalkSketch","Property"
"D:\OneDrive\VS\Projects\DocxDocument\DocumentModel.InOpenXml\Drawings\Image properties\ImageEffect.cs","ImageEffect","ArtisticCrisscrossEtching","Property"
"D:\OneDrive\VS\Projects\DocxDocument\DocumentModel.InOpenXml\Drawings\Image properties\ImageEffect.cs","ImageEffect","ArtisticCutout","Property"
"D:\OneDrive\VS\Projects\DocxDocument\DocumentModel.InOpenXml\Drawings\Image properties\ImageEffect.cs","ImageEffect","ArtisticFilmGrain","Property"
"D:\OneDrive\VS\Projects\DocxDocument\DocumentModel.InOpenXml\Drawings\Image properties\ImageEffect.cs","ImageEffect","ArtisticGlass","Property"
"D:\OneDrive\VS\Projects\DocxDocument\DocumentModel.InOpenXml\Drawings\Image properties\ImageEffect.cs","ImageEffect","ArtisticGlowDiffused","Property"
"D:\OneDrive\VS\Projects\DocxDocument\DocumentModel.InOpenXml\Drawings\Image properties\ImageEffect.cs","ImageEffect","ArtisticGlowEdges","Property"
"D:\OneDrive\VS\Projects\DocxDocument\DocumentModel.InOpenXml\Drawings\Image properties\ImageEffect.cs","ImageEffect","ArtisticLightScreen","Property"
"D:\OneDrive\VS\Projects\DocxDocument\DocumentModel.InOpenXml\Drawings\Image properties\ImageEffect.cs","ImageEffect","ArtisticLineDrawing","Property"
"D:\OneDrive\VS\Projects\DocxDocument\DocumentModel.InOpenXml\Drawings\Image properties\ImageEffect.cs","ImageEffect","ArtisticMarker","Property"
"D:\OneDrive\VS\Projects\DocxDocument\DocumentModel.InOpenXml\Drawings\Image properties\ImageEffect.cs","ImageEffect","ArtisticMosaicBubbles","Property"
"D:\OneDrive\VS\Projects\DocxDocument\DocumentModel.InOpenXml\Drawings\Image properties\ImageEffect.cs","ImageEffect","ArtisticPaintBrush","Property"
"D:\OneDrive\VS\Projects\DocxDocument\DocumentModel.InOpenXml\Drawings\Image properties\ImageEffect.cs","ImageEffect","ArtisticPaintStrokes","Property"
"D:\OneDrive\VS\Projects\DocxDocument\DocumentModel.InOpenXml\Drawings\Image properties\ImageEffect.cs","ImageEffect","ArtisticPastelsSmooth","Property"
"D:\OneDrive\VS\Projects\DocxDocument\DocumentModel.InOpenXml\Drawings\Image properties\ImageEffect.cs","ImageEffect","ArtisticPencilGrayscale","Property"
"D:\OneDrive\VS\Projects\DocxDocument\DocumentModel.InOpenXml\Drawings\Image properties\ImageEffect.cs","ImageEffect","ArtisticPencilSketch","Property"
"D:\OneDrive\VS\Projects\DocxDocument\DocumentModel.InOpenXml\Drawings\Image properties\ImageEffect.cs","ImageEffect","ArtisticPhotocopy","Property"
"D:\OneDrive\VS\Projects\DocxDocument\DocumentModel.InOpenXml\Drawings\Image properties\ImageEffect.cs","ImageEffect","ArtisticPlasticWrap","Property"
"D:\OneDrive\VS\Projects\DocxDocument\DocumentModel.InOpenXml\Drawings\Image properties\ImageEffect.cs","ImageEffect","ArtisticTexturizer","Property"
"D:\OneDrive\VS\Projects\DocxDocument\DocumentModel.InOpenXml\Drawings\Image properties\ImageEffect.cs","ImageEffect","ArtisticWatercolorSponge","Property"
"D:\OneDrive\VS\Projects\DocxDocument\DocumentModel.InOpenXml\Drawings\Image properties\ImageEffect.cs","ImageEffect","BackgroundRemoval","Property"
"D:\OneDrive\VS\Projects\DocxDocument\DocumentModel.InOpenXml\Drawings\Image properties\ImageEffect.cs","ImageEffect","BrightnessContrast","Property"
"D:\OneDrive\VS\Projects\DocxDocument\DocumentModel.InOpenXml\Drawings\Image properties\ImageEffect.cs","ImageEffect","ColorTemperature","Property"
"D:\OneDrive\VS\Projects\DocxDocument\DocumentModel.InOpenXml\Drawings\Image properties\ImageEffect.cs","ImageEffect","Saturation","Property"
"D:\OneDrive\VS\Projects\DocxDocument\DocumentModel.InOpenXml\Drawings\Image properties\ImageEffect.cs","ImageEffect","SharpenSoften","Property"
"D:\OneDrive\VS\Projects\DocxDocument\DocumentModel.InOpenXml\Drawings\Image properties\ImageEffect.cs","ImageEffect","Visible","Property"
"D:\OneDrive\VS\Projects\DocxDocument\DocumentModel.InOpenXml\Drawings\Image properties\ImageProperties.cs","ImageProperties","ImageLayer","Property"
"D:\OneDrive\VS\Projects\DocxDocument\DocumentModel.InOpenXml\Drawings\Line properties\DashStop.cs","DashStop","DashLength","Property"
"D:\OneDrive\VS\Projects\DocxDocument\DocumentModel.InOpenXml\Drawings\Line properties\DashStop.cs","DashStop","SpaceLength","Property"
"D:\OneDrive\VS\Projects\DocxDocument\DocumentModel.InOpenXml\Drawings\Line properties\HiddenLineProperties.cs","HiddenLineProperties","Alignment","Property"
"D:\OneDrive\VS\Projects\DocxDocument\DocumentModel.InOpenXml\Drawings\Line properties\HiddenLineProperties.cs","HiddenLineProperties","CapType","Property"
"D:\OneDrive\VS\Projects\DocxDocument\DocumentModel.InOpenXml\Drawings\Line properties\HiddenLineProperties.cs","HiddenLineProperties","CompoundLineType","Property"
"D:\OneDrive\VS\Projects\DocxDocument\DocumentModel.InOpenXml\Drawings\Line properties\HiddenLineProperties.cs","HiddenLineProperties","Width","Property"
"D:\OneDrive\VS\Projects\DocxDocument\DocumentModel.InOpenXml\Drawings\Line properties\LineDefault.cs","LineDefault","BodyProperties","Property"
"D:\OneDrive\VS\Projects\DocxDocument\DocumentModel.InOpenXml\Drawings\Line properties\LineDefault.cs","LineDefault","ExtensionList","Property"
"D:\OneDrive\VS\Projects\DocxDocument\DocumentModel.InOpenXml\Drawings\Line properties\LineDefault.cs","LineDefault","ListStyle","Property"
"D:\OneDrive\VS\Projects\DocxDocument\DocumentModel.InOpenXml\Drawings\Line properties\LineDefault.cs","LineDefault","ShapeProperties","Property"
"D:\OneDrive\VS\Projects\DocxDocument\DocumentModel.InOpenXml\Drawings\Line properties\LineDefault.cs","LineDefault","ShapeStyle","Property"
"D:\OneDrive\VS\Projects\DocxDocument\DocumentModel.InOpenXml\Drawings\Line properties\LinePropertiesExtension.cs","LinePropertiesExtension","Uri","Property"
"D:\OneDrive\VS\Projects\DocxDocument\DocumentModel.InOpenXml\Drawings\Line properties\LineSketchStyleProperties.cs","LineSketchStyleProperties","Sd","Property"
"D:\OneDrive\VS\Projects\DocxDocument\DocumentModel.InOpenXml\Drawings\Non-visual properties\ClassificationOutcome.cs","ClassificationOutcome","ClassificationOutcomeType","Property"
"D:\OneDrive\VS\Projects\DocxDocument\DocumentModel.InOpenXml\Drawings\Non-visual properties\ContentPartLocks.cs","ContentPartLocks","NoAdjustHandles","Property"
"D:\OneDrive\VS\Projects\DocxDocument\DocumentModel.InOpenXml\Drawings\Non-visual properties\ContentPartLocks.cs","ContentPartLocks","NoChangeArrowheads","Property"
"D:\OneDrive\VS\Projects\DocxDocument\DocumentModel.InOpenXml\Drawings\Non-visual properties\ContentPartLocks.cs","ContentPartLocks","NoChangeAspect","Property"
"D:\OneDrive\VS\Projects\DocxDocument\DocumentModel.InOpenXml\Drawings\Non-visual properties\ContentPartLocks.cs","ContentPartLocks","NoChangeShapeType","Property"
"D:\OneDrive\VS\Projects\DocxDocument\DocumentModel.InOpenXml\Drawings\Non-visual properties\ContentPartLocks.cs","ContentPartLocks","NoEditPoints","Property"
"D:\OneDrive\VS\Projects\DocxDocument\DocumentModel.InOpenXml\Drawings\Non-visual properties\ContentPartLocks.cs","ContentPartLocks","NoGrouping","Property"
"D:\OneDrive\VS\Projects\DocxDocument\DocumentModel.InOpenXml\Drawings\Non-visual properties\ContentPartLocks.cs","ContentPartLocks","NoMove","Property"
"D:\OneDrive\VS\Projects\DocxDocument\DocumentModel.InOpenXml\Drawings\Non-visual properties\ContentPartLocks.cs","ContentPartLocks","NoResize","Property"
"D:\OneDrive\VS\Projects\DocxDocument\DocumentModel.InOpenXml\Drawings\Non-visual properties\ContentPartLocks.cs","ContentPartLocks","NoRotation","Property"
"D:\OneDrive\VS\Projects\DocxDocument\DocumentModel.InOpenXml\Drawings\Non-visual properties\ContentPartLocks.cs","ContentPartLocks","NoSelection","Property"
"D:\OneDrive\VS\Projects\DocxDocument\DocumentModel.InOpenXml\Drawings\Non-visual properties\ContentPartLocks.cs","ContentPartLocks","OfficeArtExtensionList","Property"
"D:\OneDrive\VS\Projects\DocxDocument\DocumentModel.InOpenXml\Drawings\Non-visual properties\CreationId.cs","CreationId","Id","Property"
"D:\OneDrive\VS\Projects\DocxDocument\DocumentModel.InOpenXml\Drawings\Non-visual properties\GroupShapeLocks.cs","GroupShapeLocks","ExtensionList","Property"
"D:\OneDrive\VS\Projects\DocxDocument\DocumentModel.InOpenXml\Drawings\Non-visual properties\GroupShapeLocks.cs","GroupShapeLocks","NoChangeAspect","Property"
"D:\OneDrive\VS\Projects\DocxDocument\DocumentModel.InOpenXml\Drawings\Non-visual properties\GroupShapeLocks.cs","GroupShapeLocks","NoGrouping","Property"
"D:\OneDrive\VS\Projects\DocxDocument\DocumentModel.InOpenXml\Drawings\Non-visual properties\GroupShapeLocks.cs","GroupShapeLocks","NoMove","Property"
"D:\OneDrive\VS\Projects\DocxDocument\DocumentModel.InOpenXml\Drawings\Non-visual properties\GroupShapeLocks.cs","GroupShapeLocks","NoResize","Property"
"D:\OneDrive\VS\Projects\DocxDocument\DocumentModel.InOpenXml\Drawings\Non-visual properties\GroupShapeLocks.cs","GroupShapeLocks","NoRotation","Property"
"D:\OneDrive\VS\Projects\DocxDocument\DocumentModel.InOpenXml\Drawings\Non-visual properties\GroupShapeLocks.cs","GroupShapeLocks","NoSelection","Property"
"D:\OneDrive\VS\Projects\DocxDocument\DocumentModel.InOpenXml\Drawings\Non-visual properties\GroupShapeLocks.cs","GroupShapeLocks","NoUngrouping","Property"
"D:\OneDrive\VS\Projects\DocxDocument\DocumentModel.InOpenXml\Drawings\Non-visual properties\LiveFeedProperties.cs","LiveFeedProperties","LiveFeedBackgroundProperties","Property"
"D:\OneDrive\VS\Projects\DocxDocument\DocumentModel.InOpenXml\Drawings\Non-visual properties\LiveFeedProperties.cs","LiveFeedProperties","OfficeArtExtensionList","Property"
"D:\OneDrive\VS\Projects\DocxDocument\DocumentModel.InOpenXml\Drawings\Non-visual properties\NonVisualDrawingProperties.cs","NonVisualDrawingProperties","Description","Property"
"D:\OneDrive\VS\Projects\DocxDocument\DocumentModel.InOpenXml\Drawings\Non-visual properties\NonVisualDrawingProperties.cs","NonVisualDrawingProperties","Hidden","Property"
"D:\OneDrive\VS\Projects\DocxDocument\DocumentModel.InOpenXml\Drawings\Non-visual properties\NonVisualDrawingProperties.cs","NonVisualDrawingProperties","HyperlinkOnClick","Property"
"D:\OneDrive\VS\Projects\DocxDocument\DocumentModel.InOpenXml\Drawings\Non-visual properties\NonVisualDrawingProperties.cs","NonVisualDrawingProperties","HyperlinkOnHover","Property"
"D:\OneDrive\VS\Projects\DocxDocument\DocumentModel.InOpenXml\Drawings\Non-visual properties\NonVisualDrawingProperties.cs","NonVisualDrawingProperties","Id","Property"
"D:\OneDrive\VS\Projects\DocxDocument\DocumentModel.InOpenXml\Drawings\Non-visual properties\NonVisualDrawingProperties.cs","NonVisualDrawingProperties","Name","Property"
"D:\OneDrive\VS\Projects\DocxDocument\DocumentModel.InOpenXml\Drawings\Non-visual properties\NonVisualDrawingProperties.cs","NonVisualDrawingProperties","NonVisualDrawingPropertiesExtensionList","Property"
"D:\OneDrive\VS\Projects\DocxDocument\DocumentModel.InOpenXml\Drawings\Non-visual properties\NonVisualDrawingProperties.cs","NonVisualDrawingProperties","Title","Property"
"D:\OneDrive\VS\Projects\DocxDocument\DocumentModel.InOpenXml\Drawings\Non-visual properties\NonVisualDrawingPropertiesExtension.cs","NonVisualDrawingPropertiesExtension","Uri","Property"
"D:\OneDrive\VS\Projects\DocxDocument\DocumentModel.InOpenXml\Drawings\Non-visual properties\NonVisualDrawingPropertiesExtensionList.cs","NonVisualDrawingPropertiesExtensionList","Uri","Property"
"D:\OneDrive\VS\Projects\DocxDocument\DocumentModel.InOpenXml\Drawings\Non-visual properties\NonVisualDrawingShapeProperties.cs","NonVisualDrawingShapeProperties","ExtensionList","Property"
"D:\OneDrive\VS\Projects\DocxDocument\DocumentModel.InOpenXml\Drawings\Non-visual properties\NonVisualDrawingShapeProperties.cs","NonVisualDrawingShapeProperties","ShapeLocks","Property"
"D:\OneDrive\VS\Projects\DocxDocument\DocumentModel.InOpenXml\Drawings\Non-visual properties\NonVisualDrawingShapeProperties.cs","NonVisualDrawingShapeProperties","TextBox","Property"
"D:\OneDrive\VS\Projects\DocxDocument\DocumentModel.InOpenXml\Drawings\Non-visual properties\NonVisualGroupDrawingShapeProperties.cs","NonVisualGroupDrawingShapeProperties","GroupShapeLocks","Property"
"D:\OneDrive\VS\Projects\DocxDocument\DocumentModel.InOpenXml\Drawings\Non-visual properties\NonVisualGroupDrawingShapeProperties.cs","NonVisualGroupDrawingShapeProperties","NonVisualGroupDrawingShapePropsExtensionList","Property"
"D:\OneDrive\VS\Projects\DocxDocument\DocumentModel.InOpenXml\Drawings\Non-visual properties\NonVisualGroupDrawingShapePropsExtension.cs","NonVisualGroupDrawingShapePropsExtension","Uri","Property"
"D:\OneDrive\VS\Projects\DocxDocument\DocumentModel.InOpenXml\Drawings\Non-visual properties\NonVisualGroupProperties.cs","NonVisualGroupProperties","IsLegacyGroup","Property"
"D:\OneDrive\VS\Projects\DocxDocument\DocumentModel.InOpenXml\Drawings\Non-visual properties\NonVisualPicturePropertiesExtension.cs","NonVisualPicturePropertiesExtension","Uri","Property"
"D:\OneDrive\VS\Projects\DocxDocument\DocumentModel.InOpenXml\Drawings\Non-visual properties\ObjectProperties.cs","ObjectProperties","Id","Property"
"D:\OneDrive\VS\Projects\DocxDocument\DocumentModel.InOpenXml\Drawings\Non-visual properties\ObjectProperties.cs","ObjectProperties","IsActiveX","Property"
"D:\OneDrive\VS\Projects\DocxDocument\DocumentModel.InOpenXml\Drawings\Non-visual properties\ObjectProperties.cs","ObjectProperties","LinkType","Property"
"D:\OneDrive\VS\Projects\DocxDocument\DocumentModel.InOpenXml\Drawings\Non-visual properties\PictureLocks.cs","PictureLocks","ExtensionList","Property"
"D:\OneDrive\VS\Projects\DocxDocument\DocumentModel.InOpenXml\Drawings\Non-visual properties\PictureLocks.cs","PictureLocks","NoAdjustHandles","Property"
"D:\OneDrive\VS\Projects\DocxDocument\DocumentModel.InOpenXml\Drawings\Non-visual properties\PictureLocks.cs","PictureLocks","NoChangeArrowheads","Property"
"D:\OneDrive\VS\Projects\DocxDocument\DocumentModel.InOpenXml\Drawings\Non-visual properties\PictureLocks.cs","PictureLocks","NoChangeAspect","Property"
"D:\OneDrive\VS\Projects\DocxDocument\DocumentModel.InOpenXml\Drawings\Non-visual properties\PictureLocks.cs","PictureLocks","NoChangeShapeType","Property"
"D:\OneDrive\VS\Projects\DocxDocument\DocumentModel.InOpenXml\Drawings\Non-visual properties\PictureLocks.cs","PictureLocks","NoCrop","Property"
"D:\OneDrive\VS\Projects\DocxDocument\DocumentModel.InOpenXml\Drawings\Non-visual properties\PictureLocks.cs","PictureLocks","NoEditPoints","Property"
"D:\OneDrive\VS\Projects\DocxDocument\DocumentModel.InOpenXml\Drawings\Non-visual properties\PictureLocks.cs","PictureLocks","NoGrouping","Property"
"D:\OneDrive\VS\Projects\DocxDocument\DocumentModel.InOpenXml\Drawings\Non-visual properties\PictureLocks.cs","PictureLocks","NoMove","Property"
"D:\OneDrive\VS\Projects\DocxDocument\DocumentModel.InOpenXml\Drawings\Non-visual properties\PictureLocks.cs","PictureLocks","NoResize","Property"
"D:\OneDrive\VS\Projects\DocxDocument\DocumentModel.InOpenXml\Drawings\Non-visual properties\PictureLocks.cs","PictureLocks","NoRotation","Property"
"D:\OneDrive\VS\Projects\DocxDocument\DocumentModel.InOpenXml\Drawings\Non-visual properties\PictureLocks.cs","PictureLocks","NoSelection","Property"
"D:\OneDrive\VS\Projects\DocxDocument\DocumentModel.InOpenXml\Drawings\Non-visual properties\ScriptLink.cs","ScriptLink","OfficeArtExtensionList","Property"
"D:\OneDrive\VS\Projects\DocxDocument\DocumentModel.InOpenXml\Drawings\Non-visual properties\ScriptLink.cs","ScriptLink","Val","Property"
"D:\OneDrive\VS\Projects\DocxDocument\DocumentModel.InOpenXml\Drawings\Non-visual properties\SignatureLine.cs","SignatureLine","AdditionalXml","Property"
"D:\OneDrive\VS\Projects\DocxDocument\DocumentModel.InOpenXml\Drawings\Non-visual properties\SignatureLine.cs","SignatureLine","AllowComments","Property"
"D:\OneDrive\VS\Projects\DocxDocument\DocumentModel.InOpenXml\Drawings\Non-visual properties\SignatureLine.cs","SignatureLine","Id","Property"
"D:\OneDrive\VS\Projects\DocxDocument\DocumentModel.InOpenXml\Drawings\Non-visual properties\SignatureLine.cs","SignatureLine","IsSignatureLine","Property"
"D:\OneDrive\VS\Projects\DocxDocument\DocumentModel.InOpenXml\Drawings\Non-visual properties\SignatureLine.cs","SignatureLine","ProviderId","Property"
"D:\OneDrive\VS\Projects\DocxDocument\DocumentModel.InOpenXml\Drawings\Non-visual properties\SignatureLine.cs","SignatureLine","ShowSignDate","Property"
"D:\OneDrive\VS\Projects\DocxDocument\DocumentModel.InOpenXml\Drawings\Non-visual properties\SignatureLine.cs","SignatureLine","SignatureProviderUrl","Property"
"D:\OneDrive\VS\Projects\DocxDocument\DocumentModel.InOpenXml\Drawings\Non-visual properties\SignatureLine.cs","SignatureLine","SigningInstructions","Property"
"D:\OneDrive\VS\Projects\DocxDocument\DocumentModel.InOpenXml\Drawings\Non-visual properties\SignatureLine.cs","SignatureLine","SigningInstructionsSet","Property"
"D:\OneDrive\VS\Projects\DocxDocument\DocumentModel.InOpenXml\Drawings\Non-visual properties\SignatureLine.cs","SignatureLine","SuggestedSigner","Property"
"D:\OneDrive\VS\Projects\DocxDocument\DocumentModel.InOpenXml\Drawings\Non-visual properties\SignatureLine.cs","SignatureLine","SuggestedSigner2","Property"
"D:\OneDrive\VS\Projects\DocxDocument\DocumentModel.InOpenXml\Drawings\Non-visual properties\SignatureLine.cs","SignatureLine","SuggestedSignerEmail","Property"
"D:\OneDrive\VS\Projects\DocxDocument\DocumentModel.InOpenXml\Drawings\Shape properties\DefaultShapeDefinitionType.cs","DefaultShapeDefinitionType","BodyProperties","Property"
"D:\OneDrive\VS\Projects\DocxDocument\DocumentModel.InOpenXml\Drawings\Shape properties\DefaultShapeDefinitionType.cs","DefaultShapeDefinitionType","ExtensionList","Property"
"D:\OneDrive\VS\Projects\DocxDocument\DocumentModel.InOpenXml\Drawings\Shape properties\DefaultShapeDefinitionType.cs","DefaultShapeDefinitionType","ListStyle","Property"
"D:\OneDrive\VS\Projects\DocxDocument\DocumentModel.InOpenXml\Drawings\Shape properties\DefaultShapeDefinitionType.cs","DefaultShapeDefinitionType","ShapeProperties","Property"
"D:\OneDrive\VS\Projects\DocxDocument\DocumentModel.InOpenXml\Drawings\Shape properties\DefaultShapeDefinitionType.cs","DefaultShapeDefinitionType","ShapeStyle","Property"
"D:\OneDrive\VS\Projects\DocxDocument\DocumentModel.InOpenXml\Drawings\Shape properties\Point2DType.cs","Point2DType","X","Property"
"D:\OneDrive\VS\Projects\DocxDocument\DocumentModel.InOpenXml\Drawings\Shape properties\Point2DType.cs","Point2DType","Y","Property"
"D:\OneDrive\VS\Projects\DocxDocument\DocumentModel.InOpenXml\Drawings\Shape properties\PositiveSize2DType.cs","PositiveSize2DType","Cx","Property"
"D:\OneDrive\VS\Projects\DocxDocument\DocumentModel.InOpenXml\Drawings\Shape properties\PositiveSize2DType.cs","PositiveSize2DType","Cy","Property"
"D:\OneDrive\VS\Projects\DocxDocument\DocumentModel.InOpenXml\Drawings\Shape properties\PresetGeometry.cs","PresetGeometry","AdjustValueList","Property"
"D:\OneDrive\VS\Projects\DocxDocument\DocumentModel.InOpenXml\Drawings\Shape properties\PresetGeometry.cs","PresetGeometry","Preset","Property"
"D:\OneDrive\VS\Projects\DocxDocument\DocumentModel.InOpenXml\Drawings\Shape properties\PresetShadow.cs","PresetShadow","Color","Property"
"D:\OneDrive\VS\Projects\DocxDocument\DocumentModel.InOpenXml\Drawings\Shape properties\PresetShadow.cs","PresetShadow","Direction","Property"
"D:\OneDrive\VS\Projects\DocxDocument\DocumentModel.InOpenXml\Drawings\Shape properties\PresetShadow.cs","PresetShadow","Distance","Property"
"D:\OneDrive\VS\Projects\DocxDocument\DocumentModel.InOpenXml\Drawings\Shape properties\PresetShadow.cs","PresetShadow","Preset","Property"
"D:\OneDrive\VS\Projects\DocxDocument\DocumentModel.InOpenXml\Drawings\Shape properties\ShapeDefault.cs","ShapeDefault","BodyProperties","Property"
"D:\OneDrive\VS\Projects\DocxDocument\DocumentModel.InOpenXml\Drawings\Shape properties\ShapeDefault.cs","ShapeDefault","ExtensionList","Property"
"D:\OneDrive\VS\Projects\DocxDocument\DocumentModel.InOpenXml\Drawings\Shape properties\ShapeDefault.cs","ShapeDefault","ListStyle","Property"
"D:\OneDrive\VS\Projects\DocxDocument\DocumentModel.InOpenXml\Drawings\Shape properties\ShapeDefault.cs","ShapeDefault","ShapeProperties","Property"
"D:\OneDrive\VS\Projects\DocxDocument\DocumentModel.InOpenXml\Drawings\Shape properties\ShapeDefault.cs","ShapeDefault","ShapeStyle","Property"
"D:\OneDrive\VS\Projects\DocxDocument\DocumentModel.InOpenXml\Drawings\Shape properties\ShapeGuide.cs","ShapeGuide","Formula","Property"
"D:\OneDrive\VS\Projects\DocxDocument\DocumentModel.InOpenXml\Drawings\Shape properties\ShapeGuide.cs","ShapeGuide","Name","Property"
"D:\OneDrive\VS\Projects\DocxDocument\DocumentModel.InOpenXml\Drawings\Shape properties\ShapeLocks.cs","ShapeLocks","ExtensionList","Property"
"D:\OneDrive\VS\Projects\DocxDocument\DocumentModel.InOpenXml\Drawings\Shape properties\ShapeLocks.cs","ShapeLocks","NoAdjustHandles","Property"
"D:\OneDrive\VS\Projects\DocxDocument\DocumentModel.InOpenXml\Drawings\Shape properties\ShapeLocks.cs","ShapeLocks","NoChangeArrowheads","Property"
"D:\OneDrive\VS\Projects\DocxDocument\DocumentModel.InOpenXml\Drawings\Shape properties\ShapeLocks.cs","ShapeLocks","NoChangeAspect","Property"
"D:\OneDrive\VS\Projects\DocxDocument\DocumentModel.InOpenXml\Drawings\Shape properties\ShapeLocks.cs","ShapeLocks","NoChangeShapeType","Property"
"D:\OneDrive\VS\Projects\DocxDocument\DocumentModel.InOpenXml\Drawings\Shape properties\ShapeLocks.cs","ShapeLocks","NoEditPoints","Property"
"D:\OneDrive\VS\Projects\DocxDocument\DocumentModel.InOpenXml\Drawings\Shape properties\ShapeLocks.cs","ShapeLocks","NoGrouping","Property"
"D:\OneDrive\VS\Projects\DocxDocument\DocumentModel.InOpenXml\Drawings\Shape properties\ShapeLocks.cs","ShapeLocks","NoMove","Property"
"D:\OneDrive\VS\Projects\DocxDocument\DocumentModel.InOpenXml\Drawings\Shape properties\ShapeLocks.cs","ShapeLocks","NoResize","Property"
"D:\OneDrive\VS\Projects\DocxDocument\DocumentModel.InOpenXml\Drawings\Shape properties\ShapeLocks.cs","ShapeLocks","NoRotation","Property"
"D:\OneDrive\VS\Projects\DocxDocument\DocumentModel.InOpenXml\Drawings\Shape properties\ShapeLocks.cs","ShapeLocks","NoSelection","Property"
"D:\OneDrive\VS\Projects\DocxDocument\DocumentModel.InOpenXml\Drawings\Shape properties\ShapeLocks.cs","ShapeLocks","NoTextEdit","Property"
"D:\OneDrive\VS\Projects\DocxDocument\DocumentModel.InOpenXml\Drawings\Shape properties\ShapeProperties.cs","ShapeProperties","BlackWhiteMode","Property"
"D:\OneDrive\VS\Projects\DocxDocument\DocumentModel.InOpenXml\Drawings\Shape properties\ShapeProperties.cs","ShapeProperties","Transform2D","Property"
"D:\OneDrive\VS\Projects\DocxDocument\DocumentModel.InOpenXml\Drawings\Shape properties\ShapePropertiesExtension.cs","ShapePropertiesExtension","Uri","Property"
"D:\OneDrive\VS\Projects\DocxDocument\DocumentModel.InOpenXml\Drawings\Shape properties\ShapeStyle.cs","ShapeStyle","EffectReference","Property"
"D:\OneDrive\VS\Projects\DocxDocument\DocumentModel.InOpenXml\Drawings\Shape properties\ShapeStyle.cs","ShapeStyle","FillReference","Property"
"D:\OneDrive\VS\Projects\DocxDocument\DocumentModel.InOpenXml\Drawings\Shape properties\ShapeStyle.cs","ShapeStyle","FontReference","Property"
"D:\OneDrive\VS\Projects\DocxDocument\DocumentModel.InOpenXml\Drawings\Shape properties\ShapeStyle.cs","ShapeStyle","LineReference","Property"
"D:\OneDrive\VS\Projects\DocxDocument\DocumentModel.InOpenXml\Drawings\Shape properties\Transform2D.cs","Transform2D","Extents","Property"
"D:\OneDrive\VS\Projects\DocxDocument\DocumentModel.InOpenXml\Drawings\Shape properties\Transform2D.cs","Transform2D","HorizontalFlip","Property"
"D:\OneDrive\VS\Projects\DocxDocument\DocumentModel.InOpenXml\Drawings\Shape properties\Transform2D.cs","Transform2D","Offset","Property"
"D:\OneDrive\VS\Projects\DocxDocument\DocumentModel.InOpenXml\Drawings\Shape properties\Transform2D.cs","Transform2D","Rotation","Property"
"D:\OneDrive\VS\Projects\DocxDocument\DocumentModel.InOpenXml\Drawings\Shape properties\Transform2D.cs","Transform2D","VerticalFlip","Property"
"D:\OneDrive\VS\Projects\DocxDocument\DocumentModel.InOpenXml\Drawings\Shape properties\TransformGroup.cs","TransformGroup","ChildExtents","Property"
"D:\OneDrive\VS\Projects\DocxDocument\DocumentModel.InOpenXml\Drawings\Shape properties\TransformGroup.cs","TransformGroup","ChildOffset","Property"
"D:\OneDrive\VS\Projects\DocxDocument\DocumentModel.InOpenXml\Drawings\Shape properties\TransformGroup.cs","TransformGroup","Extents","Property"
"D:\OneDrive\VS\Projects\DocxDocument\DocumentModel.InOpenXml\Drawings\Shape properties\TransformGroup.cs","TransformGroup","HorizontalFlip","Property"
"D:\OneDrive\VS\Projects\DocxDocument\DocumentModel.InOpenXml\Drawings\Shape properties\TransformGroup.cs","TransformGroup","Offset","Property"
"D:\OneDrive\VS\Projects\DocxDocument\DocumentModel.InOpenXml\Drawings\Shape properties\TransformGroup.cs","TransformGroup","Rotation","Property"
"D:\OneDrive\VS\Projects\DocxDocument\DocumentModel.InOpenXml\Drawings\Shape properties\TransformGroup.cs","TransformGroup","VerticalFlip","Property"
"D:\OneDrive\VS\Projects\DocxDocument\DocumentModel.InOpenXml\Drawings\Text elements and properties\DefaultRunProperties.cs","DefaultRunProperties","Outline","Property"
"D:\OneDrive\VS\Projects\DocxDocument\DocumentModel.InOpenXml\Drawings\Text elements and properties\DefaultRunProperties.cs","DefaultRunProperties","Underline","Property"
"D:\OneDrive\VS\Projects\DocxDocument\DocumentModel.InOpenXml\Drawings\Text elements and properties\EndParagraphRunProperties.cs","EndParagraphRunProperties","Outline","Property"
"D:\OneDrive\VS\Projects\DocxDocument\DocumentModel.InOpenXml\Drawings\Text elements and properties\EndParagraphRunProperties.cs","EndParagraphRunProperties","Underline","Property"
"D:\OneDrive\VS\Projects\DocxDocument\DocumentModel.InOpenXml\Drawings\Text elements and properties\Field.cs","Field","Id","Property"
"D:\OneDrive\VS\Projects\DocxDocument\DocumentModel.InOpenXml\Drawings\Text elements and properties\Field.cs","Field","ParagraphProperties","Property"
"D:\OneDrive\VS\Projects\DocxDocument\DocumentModel.InOpenXml\Drawings\Text elements and properties\Field.cs","Field","RunProperties","Property"
"D:\OneDrive\VS\Projects\DocxDocument\DocumentModel.InOpenXml\Drawings\Text elements and properties\Field.cs","Field","Text","Property"
"D:\OneDrive\VS\Projects\DocxDocument\DocumentModel.InOpenXml\Drawings\Text elements and properties\Field.cs","Field","Type","Property"
"D:\OneDrive\VS\Projects\DocxDocument\DocumentModel.InOpenXml\Drawings\Text elements and properties\FontCollectionType.cs","FontCollectionType","ComplexScriptFont","Property"
"D:\OneDrive\VS\Projects\DocxDocument\DocumentModel.InOpenXml\Drawings\Text elements and properties\FontCollectionType.cs","FontCollectionType","EastAsianFont","Property"
"D:\OneDrive\VS\Projects\DocxDocument\DocumentModel.InOpenXml\Drawings\Text elements and properties\FontCollectionType.cs","FontCollectionType","LatinFont","Property"
"D:\OneDrive\VS\Projects\DocxDocument\DocumentModel.InOpenXml\Drawings\Text elements and properties\FontReference.cs","FontReference","Color","Property"
"D:\OneDrive\VS\Projects\DocxDocument\DocumentModel.InOpenXml\Drawings\Text elements and properties\FontReference.cs","FontReference","Index","Property"
"D:\OneDrive\VS\Projects\DocxDocument\DocumentModel.InOpenXml\Drawings\Text elements and properties\FontScheme.cs","FontScheme","ExtensionList","Property"
"D:\OneDrive\VS\Projects\DocxDocument\DocumentModel.InOpenXml\Drawings\Text elements and properties\FontScheme.cs","FontScheme","MajorFont","Property"
"D:\OneDrive\VS\Projects\DocxDocument\DocumentModel.InOpenXml\Drawings\Text elements and properties\FontScheme.cs","FontScheme","MinorFont","Property"
"D:\OneDrive\VS\Projects\DocxDocument\DocumentModel.InOpenXml\Drawings\Text elements and properties\NormalAutoFit.cs","NormalAutoFit","FontScale","Property"
"D:\OneDrive\VS\Projects\DocxDocument\DocumentModel.InOpenXml\Drawings\Text elements and properties\NormalAutoFit.cs","NormalAutoFit","LineSpaceReduction","Property"
"D:\OneDrive\VS\Projects\DocxDocument\DocumentModel.InOpenXml\Drawings\Text elements and properties\Paragraph.cs","Paragraph","ParagraphProperties","Property"
"D:\OneDrive\VS\Projects\DocxDocument\DocumentModel.InOpenXml\Drawings\Text elements and properties\ParagraphProperties.cs","ParagraphProperties","Alignment","Property"
"D:\OneDrive\VS\Projects\DocxDocument\DocumentModel.InOpenXml\Drawings\Text elements and properties\ParagraphProperties.cs","ParagraphProperties","AutoNumberedBullet","Element"
"D:\OneDrive\VS\Projects\DocxDocument\DocumentModel.InOpenXml\Drawings\Text elements and properties\ParagraphProperties.cs","ParagraphProperties","BulletColor","Element"
"D:\OneDrive\VS\Projects\DocxDocument\DocumentModel.InOpenXml\Drawings\Text elements and properties\ParagraphProperties.cs","ParagraphProperties","BulletColorText","Element"
"D:\OneDrive\VS\Projects\DocxDocument\DocumentModel.InOpenXml\Drawings\Text elements and properties\ParagraphProperties.cs","ParagraphProperties","BulletFont","Element"
"D:\OneDrive\VS\Projects\DocxDocument\DocumentModel.InOpenXml\Drawings\Text elements and properties\ParagraphProperties.cs","ParagraphProperties","BulletFontText","Element"
"D:\OneDrive\VS\Projects\DocxDocument\DocumentModel.InOpenXml\Drawings\Text elements and properties\ParagraphProperties.cs","ParagraphProperties","BulletSizePercentage","Element"
"D:\OneDrive\VS\Projects\DocxDocument\DocumentModel.InOpenXml\Drawings\Text elements and properties\ParagraphProperties.cs","ParagraphProperties","BulletSizePoints","Element"
"D:\OneDrive\VS\Projects\DocxDocument\DocumentModel.InOpenXml\Drawings\Text elements and properties\ParagraphProperties.cs","ParagraphProperties","DefaultTabSize","Property"
"D:\OneDrive\VS\Projects\DocxDocument\DocumentModel.InOpenXml\Drawings\Text elements and properties\ParagraphProperties.cs","ParagraphProperties","EastAsianLineBreak","Property"
"D:\OneDrive\VS\Projects\DocxDocument\DocumentModel.InOpenXml\Drawings\Text elements and properties\ParagraphProperties.cs","ParagraphProperties","FontAlignment","Property"
"D:\OneDrive\VS\Projects\DocxDocument\DocumentModel.InOpenXml\Drawings\Text elements and properties\ParagraphProperties.cs","ParagraphProperties","Height","Property"
"D:\OneDrive\VS\Projects\DocxDocument\DocumentModel.InOpenXml\Drawings\Text elements and properties\ParagraphProperties.cs","ParagraphProperties","Indent","Property"
"D:\OneDrive\VS\Projects\DocxDocument\DocumentModel.InOpenXml\Drawings\Text elements and properties\ParagraphProperties.cs","ParagraphProperties","LatinLineBreak","Property"
"D:\OneDrive\VS\Projects\DocxDocument\DocumentModel.InOpenXml\Drawings\Text elements and properties\ParagraphProperties.cs","ParagraphProperties","LeftMargin","Property"
"D:\OneDrive\VS\Projects\DocxDocument\DocumentModel.InOpenXml\Drawings\Text elements and properties\ParagraphProperties.cs","ParagraphProperties","Level","Property"
"D:\OneDrive\VS\Projects\DocxDocument\DocumentModel.InOpenXml\Drawings\Text elements and properties\ParagraphProperties.cs","ParagraphProperties","LineSpacing","Property"
"D:\OneDrive\VS\Projects\DocxDocument\DocumentModel.InOpenXml\Drawings\Text elements and properties\ParagraphProperties.cs","ParagraphProperties","RightMargin","Property"
"D:\OneDrive\VS\Projects\DocxDocument\DocumentModel.InOpenXml\Drawings\Text elements and properties\ParagraphProperties.cs","ParagraphProperties","RightToLeft","Property"
"D:\OneDrive\VS\Projects\DocxDocument\DocumentModel.InOpenXml\Drawings\Text elements and properties\ParagraphProperties.cs","ParagraphProperties","SpaceAfter","Property"
"D:\OneDrive\VS\Projects\DocxDocument\DocumentModel.InOpenXml\Drawings\Text elements and properties\ParagraphProperties.cs","ParagraphProperties","SpaceBefore","Property"
"D:\OneDrive\VS\Projects\DocxDocument\DocumentModel.InOpenXml\Drawings\Text elements and properties\Run.cs","Run","RunProperties","Property"
"D:\OneDrive\VS\Projects\DocxDocument\DocumentModel.InOpenXml\Drawings\Text elements and properties\Run.cs","Run","Text","Property"
"D:\OneDrive\VS\Projects\DocxDocument\DocumentModel.InOpenXml\Drawings\Text elements and properties\RunProperties.cs","RunProperties","Outline","Property"
"D:\OneDrive\VS\Projects\DocxDocument\DocumentModel.InOpenXml\Drawings\Text elements and properties\RunProperties.cs","RunProperties","Underline","Property"
"D:\OneDrive\VS\Projects\DocxDocument\DocumentModel.InOpenXml\Drawings\Text elements and properties\TabStop.cs","TabStop","Alignment","Property"
"D:\OneDrive\VS\Projects\DocxDocument\DocumentModel.InOpenXml\Drawings\Text elements and properties\TabStop.cs","TabStop","Position","Property"
"D:\OneDrive\VS\Projects\DocxDocument\DocumentModel.InOpenXml\Drawings\Text elements and properties\TextCharacterPropertiesType.cs","TextCharacterPropertiesType","AlternativeLanguage","Property"
"D:\OneDrive\VS\Projects\DocxDocument\DocumentModel.InOpenXml\Drawings\Text elements and properties\TextCharacterPropertiesType.cs","TextCharacterPropertiesType","Baseline","Property"
"D:\OneDrive\VS\Projects\DocxDocument\DocumentModel.InOpenXml\Drawings\Text elements and properties\TextCharacterPropertiesType.cs","TextCharacterPropertiesType","Bold","Property"
"D:\OneDrive\VS\Projects\DocxDocument\DocumentModel.InOpenXml\Drawings\Text elements and properties\TextCharacterPropertiesType.cs","TextCharacterPropertiesType","Bookmark","Property"
"D:\OneDrive\VS\Projects\DocxDocument\DocumentModel.InOpenXml\Drawings\Text elements and properties\TextCharacterPropertiesType.cs","TextCharacterPropertiesType","Capital","Property"
"D:\OneDrive\VS\Projects\DocxDocument\DocumentModel.InOpenXml\Drawings\Text elements and properties\TextCharacterPropertiesType.cs","TextCharacterPropertiesType","Dirty","Property"
"D:\OneDrive\VS\Projects\DocxDocument\DocumentModel.InOpenXml\Drawings\Text elements and properties\TextCharacterPropertiesType.cs","TextCharacterPropertiesType","FontSize","Property"
"D:\OneDrive\VS\Projects\DocxDocument\DocumentModel.InOpenXml\Drawings\Text elements and properties\TextCharacterPropertiesType.cs","TextCharacterPropertiesType","Italic","Property"
"D:\OneDrive\VS\Projects\DocxDocument\DocumentModel.InOpenXml\Drawings\Text elements and properties\TextCharacterPropertiesType.cs","TextCharacterPropertiesType","Kerning","Property"
"D:\OneDrive\VS\Projects\DocxDocument\DocumentModel.InOpenXml\Drawings\Text elements and properties\TextCharacterPropertiesType.cs","TextCharacterPropertiesType","Kumimoji","Property"
"D:\OneDrive\VS\Projects\DocxDocument\DocumentModel.InOpenXml\Drawings\Text elements and properties\TextCharacterPropertiesType.cs","TextCharacterPropertiesType","Language","Property"
"D:\OneDrive\VS\Projects\DocxDocument\DocumentModel.InOpenXml\Drawings\Text elements and properties\TextCharacterPropertiesType.cs","TextCharacterPropertiesType","NoProof","Property"
"D:\OneDrive\VS\Projects\DocxDocument\DocumentModel.InOpenXml\Drawings\Text elements and properties\TextCharacterPropertiesType.cs","TextCharacterPropertiesType","NormalizeHeight","Property"
"D:\OneDrive\VS\Projects\DocxDocument\DocumentModel.InOpenXml\Drawings\Text elements and properties\TextCharacterPropertiesType.cs","TextCharacterPropertiesType","Outline","Property"
"D:\OneDrive\VS\Projects\DocxDocument\DocumentModel.InOpenXml\Drawings\Text elements and properties\TextCharacterPropertiesType.cs","TextCharacterPropertiesType","SmartTagClean","Property"
"D:\OneDrive\VS\Projects\DocxDocument\DocumentModel.InOpenXml\Drawings\Text elements and properties\TextCharacterPropertiesType.cs","TextCharacterPropertiesType","SmartTagId","Property"
"D:\OneDrive\VS\Projects\DocxDocument\DocumentModel.InOpenXml\Drawings\Text elements and properties\TextCharacterPropertiesType.cs","TextCharacterPropertiesType","Spacing","Property"
"D:\OneDrive\VS\Projects\DocxDocument\DocumentModel.InOpenXml\Drawings\Text elements and properties\TextCharacterPropertiesType.cs","TextCharacterPropertiesType","SpellingError","Property"
"D:\OneDrive\VS\Projects\DocxDocument\DocumentModel.InOpenXml\Drawings\Text elements and properties\TextCharacterPropertiesType.cs","TextCharacterPropertiesType","Strike","Property"
"D:\OneDrive\VS\Projects\DocxDocument\DocumentModel.InOpenXml\Drawings\Text elements and properties\TextCharacterPropertiesType.cs","TextCharacterPropertiesType","Underline","Property"
"D:\OneDrive\VS\Projects\DocxDocument\DocumentModel.InOpenXml\Drawings\Text elements and properties\TextDefault.cs","TextDefault","BodyProperties","Property"
"D:\OneDrive\VS\Projects\DocxDocument\DocumentModel.InOpenXml\Drawings\Text elements and properties\TextDefault.cs","TextDefault","ExtensionList","Property"
"D:\OneDrive\VS\Projects\DocxDocument\DocumentModel.InOpenXml\Drawings\Text elements and properties\TextDefault.cs","TextDefault","ListStyle","Property"
"D:\OneDrive\VS\Projects\DocxDocument\DocumentModel.InOpenXml\Drawings\Text elements and properties\TextDefault.cs","TextDefault","ShapeProperties","Property"
"D:\OneDrive\VS\Projects\DocxDocument\DocumentModel.InOpenXml\Drawings\Text elements and properties\TextDefault.cs","TextDefault","ShapeStyle","Property"
"D:\OneDrive\VS\Projects\DocxDocument\DocumentModel.InOpenXml\Drawings\Text elements and properties\TextFontType.cs","TextFontType","Charset","Property"
"D:\OneDrive\VS\Projects\DocxDocument\DocumentModel.InOpenXml\Drawings\Text elements and properties\TextFontType.cs","TextFontType","Panose","Property"
"D:\OneDrive\VS\Projects\DocxDocument\DocumentModel.InOpenXml\Drawings\Text elements and properties\TextFontType.cs","TextFontType","Pitch","Property"
"D:\OneDrive\VS\Projects\DocxDocument\DocumentModel.InOpenXml\Drawings\Themes\ColorScheme.cs","ColorScheme","OfficeArtExtensionList","Property"
"D:\OneDrive\VS\Projects\DocxDocument\DocumentModel.InOpenXml\Drawings\Themes\ExtraColorScheme.cs","ExtraColorScheme","ColorMap","Property"
"D:\OneDrive\VS\Projects\DocxDocument\DocumentModel.InOpenXml\Drawings\Themes\ExtraColorScheme.cs","ExtraColorScheme","ColorScheme","Property"
"D:\OneDrive\VS\Projects\DocxDocument\DocumentModel.InOpenXml\Drawings\Themes\FormatScheme.cs","FormatScheme","BackgroundFillStyleList","Property"
"D:\OneDrive\VS\Projects\DocxDocument\DocumentModel.InOpenXml\Drawings\Themes\FormatScheme.cs","FormatScheme","EffectStyleList","Property"
"D:\OneDrive\VS\Projects\DocxDocument\DocumentModel.InOpenXml\Drawings\Themes\FormatScheme.cs","FormatScheme","FillStyleList","Property"
"D:\OneDrive\VS\Projects\DocxDocument\DocumentModel.InOpenXml\Drawings\Themes\FormatScheme.cs","FormatScheme","LineStyleList","Property"
"D:\OneDrive\VS\Projects\DocxDocument\DocumentModel.InOpenXml\Drawings\Themes\FormatScheme.cs","FormatScheme","Name","Property"
"D:\OneDrive\VS\Projects\DocxDocument\DocumentModel.InOpenXml\Drawings\Themes\ObjectDefaults.cs","ObjectDefaults","ExtensionList","Property"
"D:\OneDrive\VS\Projects\DocxDocument\DocumentModel.InOpenXml\Drawings\Themes\ObjectDefaults.cs","ObjectDefaults","LineDefault","Property"
"D:\OneDrive\VS\Projects\DocxDocument\DocumentModel.InOpenXml\Drawings\Themes\ObjectDefaults.cs","ObjectDefaults","ShapeDefault","Property"
"D:\OneDrive\VS\Projects\DocxDocument\DocumentModel.InOpenXml\Drawings\Themes\ObjectDefaults.cs","ObjectDefaults","TextDefault","Property"
"D:\OneDrive\VS\Projects\DocxDocument\DocumentModel.InOpenXml\Drawings\Themes\OfficeStyleSheetExtension.cs","OfficeStyleSheetExtension","Uri","Property"
"D:\OneDrive\VS\Projects\DocxDocument\DocumentModel.InOpenXml\Drawings\Themes\Theme.cs","Theme","CustomColorList","Property"
"D:\OneDrive\VS\Projects\DocxDocument\DocumentModel.InOpenXml\Drawings\Themes\Theme.cs","Theme","ExtraColorSchemeList","Property"
"D:\OneDrive\VS\Projects\DocxDocument\DocumentModel.InOpenXml\Drawings\Themes\Theme.cs","Theme","ObjectDefaults","Property"
"D:\OneDrive\VS\Projects\DocxDocument\DocumentModel.InOpenXml\Drawings\Themes\Theme.cs","Theme","OfficeStyleSheetExtensionList","Property"
"D:\OneDrive\VS\Projects\DocxDocument\DocumentModel.InOpenXml\Drawings\Themes\Theme.cs","Theme","ThemeElements","Property"
"D:\OneDrive\VS\Projects\DocxDocument\DocumentModel.InOpenXml\Drawings\Themes\ThemeElements.cs","ThemeElements","ColorScheme","Property"
"D:\OneDrive\VS\Projects\DocxDocument\DocumentModel.InOpenXml\Drawings\Themes\ThemeElements.cs","ThemeElements","ExtensionList","Property"
"D:\OneDrive\VS\Projects\DocxDocument\DocumentModel.InOpenXml\Drawings\Themes\ThemeElements.cs","ThemeElements","FontScheme","Property"
"D:\OneDrive\VS\Projects\DocxDocument\DocumentModel.InOpenXml\Drawings\Themes\ThemeElements.cs","ThemeElements","FormatScheme","Property"
"D:\OneDrive\VS\Projects\DocxDocument\DocumentModel.InOpenXml\Drawings\Themes\ThemeFamily.cs","ThemeFamily","Id","Property"
"D:\OneDrive\VS\Projects\DocxDocument\DocumentModel.InOpenXml\Drawings\Themes\ThemeFamily.cs","ThemeFamily","Name","Property"
"D:\OneDrive\VS\Projects\DocxDocument\DocumentModel.InOpenXml\Drawings\Themes\ThemeFamily.cs","ThemeFamily","OfficeArtExtensionList","Property"
"D:\OneDrive\VS\Projects\DocxDocument\DocumentModel.InOpenXml\Drawings\Themes\ThemeFamily.cs","ThemeFamily","Vid","Property"
"D:\OneDrive\VS\Projects\DocxDocument\DocumentModel.InOpenXml\Drawings\Themes\ThemeOverride.cs","ThemeOverride","ColorScheme","Property"
"D:\OneDrive\VS\Projects\DocxDocument\DocumentModel.InOpenXml\Drawings\Themes\ThemeOverride.cs","ThemeOverride","FontScheme","Property"
"D:\OneDrive\VS\Projects\DocxDocument\DocumentModel.InOpenXml\Drawings\Themes\ThemeOverride.cs","ThemeOverride","FormatScheme","Property"
"D:\OneDrive\VS\Projects\DocxDocument\DocumentModel.InOpenXml\Drawings\Wordprocessing\FillToRectangle.cs","FillToRectangle","Bottom","Property"
"D:\OneDrive\VS\Projects\DocxDocument\DocumentModel.InOpenXml\Drawings\Wordprocessing\FillToRectangle.cs","FillToRectangle","Left","Property"
"D:\OneDrive\VS\Projects\DocxDocument\DocumentModel.InOpenXml\Drawings\Wordprocessing\FillToRectangle.cs","FillToRectangle","Right","Property"
"D:\OneDrive\VS\Projects\DocxDocument\DocumentModel.InOpenXml\Drawings\Wordprocessing\FillToRectangle.cs","FillToRectangle","Top","Property"
"D:\OneDrive\VS\Projects\DocxDocument\DocumentModel.InOpenXml\Drawings\Wordprocessing\GradientFillProperties.cs","GradientFillProperties","GradientStopList","Property"
"D:\OneDrive\VS\Projects\DocxDocument\DocumentModel.InOpenXml\Drawings\Wordprocessing\PathShadeProperties.cs","PathShadeProperties","FillToRectangle","Property"
"D:\OneDrive\VS\Projects\DocxDocument\DocumentModel.InOpenXml\Drawings\Wordprocessing\PathShadeProperties.cs","PathShadeProperties","Path","Property"
"D:\OneDrive\VS\Projects\DocxDocument\DocumentModel.InOpenXml\Math\Accent.cs","Accent","AccentProperties","Property"
"D:\OneDrive\VS\Projects\DocxDocument\DocumentModel.InOpenXml\Math\Accent.cs","Accent","Base","Property"
"D:\OneDrive\VS\Projects\DocxDocument\DocumentModel.InOpenXml\Math\AccentProperties.cs","AccentProperties","AccentChar","Property"
"D:\OneDrive\VS\Projects\DocxDocument\DocumentModel.InOpenXml\Math\AccentProperties.cs","AccentProperties","ControlProperties","Property"
"D:\OneDrive\VS\Projects\DocxDocument\DocumentModel.InOpenXml\Math\ArgumentProperties.cs","ArgumentProperties","ArgumentSize","Property"
"D:\OneDrive\VS\Projects\DocxDocument\DocumentModel.InOpenXml\Math\Bar.cs","Bar","BarProperties","Property"
"D:\OneDrive\VS\Projects\DocxDocument\DocumentModel.InOpenXml\Math\Bar.cs","Bar","Base","Property"
"D:\OneDrive\VS\Projects\DocxDocument\DocumentModel.InOpenXml\Math\BarProperties.cs","BarProperties","ControlProperties","Property"
"D:\OneDrive\VS\Projects\DocxDocument\DocumentModel.InOpenXml\Math\BarProperties.cs","BarProperties","Position","Property"
"D:\OneDrive\VS\Projects\DocxDocument\DocumentModel.InOpenXml\Math\BorderBox.cs","BorderBox","Base","Property"
"D:\OneDrive\VS\Projects\DocxDocument\DocumentModel.InOpenXml\Math\BorderBox.cs","BorderBox","BorderBoxProperties","Property"
"D:\OneDrive\VS\Projects\DocxDocument\DocumentModel.InOpenXml\Math\BorderBoxProperties.cs","BorderBoxProperties","ControlProperties","Property"
"D:\OneDrive\VS\Projects\DocxDocument\DocumentModel.InOpenXml\Math\BorderBoxProperties.cs","BorderBoxProperties","HideBottom","Property"
"D:\OneDrive\VS\Projects\DocxDocument\DocumentModel.InOpenXml\Math\BorderBoxProperties.cs","BorderBoxProperties","HideLeft","Property"
"D:\OneDrive\VS\Projects\DocxDocument\DocumentModel.InOpenXml\Math\BorderBoxProperties.cs","BorderBoxProperties","HideRight","Property"
"D:\OneDrive\VS\Projects\DocxDocument\DocumentModel.InOpenXml\Math\BorderBoxProperties.cs","BorderBoxProperties","HideTop","Property"
"D:\OneDrive\VS\Projects\DocxDocument\DocumentModel.InOpenXml\Math\BorderBoxProperties.cs","BorderBoxProperties","StrikeBottomLeftToTopRight","Property"
"D:\OneDrive\VS\Projects\DocxDocument\DocumentModel.InOpenXml\Math\BorderBoxProperties.cs","BorderBoxProperties","StrikeHorizontal","Property"
"D:\OneDrive\VS\Projects\DocxDocument\DocumentModel.InOpenXml\Math\BorderBoxProperties.cs","BorderBoxProperties","StrikeTopLeftToBottomRight","Property"
"D:\OneDrive\VS\Projects\DocxDocument\DocumentModel.InOpenXml\Math\BorderBoxProperties.cs","BorderBoxProperties","StrikeVertical","Property"
"D:\OneDrive\VS\Projects\DocxDocument\DocumentModel.InOpenXml\Math\Box.cs","Box","Base","Property"
"D:\OneDrive\VS\Projects\DocxDocument\DocumentModel.InOpenXml\Math\Box.cs","Box","BoxProperties","Property"
"D:\OneDrive\VS\Projects\DocxDocument\DocumentModel.InOpenXml\Math\BoxProperties.cs","BoxProperties","Alignment","Property"
"D:\OneDrive\VS\Projects\DocxDocument\DocumentModel.InOpenXml\Math\BoxProperties.cs","BoxProperties","Break","Property"
"D:\OneDrive\VS\Projects\DocxDocument\DocumentModel.InOpenXml\Math\BoxProperties.cs","BoxProperties","ControlProperties","Property"
"D:\OneDrive\VS\Projects\DocxDocument\DocumentModel.InOpenXml\Math\BoxProperties.cs","BoxProperties","Differential","Property"
"D:\OneDrive\VS\Projects\DocxDocument\DocumentModel.InOpenXml\Math\BoxProperties.cs","BoxProperties","NoBreak","Property"
"D:\OneDrive\VS\Projects\DocxDocument\DocumentModel.InOpenXml\Math\BoxProperties.cs","BoxProperties","OperatorEmulator","Property"
"D:\OneDrive\VS\Projects\DocxDocument\DocumentModel.InOpenXml\Math\Delimiter.cs","Delimiter","DelimiterProperties","Property"
"D:\OneDrive\VS\Projects\DocxDocument\DocumentModel.InOpenXml\Math\DelimiterProperties.cs","DelimiterProperties","BeginChar","Property"
"D:\OneDrive\VS\Projects\DocxDocument\DocumentModel.InOpenXml\Math\DelimiterProperties.cs","DelimiterProperties","ControlProperties","Property"
"D:\OneDrive\VS\Projects\DocxDocument\DocumentModel.InOpenXml\Math\DelimiterProperties.cs","DelimiterProperties","EndChar","Property"
"D:\OneDrive\VS\Projects\DocxDocument\DocumentModel.InOpenXml\Math\DelimiterProperties.cs","DelimiterProperties","GrowOperators","Property"
"D:\OneDrive\VS\Projects\DocxDocument\DocumentModel.InOpenXml\Math\DelimiterProperties.cs","DelimiterProperties","SeparatorChar","Property"
"D:\OneDrive\VS\Projects\DocxDocument\DocumentModel.InOpenXml\Math\DelimiterProperties.cs","DelimiterProperties","Shape","Property"
"D:\OneDrive\VS\Projects\DocxDocument\DocumentModel.InOpenXml\Math\EquationArray.cs","EquationArray","EquationArrayProperties","Property"
"D:\OneDrive\VS\Projects\DocxDocument\DocumentModel.InOpenXml\Math\EquationArrayProperties.cs","EquationArrayProperties","BaseJustification","Property"
"D:\OneDrive\VS\Projects\DocxDocument\DocumentModel.InOpenXml\Math\EquationArrayProperties.cs","EquationArrayProperties","ControlProperties","Property"
"D:\OneDrive\VS\Projects\DocxDocument\DocumentModel.InOpenXml\Math\EquationArrayProperties.cs","EquationArrayProperties","MaxDistribution","Property"
"D:\OneDrive\VS\Projects\DocxDocument\DocumentModel.InOpenXml\Math\EquationArrayProperties.cs","EquationArrayProperties","ObjectDistribution","Property"
"D:\OneDrive\VS\Projects\DocxDocument\DocumentModel.InOpenXml\Math\EquationArrayProperties.cs","EquationArrayProperties","RowSpacing","Property"
"D:\OneDrive\VS\Projects\DocxDocument\DocumentModel.InOpenXml\Math\Fraction.cs","Fraction","Denominator","Property"
"D:\OneDrive\VS\Projects\DocxDocument\DocumentModel.InOpenXml\Math\Fraction.cs","Fraction","FractionProperties","Property"
"D:\OneDrive\VS\Projects\DocxDocument\DocumentModel.InOpenXml\Math\Fraction.cs","Fraction","Numerator","Property"
"D:\OneDrive\VS\Projects\DocxDocument\DocumentModel.InOpenXml\Math\FractionProperties.cs","FractionProperties","ControlProperties","Property"
"D:\OneDrive\VS\Projects\DocxDocument\DocumentModel.InOpenXml\Math\FractionProperties.cs","FractionProperties","FractionType","Property"
"D:\OneDrive\VS\Projects\DocxDocument\DocumentModel.InOpenXml\Math\Function.cs","Function","Base","Property"
"D:\OneDrive\VS\Projects\DocxDocument\DocumentModel.InOpenXml\Math\Function.cs","Function","FunctionName","Property"
"D:\OneDrive\VS\Projects\DocxDocument\DocumentModel.InOpenXml\Math\Function.cs","Function","FunctionProperties","Property"
"D:\OneDrive\VS\Projects\DocxDocument\DocumentModel.InOpenXml\Math\FunctionProperties.cs","FunctionProperties","ControlProperties","Property"
"D:\OneDrive\VS\Projects\DocxDocument\DocumentModel.InOpenXml\Math\GroupChar.cs","GroupChar","Base","Property"
"D:\OneDrive\VS\Projects\DocxDocument\DocumentModel.InOpenXml\Math\GroupChar.cs","GroupChar","GroupCharProperties","Property"
"D:\OneDrive\VS\Projects\DocxDocument\DocumentModel.InOpenXml\Math\GroupCharProperties.cs","GroupCharProperties","AccentChar","Property"
"D:\OneDrive\VS\Projects\DocxDocument\DocumentModel.InOpenXml\Math\GroupCharProperties.cs","GroupCharProperties","ControlProperties","Property"
"D:\OneDrive\VS\Projects\DocxDocument\DocumentModel.InOpenXml\Math\GroupCharProperties.cs","GroupCharProperties","Position","Property"
"D:\OneDrive\VS\Projects\DocxDocument\DocumentModel.InOpenXml\Math\GroupCharProperties.cs","GroupCharProperties","VerticalJustification","Property"
"D:\OneDrive\VS\Projects\DocxDocument\DocumentModel.InOpenXml\Math\LimitLower.cs","LimitLower","Base","Property"
"D:\OneDrive\VS\Projects\DocxDocument\DocumentModel.InOpenXml\Math\LimitLower.cs","LimitLower","Limit","Property"
"D:\OneDrive\VS\Projects\DocxDocument\DocumentModel.InOpenXml\Math\LimitLower.cs","LimitLower","LimitLowerProperties","Property"
"D:\OneDrive\VS\Projects\DocxDocument\DocumentModel.InOpenXml\Math\LimitLowerProperties.cs","LimitLowerProperties","ControlProperties","Property"
"D:\OneDrive\VS\Projects\DocxDocument\DocumentModel.InOpenXml\Math\LimitUpper.cs","LimitUpper","Base","Property"
"D:\OneDrive\VS\Projects\DocxDocument\DocumentModel.InOpenXml\Math\LimitUpper.cs","LimitUpper","Limit","Property"
"D:\OneDrive\VS\Projects\DocxDocument\DocumentModel.InOpenXml\Math\LimitUpper.cs","LimitUpper","LimitUpperProperties","Property"
"D:\OneDrive\VS\Projects\DocxDocument\DocumentModel.InOpenXml\Math\LimitUpperProperties.cs","LimitUpperProperties","ControlProperties","Property"
"D:\OneDrive\VS\Projects\DocxDocument\DocumentModel.InOpenXml\Math\MathProperties.cs","MathProperties","BreakBinary","Element"
"D:\OneDrive\VS\Projects\DocxDocument\DocumentModel.InOpenXml\Math\MathProperties.cs","MathProperties","BreakBinarySubtraction","Element"
"D:\OneDrive\VS\Projects\DocxDocument\DocumentModel.InOpenXml\Math\MathProperties.cs","MathProperties","DefaultJustification","Element"
"D:\OneDrive\VS\Projects\DocxDocument\DocumentModel.InOpenXml\Math\MathProperties.cs","MathProperties","DisplayDefaults","Element"
"D:\OneDrive\VS\Projects\DocxDocument\DocumentModel.InOpenXml\Math\MathProperties.cs","MathProperties","IntegralLimitLocation","Element"
"D:\OneDrive\VS\Projects\DocxDocument\DocumentModel.InOpenXml\Math\MathProperties.cs","MathProperties","InterSpacing","Element"
"D:\OneDrive\VS\Projects\DocxDocument\DocumentModel.InOpenXml\Math\MathProperties.cs","MathProperties","IntraSpacing","Element"
"D:\OneDrive\VS\Projects\DocxDocument\DocumentModel.InOpenXml\Math\MathProperties.cs","MathProperties","LeftMargin","Element"
"D:\OneDrive\VS\Projects\DocxDocument\DocumentModel.InOpenXml\Math\MathProperties.cs","MathProperties","NaryLimitLocation","Element"
"D:\OneDrive\VS\Projects\DocxDocument\DocumentModel.InOpenXml\Math\MathProperties.cs","MathProperties","PostSpacing","Element"
"D:\OneDrive\VS\Projects\DocxDocument\DocumentModel.InOpenXml\Math\MathProperties.cs","MathProperties","PreSpacing","Element"
"D:\OneDrive\VS\Projects\DocxDocument\DocumentModel.InOpenXml\Math\MathProperties.cs","MathProperties","RightMargin","Element"
"D:\OneDrive\VS\Projects\DocxDocument\DocumentModel.InOpenXml\Math\MathProperties.cs","MathProperties","SmallFraction","Element"
"D:\OneDrive\VS\Projects\DocxDocument\DocumentModel.InOpenXml\Math\MathProperties.cs","MathProperties","Typeface","Element"
"D:\OneDrive\VS\Projects\DocxDocument\DocumentModel.InOpenXml\Math\MathProperties.cs","MathProperties","WrapIndent","Element"
"D:\OneDrive\VS\Projects\DocxDocument\DocumentModel.InOpenXml\Math\MathProperties.cs","MathProperties","WrapRight","Element"
"D:\OneDrive\VS\Projects\DocxDocument\DocumentModel.InOpenXml\Math\MatrixColumn.cs","MatrixColumn","MatrixColumnProperties","Property"
"D:\OneDrive\VS\Projects\DocxDocument\DocumentModel.InOpenXml\Math\Nary.cs","Nary","Base","Property"
"D:\OneDrive\VS\Projects\DocxDocument\DocumentModel.InOpenXml\Math\Nary.cs","Nary","NaryProperties","Property"
"D:\OneDrive\VS\Projects\DocxDocument\DocumentModel.InOpenXml\Math\Nary.cs","Nary","SubArgument","Property"
"D:\OneDrive\VS\Projects\DocxDocument\DocumentModel.InOpenXml\Math\Nary.cs","Nary","SuperArgument","Property"
"D:\OneDrive\VS\Projects\DocxDocument\DocumentModel.InOpenXml\Math\Paragraph.cs","Paragraph","ParagraphProperties","Property"
"D:\OneDrive\VS\Projects\DocxDocument\DocumentModel.InOpenXml\Math\ParagraphProperties.cs","ParagraphProperties","Justification","Property"
"D:\OneDrive\VS\Projects\DocxDocument\DocumentModel.InOpenXml\Math\Phantom.cs","Phantom","Base","Property"
"D:\OneDrive\VS\Projects\DocxDocument\DocumentModel.InOpenXml\Math\Phantom.cs","Phantom","PhantomProperties","Property"
"D:\OneDrive\VS\Projects\DocxDocument\DocumentModel.InOpenXml\Math\PhantomProperties.cs","PhantomProperties","ControlProperties","Property"
"D:\OneDrive\VS\Projects\DocxDocument\DocumentModel.InOpenXml\Math\PhantomProperties.cs","PhantomProperties","ShowPhantom","Property"
"D:\OneDrive\VS\Projects\DocxDocument\DocumentModel.InOpenXml\Math\PhantomProperties.cs","PhantomProperties","Transparent","Property"
"D:\OneDrive\VS\Projects\DocxDocument\DocumentModel.InOpenXml\Math\PhantomProperties.cs","PhantomProperties","ZeroAscent","Property"
"D:\OneDrive\VS\Projects\DocxDocument\DocumentModel.InOpenXml\Math\PhantomProperties.cs","PhantomProperties","ZeroDescent","Property"
"D:\OneDrive\VS\Projects\DocxDocument\DocumentModel.InOpenXml\Math\PhantomProperties.cs","PhantomProperties","ZeroWidth","Property"
"D:\OneDrive\VS\Projects\DocxDocument\DocumentModel.InOpenXml\Math\PreSubSuper.cs","PreSubSuper","Base","Property"
"D:\OneDrive\VS\Projects\DocxDocument\DocumentModel.InOpenXml\Math\PreSubSuper.cs","PreSubSuper","PreSubSuperProperties","Property"
"D:\OneDrive\VS\Projects\DocxDocument\DocumentModel.InOpenXml\Math\PreSubSuper.cs","PreSubSuper","SubArgument","Property"
"D:\OneDrive\VS\Projects\DocxDocument\DocumentModel.InOpenXml\Math\PreSubSuper.cs","PreSubSuper","SuperArgument","Property"
"D:\OneDrive\VS\Projects\DocxDocument\DocumentModel.InOpenXml\Math\Radical.cs","Radical","Base","Property"
"D:\OneDrive\VS\Projects\DocxDocument\DocumentModel.InOpenXml\Math\Radical.cs","Radical","Degree","Property"
"D:\OneDrive\VS\Projects\DocxDocument\DocumentModel.InOpenXml\Math\Radical.cs","Radical","RadicalProperties","Property"
"D:\OneDrive\VS\Projects\DocxDocument\DocumentModel.InOpenXml\Math\Run.cs","Run","MathRunProperties","Property"
"D:\OneDrive\VS\Projects\DocxDocument\DocumentModel.InOpenXml\Math\Run.cs","Run","RunProperties","Property"
"D:\OneDrive\VS\Projects\DocxDocument\DocumentModel.InOpenXml\Math\RunProperties.cs","RunProperties","Literal","Property"
"D:\OneDrive\VS\Projects\DocxDocument\DocumentModel.InOpenXml\Math\Subscript.cs","Subscript","Base","Property"
"D:\OneDrive\VS\Projects\DocxDocument\DocumentModel.InOpenXml\Math\Subscript.cs","Subscript","SubArgument","Property"
"D:\OneDrive\VS\Projects\DocxDocument\DocumentModel.InOpenXml\Math\Subscript.cs","Subscript","SubscriptProperties","Property"
"D:\OneDrive\VS\Projects\DocxDocument\DocumentModel.InOpenXml\Math\SubSuperscript.cs","SubSuperscript","Base","Property"
"D:\OneDrive\VS\Projects\DocxDocument\DocumentModel.InOpenXml\Math\SubSuperscript.cs","SubSuperscript","SubArgument","Property"
"D:\OneDrive\VS\Projects\DocxDocument\DocumentModel.InOpenXml\Math\SubSuperscript.cs","SubSuperscript","SubSuperscriptProperties","Property"
"D:\OneDrive\VS\Projects\DocxDocument\DocumentModel.InOpenXml\Math\SubSuperscript.cs","SubSuperscript","SuperArgument","Property"
"D:\OneDrive\VS\Projects\DocxDocument\DocumentModel.InOpenXml\Math\Superscript.cs","Superscript","Base","Property"
"D:\OneDrive\VS\Projects\DocxDocument\DocumentModel.InOpenXml\Math\Superscript.cs","Superscript","SuperArgument","Property"
"D:\OneDrive\VS\Projects\DocxDocument\DocumentModel.InOpenXml\Math\Superscript.cs","Superscript","SuperscriptProperties","Property"
"D:\OneDrive\VS\Projects\DocxDocument\DocumentModel.InOpenXml\Packaging\ReferenceRelationship(T).cs","ReferenceRelationship","Uri","Property"
"D:\OneDrive\VS\Projects\DocxDocument\DocumentModel.InOpenXml\Vml\Arc.cs","Arc","AllowInCell","Property"
"D:\OneDrive\VS\Projects\DocxDocument\DocumentModel.InOpenXml\Vml\Arc.cs","Arc","AllowOverlap","Property"
"D:\OneDrive\VS\Projects\DocxDocument\DocumentModel.InOpenXml\Vml\Arc.cs","Arc","Alternate","Property"
"D:\OneDrive\VS\Projects\DocxDocument\DocumentModel.InOpenXml\Vml\Arc.cs","Arc","BlackWhiteMode","Property"
"D:\OneDrive\VS\Projects\DocxDocument\DocumentModel.InOpenXml\Vml\Arc.cs","Arc","BorderBottomColor","Property"
"D:\OneDrive\VS\Projects\DocxDocument\DocumentModel.InOpenXml\Vml\Arc.cs","Arc","BorderLeftColor","Property"
"D:\OneDrive\VS\Projects\DocxDocument\DocumentModel.InOpenXml\Vml\Arc.cs","Arc","BorderRightColor","Property"
"D:\OneDrive\VS\Projects\DocxDocument\DocumentModel.InOpenXml\Vml\Arc.cs","Arc","BorderTopColor","Property"
"D:\OneDrive\VS\Projects\DocxDocument\DocumentModel.InOpenXml\Vml\Arc.cs","Arc","Bullet","Property"
"D:\OneDrive\VS\Projects\DocxDocument\DocumentModel.InOpenXml\Vml\Arc.cs","Arc","Button","Property"
"D:\OneDrive\VS\Projects\DocxDocument\DocumentModel.InOpenXml\Vml\Arc.cs","Arc","Clip","Property"
"D:\OneDrive\VS\Projects\DocxDocument\DocumentModel.InOpenXml\Vml\Arc.cs","Arc","ClipToWrap","Property"
"D:\OneDrive\VS\Projects\DocxDocument\DocumentModel.InOpenXml\Vml\Arc.cs","Arc","ConnectorType","Property"
"D:\OneDrive\VS\Projects\DocxDocument\DocumentModel.InOpenXml\Vml\Arc.cs","Arc","CoordinateOrigin","Property"
"D:\OneDrive\VS\Projects\DocxDocument\DocumentModel.InOpenXml\Vml\Arc.cs","Arc","CoordinateSize","Property"
"D:\OneDrive\VS\Projects\DocxDocument\DocumentModel.InOpenXml\Vml\Arc.cs","Arc","DiagramLayout","Property"
"D:\OneDrive\VS\Projects\DocxDocument\DocumentModel.InOpenXml\Vml\Arc.cs","Arc","DiagramLayoutMostRecentUsed","Property"
"D:\OneDrive\VS\Projects\DocxDocument\DocumentModel.InOpenXml\Vml\Arc.cs","Arc","DiagramNodeKind","Property"
"D:\OneDrive\VS\Projects\DocxDocument\DocumentModel.InOpenXml\Vml\Arc.cs","Arc","DoubleClickNotify","Property"
"D:\OneDrive\VS\Projects\DocxDocument\DocumentModel.InOpenXml\Vml\Arc.cs","Arc","EndAngle","Property"
"D:\OneDrive\VS\Projects\DocxDocument\DocumentModel.InOpenXml\Vml\Arc.cs","Arc","FillColor","Property"
"D:\OneDrive\VS\Projects\DocxDocument\DocumentModel.InOpenXml\Vml\Arc.cs","Arc","Filled","Property"
"D:\OneDrive\VS\Projects\DocxDocument\DocumentModel.InOpenXml\Vml\Arc.cs","Arc","ForceDash","Property"
"D:\OneDrive\VS\Projects\DocxDocument\DocumentModel.InOpenXml\Vml\Arc.cs","Arc","GfxData","Property"
"D:\OneDrive\VS\Projects\DocxDocument\DocumentModel.InOpenXml\Vml\Arc.cs","Arc","Horizontal","Property"
"D:\OneDrive\VS\Projects\DocxDocument\DocumentModel.InOpenXml\Vml\Arc.cs","Arc","HorizontalAlignment","Property"
"D:\OneDrive\VS\Projects\DocxDocument\DocumentModel.InOpenXml\Vml\Arc.cs","Arc","HorizontalNoShade","Property"
"D:\OneDrive\VS\Projects\DocxDocument\DocumentModel.InOpenXml\Vml\Arc.cs","Arc","HorizontalPercentage","Property"
"D:\OneDrive\VS\Projects\DocxDocument\DocumentModel.InOpenXml\Vml\Arc.cs","Arc","HorizontalStandard","Property"
"D:\OneDrive\VS\Projects\DocxDocument\DocumentModel.InOpenXml\Vml\Arc.cs","Arc","Href","Property"
"D:\OneDrive\VS\Projects\DocxDocument\DocumentModel.InOpenXml\Vml\Arc.cs","Arc","Id","Property"
"D:\OneDrive\VS\Projects\DocxDocument\DocumentModel.InOpenXml\Vml\Arc.cs","Arc","InsetMode","Property"
"D:\OneDrive\VS\Projects\DocxDocument\DocumentModel.InOpenXml\Vml\Arc.cs","Arc","InsetPen","Property"
"D:\OneDrive\VS\Projects\DocxDocument\DocumentModel.InOpenXml\Vml\Arc.cs","Arc","NormalBlackWhiteMode","Property"
"D:\OneDrive\VS\Projects\DocxDocument\DocumentModel.InOpenXml\Vml\Arc.cs","Arc","Ole","Property"
"D:\OneDrive\VS\Projects\DocxDocument\DocumentModel.InOpenXml\Vml\Arc.cs","Arc","OleIcon","Property"
"D:\OneDrive\VS\Projects\DocxDocument\DocumentModel.InOpenXml\Vml\Arc.cs","Arc","Oned","Property"
"D:\OneDrive\VS\Projects\DocxDocument\DocumentModel.InOpenXml\Vml\Arc.cs","Arc","OptionalNumber","Property"
"D:\OneDrive\VS\Projects\DocxDocument\DocumentModel.InOpenXml\Vml\Arc.cs","Arc","OptionalString","Property"
"D:\OneDrive\VS\Projects\DocxDocument\DocumentModel.InOpenXml\Vml\Arc.cs","Arc","PreferRelative","Property"
"D:\OneDrive\VS\Projects\DocxDocument\DocumentModel.InOpenXml\Vml\Arc.cs","Arc","Print","Property"
"D:\OneDrive\VS\Projects\DocxDocument\DocumentModel.InOpenXml\Vml\Arc.cs","Arc","PureBlackWhiteMode","Property"
"D:\OneDrive\VS\Projects\DocxDocument\DocumentModel.InOpenXml\Vml\Arc.cs","Arc","RegroupId","Property"
"D:\OneDrive\VS\Projects\DocxDocument\DocumentModel.InOpenXml\Vml\Arc.cs","Arc","StartAngle","Property"
"D:\OneDrive\VS\Projects\DocxDocument\DocumentModel.InOpenXml\Vml\Arc.cs","Arc","StrokeColor","Property"
"D:\OneDrive\VS\Projects\DocxDocument\DocumentModel.InOpenXml\Vml\Arc.cs","Arc","Stroked","Property"
"D:\OneDrive\VS\Projects\DocxDocument\DocumentModel.InOpenXml\Vml\Arc.cs","Arc","StrokeWeight","Property"
"D:\OneDrive\VS\Projects\DocxDocument\DocumentModel.InOpenXml\Vml\Arc.cs","Arc","Style","Property"
"D:\OneDrive\VS\Projects\DocxDocument\DocumentModel.InOpenXml\Vml\Arc.cs","Arc","Target","Property"
"D:\OneDrive\VS\Projects\DocxDocument\DocumentModel.InOpenXml\Vml\Arc.cs","Arc","Title","Property"
"D:\OneDrive\VS\Projects\DocxDocument\DocumentModel.InOpenXml\Vml\Arc.cs","Arc","UserDrawn","Property"
"D:\OneDrive\VS\Projects\DocxDocument\DocumentModel.InOpenXml\Vml\Arc.cs","Arc","UserHidden","Property"
"D:\OneDrive\VS\Projects\DocxDocument\DocumentModel.InOpenXml\Vml\Arc.cs","Arc","WrapCoords","Property"
"D:\OneDrive\VS\Projects\DocxDocument\DocumentModel.InOpenXml\Vml\Background.cs","Background","BlackWhiteMode","Property"
"D:\OneDrive\VS\Projects\DocxDocument\DocumentModel.InOpenXml\Vml\Background.cs","Background","Fill","Property"
"D:\OneDrive\VS\Projects\DocxDocument\DocumentModel.InOpenXml\Vml\Background.cs","Background","FillColor","Property"
"D:\OneDrive\VS\Projects\DocxDocument\DocumentModel.InOpenXml\Vml\Background.cs","Background","Filled","Property"
"D:\OneDrive\VS\Projects\DocxDocument\DocumentModel.InOpenXml\Vml\Background.cs","Background","Id","Property"
"D:\OneDrive\VS\Projects\DocxDocument\DocumentModel.InOpenXml\Vml\Background.cs","Background","NormalBlackWhiteMode","Property"
"D:\OneDrive\VS\Projects\DocxDocument\DocumentModel.InOpenXml\Vml\Background.cs","Background","PureBlackWhiteMode","Property"
"D:\OneDrive\VS\Projects\DocxDocument\DocumentModel.InOpenXml\Vml\Background.cs","Background","TargetScreenSize","Property"
"D:\OneDrive\VS\Projects\DocxDocument\DocumentModel.InOpenXml\Vml\Border.cs","Border","Shadow","Property"
"D:\OneDrive\VS\Projects\DocxDocument\DocumentModel.InOpenXml\Vml\Callout.cs","Callout","AccentBar","Property"
"D:\OneDrive\VS\Projects\DocxDocument\DocumentModel.InOpenXml\Vml\Callout.cs","Callout","Angle","Property"
"D:\OneDrive\VS\Projects\DocxDocument\DocumentModel.InOpenXml\Vml\Callout.cs","Callout","Distance","Property"
"D:\OneDrive\VS\Projects\DocxDocument\DocumentModel.InOpenXml\Vml\Callout.cs","Callout","Drop","Property"
"D:\OneDrive\VS\Projects\DocxDocument\DocumentModel.InOpenXml\Vml\Callout.cs","Callout","DropAuto","Property"
"D:\OneDrive\VS\Projects\DocxDocument\DocumentModel.InOpenXml\Vml\Callout.cs","Callout","Extension","Property"
"D:\OneDrive\VS\Projects\DocxDocument\DocumentModel.InOpenXml\Vml\Callout.cs","Callout","Gap","Property"
"D:\OneDrive\VS\Projects\DocxDocument\DocumentModel.InOpenXml\Vml\Callout.cs","Callout","Length","Property"
"D:\OneDrive\VS\Projects\DocxDocument\DocumentModel.InOpenXml\Vml\Callout.cs","Callout","LengthSpecified","Property"
"D:\OneDrive\VS\Projects\DocxDocument\DocumentModel.InOpenXml\Vml\Callout.cs","Callout","MinusX","Property"
"D:\OneDrive\VS\Projects\DocxDocument\DocumentModel.InOpenXml\Vml\Callout.cs","Callout","MinusY","Property"
"D:\OneDrive\VS\Projects\DocxDocument\DocumentModel.InOpenXml\Vml\Callout.cs","Callout","On","Property"
"D:\OneDrive\VS\Projects\DocxDocument\DocumentModel.InOpenXml\Vml\Callout.cs","Callout","TextBorder","Property"
"D:\OneDrive\VS\Projects\DocxDocument\DocumentModel.InOpenXml\Vml\Callout.cs","Callout","Type","Property"
"D:\OneDrive\VS\Projects\DocxDocument\DocumentModel.InOpenXml\Vml\ClipPath.cs","ClipPath","Value","Property"
"D:\OneDrive\VS\Projects\DocxDocument\DocumentModel.InOpenXml\Vml\ColorMenu.cs","ColorMenu","Extension","Property"
"D:\OneDrive\VS\Projects\DocxDocument\DocumentModel.InOpenXml\Vml\ColorMenu.cs","ColorMenu","ExtrusionColor","Property"
"D:\OneDrive\VS\Projects\DocxDocument\DocumentModel.InOpenXml\Vml\ColorMenu.cs","ColorMenu","FillColor","Property"
"D:\OneDrive\VS\Projects\DocxDocument\DocumentModel.InOpenXml\Vml\ColorMenu.cs","ColorMenu","ShadowColor","Property"
"D:\OneDrive\VS\Projects\DocxDocument\DocumentModel.InOpenXml\Vml\ColorMenu.cs","ColorMenu","StrokeColor","Property"
"D:\OneDrive\VS\Projects\DocxDocument\DocumentModel.InOpenXml\Vml\ColorMostRecentlyUsed.cs","ColorMostRecentlyUsed","Colors","Property"
"D:\OneDrive\VS\Projects\DocxDocument\DocumentModel.InOpenXml\Vml\ColorMostRecentlyUsed.cs","ColorMostRecentlyUsed","Extension","Property"
"D:\OneDrive\VS\Projects\DocxDocument\DocumentModel.InOpenXml\Vml\Complex.cs","Complex","Extension","Property"
"D:\OneDrive\VS\Projects\DocxDocument\DocumentModel.InOpenXml\Vml\Curve.cs","Curve","Href","Property"
"D:\OneDrive\VS\Projects\DocxDocument\DocumentModel.InOpenXml\Vml\Curve.cs","Curve","Id","Property"
"D:\OneDrive\VS\Projects\DocxDocument\DocumentModel.InOpenXml\Vml\Curve.cs","Curve","Style","Property"
"D:\OneDrive\VS\Projects\DocxDocument\DocumentModel.InOpenXml\Vml\Curve.cs","Curve","Target","Property"
"D:\OneDrive\VS\Projects\DocxDocument\DocumentModel.InOpenXml\Vml\Curve.cs","name","AllowInCell","Property"
"D:\OneDrive\VS\Projects\DocxDocument\DocumentModel.InOpenXml\Vml\Curve.cs","name","AllowOverlap","Property"
"D:\OneDrive\VS\Projects\DocxDocument\DocumentModel.InOpenXml\Vml\Curve.cs","name","Alternate","Property"
"D:\OneDrive\VS\Projects\DocxDocument\DocumentModel.InOpenXml\Vml\Curve.cs","name","BlackWhiteMode","Property"
"D:\OneDrive\VS\Projects\DocxDocument\DocumentModel.InOpenXml\Vml\Curve.cs","name","BorderBottomColor","Property"
"D:\OneDrive\VS\Projects\DocxDocument\DocumentModel.InOpenXml\Vml\Curve.cs","name","BorderLeftColor","Property"
"D:\OneDrive\VS\Projects\DocxDocument\DocumentModel.InOpenXml\Vml\Curve.cs","name","BorderRightColor","Property"
"D:\OneDrive\VS\Projects\DocxDocument\DocumentModel.InOpenXml\Vml\Curve.cs","name","BorderTopColor","Property"
"D:\OneDrive\VS\Projects\DocxDocument\DocumentModel.InOpenXml\Vml\Curve.cs","name","Bullet","Property"
"D:\OneDrive\VS\Projects\DocxDocument\DocumentModel.InOpenXml\Vml\Curve.cs","name","Button","Property"
"D:\OneDrive\VS\Projects\DocxDocument\DocumentModel.InOpenXml\Vml\Curve.cs","name","Class","Property"
"D:\OneDrive\VS\Projects\DocxDocument\DocumentModel.InOpenXml\Vml\Curve.cs","name","Clip","Property"
"D:\OneDrive\VS\Projects\DocxDocument\DocumentModel.InOpenXml\Vml\Curve.cs","name","ClipToWrap","Property"
"D:\OneDrive\VS\Projects\DocxDocument\DocumentModel.InOpenXml\Vml\Curve.cs","name","ConnectorType","Property"
"D:\OneDrive\VS\Projects\DocxDocument\DocumentModel.InOpenXml\Vml\Curve.cs","name","Control1","Property"
"D:\OneDrive\VS\Projects\DocxDocument\DocumentModel.InOpenXml\Vml\Curve.cs","name","Control2","Property"
"D:\OneDrive\VS\Projects\DocxDocument\DocumentModel.InOpenXml\Vml\Curve.cs","name","CoordinateOrigin","Property"
"D:\OneDrive\VS\Projects\DocxDocument\DocumentModel.InOpenXml\Vml\Curve.cs","name","CoordinateSize","Property"
"D:\OneDrive\VS\Projects\DocxDocument\DocumentModel.InOpenXml\Vml\Curve.cs","name","DiagramLayout","Property"
"D:\OneDrive\VS\Projects\DocxDocument\DocumentModel.InOpenXml\Vml\Curve.cs","name","DiagramLayoutMostRecentUsed","Property"
"D:\OneDrive\VS\Projects\DocxDocument\DocumentModel.InOpenXml\Vml\Curve.cs","name","DiagramNodeKind","Property"
"D:\OneDrive\VS\Projects\DocxDocument\DocumentModel.InOpenXml\Vml\Curve.cs","name","DoubleClickNotify","Property"
"D:\OneDrive\VS\Projects\DocxDocument\DocumentModel.InOpenXml\Vml\Curve.cs","name","FillColor","Property"
"D:\OneDrive\VS\Projects\DocxDocument\DocumentModel.InOpenXml\Vml\Curve.cs","name","Filled","Property"
"D:\OneDrive\VS\Projects\DocxDocument\DocumentModel.InOpenXml\Vml\Curve.cs","name","ForceDash","Property"
"D:\OneDrive\VS\Projects\DocxDocument\DocumentModel.InOpenXml\Vml\Curve.cs","name","From","Property"
"D:\OneDrive\VS\Projects\DocxDocument\DocumentModel.InOpenXml\Vml\Curve.cs","name","GfxData","Property"
"D:\OneDrive\VS\Projects\DocxDocument\DocumentModel.InOpenXml\Vml\Curve.cs","name","Horizontal","Property"
"D:\OneDrive\VS\Projects\DocxDocument\DocumentModel.InOpenXml\Vml\Curve.cs","name","HorizontalAlignment","Property"
"D:\OneDrive\VS\Projects\DocxDocument\DocumentModel.InOpenXml\Vml\Curve.cs","name","HorizontalNoShade","Property"
"D:\OneDrive\VS\Projects\DocxDocument\DocumentModel.InOpenXml\Vml\Curve.cs","name","HorizontalPercentage","Property"
"D:\OneDrive\VS\Projects\DocxDocument\DocumentModel.InOpenXml\Vml\Curve.cs","name","HorizontalStandard","Property"
"D:\OneDrive\VS\Projects\DocxDocument\DocumentModel.InOpenXml\Vml\Curve.cs","name","InsetMode","Property"
"D:\OneDrive\VS\Projects\DocxDocument\DocumentModel.InOpenXml\Vml\Curve.cs","name","InsetPen","Property"
"D:\OneDrive\VS\Projects\DocxDocument\DocumentModel.InOpenXml\Vml\Curve.cs","name","NormalBlackWhiteMode","Property"
"D:\OneDrive\VS\Projects\DocxDocument\DocumentModel.InOpenXml\Vml\Curve.cs","name","Ole","Property"
"D:\OneDrive\VS\Projects\DocxDocument\DocumentModel.InOpenXml\Vml\Curve.cs","name","OleIcon","Property"
"D:\OneDrive\VS\Projects\DocxDocument\DocumentModel.InOpenXml\Vml\Curve.cs","name","Oned","Property"
"D:\OneDrive\VS\Projects\DocxDocument\DocumentModel.InOpenXml\Vml\Curve.cs","name","OptionalNumber","Property"
"D:\OneDrive\VS\Projects\DocxDocument\DocumentModel.InOpenXml\Vml\Curve.cs","name","OptionalString","Property"
"D:\OneDrive\VS\Projects\DocxDocument\DocumentModel.InOpenXml\Vml\Curve.cs","name","PreferRelative","Property"
"D:\OneDrive\VS\Projects\DocxDocument\DocumentModel.InOpenXml\Vml\Curve.cs","name","Print","Property"
"D:\OneDrive\VS\Projects\DocxDocument\DocumentModel.InOpenXml\Vml\Curve.cs","name","PureBlackWhiteMode","Property"
"D:\OneDrive\VS\Projects\DocxDocument\DocumentModel.InOpenXml\Vml\Curve.cs","name","RegroupId","Property"
"D:\OneDrive\VS\Projects\DocxDocument\DocumentModel.InOpenXml\Vml\Curve.cs","name","StrokeColor","Property"
"D:\OneDrive\VS\Projects\DocxDocument\DocumentModel.InOpenXml\Vml\Curve.cs","name","Stroked","Property"
"D:\OneDrive\VS\Projects\DocxDocument\DocumentModel.InOpenXml\Vml\Curve.cs","name","StrokeWeight","Property"
"D:\OneDrive\VS\Projects\DocxDocument\DocumentModel.InOpenXml\Vml\Curve.cs","name","Title","Property"
"D:\OneDrive\VS\Projects\DocxDocument\DocumentModel.InOpenXml\Vml\Curve.cs","name","To","Property"
"D:\OneDrive\VS\Projects\DocxDocument\DocumentModel.InOpenXml\Vml\Curve.cs","name","UserDrawn","Property"
"D:\OneDrive\VS\Projects\DocxDocument\DocumentModel.InOpenXml\Vml\Curve.cs","name","UserHidden","Property"
"D:\OneDrive\VS\Projects\DocxDocument\DocumentModel.InOpenXml\Vml\Curve.cs","name","WrapCoordinates","Property"
"D:\OneDrive\VS\Projects\DocxDocument\DocumentModel.InOpenXml\Vml\Diagram.cs","Diagram","AutoFormat","Property"
"D:\OneDrive\VS\Projects\DocxDocument\DocumentModel.InOpenXml\Vml\Diagram.cs","Diagram","AutoLayout","Property"
"D:\OneDrive\VS\Projects\DocxDocument\DocumentModel.InOpenXml\Vml\Diagram.cs","Diagram","BaseTextScale","Property"
"D:\OneDrive\VS\Projects\DocxDocument\DocumentModel.InOpenXml\Vml\Diagram.cs","Diagram","ConstrainBounds","Property"
"D:\OneDrive\VS\Projects\DocxDocument\DocumentModel.InOpenXml\Vml\Diagram.cs","Diagram","Extension","Property"
"D:\OneDrive\VS\Projects\DocxDocument\DocumentModel.InOpenXml\Vml\Diagram.cs","Diagram","FontSize","Property"
"D:\OneDrive\VS\Projects\DocxDocument\DocumentModel.InOpenXml\Vml\Diagram.cs","Diagram","RelationTable","Property"
"D:\OneDrive\VS\Projects\DocxDocument\DocumentModel.InOpenXml\Vml\Diagram.cs","Diagram","Reverse","Property"
"D:\OneDrive\VS\Projects\DocxDocument\DocumentModel.InOpenXml\Vml\Diagram.cs","Diagram","ScaleX","Property"
"D:\OneDrive\VS\Projects\DocxDocument\DocumentModel.InOpenXml\Vml\Diagram.cs","Diagram","ScaleY","Property"
"D:\OneDrive\VS\Projects\DocxDocument\DocumentModel.InOpenXml\Vml\Diagram.cs","Diagram","Style","Property"
"D:\OneDrive\VS\Projects\DocxDocument\DocumentModel.InOpenXml\Vml\Entry.cs","Entry","New","Property"
"D:\OneDrive\VS\Projects\DocxDocument\DocumentModel.InOpenXml\Vml\Entry.cs","Entry","Old","Property"
"D:\OneDrive\VS\Projects\DocxDocument\DocumentModel.InOpenXml\Vml\Extrusion.cs","Extrusion","AutoRotationCenter","Property"
"D:\OneDrive\VS\Projects\DocxDocument\DocumentModel.InOpenXml\Vml\Extrusion.cs","Extrusion","BackDepth","Property"
"D:\OneDrive\VS\Projects\DocxDocument\DocumentModel.InOpenXml\Vml\Extrusion.cs","Extrusion","Brightness","Property"
"D:\OneDrive\VS\Projects\DocxDocument\DocumentModel.InOpenXml\Vml\Extrusion.cs","Extrusion","Color","Property"
"D:\OneDrive\VS\Projects\DocxDocument\DocumentModel.InOpenXml\Vml\Extrusion.cs","Extrusion","Diffusity","Property"
"D:\OneDrive\VS\Projects\DocxDocument\DocumentModel.InOpenXml\Vml\Extrusion.cs","Extrusion","Edge","Property"
"D:\OneDrive\VS\Projects\DocxDocument\DocumentModel.InOpenXml\Vml\Extrusion.cs","Extrusion","Extension","Property"
"D:\OneDrive\VS\Projects\DocxDocument\DocumentModel.InOpenXml\Vml\Extrusion.cs","Extrusion","Facet","Property"
"D:\OneDrive\VS\Projects\DocxDocument\DocumentModel.InOpenXml\Vml\Extrusion.cs","Extrusion","ForceDepth","Property"
"D:\OneDrive\VS\Projects\DocxDocument\DocumentModel.InOpenXml\Vml\Extrusion.cs","Extrusion","LightFace","Property"
"D:\OneDrive\VS\Projects\DocxDocument\DocumentModel.InOpenXml\Vml\Extrusion.cs","Extrusion","LightHarsh","Property"
"D:\OneDrive\VS\Projects\DocxDocument\DocumentModel.InOpenXml\Vml\Extrusion.cs","Extrusion","LightHarsh2","Property"
"D:\OneDrive\VS\Projects\DocxDocument\DocumentModel.InOpenXml\Vml\Extrusion.cs","Extrusion","LightLevel","Property"
"D:\OneDrive\VS\Projects\DocxDocument\DocumentModel.InOpenXml\Vml\Extrusion.cs","Extrusion","LightLevel2","Property"
"D:\OneDrive\VS\Projects\DocxDocument\DocumentModel.InOpenXml\Vml\Extrusion.cs","Extrusion","LightPosition","Property"
"D:\OneDrive\VS\Projects\DocxDocument\DocumentModel.InOpenXml\Vml\Extrusion.cs","Extrusion","LightPosition2","Property"
"D:\OneDrive\VS\Projects\DocxDocument\DocumentModel.InOpenXml\Vml\Extrusion.cs","Extrusion","LockRotationCenter","Property"
"D:\OneDrive\VS\Projects\DocxDocument\DocumentModel.InOpenXml\Vml\Extrusion.cs","Extrusion","Metal","Property"
"D:\OneDrive\VS\Projects\DocxDocument\DocumentModel.InOpenXml\Vml\Extrusion.cs","Extrusion","On","Property"
"D:\OneDrive\VS\Projects\DocxDocument\DocumentModel.InOpenXml\Vml\Extrusion.cs","Extrusion","Orientation","Property"
"D:\OneDrive\VS\Projects\DocxDocument\DocumentModel.InOpenXml\Vml\Extrusion.cs","Extrusion","OrientationAngle","Property"
"D:\OneDrive\VS\Projects\DocxDocument\DocumentModel.InOpenXml\Vml\Extrusion.cs","Extrusion","Render","Property"
"D:\OneDrive\VS\Projects\DocxDocument\DocumentModel.InOpenXml\Vml\Extrusion.cs","Extrusion","RotationAngle","Property"
"D:\OneDrive\VS\Projects\DocxDocument\DocumentModel.InOpenXml\Vml\Extrusion.cs","Extrusion","RotationCenter","Property"
"D:\OneDrive\VS\Projects\DocxDocument\DocumentModel.InOpenXml\Vml\Extrusion.cs","Extrusion","Shininess","Property"
"D:\OneDrive\VS\Projects\DocxDocument\DocumentModel.InOpenXml\Vml\Extrusion.cs","Extrusion","SkewAmount","Property"
"D:\OneDrive\VS\Projects\DocxDocument\DocumentModel.InOpenXml\Vml\Extrusion.cs","Extrusion","SkewAngle","Property"
"D:\OneDrive\VS\Projects\DocxDocument\DocumentModel.InOpenXml\Vml\Extrusion.cs","Extrusion","Specularity","Property"
"D:\OneDrive\VS\Projects\DocxDocument\DocumentModel.InOpenXml\Vml\Extrusion.cs","Extrusion","Type","Property"
"D:\OneDrive\VS\Projects\DocxDocument\DocumentModel.InOpenXml\Vml\Extrusion.cs","Extrusion","Viewpoint","Property"
"D:\OneDrive\VS\Projects\DocxDocument\DocumentModel.InOpenXml\Vml\Extrusion.cs","Extrusion","ViewpointOrigin","Property"
"D:\OneDrive\VS\Projects\DocxDocument\DocumentModel.InOpenXml\Vml\Fill.cs","Fill","AlignShape","Property"
"D:\OneDrive\VS\Projects\DocxDocument\DocumentModel.InOpenXml\Vml\Fill.cs","Fill","AlternateImageReference","Property"
"D:\OneDrive\VS\Projects\DocxDocument\DocumentModel.InOpenXml\Vml\Fill.cs","Fill","Angle","Property"
"D:\OneDrive\VS\Projects\DocxDocument\DocumentModel.InOpenXml\Vml\Fill.cs","Fill","Aspect","Property"
"D:\OneDrive\VS\Projects\DocxDocument\DocumentModel.InOpenXml\Vml\Fill.cs","Fill","Color","Property"
"D:\OneDrive\VS\Projects\DocxDocument\DocumentModel.InOpenXml\Vml\Fill.cs","Fill","Color2","Property"
"D:\OneDrive\VS\Projects\DocxDocument\DocumentModel.InOpenXml\Vml\Fill.cs","Fill","Colors","Property"
"D:\OneDrive\VS\Projects\DocxDocument\DocumentModel.InOpenXml\Vml\Fill.cs","Fill","DetectMouseClick","Property"
"D:\OneDrive\VS\Projects\DocxDocument\DocumentModel.InOpenXml\Vml\Fill.cs","Fill","FillExtendedProperties","Property"
"D:\OneDrive\VS\Projects\DocxDocument\DocumentModel.InOpenXml\Vml\Fill.cs","Fill","Focus","Property"
"D:\OneDrive\VS\Projects\DocxDocument\DocumentModel.InOpenXml\Vml\Fill.cs","Fill","FocusPosition","Property"
"D:\OneDrive\VS\Projects\DocxDocument\DocumentModel.InOpenXml\Vml\Fill.cs","Fill","FocusSize","Property"
"D:\OneDrive\VS\Projects\DocxDocument\DocumentModel.InOpenXml\Vml\Fill.cs","Fill","Href","Property"
"D:\OneDrive\VS\Projects\DocxDocument\DocumentModel.InOpenXml\Vml\Fill.cs","Fill","Id","Property"
"D:\OneDrive\VS\Projects\DocxDocument\DocumentModel.InOpenXml\Vml\Fill.cs","Fill","Method","Property"
"D:\OneDrive\VS\Projects\DocxDocument\DocumentModel.InOpenXml\Vml\Fill.cs","Fill","On","Property"
"D:\OneDrive\VS\Projects\DocxDocument\DocumentModel.InOpenXml\Vml\Fill.cs","Fill","Opacity","Property"
"D:\OneDrive\VS\Projects\DocxDocument\DocumentModel.InOpenXml\Vml\Fill.cs","Fill","Opacity2","Property"
"D:\OneDrive\VS\Projects\DocxDocument\DocumentModel.InOpenXml\Vml\Fill.cs","Fill","Origin","Property"
"D:\OneDrive\VS\Projects\DocxDocument\DocumentModel.InOpenXml\Vml\Fill.cs","Fill","Position","Property"
"D:\OneDrive\VS\Projects\DocxDocument\DocumentModel.InOpenXml\Vml\Fill.cs","Fill","Recolor","Property"
"D:\OneDrive\VS\Projects\DocxDocument\DocumentModel.InOpenXml\Vml\Fill.cs","Fill","RelationshipId","Property"
"D:\OneDrive\VS\Projects\DocxDocument\DocumentModel.InOpenXml\Vml\Fill.cs","Fill","Rotate","Property"
"D:\OneDrive\VS\Projects\DocxDocument\DocumentModel.InOpenXml\Vml\Fill.cs","Fill","Size","Property"
"D:\OneDrive\VS\Projects\DocxDocument\DocumentModel.InOpenXml\Vml\Fill.cs","Fill","Source","Property"
"D:\OneDrive\VS\Projects\DocxDocument\DocumentModel.InOpenXml\Vml\Fill.cs","Fill","Title","Property"
"D:\OneDrive\VS\Projects\DocxDocument\DocumentModel.InOpenXml\Vml\Fill.cs","Fill","Type","Property"
"D:\OneDrive\VS\Projects\DocxDocument\DocumentModel.InOpenXml\Vml\FillExtendedProperties.cs","FillExtendedProperties","Extension","Property"
"D:\OneDrive\VS\Projects\DocxDocument\DocumentModel.InOpenXml\Vml\FillExtendedProperties.cs","FillExtendedProperties","Type","Property"
"D:\OneDrive\VS\Projects\DocxDocument\DocumentModel.InOpenXml\Vml\Formula.cs","Formula","Equation","Property"
"D:\OneDrive\VS\Projects\DocxDocument\DocumentModel.InOpenXml\Vml\Group.cs","Group","Href","Property"
"D:\OneDrive\VS\Projects\DocxDocument\DocumentModel.InOpenXml\Vml\Group.cs","Group","Id","Property"
"D:\OneDrive\VS\Projects\DocxDocument\DocumentModel.InOpenXml\Vml\Group.cs","Group","Style","Property"
"D:\OneDrive\VS\Projects\DocxDocument\DocumentModel.InOpenXml\Vml\Group.cs","Group","Target","Property"
"D:\OneDrive\VS\Projects\DocxDocument\DocumentModel.InOpenXml\Vml\Group.cs","name","AllowInCell","Property"
"D:\OneDrive\VS\Projects\DocxDocument\DocumentModel.InOpenXml\Vml\Group.cs","name","AllowOverlap","Property"
"D:\OneDrive\VS\Projects\DocxDocument\DocumentModel.InOpenXml\Vml\Group.cs","name","Alternate","Property"
"D:\OneDrive\VS\Projects\DocxDocument\DocumentModel.InOpenXml\Vml\Group.cs","name","Bullet","Property"
"D:\OneDrive\VS\Projects\DocxDocument\DocumentModel.InOpenXml\Vml\Group.cs","name","Button","Property"
"D:\OneDrive\VS\Projects\DocxDocument\DocumentModel.InOpenXml\Vml\Group.cs","name","Class","Property"
"D:\OneDrive\VS\Projects\DocxDocument\DocumentModel.InOpenXml\Vml\Group.cs","name","CoordinateOrigin","Property"
"D:\OneDrive\VS\Projects\DocxDocument\DocumentModel.InOpenXml\Vml\Group.cs","name","CoordinateSize","Property"
"D:\OneDrive\VS\Projects\DocxDocument\DocumentModel.InOpenXml\Vml\Group.cs","name","DiagramLayout","Property"
"D:\OneDrive\VS\Projects\DocxDocument\DocumentModel.InOpenXml\Vml\Group.cs","name","DiagramLayoutMostRecentUsed","Property"
"D:\OneDrive\VS\Projects\DocxDocument\DocumentModel.InOpenXml\Vml\Group.cs","name","DiagramNodeKind","Property"
"D:\OneDrive\VS\Projects\DocxDocument\DocumentModel.InOpenXml\Vml\Group.cs","name","DoubleClickNotify","Property"
"D:\OneDrive\VS\Projects\DocxDocument\DocumentModel.InOpenXml\Vml\Group.cs","name","EditAs","Property"
"D:\OneDrive\VS\Projects\DocxDocument\DocumentModel.InOpenXml\Vml\Group.cs","name","GfxData","Property"
"D:\OneDrive\VS\Projects\DocxDocument\DocumentModel.InOpenXml\Vml\Group.cs","name","Horizontal","Property"
"D:\OneDrive\VS\Projects\DocxDocument\DocumentModel.InOpenXml\Vml\Group.cs","name","HorizontalAlignment","Property"
"D:\OneDrive\VS\Projects\DocxDocument\DocumentModel.InOpenXml\Vml\Group.cs","name","HorizontalNoShade","Property"
"D:\OneDrive\VS\Projects\DocxDocument\DocumentModel.InOpenXml\Vml\Group.cs","name","HorizontalPercentage","Property"
"D:\OneDrive\VS\Projects\DocxDocument\DocumentModel.InOpenXml\Vml\Group.cs","name","HorizontalStandard","Property"
"D:\OneDrive\VS\Projects\DocxDocument\DocumentModel.InOpenXml\Vml\Group.cs","name","InsetMode","Property"
"D:\OneDrive\VS\Projects\DocxDocument\DocumentModel.InOpenXml\Vml\Group.cs","name","Oned","Property"
"D:\OneDrive\VS\Projects\DocxDocument\DocumentModel.InOpenXml\Vml\Group.cs","name","OptionalString","Property"
"D:\OneDrive\VS\Projects\DocxDocument\DocumentModel.InOpenXml\Vml\Group.cs","name","Print","Property"
"D:\OneDrive\VS\Projects\DocxDocument\DocumentModel.InOpenXml\Vml\Group.cs","name","RegroupId","Property"
"D:\OneDrive\VS\Projects\DocxDocument\DocumentModel.InOpenXml\Vml\Group.cs","name","TableLimits","Property"
"D:\OneDrive\VS\Projects\DocxDocument\DocumentModel.InOpenXml\Vml\Group.cs","name","TableProperties","Property"
"D:\OneDrive\VS\Projects\DocxDocument\DocumentModel.InOpenXml\Vml\Group.cs","name","Title","Property"
"D:\OneDrive\VS\Projects\DocxDocument\DocumentModel.InOpenXml\Vml\Group.cs","name","UserDrawn","Property"
"D:\OneDrive\VS\Projects\DocxDocument\DocumentModel.InOpenXml\Vml\Group.cs","name","UserHidden","Property"
"D:\OneDrive\VS\Projects\DocxDocument\DocumentModel.InOpenXml\Vml\Group.cs","name","WrapCoordinates","Property"
"D:\OneDrive\VS\Projects\DocxDocument\DocumentModel.InOpenXml\Vml\ImageData.cs","ImageData","BiLevel","Property"
"D:\OneDrive\VS\Projects\DocxDocument\DocumentModel.InOpenXml\Vml\ImageData.cs","ImageData","BlackLevel","Property"
"D:\OneDrive\VS\Projects\DocxDocument\DocumentModel.InOpenXml\Vml\ImageData.cs","ImageData","ChromAKey","Property"
"D:\OneDrive\VS\Projects\DocxDocument\DocumentModel.InOpenXml\Vml\ImageData.cs","ImageData","CropBottom","Property"
"D:\OneDrive\VS\Projects\DocxDocument\DocumentModel.InOpenXml\Vml\ImageData.cs","ImageData","CropLeft","Property"
"D:\OneDrive\VS\Projects\DocxDocument\DocumentModel.InOpenXml\Vml\ImageData.cs","ImageData","CropRight","Property"
"D:\OneDrive\VS\Projects\DocxDocument\DocumentModel.InOpenXml\Vml\ImageData.cs","ImageData","CropTop","Property"
"D:\OneDrive\VS\Projects\DocxDocument\DocumentModel.InOpenXml\Vml\ImageData.cs","ImageData","DetectMouseClick","Property"
"D:\OneDrive\VS\Projects\DocxDocument\DocumentModel.InOpenXml\Vml\ImageData.cs","ImageData","EmbossColor","Property"
"D:\OneDrive\VS\Projects\DocxDocument\DocumentModel.InOpenXml\Vml\ImageData.cs","ImageData","Gain","Property"
"D:\OneDrive\VS\Projects\DocxDocument\DocumentModel.InOpenXml\Vml\ImageData.cs","ImageData","Gamma","Property"
"D:\OneDrive\VS\Projects\DocxDocument\DocumentModel.InOpenXml\Vml\ImageData.cs","ImageData","Id","Property"
"D:\OneDrive\VS\Projects\DocxDocument\DocumentModel.InOpenXml\Vml\ImageData.cs","ImageData","Picture","Property"
"D:\OneDrive\VS\Projects\DocxDocument\DocumentModel.InOpenXml\Vml\ImageData.cs","ImageData","RecolorTarget","Property"
"D:\OneDrive\VS\Projects\DocxDocument\DocumentModel.InOpenXml\Vml\ImageData.cs","ImageData","RelationshipId","Property"
"D:\OneDrive\VS\Projects\DocxDocument\DocumentModel.InOpenXml\Vml\ImageData.cs","ImageData","RelHref","Property"
"D:\OneDrive\VS\Projects\DocxDocument\DocumentModel.InOpenXml\Vml\ImageData.cs","ImageData","RelId","Property"
"D:\OneDrive\VS\Projects\DocxDocument\DocumentModel.InOpenXml\Vml\ImageData.cs","ImageData","Title","Property"
"D:\OneDrive\VS\Projects\DocxDocument\DocumentModel.InOpenXml\Vml\ImageFile.cs","ImageFile","Href","Property"
"D:\OneDrive\VS\Projects\DocxDocument\DocumentModel.InOpenXml\Vml\ImageFile.cs","ImageFile","Id","Property"
"D:\OneDrive\VS\Projects\DocxDocument\DocumentModel.InOpenXml\Vml\ImageFile.cs","ImageFile","Style","Property"
"D:\OneDrive\VS\Projects\DocxDocument\DocumentModel.InOpenXml\Vml\ImageFile.cs","ImageFile","Target","Property"
"D:\OneDrive\VS\Projects\DocxDocument\DocumentModel.InOpenXml\Vml\ImageFile.cs","name","AllowInCell","Property"
"D:\OneDrive\VS\Projects\DocxDocument\DocumentModel.InOpenXml\Vml\ImageFile.cs","name","AllowOverlap","Property"
"D:\OneDrive\VS\Projects\DocxDocument\DocumentModel.InOpenXml\Vml\ImageFile.cs","name","Alternate","Property"
"D:\OneDrive\VS\Projects\DocxDocument\DocumentModel.InOpenXml\Vml\ImageFile.cs","name","BiLevel","Property"
"D:\OneDrive\VS\Projects\DocxDocument\DocumentModel.InOpenXml\Vml\ImageFile.cs","name","BlackLevel","Property"
"D:\OneDrive\VS\Projects\DocxDocument\DocumentModel.InOpenXml\Vml\ImageFile.cs","name","BlackWhiteMode","Property"
"D:\OneDrive\VS\Projects\DocxDocument\DocumentModel.InOpenXml\Vml\ImageFile.cs","name","BorderBottomColor","Property"
"D:\OneDrive\VS\Projects\DocxDocument\DocumentModel.InOpenXml\Vml\ImageFile.cs","name","BorderLeftColor","Property"
"D:\OneDrive\VS\Projects\DocxDocument\DocumentModel.InOpenXml\Vml\ImageFile.cs","name","BorderRightColor","Property"
"D:\OneDrive\VS\Projects\DocxDocument\DocumentModel.InOpenXml\Vml\ImageFile.cs","name","BorderTopColor","Property"
"D:\OneDrive\VS\Projects\DocxDocument\DocumentModel.InOpenXml\Vml\ImageFile.cs","name","Bullet","Property"
"D:\OneDrive\VS\Projects\DocxDocument\DocumentModel.InOpenXml\Vml\ImageFile.cs","name","Button","Property"
"D:\OneDrive\VS\Projects\DocxDocument\DocumentModel.InOpenXml\Vml\ImageFile.cs","name","Class","Property"
"D:\OneDrive\VS\Projects\DocxDocument\DocumentModel.InOpenXml\Vml\ImageFile.cs","name","Clip","Property"
"D:\OneDrive\VS\Projects\DocxDocument\DocumentModel.InOpenXml\Vml\ImageFile.cs","name","ClipToWrap","Property"
"D:\OneDrive\VS\Projects\DocxDocument\DocumentModel.InOpenXml\Vml\ImageFile.cs","name","ConnectorType","Property"
"D:\OneDrive\VS\Projects\DocxDocument\DocumentModel.InOpenXml\Vml\ImageFile.cs","name","CoordinateSize","Property"
"D:\OneDrive\VS\Projects\DocxDocument\DocumentModel.InOpenXml\Vml\ImageFile.cs","name","CropBottom","Property"
"D:\OneDrive\VS\Projects\DocxDocument\DocumentModel.InOpenXml\Vml\ImageFile.cs","name","CropLeft","Property"
"D:\OneDrive\VS\Projects\DocxDocument\DocumentModel.InOpenXml\Vml\ImageFile.cs","name","CropRight","Property"
"D:\OneDrive\VS\Projects\DocxDocument\DocumentModel.InOpenXml\Vml\ImageFile.cs","name","CropTop","Property"
"D:\OneDrive\VS\Projects\DocxDocument\DocumentModel.InOpenXml\Vml\ImageFile.cs","name","DiagramLayout","Property"
"D:\OneDrive\VS\Projects\DocxDocument\DocumentModel.InOpenXml\Vml\ImageFile.cs","name","DiagramLayoutMostRecentUsed","Property"
"D:\OneDrive\VS\Projects\DocxDocument\DocumentModel.InOpenXml\Vml\ImageFile.cs","name","DiagramNodeKind","Property"
"D:\OneDrive\VS\Projects\DocxDocument\DocumentModel.InOpenXml\Vml\ImageFile.cs","name","DoubleClickNotify","Property"
"D:\OneDrive\VS\Projects\DocxDocument\DocumentModel.InOpenXml\Vml\ImageFile.cs","name","FillColor","Property"
"D:\OneDrive\VS\Projects\DocxDocument\DocumentModel.InOpenXml\Vml\ImageFile.cs","name","Filled","Property"
"D:\OneDrive\VS\Projects\DocxDocument\DocumentModel.InOpenXml\Vml\ImageFile.cs","name","ForceDash","Property"
"D:\OneDrive\VS\Projects\DocxDocument\DocumentModel.InOpenXml\Vml\ImageFile.cs","name","Gain","Property"
"D:\OneDrive\VS\Projects\DocxDocument\DocumentModel.InOpenXml\Vml\ImageFile.cs","name","Gamma","Property"
"D:\OneDrive\VS\Projects\DocxDocument\DocumentModel.InOpenXml\Vml\ImageFile.cs","name","GfxData","Property"
"D:\OneDrive\VS\Projects\DocxDocument\DocumentModel.InOpenXml\Vml\ImageFile.cs","name","Horizontal","Property"
"D:\OneDrive\VS\Projects\DocxDocument\DocumentModel.InOpenXml\Vml\ImageFile.cs","name","HorizontalAlignment","Property"
"D:\OneDrive\VS\Projects\DocxDocument\DocumentModel.InOpenXml\Vml\ImageFile.cs","name","HorizontalNoShade","Property"
"D:\OneDrive\VS\Projects\DocxDocument\DocumentModel.InOpenXml\Vml\ImageFile.cs","name","HorizontalPercentage","Property"
"D:\OneDrive\VS\Projects\DocxDocument\DocumentModel.InOpenXml\Vml\ImageFile.cs","name","HorizontalStandard","Property"
"D:\OneDrive\VS\Projects\DocxDocument\DocumentModel.InOpenXml\Vml\ImageFile.cs","name","InsetMode","Property"
"D:\OneDrive\VS\Projects\DocxDocument\DocumentModel.InOpenXml\Vml\ImageFile.cs","name","InsetPen","Property"
"D:\OneDrive\VS\Projects\DocxDocument\DocumentModel.InOpenXml\Vml\ImageFile.cs","name","NormalBlackWhiteMode","Property"
"D:\OneDrive\VS\Projects\DocxDocument\DocumentModel.InOpenXml\Vml\ImageFile.cs","name","Ole","Property"
"D:\OneDrive\VS\Projects\DocxDocument\DocumentModel.InOpenXml\Vml\ImageFile.cs","name","OleIcon","Property"
"D:\OneDrive\VS\Projects\DocxDocument\DocumentModel.InOpenXml\Vml\ImageFile.cs","name","Oned","Property"
"D:\OneDrive\VS\Projects\DocxDocument\DocumentModel.InOpenXml\Vml\ImageFile.cs","name","OptionalNumber","Property"
"D:\OneDrive\VS\Projects\DocxDocument\DocumentModel.InOpenXml\Vml\ImageFile.cs","name","OptionalString","Property"
"D:\OneDrive\VS\Projects\DocxDocument\DocumentModel.InOpenXml\Vml\ImageFile.cs","name","PreferRelative","Property"
"D:\OneDrive\VS\Projects\DocxDocument\DocumentModel.InOpenXml\Vml\ImageFile.cs","name","Print","Property"
"D:\OneDrive\VS\Projects\DocxDocument\DocumentModel.InOpenXml\Vml\ImageFile.cs","name","PureBlackWhiteMode","Property"
"D:\OneDrive\VS\Projects\DocxDocument\DocumentModel.InOpenXml\Vml\ImageFile.cs","name","RegroupId","Property"
"D:\OneDrive\VS\Projects\DocxDocument\DocumentModel.InOpenXml\Vml\ImageFile.cs","name","Source","Property"
"D:\OneDrive\VS\Projects\DocxDocument\DocumentModel.InOpenXml\Vml\ImageFile.cs","name","StrokeColor","Property"
"D:\OneDrive\VS\Projects\DocxDocument\DocumentModel.InOpenXml\Vml\ImageFile.cs","name","Stroked","Property"
"D:\OneDrive\VS\Projects\DocxDocument\DocumentModel.InOpenXml\Vml\ImageFile.cs","name","StrokeWeight","Property"
"D:\OneDrive\VS\Projects\DocxDocument\DocumentModel.InOpenXml\Vml\ImageFile.cs","name","Title","Property"
"D:\OneDrive\VS\Projects\DocxDocument\DocumentModel.InOpenXml\Vml\ImageFile.cs","name","UserDrawn","Property"
"D:\OneDrive\VS\Projects\DocxDocument\DocumentModel.InOpenXml\Vml\ImageFile.cs","name","UserHidden","Property"
"D:\OneDrive\VS\Projects\DocxDocument\DocumentModel.InOpenXml\Vml\ImageFile.cs","name","WrapCoordinates","Property"
"D:\OneDrive\VS\Projects\DocxDocument\DocumentModel.InOpenXml\Vml\Ink.cs","Ink","AnnotationFlag","Property"
"D:\OneDrive\VS\Projects\DocxDocument\DocumentModel.InOpenXml\Vml\Ink.cs","Ink","InkData","Property"
"D:\OneDrive\VS\Projects\DocxDocument\DocumentModel.InOpenXml\Vml\Line.cs","Line","Href","Property"
"D:\OneDrive\VS\Projects\DocxDocument\DocumentModel.InOpenXml\Vml\Line.cs","Line","Id","Property"
"D:\OneDrive\VS\Projects\DocxDocument\DocumentModel.InOpenXml\Vml\Line.cs","Line","Style","Property"
"D:\OneDrive\VS\Projects\DocxDocument\DocumentModel.InOpenXml\Vml\Line.cs","Line","Target","Property"
"D:\OneDrive\VS\Projects\DocxDocument\DocumentModel.InOpenXml\Vml\Line.cs","name","AllowInCell","Property"
"D:\OneDrive\VS\Projects\DocxDocument\DocumentModel.InOpenXml\Vml\Line.cs","name","AllowOverlap","Property"
"D:\OneDrive\VS\Projects\DocxDocument\DocumentModel.InOpenXml\Vml\Line.cs","name","Alternate","Property"
"D:\OneDrive\VS\Projects\DocxDocument\DocumentModel.InOpenXml\Vml\Line.cs","name","BlackWhiteMode","Property"
"D:\OneDrive\VS\Projects\DocxDocument\DocumentModel.InOpenXml\Vml\Line.cs","name","BorderBottomColor","Property"
"D:\OneDrive\VS\Projects\DocxDocument\DocumentModel.InOpenXml\Vml\Line.cs","name","BorderLeftColor","Property"
"D:\OneDrive\VS\Projects\DocxDocument\DocumentModel.InOpenXml\Vml\Line.cs","name","BorderRightColor","Property"
"D:\OneDrive\VS\Projects\DocxDocument\DocumentModel.InOpenXml\Vml\Line.cs","name","BorderTopColor","Property"
"D:\OneDrive\VS\Projects\DocxDocument\DocumentModel.InOpenXml\Vml\Line.cs","name","Bullet","Property"
"D:\OneDrive\VS\Projects\DocxDocument\DocumentModel.InOpenXml\Vml\Line.cs","name","Button","Property"
"D:\OneDrive\VS\Projects\DocxDocument\DocumentModel.InOpenXml\Vml\Line.cs","name","Class","Property"
"D:\OneDrive\VS\Projects\DocxDocument\DocumentModel.InOpenXml\Vml\Line.cs","name","Clip","Property"
"D:\OneDrive\VS\Projects\DocxDocument\DocumentModel.InOpenXml\Vml\Line.cs","name","ClipToWrap","Property"
"D:\OneDrive\VS\Projects\DocxDocument\DocumentModel.InOpenXml\Vml\Line.cs","name","ConnectorType","Property"
"D:\OneDrive\VS\Projects\DocxDocument\DocumentModel.InOpenXml\Vml\Line.cs","name","CoordinateOrigin","Property"
"D:\OneDrive\VS\Projects\DocxDocument\DocumentModel.InOpenXml\Vml\Line.cs","name","CoordinateSize","Property"
"D:\OneDrive\VS\Projects\DocxDocument\DocumentModel.InOpenXml\Vml\Line.cs","name","DiagramLayout","Property"
"D:\OneDrive\VS\Projects\DocxDocument\DocumentModel.InOpenXml\Vml\Line.cs","name","DiagramLayoutMostRecentUsed","Property"
"D:\OneDrive\VS\Projects\DocxDocument\DocumentModel.InOpenXml\Vml\Line.cs","name","DiagramNodeKind","Property"
"D:\OneDrive\VS\Projects\DocxDocument\DocumentModel.InOpenXml\Vml\Line.cs","name","DoubleClickNotify","Property"
"D:\OneDrive\VS\Projects\DocxDocument\DocumentModel.InOpenXml\Vml\Line.cs","name","FillColor","Property"
"D:\OneDrive\VS\Projects\DocxDocument\DocumentModel.InOpenXml\Vml\Line.cs","name","Filled","Property"
"D:\OneDrive\VS\Projects\DocxDocument\DocumentModel.InOpenXml\Vml\Line.cs","name","ForceDash","Property"
"D:\OneDrive\VS\Projects\DocxDocument\DocumentModel.InOpenXml\Vml\Line.cs","name","From","Property"
"D:\OneDrive\VS\Projects\DocxDocument\DocumentModel.InOpenXml\Vml\Line.cs","name","GfxData","Property"
"D:\OneDrive\VS\Projects\DocxDocument\DocumentModel.InOpenXml\Vml\Line.cs","name","Horizontal","Property"
"D:\OneDrive\VS\Projects\DocxDocument\DocumentModel.InOpenXml\Vml\Line.cs","name","HorizontalAlignment","Property"
"D:\OneDrive\VS\Projects\DocxDocument\DocumentModel.InOpenXml\Vml\Line.cs","name","HorizontalNoShade","Property"
"D:\OneDrive\VS\Projects\DocxDocument\DocumentModel.InOpenXml\Vml\Line.cs","name","HorizontalPercentage","Property"
"D:\OneDrive\VS\Projects\DocxDocument\DocumentModel.InOpenXml\Vml\Line.cs","name","HorizontalStandard","Property"
"D:\OneDrive\VS\Projects\DocxDocument\DocumentModel.InOpenXml\Vml\Line.cs","name","InsetMode","Property"
"D:\OneDrive\VS\Projects\DocxDocument\DocumentModel.InOpenXml\Vml\Line.cs","name","InsetPen","Property"
"D:\OneDrive\VS\Projects\DocxDocument\DocumentModel.InOpenXml\Vml\Line.cs","name","NormalBlackWhiteMode","Property"
"D:\OneDrive\VS\Projects\DocxDocument\DocumentModel.InOpenXml\Vml\Line.cs","name","Ole","Property"
"D:\OneDrive\VS\Projects\DocxDocument\DocumentModel.InOpenXml\Vml\Line.cs","name","OleIcon","Property"
"D:\OneDrive\VS\Projects\DocxDocument\DocumentModel.InOpenXml\Vml\Line.cs","name","Oned","Property"
"D:\OneDrive\VS\Projects\DocxDocument\DocumentModel.InOpenXml\Vml\Line.cs","name","OptionalNumber","Property"
"D:\OneDrive\VS\Projects\DocxDocument\DocumentModel.InOpenXml\Vml\Line.cs","name","OptionalString","Property"
"D:\OneDrive\VS\Projects\DocxDocument\DocumentModel.InOpenXml\Vml\Line.cs","name","PreferRelative","Property"
"D:\OneDrive\VS\Projects\DocxDocument\DocumentModel.InOpenXml\Vml\Line.cs","name","Print","Property"
"D:\OneDrive\VS\Projects\DocxDocument\DocumentModel.InOpenXml\Vml\Line.cs","name","PureBlackWhiteMode","Property"
"D:\OneDrive\VS\Projects\DocxDocument\DocumentModel.InOpenXml\Vml\Line.cs","name","RegroupId","Property"
"D:\OneDrive\VS\Projects\DocxDocument\DocumentModel.InOpenXml\Vml\Line.cs","name","StrokeColor","Property"
"D:\OneDrive\VS\Projects\DocxDocument\DocumentModel.InOpenXml\Vml\Line.cs","name","Stroked","Property"
"D:\OneDrive\VS\Projects\DocxDocument\DocumentModel.InOpenXml\Vml\Line.cs","name","StrokeWeight","Property"
"D:\OneDrive\VS\Projects\DocxDocument\DocumentModel.InOpenXml\Vml\Line.cs","name","Title","Property"
"D:\OneDrive\VS\Projects\DocxDocument\DocumentModel.InOpenXml\Vml\Line.cs","name","To","Property"
"D:\OneDrive\VS\Projects\DocxDocument\DocumentModel.InOpenXml\Vml\Line.cs","name","UserDrawn","Property"
"D:\OneDrive\VS\Projects\DocxDocument\DocumentModel.InOpenXml\Vml\Line.cs","name","UserHidden","Property"
"D:\OneDrive\VS\Projects\DocxDocument\DocumentModel.InOpenXml\Vml\Line.cs","name","WrapCoordinates","Property"
"D:\OneDrive\VS\Projects\DocxDocument\DocumentModel.InOpenXml\Vml\Lock.cs","Lock","AdjustHandles","Property"
"D:\OneDrive\VS\Projects\DocxDocument\DocumentModel.InOpenXml\Vml\Lock.cs","Lock","AspectRatio","Property"
"D:\OneDrive\VS\Projects\DocxDocument\DocumentModel.InOpenXml\Vml\Lock.cs","Lock","Cropping","Property"
"D:\OneDrive\VS\Projects\DocxDocument\DocumentModel.InOpenXml\Vml\Lock.cs","Lock","Extension","Property"
"D:\OneDrive\VS\Projects\DocxDocument\DocumentModel.InOpenXml\Vml\Lock.cs","Lock","Grouping","Property"
"D:\OneDrive\VS\Projects\DocxDocument\DocumentModel.InOpenXml\Vml\Lock.cs","Lock","Position","Property"
"D:\OneDrive\VS\Projects\DocxDocument\DocumentModel.InOpenXml\Vml\Lock.cs","Lock","Rotation","Property"
"D:\OneDrive\VS\Projects\DocxDocument\DocumentModel.InOpenXml\Vml\Lock.cs","Lock","Selection","Property"
"D:\OneDrive\VS\Projects\DocxDocument\DocumentModel.InOpenXml\Vml\Lock.cs","Lock","ShapeType","Property"
"D:\OneDrive\VS\Projects\DocxDocument\DocumentModel.InOpenXml\Vml\Lock.cs","Lock","TextLock","Property"
"D:\OneDrive\VS\Projects\DocxDocument\DocumentModel.InOpenXml\Vml\Lock.cs","Lock","Ungrouping","Property"
"D:\OneDrive\VS\Projects\DocxDocument\DocumentModel.InOpenXml\Vml\Lock.cs","Lock","Verticies","Property"
"D:\OneDrive\VS\Projects\DocxDocument\DocumentModel.InOpenXml\Vml\OleObject.cs","OleObject","DrawAspect","Property"
"D:\OneDrive\VS\Projects\DocxDocument\DocumentModel.InOpenXml\Vml\OleObject.cs","OleObject","FieldCodes","Property"
"D:\OneDrive\VS\Projects\DocxDocument\DocumentModel.InOpenXml\Vml\OleObject.cs","OleObject","Id","Property"
"D:\OneDrive\VS\Projects\DocxDocument\DocumentModel.InOpenXml\Vml\OleObject.cs","OleObject","LinkType","Property"
"D:\OneDrive\VS\Projects\DocxDocument\DocumentModel.InOpenXml\Vml\OleObject.cs","OleObject","LockedField","Property"
"D:\OneDrive\VS\Projects\DocxDocument\DocumentModel.InOpenXml\Vml\OleObject.cs","OleObject","ObjectId","Property"
"D:\OneDrive\VS\Projects\DocxDocument\DocumentModel.InOpenXml\Vml\OleObject.cs","OleObject","ProgId","Property"
"D:\OneDrive\VS\Projects\DocxDocument\DocumentModel.InOpenXml\Vml\OleObject.cs","OleObject","ShapeId","Property"
"D:\OneDrive\VS\Projects\DocxDocument\DocumentModel.InOpenXml\Vml\OleObject.cs","OleObject","Type","Property"
"D:\OneDrive\VS\Projects\DocxDocument\DocumentModel.InOpenXml\Vml\OleObject.cs","OleObject","UpdateMode","Property"
"D:\OneDrive\VS\Projects\DocxDocument\DocumentModel.InOpenXml\Vml\Oval.cs","name","AllowInCell","Property"
"D:\OneDrive\VS\Projects\DocxDocument\DocumentModel.InOpenXml\Vml\Oval.cs","name","AllowOverlap","Property"
"D:\OneDrive\VS\Projects\DocxDocument\DocumentModel.InOpenXml\Vml\Oval.cs","name","Alternate","Property"
"D:\OneDrive\VS\Projects\DocxDocument\DocumentModel.InOpenXml\Vml\Oval.cs","name","BlackWhiteMode","Property"
"D:\OneDrive\VS\Projects\DocxDocument\DocumentModel.InOpenXml\Vml\Oval.cs","name","BorderBottomColor","Property"
"D:\OneDrive\VS\Projects\DocxDocument\DocumentModel.InOpenXml\Vml\Oval.cs","name","BorderLeftColor","Property"
"D:\OneDrive\VS\Projects\DocxDocument\DocumentModel.InOpenXml\Vml\Oval.cs","name","BorderRightColor","Property"
"D:\OneDrive\VS\Projects\DocxDocument\DocumentModel.InOpenXml\Vml\Oval.cs","name","BorderTopColor","Property"
"D:\OneDrive\VS\Projects\DocxDocument\DocumentModel.InOpenXml\Vml\Oval.cs","name","Bullet","Property"
"D:\OneDrive\VS\Projects\DocxDocument\DocumentModel.InOpenXml\Vml\Oval.cs","name","Button","Property"
"D:\OneDrive\VS\Projects\DocxDocument\DocumentModel.InOpenXml\Vml\Oval.cs","name","Class","Property"
"D:\OneDrive\VS\Projects\DocxDocument\DocumentModel.InOpenXml\Vml\Oval.cs","name","Clip","Property"
"D:\OneDrive\VS\Projects\DocxDocument\DocumentModel.InOpenXml\Vml\Oval.cs","name","ClipToWrap","Property"
"D:\OneDrive\VS\Projects\DocxDocument\DocumentModel.InOpenXml\Vml\Oval.cs","name","ConnectorType","Property"
"D:\OneDrive\VS\Projects\DocxDocument\DocumentModel.InOpenXml\Vml\Oval.cs","name","CoordinateOrigin","Property"
"D:\OneDrive\VS\Projects\DocxDocument\DocumentModel.InOpenXml\Vml\Oval.cs","name","CoordinateSize","Property"
"D:\OneDrive\VS\Projects\DocxDocument\DocumentModel.InOpenXml\Vml\Oval.cs","name","DiagramLayout","Property"
"D:\OneDrive\VS\Projects\DocxDocument\DocumentModel.InOpenXml\Vml\Oval.cs","name","DiagramLayoutMostRecentUsed","Property"
"D:\OneDrive\VS\Projects\DocxDocument\DocumentModel.InOpenXml\Vml\Oval.cs","name","DiagramNodeKind","Property"
"D:\OneDrive\VS\Projects\DocxDocument\DocumentModel.InOpenXml\Vml\Oval.cs","name","DoubleClickNotify","Property"
"D:\OneDrive\VS\Projects\DocxDocument\DocumentModel.InOpenXml\Vml\Oval.cs","name","FillColor","Property"
"D:\OneDrive\VS\Projects\DocxDocument\DocumentModel.InOpenXml\Vml\Oval.cs","name","Filled","Property"
"D:\OneDrive\VS\Projects\DocxDocument\DocumentModel.InOpenXml\Vml\Oval.cs","name","ForceDash","Property"
"D:\OneDrive\VS\Projects\DocxDocument\DocumentModel.InOpenXml\Vml\Oval.cs","name","GfxData","Property"
"D:\OneDrive\VS\Projects\DocxDocument\DocumentModel.InOpenXml\Vml\Oval.cs","name","Horizontal","Property"
"D:\OneDrive\VS\Projects\DocxDocument\DocumentModel.InOpenXml\Vml\Oval.cs","name","HorizontalAlignment","Property"
"D:\OneDrive\VS\Projects\DocxDocument\DocumentModel.InOpenXml\Vml\Oval.cs","name","HorizontalNoShade","Property"
"D:\OneDrive\VS\Projects\DocxDocument\DocumentModel.InOpenXml\Vml\Oval.cs","name","HorizontalPercentage","Property"
"D:\OneDrive\VS\Projects\DocxDocument\DocumentModel.InOpenXml\Vml\Oval.cs","name","HorizontalStandard","Property"
"D:\OneDrive\VS\Projects\DocxDocument\DocumentModel.InOpenXml\Vml\Oval.cs","name","InsetMode","Property"
"D:\OneDrive\VS\Projects\DocxDocument\DocumentModel.InOpenXml\Vml\Oval.cs","name","InsetPen","Property"
"D:\OneDrive\VS\Projects\DocxDocument\DocumentModel.InOpenXml\Vml\Oval.cs","name","NormalBlackWhiteMode","Property"
"D:\OneDrive\VS\Projects\DocxDocument\DocumentModel.InOpenXml\Vml\Oval.cs","name","Ole","Property"
"D:\OneDrive\VS\Projects\DocxDocument\DocumentModel.InOpenXml\Vml\Oval.cs","name","OleIcon","Property"
"D:\OneDrive\VS\Projects\DocxDocument\DocumentModel.InOpenXml\Vml\Oval.cs","name","Oned","Property"
"D:\OneDrive\VS\Projects\DocxDocument\DocumentModel.InOpenXml\Vml\Oval.cs","name","OptionalNumber","Property"
"D:\OneDrive\VS\Projects\DocxDocument\DocumentModel.InOpenXml\Vml\Oval.cs","name","OptionalString","Property"
"D:\OneDrive\VS\Projects\DocxDocument\DocumentModel.InOpenXml\Vml\Oval.cs","name","PreferRelative","Property"
"D:\OneDrive\VS\Projects\DocxDocument\DocumentModel.InOpenXml\Vml\Oval.cs","name","Print","Property"
"D:\OneDrive\VS\Projects\DocxDocument\DocumentModel.InOpenXml\Vml\Oval.cs","name","PureBlackWhiteMode","Property"
"D:\OneDrive\VS\Projects\DocxDocument\DocumentModel.InOpenXml\Vml\Oval.cs","name","RegroupId","Property"
"D:\OneDrive\VS\Projects\DocxDocument\DocumentModel.InOpenXml\Vml\Oval.cs","name","StrokeColor","Property"
"D:\OneDrive\VS\Projects\DocxDocument\DocumentModel.InOpenXml\Vml\Oval.cs","name","Stroked","Property"
"D:\OneDrive\VS\Projects\DocxDocument\DocumentModel.InOpenXml\Vml\Oval.cs","name","StrokeWeight","Property"
"D:\OneDrive\VS\Projects\DocxDocument\DocumentModel.InOpenXml\Vml\Oval.cs","name","Title","Property"
"D:\OneDrive\VS\Projects\DocxDocument\DocumentModel.InOpenXml\Vml\Oval.cs","name","UserDrawn","Property"
"D:\OneDrive\VS\Projects\DocxDocument\DocumentModel.InOpenXml\Vml\Oval.cs","name","UserHidden","Property"
"D:\OneDrive\VS\Projects\DocxDocument\DocumentModel.InOpenXml\Vml\Oval.cs","name","WrapCoordinates","Property"
"D:\OneDrive\VS\Projects\DocxDocument\DocumentModel.InOpenXml\Vml\Oval.cs","Oval","Href","Property"
"D:\OneDrive\VS\Projects\DocxDocument\DocumentModel.InOpenXml\Vml\Oval.cs","Oval","Id","Property"
"D:\OneDrive\VS\Projects\DocxDocument\DocumentModel.InOpenXml\Vml\Oval.cs","Oval","Style","Property"
"D:\OneDrive\VS\Projects\DocxDocument\DocumentModel.InOpenXml\Vml\Oval.cs","Oval","Target","Property"
"D:\OneDrive\VS\Projects\DocxDocument\DocumentModel.InOpenXml\Vml\Path.cs","Path","AllowExtrusion","Property"
"D:\OneDrive\VS\Projects\DocxDocument\DocumentModel.InOpenXml\Vml\Path.cs","Path","AllowFill","Property"
"D:\OneDrive\VS\Projects\DocxDocument\DocumentModel.InOpenXml\Vml\Path.cs","Path","AllowGradientShape","Property"
"D:\OneDrive\VS\Projects\DocxDocument\DocumentModel.InOpenXml\Vml\Path.cs","Path","AllowInsetPen","Property"
"D:\OneDrive\VS\Projects\DocxDocument\DocumentModel.InOpenXml\Vml\Path.cs","Path","AllowShading","Property"
"D:\OneDrive\VS\Projects\DocxDocument\DocumentModel.InOpenXml\Vml\Path.cs","Path","AllowStroke","Property"
"D:\OneDrive\VS\Projects\DocxDocument\DocumentModel.InOpenXml\Vml\Path.cs","Path","AllowTextPath","Property"
"D:\OneDrive\VS\Projects\DocxDocument\DocumentModel.InOpenXml\Vml\Path.cs","Path","ConnectAngles","Property"
"D:\OneDrive\VS\Projects\DocxDocument\DocumentModel.InOpenXml\Vml\Path.cs","Path","ConnectionPoints","Property"
"D:\OneDrive\VS\Projects\DocxDocument\DocumentModel.InOpenXml\Vml\Path.cs","Path","ConnectionPointType","Property"
"D:\OneDrive\VS\Projects\DocxDocument\DocumentModel.InOpenXml\Vml\Path.cs","Path","Id","Property"
"D:\OneDrive\VS\Projects\DocxDocument\DocumentModel.InOpenXml\Vml\Path.cs","Path","Limo","Property"
"D:\OneDrive\VS\Projects\DocxDocument\DocumentModel.InOpenXml\Vml\Path.cs","Path","ShowArrowhead","Property"
"D:\OneDrive\VS\Projects\DocxDocument\DocumentModel.InOpenXml\Vml\Path.cs","Path","TextboxRectangle","Property"
"D:\OneDrive\VS\Projects\DocxDocument\DocumentModel.InOpenXml\Vml\Path.cs","Path","Value","Property"
"D:\OneDrive\VS\Projects\DocxDocument\DocumentModel.InOpenXml\Vml\PolyLine.cs","name","AllowInCell","Property"
"D:\OneDrive\VS\Projects\DocxDocument\DocumentModel.InOpenXml\Vml\PolyLine.cs","name","AllowOverlap","Property"
"D:\OneDrive\VS\Projects\DocxDocument\DocumentModel.InOpenXml\Vml\PolyLine.cs","name","Alternate","Property"
"D:\OneDrive\VS\Projects\DocxDocument\DocumentModel.InOpenXml\Vml\PolyLine.cs","name","BlackWhiteMode","Property"
"D:\OneDrive\VS\Projects\DocxDocument\DocumentModel.InOpenXml\Vml\PolyLine.cs","name","BorderBottomColor","Property"
"D:\OneDrive\VS\Projects\DocxDocument\DocumentModel.InOpenXml\Vml\PolyLine.cs","name","BorderLeftColor","Property"
"D:\OneDrive\VS\Projects\DocxDocument\DocumentModel.InOpenXml\Vml\PolyLine.cs","name","BorderRightColor","Property"
"D:\OneDrive\VS\Projects\DocxDocument\DocumentModel.InOpenXml\Vml\PolyLine.cs","name","BorderTopColor","Property"
"D:\OneDrive\VS\Projects\DocxDocument\DocumentModel.InOpenXml\Vml\PolyLine.cs","name","Bullet","Property"
"D:\OneDrive\VS\Projects\DocxDocument\DocumentModel.InOpenXml\Vml\PolyLine.cs","name","Button","Property"
"D:\OneDrive\VS\Projects\DocxDocument\DocumentModel.InOpenXml\Vml\PolyLine.cs","name","Class","Property"
"D:\OneDrive\VS\Projects\DocxDocument\DocumentModel.InOpenXml\Vml\PolyLine.cs","name","Clip","Property"
"D:\OneDrive\VS\Projects\DocxDocument\DocumentModel.InOpenXml\Vml\PolyLine.cs","name","ClipToWrap","Property"
"D:\OneDrive\VS\Projects\DocxDocument\DocumentModel.InOpenXml\Vml\PolyLine.cs","name","ConnectorType","Property"
"D:\OneDrive\VS\Projects\DocxDocument\DocumentModel.InOpenXml\Vml\PolyLine.cs","name","CoordinateOrigin","Property"
"D:\OneDrive\VS\Projects\DocxDocument\DocumentModel.InOpenXml\Vml\PolyLine.cs","name","CoordinateSize","Property"
"D:\OneDrive\VS\Projects\DocxDocument\DocumentModel.InOpenXml\Vml\PolyLine.cs","name","DiagramLayout","Property"
"D:\OneDrive\VS\Projects\DocxDocument\DocumentModel.InOpenXml\Vml\PolyLine.cs","name","DiagramLayoutMostRecentUsed","Property"
"D:\OneDrive\VS\Projects\DocxDocument\DocumentModel.InOpenXml\Vml\PolyLine.cs","name","DiagramNodeKind","Property"
"D:\OneDrive\VS\Projects\DocxDocument\DocumentModel.InOpenXml\Vml\PolyLine.cs","name","DoubleClickNotify","Property"
"D:\OneDrive\VS\Projects\DocxDocument\DocumentModel.InOpenXml\Vml\PolyLine.cs","name","FillColor","Property"
"D:\OneDrive\VS\Projects\DocxDocument\DocumentModel.InOpenXml\Vml\PolyLine.cs","name","Filled","Property"
"D:\OneDrive\VS\Projects\DocxDocument\DocumentModel.InOpenXml\Vml\PolyLine.cs","name","ForceDash","Property"
"D:\OneDrive\VS\Projects\DocxDocument\DocumentModel.InOpenXml\Vml\PolyLine.cs","name","GfxData","Property"
"D:\OneDrive\VS\Projects\DocxDocument\DocumentModel.InOpenXml\Vml\PolyLine.cs","name","Horizontal","Property"
"D:\OneDrive\VS\Projects\DocxDocument\DocumentModel.InOpenXml\Vml\PolyLine.cs","name","HorizontalAlignment","Property"
"D:\OneDrive\VS\Projects\DocxDocument\DocumentModel.InOpenXml\Vml\PolyLine.cs","name","HorizontalNoShade","Property"
"D:\OneDrive\VS\Projects\DocxDocument\DocumentModel.InOpenXml\Vml\PolyLine.cs","name","HorizontalPercentage","Property"
"D:\OneDrive\VS\Projects\DocxDocument\DocumentModel.InOpenXml\Vml\PolyLine.cs","name","HorizontalStandard","Property"
"D:\OneDrive\VS\Projects\DocxDocument\DocumentModel.InOpenXml\Vml\PolyLine.cs","name","InsetMode","Property"
"D:\OneDrive\VS\Projects\DocxDocument\DocumentModel.InOpenXml\Vml\PolyLine.cs","name","InsetPen","Property"
"D:\OneDrive\VS\Projects\DocxDocument\DocumentModel.InOpenXml\Vml\PolyLine.cs","name","NormalBlackWhiteMode","Property"
"D:\OneDrive\VS\Projects\DocxDocument\DocumentModel.InOpenXml\Vml\PolyLine.cs","name","Ole","Property"
"D:\OneDrive\VS\Projects\DocxDocument\DocumentModel.InOpenXml\Vml\PolyLine.cs","name","OleIcon","Property"
"D:\OneDrive\VS\Projects\DocxDocument\DocumentModel.InOpenXml\Vml\PolyLine.cs","name","Oned","Property"
"D:\OneDrive\VS\Projects\DocxDocument\DocumentModel.InOpenXml\Vml\PolyLine.cs","name","OptionalNumber","Property"
"D:\OneDrive\VS\Projects\DocxDocument\DocumentModel.InOpenXml\Vml\PolyLine.cs","name","OptionalString","Property"
"D:\OneDrive\VS\Projects\DocxDocument\DocumentModel.InOpenXml\Vml\PolyLine.cs","name","Points","Property"
"D:\OneDrive\VS\Projects\DocxDocument\DocumentModel.InOpenXml\Vml\PolyLine.cs","name","PreferRelative","Property"
"D:\OneDrive\VS\Projects\DocxDocument\DocumentModel.InOpenXml\Vml\PolyLine.cs","name","Print","Property"
"D:\OneDrive\VS\Projects\DocxDocument\DocumentModel.InOpenXml\Vml\PolyLine.cs","name","PureBlackWhiteMode","Property"
"D:\OneDrive\VS\Projects\DocxDocument\DocumentModel.InOpenXml\Vml\PolyLine.cs","name","RegroupId","Property"
"D:\OneDrive\VS\Projects\DocxDocument\DocumentModel.InOpenXml\Vml\PolyLine.cs","name","StrokeColor","Property"
"D:\OneDrive\VS\Projects\DocxDocument\DocumentModel.InOpenXml\Vml\PolyLine.cs","name","Stroked","Property"
"D:\OneDrive\VS\Projects\DocxDocument\DocumentModel.InOpenXml\Vml\PolyLine.cs","name","StrokeWeight","Property"
"D:\OneDrive\VS\Projects\DocxDocument\DocumentModel.InOpenXml\Vml\PolyLine.cs","name","Title","Property"
"D:\OneDrive\VS\Projects\DocxDocument\DocumentModel.InOpenXml\Vml\PolyLine.cs","name","UserDrawn","Property"
"D:\OneDrive\VS\Projects\DocxDocument\DocumentModel.InOpenXml\Vml\PolyLine.cs","name","UserHidden","Property"
"D:\OneDrive\VS\Projects\DocxDocument\DocumentModel.InOpenXml\Vml\PolyLine.cs","name","WrapCoordinates","Property"
"D:\OneDrive\VS\Projects\DocxDocument\DocumentModel.InOpenXml\Vml\PolyLine.cs","PolyLine","Href","Property"
"D:\OneDrive\VS\Projects\DocxDocument\DocumentModel.InOpenXml\Vml\PolyLine.cs","PolyLine","Id","Property"
"D:\OneDrive\VS\Projects\DocxDocument\DocumentModel.InOpenXml\Vml\PolyLine.cs","PolyLine","Style","Property"
"D:\OneDrive\VS\Projects\DocxDocument\DocumentModel.InOpenXml\Vml\PolyLine.cs","PolyLine","Target","Property"
"D:\OneDrive\VS\Projects\DocxDocument\DocumentModel.InOpenXml\Vml\Proxy.cs","Proxy","ConnectionLocation","Property"
"D:\OneDrive\VS\Projects\DocxDocument\DocumentModel.InOpenXml\Vml\Proxy.cs","Proxy","End","Property"
"D:\OneDrive\VS\Projects\DocxDocument\DocumentModel.InOpenXml\Vml\Proxy.cs","Proxy","ShapeReference","Property"
"D:\OneDrive\VS\Projects\DocxDocument\DocumentModel.InOpenXml\Vml\Proxy.cs","Proxy","Start","Property"
"D:\OneDrive\VS\Projects\DocxDocument\DocumentModel.InOpenXml\Vml\Rectangle.cs","name","AllowInCell","Property"
"D:\OneDrive\VS\Projects\DocxDocument\DocumentModel.InOpenXml\Vml\Rectangle.cs","name","AllowOverlap","Property"
"D:\OneDrive\VS\Projects\DocxDocument\DocumentModel.InOpenXml\Vml\Rectangle.cs","name","Alternate","Property"
"D:\OneDrive\VS\Projects\DocxDocument\DocumentModel.InOpenXml\Vml\Rectangle.cs","name","BlackWhiteMode","Property"
"D:\OneDrive\VS\Projects\DocxDocument\DocumentModel.InOpenXml\Vml\Rectangle.cs","name","BorderBottomColor","Property"
"D:\OneDrive\VS\Projects\DocxDocument\DocumentModel.InOpenXml\Vml\Rectangle.cs","name","BorderLeftColor","Property"
"D:\OneDrive\VS\Projects\DocxDocument\DocumentModel.InOpenXml\Vml\Rectangle.cs","name","BorderRightColor","Property"
"D:\OneDrive\VS\Projects\DocxDocument\DocumentModel.InOpenXml\Vml\Rectangle.cs","name","BorderTopColor","Property"
"D:\OneDrive\VS\Projects\DocxDocument\DocumentModel.InOpenXml\Vml\Rectangle.cs","name","Bullet","Property"
"D:\OneDrive\VS\Projects\DocxDocument\DocumentModel.InOpenXml\Vml\Rectangle.cs","name","Button","Property"
"D:\OneDrive\VS\Projects\DocxDocument\DocumentModel.InOpenXml\Vml\Rectangle.cs","name","Class","Property"
"D:\OneDrive\VS\Projects\DocxDocument\DocumentModel.InOpenXml\Vml\Rectangle.cs","name","Clip","Property"
"D:\OneDrive\VS\Projects\DocxDocument\DocumentModel.InOpenXml\Vml\Rectangle.cs","name","ClipToWrap","Property"
"D:\OneDrive\VS\Projects\DocxDocument\DocumentModel.InOpenXml\Vml\Rectangle.cs","name","ConnectorType","Property"
"D:\OneDrive\VS\Projects\DocxDocument\DocumentModel.InOpenXml\Vml\Rectangle.cs","name","CoordinateOrigin","Property"
"D:\OneDrive\VS\Projects\DocxDocument\DocumentModel.InOpenXml\Vml\Rectangle.cs","name","CoordinateSize","Property"
"D:\OneDrive\VS\Projects\DocxDocument\DocumentModel.InOpenXml\Vml\Rectangle.cs","name","DiagramLayout","Property"
"D:\OneDrive\VS\Projects\DocxDocument\DocumentModel.InOpenXml\Vml\Rectangle.cs","name","DiagramLayoutMostRecentUsed","Property"
"D:\OneDrive\VS\Projects\DocxDocument\DocumentModel.InOpenXml\Vml\Rectangle.cs","name","DiagramNodeKind","Property"
"D:\OneDrive\VS\Projects\DocxDocument\DocumentModel.InOpenXml\Vml\Rectangle.cs","name","DoubleClickNotify","Property"
"D:\OneDrive\VS\Projects\DocxDocument\DocumentModel.InOpenXml\Vml\Rectangle.cs","name","FillColor","Property"
"D:\OneDrive\VS\Projects\DocxDocument\DocumentModel.InOpenXml\Vml\Rectangle.cs","name","Filled","Property"
"D:\OneDrive\VS\Projects\DocxDocument\DocumentModel.InOpenXml\Vml\Rectangle.cs","name","ForceDash","Property"
"D:\OneDrive\VS\Projects\DocxDocument\DocumentModel.InOpenXml\Vml\Rectangle.cs","name","GfxData","Property"
"D:\OneDrive\VS\Projects\DocxDocument\DocumentModel.InOpenXml\Vml\Rectangle.cs","name","Horizontal","Property"
"D:\OneDrive\VS\Projects\DocxDocument\DocumentModel.InOpenXml\Vml\Rectangle.cs","name","HorizontalAlignment","Property"
"D:\OneDrive\VS\Projects\DocxDocument\DocumentModel.InOpenXml\Vml\Rectangle.cs","name","HorizontalNoShade","Property"
"D:\OneDrive\VS\Projects\DocxDocument\DocumentModel.InOpenXml\Vml\Rectangle.cs","name","HorizontalPercentage","Property"
"D:\OneDrive\VS\Projects\DocxDocument\DocumentModel.InOpenXml\Vml\Rectangle.cs","name","HorizontalStandard","Property"
"D:\OneDrive\VS\Projects\DocxDocument\DocumentModel.InOpenXml\Vml\Rectangle.cs","name","InsetMode","Property"
"D:\OneDrive\VS\Projects\DocxDocument\DocumentModel.InOpenXml\Vml\Rectangle.cs","name","InsetPen","Property"
"D:\OneDrive\VS\Projects\DocxDocument\DocumentModel.InOpenXml\Vml\Rectangle.cs","name","NormalBlackWhiteMode","Property"
"D:\OneDrive\VS\Projects\DocxDocument\DocumentModel.InOpenXml\Vml\Rectangle.cs","name","Ole","Property"
"D:\OneDrive\VS\Projects\DocxDocument\DocumentModel.InOpenXml\Vml\Rectangle.cs","name","OleIcon","Property"
"D:\OneDrive\VS\Projects\DocxDocument\DocumentModel.InOpenXml\Vml\Rectangle.cs","name","Oned","Property"
"D:\OneDrive\VS\Projects\DocxDocument\DocumentModel.InOpenXml\Vml\Rectangle.cs","name","OptionalNumber","Property"
"D:\OneDrive\VS\Projects\DocxDocument\DocumentModel.InOpenXml\Vml\Rectangle.cs","name","OptionalString","Property"
"D:\OneDrive\VS\Projects\DocxDocument\DocumentModel.InOpenXml\Vml\Rectangle.cs","name","PreferRelative","Property"
"D:\OneDrive\VS\Projects\DocxDocument\DocumentModel.InOpenXml\Vml\Rectangle.cs","name","Print","Property"
"D:\OneDrive\VS\Projects\DocxDocument\DocumentModel.InOpenXml\Vml\Rectangle.cs","name","PureBlackWhiteMode","Property"
"D:\OneDrive\VS\Projects\DocxDocument\DocumentModel.InOpenXml\Vml\Rectangle.cs","name","RegroupId","Property"
"D:\OneDrive\VS\Projects\DocxDocument\DocumentModel.InOpenXml\Vml\Rectangle.cs","name","StrokeColor","Property"
"D:\OneDrive\VS\Projects\DocxDocument\DocumentModel.InOpenXml\Vml\Rectangle.cs","name","Stroked","Property"
"D:\OneDrive\VS\Projects\DocxDocument\DocumentModel.InOpenXml\Vml\Rectangle.cs","name","StrokeWeight","Property"
"D:\OneDrive\VS\Projects\DocxDocument\DocumentModel.InOpenXml\Vml\Rectangle.cs","name","Title","Property"
"D:\OneDrive\VS\Projects\DocxDocument\DocumentModel.InOpenXml\Vml\Rectangle.cs","name","UserDrawn","Property"
"D:\OneDrive\VS\Projects\DocxDocument\DocumentModel.InOpenXml\Vml\Rectangle.cs","name","UserHidden","Property"
"D:\OneDrive\VS\Projects\DocxDocument\DocumentModel.InOpenXml\Vml\Rectangle.cs","name","WrapCoordinates","Property"
"D:\OneDrive\VS\Projects\DocxDocument\DocumentModel.InOpenXml\Vml\Rectangle.cs","Rectangle","Href","Property"
"D:\OneDrive\VS\Projects\DocxDocument\DocumentModel.InOpenXml\Vml\Rectangle.cs","Rectangle","Id","Property"
"D:\OneDrive\VS\Projects\DocxDocument\DocumentModel.InOpenXml\Vml\Rectangle.cs","Rectangle","Style","Property"
"D:\OneDrive\VS\Projects\DocxDocument\DocumentModel.InOpenXml\Vml\Rectangle.cs","Rectangle","Target","Property"
"D:\OneDrive\VS\Projects\DocxDocument\DocumentModel.InOpenXml\Vml\RegroupTable.cs","RegroupTable","Extension","Property"
"D:\OneDrive\VS\Projects\DocxDocument\DocumentModel.InOpenXml\Vml\Relation.cs","Relation","CenterShapeId","Property"
"D:\OneDrive\VS\Projects\DocxDocument\DocumentModel.InOpenXml\Vml\Relation.cs","Relation","DestinationId","Property"
"D:\OneDrive\VS\Projects\DocxDocument\DocumentModel.InOpenXml\Vml\Relation.cs","Relation","Extension","Property"
"D:\OneDrive\VS\Projects\DocxDocument\DocumentModel.InOpenXml\Vml\Relation.cs","Relation","SourceId","Property"
"D:\OneDrive\VS\Projects\DocxDocument\DocumentModel.InOpenXml\Vml\RelationTable.cs","RelationTable","Extension","Property"
"D:\OneDrive\VS\Projects\DocxDocument\DocumentModel.InOpenXml\Vml\RoundRectangle.cs","name","AllowInCell","Property"
"D:\OneDrive\VS\Projects\DocxDocument\DocumentModel.InOpenXml\Vml\RoundRectangle.cs","name","AllowOverlap","Property"
"D:\OneDrive\VS\Projects\DocxDocument\DocumentModel.InOpenXml\Vml\RoundRectangle.cs","name","Alternate","Property"
"D:\OneDrive\VS\Projects\DocxDocument\DocumentModel.InOpenXml\Vml\RoundRectangle.cs","name","ArcSize","Property"
"D:\OneDrive\VS\Projects\DocxDocument\DocumentModel.InOpenXml\Vml\RoundRectangle.cs","name","BlackWhiteMode","Property"
"D:\OneDrive\VS\Projects\DocxDocument\DocumentModel.InOpenXml\Vml\RoundRectangle.cs","name","BorderBottomColor","Property"
"D:\OneDrive\VS\Projects\DocxDocument\DocumentModel.InOpenXml\Vml\RoundRectangle.cs","name","BorderLeftColor","Property"
"D:\OneDrive\VS\Projects\DocxDocument\DocumentModel.InOpenXml\Vml\RoundRectangle.cs","name","BorderRightColor","Property"
"D:\OneDrive\VS\Projects\DocxDocument\DocumentModel.InOpenXml\Vml\RoundRectangle.cs","name","BorderTopColor","Property"
"D:\OneDrive\VS\Projects\DocxDocument\DocumentModel.InOpenXml\Vml\RoundRectangle.cs","name","Bullet","Property"
"D:\OneDrive\VS\Projects\DocxDocument\DocumentModel.InOpenXml\Vml\RoundRectangle.cs","name","Button","Property"
"D:\OneDrive\VS\Projects\DocxDocument\DocumentModel.InOpenXml\Vml\RoundRectangle.cs","name","Class","Property"
"D:\OneDrive\VS\Projects\DocxDocument\DocumentModel.InOpenXml\Vml\RoundRectangle.cs","name","Clip","Property"
"D:\OneDrive\VS\Projects\DocxDocument\DocumentModel.InOpenXml\Vml\RoundRectangle.cs","name","ClipToWrap","Property"
"D:\OneDrive\VS\Projects\DocxDocument\DocumentModel.InOpenXml\Vml\RoundRectangle.cs","name","ConnectorType","Property"
"D:\OneDrive\VS\Projects\DocxDocument\DocumentModel.InOpenXml\Vml\RoundRectangle.cs","name","CoordinateSize","Property"
"D:\OneDrive\VS\Projects\DocxDocument\DocumentModel.InOpenXml\Vml\RoundRectangle.cs","name","DiagramLayout","Property"
"D:\OneDrive\VS\Projects\DocxDocument\DocumentModel.InOpenXml\Vml\RoundRectangle.cs","name","DiagramLayoutMostRecentUsed","Property"
"D:\OneDrive\VS\Projects\DocxDocument\DocumentModel.InOpenXml\Vml\RoundRectangle.cs","name","DiagramNodeKind","Property"
"D:\OneDrive\VS\Projects\DocxDocument\DocumentModel.InOpenXml\Vml\RoundRectangle.cs","name","DoubleClickNotify","Property"
"D:\OneDrive\VS\Projects\DocxDocument\DocumentModel.InOpenXml\Vml\RoundRectangle.cs","name","FillColor","Property"
"D:\OneDrive\VS\Projects\DocxDocument\DocumentModel.InOpenXml\Vml\RoundRectangle.cs","name","Filled","Property"
"D:\OneDrive\VS\Projects\DocxDocument\DocumentModel.InOpenXml\Vml\RoundRectangle.cs","name","ForceDash","Property"
"D:\OneDrive\VS\Projects\DocxDocument\DocumentModel.InOpenXml\Vml\RoundRectangle.cs","name","GfxData","Property"
"D:\OneDrive\VS\Projects\DocxDocument\DocumentModel.InOpenXml\Vml\RoundRectangle.cs","name","Horizontal","Property"
"D:\OneDrive\VS\Projects\DocxDocument\DocumentModel.InOpenXml\Vml\RoundRectangle.cs","name","HorizontalAlignment","Property"
"D:\OneDrive\VS\Projects\DocxDocument\DocumentModel.InOpenXml\Vml\RoundRectangle.cs","name","HorizontalNoShade","Property"
"D:\OneDrive\VS\Projects\DocxDocument\DocumentModel.InOpenXml\Vml\RoundRectangle.cs","name","HorizontalPercentage","Property"
"D:\OneDrive\VS\Projects\DocxDocument\DocumentModel.InOpenXml\Vml\RoundRectangle.cs","name","HorizontalStandard","Property"
"D:\OneDrive\VS\Projects\DocxDocument\DocumentModel.InOpenXml\Vml\RoundRectangle.cs","name","InsetMode","Property"
"D:\OneDrive\VS\Projects\DocxDocument\DocumentModel.InOpenXml\Vml\RoundRectangle.cs","name","InsetPen","Property"
"D:\OneDrive\VS\Projects\DocxDocument\DocumentModel.InOpenXml\Vml\RoundRectangle.cs","name","NormalBlackWhiteMode","Property"
"D:\OneDrive\VS\Projects\DocxDocument\DocumentModel.InOpenXml\Vml\RoundRectangle.cs","name","Ole","Property"
"D:\OneDrive\VS\Projects\DocxDocument\DocumentModel.InOpenXml\Vml\RoundRectangle.cs","name","OleIcon","Property"
"D:\OneDrive\VS\Projects\DocxDocument\DocumentModel.InOpenXml\Vml\RoundRectangle.cs","name","Oned","Property"
"D:\OneDrive\VS\Projects\DocxDocument\DocumentModel.InOpenXml\Vml\RoundRectangle.cs","name","OptionalNumber","Property"
"D:\OneDrive\VS\Projects\DocxDocument\DocumentModel.InOpenXml\Vml\RoundRectangle.cs","name","OptionalString","Property"
"D:\OneDrive\VS\Projects\DocxDocument\DocumentModel.InOpenXml\Vml\RoundRectangle.cs","name","PreferRelative","Property"
"D:\OneDrive\VS\Projects\DocxDocument\DocumentModel.InOpenXml\Vml\RoundRectangle.cs","name","Print","Property"
"D:\OneDrive\VS\Projects\DocxDocument\DocumentModel.InOpenXml\Vml\RoundRectangle.cs","name","PureBlackWhiteMode","Property"
"D:\OneDrive\VS\Projects\DocxDocument\DocumentModel.InOpenXml\Vml\RoundRectangle.cs","name","RegroupId","Property"
"D:\OneDrive\VS\Projects\DocxDocument\DocumentModel.InOpenXml\Vml\RoundRectangle.cs","name","StrokeColor","Property"
"D:\OneDrive\VS\Projects\DocxDocument\DocumentModel.InOpenXml\Vml\RoundRectangle.cs","name","Stroked","Property"
"D:\OneDrive\VS\Projects\DocxDocument\DocumentModel.InOpenXml\Vml\RoundRectangle.cs","name","StrokeWeight","Property"
"D:\OneDrive\VS\Projects\DocxDocument\DocumentModel.InOpenXml\Vml\RoundRectangle.cs","name","Title","Property"
"D:\OneDrive\VS\Projects\DocxDocument\DocumentModel.InOpenXml\Vml\RoundRectangle.cs","name","UserDrawn","Property"
"D:\OneDrive\VS\Projects\DocxDocument\DocumentModel.InOpenXml\Vml\RoundRectangle.cs","name","UserHidden","Property"
"D:\OneDrive\VS\Projects\DocxDocument\DocumentModel.InOpenXml\Vml\RoundRectangle.cs","name","WrapCoordinates","Property"
"D:\OneDrive\VS\Projects\DocxDocument\DocumentModel.InOpenXml\Vml\RoundRectangle.cs","RoundRectangle","Href","Property"
"D:\OneDrive\VS\Projects\DocxDocument\DocumentModel.InOpenXml\Vml\RoundRectangle.cs","RoundRectangle","Id","Property"
"D:\OneDrive\VS\Projects\DocxDocument\DocumentModel.InOpenXml\Vml\RoundRectangle.cs","RoundRectangle","Style","Property"
"D:\OneDrive\VS\Projects\DocxDocument\DocumentModel.InOpenXml\Vml\RoundRectangle.cs","RoundRectangle","Target","Property"
"D:\OneDrive\VS\Projects\DocxDocument\DocumentModel.InOpenXml\Vml\Rule.cs","Rule","How","Property"
"D:\OneDrive\VS\Projects\DocxDocument\DocumentModel.InOpenXml\Vml\Rule.cs","Rule","Id","Property"
"D:\OneDrive\VS\Projects\DocxDocument\DocumentModel.InOpenXml\Vml\Rule.cs","Rule","ShapeReference","Property"
"D:\OneDrive\VS\Projects\DocxDocument\DocumentModel.InOpenXml\Vml\Rule.cs","Rule","Type","Property"
"D:\OneDrive\VS\Projects\DocxDocument\DocumentModel.InOpenXml\Vml\Shadow.cs","Shadow","Color","Property"
"D:\OneDrive\VS\Projects\DocxDocument\DocumentModel.InOpenXml\Vml\Shadow.cs","Shadow","Color2","Property"
"D:\OneDrive\VS\Projects\DocxDocument\DocumentModel.InOpenXml\Vml\Shadow.cs","Shadow","Id","Property"
"D:\OneDrive\VS\Projects\DocxDocument\DocumentModel.InOpenXml\Vml\Shadow.cs","Shadow","Matrix","Property"
"D:\OneDrive\VS\Projects\DocxDocument\DocumentModel.InOpenXml\Vml\Shadow.cs","Shadow","Obscured","Property"
"D:\OneDrive\VS\Projects\DocxDocument\DocumentModel.InOpenXml\Vml\Shadow.cs","Shadow","Offset","Property"
"D:\OneDrive\VS\Projects\DocxDocument\DocumentModel.InOpenXml\Vml\Shadow.cs","Shadow","Offset2","Property"
"D:\OneDrive\VS\Projects\DocxDocument\DocumentModel.InOpenXml\Vml\Shadow.cs","Shadow","On","Property"
"D:\OneDrive\VS\Projects\DocxDocument\DocumentModel.InOpenXml\Vml\Shadow.cs","Shadow","Opacity","Property"
"D:\OneDrive\VS\Projects\DocxDocument\DocumentModel.InOpenXml\Vml\Shadow.cs","Shadow","Origin","Property"
"D:\OneDrive\VS\Projects\DocxDocument\DocumentModel.InOpenXml\Vml\Shadow.cs","Shadow","Type","Property"
"D:\OneDrive\VS\Projects\DocxDocument\DocumentModel.InOpenXml\Vml\Shape.cs","name","Adjustment","Property"
"D:\OneDrive\VS\Projects\DocxDocument\DocumentModel.InOpenXml\Vml\Shape.cs","name","AllowInCell","Property"
"D:\OneDrive\VS\Projects\DocxDocument\DocumentModel.InOpenXml\Vml\Shape.cs","name","AllowOverlap","Property"
"D:\OneDrive\VS\Projects\DocxDocument\DocumentModel.InOpenXml\Vml\Shape.cs","name","Alternate","Property"
"D:\OneDrive\VS\Projects\DocxDocument\DocumentModel.InOpenXml\Vml\Shape.cs","name","BlackWhiteMode","Property"
"D:\OneDrive\VS\Projects\DocxDocument\DocumentModel.InOpenXml\Vml\Shape.cs","name","BorderBottomColor","Property"
"D:\OneDrive\VS\Projects\DocxDocument\DocumentModel.InOpenXml\Vml\Shape.cs","name","BorderLeftColor","Property"
"D:\OneDrive\VS\Projects\DocxDocument\DocumentModel.InOpenXml\Vml\Shape.cs","name","BorderRightColor","Property"
"D:\OneDrive\VS\Projects\DocxDocument\DocumentModel.InOpenXml\Vml\Shape.cs","name","BorderTopColor","Property"
"D:\OneDrive\VS\Projects\DocxDocument\DocumentModel.InOpenXml\Vml\Shape.cs","name","Bullet","Property"
"D:\OneDrive\VS\Projects\DocxDocument\DocumentModel.InOpenXml\Vml\Shape.cs","name","Button","Property"
"D:\OneDrive\VS\Projects\DocxDocument\DocumentModel.InOpenXml\Vml\Shape.cs","name","Class","Property"
"D:\OneDrive\VS\Projects\DocxDocument\DocumentModel.InOpenXml\Vml\Shape.cs","name","Clip","Property"
"D:\OneDrive\VS\Projects\DocxDocument\DocumentModel.InOpenXml\Vml\Shape.cs","name","ClipToWrap","Property"
"D:\OneDrive\VS\Projects\DocxDocument\DocumentModel.InOpenXml\Vml\Shape.cs","name","ConnectorType","Property"
"D:\OneDrive\VS\Projects\DocxDocument\DocumentModel.InOpenXml\Vml\Shape.cs","name","CoordinateOrigin","Property"
"D:\OneDrive\VS\Projects\DocxDocument\DocumentModel.InOpenXml\Vml\Shape.cs","name","CoordinateSize","Property"
"D:\OneDrive\VS\Projects\DocxDocument\DocumentModel.InOpenXml\Vml\Shape.cs","name","DiagramLayout","Property"
"D:\OneDrive\VS\Projects\DocxDocument\DocumentModel.InOpenXml\Vml\Shape.cs","name","DiagramLayoutMostRecentUsed","Property"
"D:\OneDrive\VS\Projects\DocxDocument\DocumentModel.InOpenXml\Vml\Shape.cs","name","DiagramNodeKind","Property"
"D:\OneDrive\VS\Projects\DocxDocument\DocumentModel.InOpenXml\Vml\Shape.cs","name","DoubleClickNotify","Property"
"D:\OneDrive\VS\Projects\DocxDocument\DocumentModel.InOpenXml\Vml\Shape.cs","name","EdgePath","Property"
"D:\OneDrive\VS\Projects\DocxDocument\DocumentModel.InOpenXml\Vml\Shape.cs","name","EncodedPackage","Property"
"D:\OneDrive\VS\Projects\DocxDocument\DocumentModel.InOpenXml\Vml\Shape.cs","name","EquationXml","Property"
"D:\OneDrive\VS\Projects\DocxDocument\DocumentModel.InOpenXml\Vml\Shape.cs","name","FillColor","Property"
"D:\OneDrive\VS\Projects\DocxDocument\DocumentModel.InOpenXml\Vml\Shape.cs","name","Filled","Property"
"D:\OneDrive\VS\Projects\DocxDocument\DocumentModel.InOpenXml\Vml\Shape.cs","name","ForceDash","Property"
"D:\OneDrive\VS\Projects\DocxDocument\DocumentModel.InOpenXml\Vml\Shape.cs","name","Horizontal","Property"
"D:\OneDrive\VS\Projects\DocxDocument\DocumentModel.InOpenXml\Vml\Shape.cs","name","HorizontalAlignment","Property"
"D:\OneDrive\VS\Projects\DocxDocument\DocumentModel.InOpenXml\Vml\Shape.cs","name","HorizontalNoShade","Property"
"D:\OneDrive\VS\Projects\DocxDocument\DocumentModel.InOpenXml\Vml\Shape.cs","name","HorizontalPercentage","Property"
"D:\OneDrive\VS\Projects\DocxDocument\DocumentModel.InOpenXml\Vml\Shape.cs","name","HorizontalStandard","Property"
"D:\OneDrive\VS\Projects\DocxDocument\DocumentModel.InOpenXml\Vml\Shape.cs","name","InsetMode","Property"
"D:\OneDrive\VS\Projects\DocxDocument\DocumentModel.InOpenXml\Vml\Shape.cs","name","InsetPen","Property"
"D:\OneDrive\VS\Projects\DocxDocument\DocumentModel.InOpenXml\Vml\Shape.cs","name","NormalBlackWhiteMode","Property"
"D:\OneDrive\VS\Projects\DocxDocument\DocumentModel.InOpenXml\Vml\Shape.cs","name","Ole","Property"
"D:\OneDrive\VS\Projects\DocxDocument\DocumentModel.InOpenXml\Vml\Shape.cs","name","OleIcon","Property"
"D:\OneDrive\VS\Projects\DocxDocument\DocumentModel.InOpenXml\Vml\Shape.cs","name","Oned","Property"
"D:\OneDrive\VS\Projects\DocxDocument\DocumentModel.InOpenXml\Vml\Shape.cs","name","OptionalNumber","Property"
"D:\OneDrive\VS\Projects\DocxDocument\DocumentModel.InOpenXml\Vml\Shape.cs","name","OptionalString","Property"
"D:\OneDrive\VS\Projects\DocxDocument\DocumentModel.InOpenXml\Vml\Shape.cs","name","PreferRelative","Property"
"D:\OneDrive\VS\Projects\DocxDocument\DocumentModel.InOpenXml\Vml\Shape.cs","name","Print","Property"
"D:\OneDrive\VS\Projects\DocxDocument\DocumentModel.InOpenXml\Vml\Shape.cs","name","PureBlackWhiteMode","Property"
"D:\OneDrive\VS\Projects\DocxDocument\DocumentModel.InOpenXml\Vml\Shape.cs","name","RegroupId","Property"
"D:\OneDrive\VS\Projects\DocxDocument\DocumentModel.InOpenXml\Vml\Shape.cs","name","StrokeColor","Property"
"D:\OneDrive\VS\Projects\DocxDocument\DocumentModel.InOpenXml\Vml\Shape.cs","name","Stroked","Property"
"D:\OneDrive\VS\Projects\DocxDocument\DocumentModel.InOpenXml\Vml\Shape.cs","name","StrokeWeight","Property"
"D:\OneDrive\VS\Projects\DocxDocument\DocumentModel.InOpenXml\Vml\Shape.cs","name","Title","Property"
"D:\OneDrive\VS\Projects\DocxDocument\DocumentModel.InOpenXml\Vml\Shape.cs","name","Type","Property"
"D:\OneDrive\VS\Projects\DocxDocument\DocumentModel.InOpenXml\Vml\Shape.cs","name","UserDrawn","Property"
"D:\OneDrive\VS\Projects\DocxDocument\DocumentModel.InOpenXml\Vml\Shape.cs","name","UserHidden","Property"
"D:\OneDrive\VS\Projects\DocxDocument\DocumentModel.InOpenXml\Vml\Shape.cs","name","WrapCoordinates","Property"
"D:\OneDrive\VS\Projects\DocxDocument\DocumentModel.InOpenXml\Vml\Shape.cs","Shape","Href","Property"
"D:\OneDrive\VS\Projects\DocxDocument\DocumentModel.InOpenXml\Vml\Shape.cs","Shape","Id","Property"
"D:\OneDrive\VS\Projects\DocxDocument\DocumentModel.InOpenXml\Vml\Shape.cs","Shape","Style","Property"
"D:\OneDrive\VS\Projects\DocxDocument\DocumentModel.InOpenXml\Vml\Shape.cs","Shape","Target","Property"
"D:\OneDrive\VS\Projects\DocxDocument\DocumentModel.InOpenXml\Vml\ShapeHandle.cs","ShapeHandle","InvertX","Property"
"D:\OneDrive\VS\Projects\DocxDocument\DocumentModel.InOpenXml\Vml\ShapeHandle.cs","ShapeHandle","InvertY","Property"
"D:\OneDrive\VS\Projects\DocxDocument\DocumentModel.InOpenXml\Vml\ShapeHandle.cs","ShapeHandle","Map","Property"
"D:\OneDrive\VS\Projects\DocxDocument\DocumentModel.InOpenXml\Vml\ShapeHandle.cs","ShapeHandle","Polar","Property"
"D:\OneDrive\VS\Projects\DocxDocument\DocumentModel.InOpenXml\Vml\ShapeHandle.cs","ShapeHandle","Position","Property"
"D:\OneDrive\VS\Projects\DocxDocument\DocumentModel.InOpenXml\Vml\ShapeHandle.cs","ShapeHandle","RadiusRange","Property"
"D:\OneDrive\VS\Projects\DocxDocument\DocumentModel.InOpenXml\Vml\ShapeHandle.cs","ShapeHandle","Switch","Property"
"D:\OneDrive\VS\Projects\DocxDocument\DocumentModel.InOpenXml\Vml\ShapeHandle.cs","ShapeHandle","XRange","Property"
"D:\OneDrive\VS\Projects\DocxDocument\DocumentModel.InOpenXml\Vml\ShapeHandle.cs","ShapeHandle","YRange","Property"
"D:\OneDrive\VS\Projects\DocxDocument\DocumentModel.InOpenXml\Vml\ShapeIdMap.cs","ShapeIdMap","Data","Property"
"D:\OneDrive\VS\Projects\DocxDocument\DocumentModel.InOpenXml\Vml\ShapeIdMap.cs","ShapeIdMap","Extension","Property"
"D:\OneDrive\VS\Projects\DocxDocument\DocumentModel.InOpenXml\Vml\ShapeType.cs","reference","Adjustment","Property"
"D:\OneDrive\VS\Projects\DocxDocument\DocumentModel.InOpenXml\Vml\ShapeType.cs","reference","AllowInCell","Property"
"D:\OneDrive\VS\Projects\DocxDocument\DocumentModel.InOpenXml\Vml\ShapeType.cs","reference","AllowOverlap","Property"
"D:\OneDrive\VS\Projects\DocxDocument\DocumentModel.InOpenXml\Vml\ShapeType.cs","reference","Alternate","Property"
"D:\OneDrive\VS\Projects\DocxDocument\DocumentModel.InOpenXml\Vml\ShapeType.cs","reference","BlackWhiteMode","Property"
"D:\OneDrive\VS\Projects\DocxDocument\DocumentModel.InOpenXml\Vml\ShapeType.cs","reference","BorderBottomColor","Property"
"D:\OneDrive\VS\Projects\DocxDocument\DocumentModel.InOpenXml\Vml\ShapeType.cs","reference","BorderLeftColor","Property"
"D:\OneDrive\VS\Projects\DocxDocument\DocumentModel.InOpenXml\Vml\ShapeType.cs","reference","BorderRightColor","Property"
"D:\OneDrive\VS\Projects\DocxDocument\DocumentModel.InOpenXml\Vml\ShapeType.cs","reference","BorderTopColor","Property"
"D:\OneDrive\VS\Projects\DocxDocument\DocumentModel.InOpenXml\Vml\ShapeType.cs","reference","Bullet","Property"
"D:\OneDrive\VS\Projects\DocxDocument\DocumentModel.InOpenXml\Vml\ShapeType.cs","reference","Button","Property"
"D:\OneDrive\VS\Projects\DocxDocument\DocumentModel.InOpenXml\Vml\ShapeType.cs","reference","Class","Property"
"D:\OneDrive\VS\Projects\DocxDocument\DocumentModel.InOpenXml\Vml\ShapeType.cs","reference","Clip","Property"
"D:\OneDrive\VS\Projects\DocxDocument\DocumentModel.InOpenXml\Vml\ShapeType.cs","reference","ClipToWrap","Property"
"D:\OneDrive\VS\Projects\DocxDocument\DocumentModel.InOpenXml\Vml\ShapeType.cs","reference","ConnectorType","Property"
"D:\OneDrive\VS\Projects\DocxDocument\DocumentModel.InOpenXml\Vml\ShapeType.cs","reference","CoordinateOrigin","Property"
"D:\OneDrive\VS\Projects\DocxDocument\DocumentModel.InOpenXml\Vml\ShapeType.cs","reference","CoordinateSize","Property"
"D:\OneDrive\VS\Projects\DocxDocument\DocumentModel.InOpenXml\Vml\ShapeType.cs","reference","DiagramLayout","Property"
"D:\OneDrive\VS\Projects\DocxDocument\DocumentModel.InOpenXml\Vml\ShapeType.cs","reference","DiagramLayoutMostRecentUsed","Property"
"D:\OneDrive\VS\Projects\DocxDocument\DocumentModel.InOpenXml\Vml\ShapeType.cs","reference","DiagramNodeKind","Property"
"D:\OneDrive\VS\Projects\DocxDocument\DocumentModel.InOpenXml\Vml\ShapeType.cs","reference","DoubleClickNotify","Property"
"D:\OneDrive\VS\Projects\DocxDocument\DocumentModel.InOpenXml\Vml\ShapeType.cs","reference","EdgePath","Property"
"D:\OneDrive\VS\Projects\DocxDocument\DocumentModel.InOpenXml\Vml\ShapeType.cs","reference","FillColor","Property"
"D:\OneDrive\VS\Projects\DocxDocument\DocumentModel.InOpenXml\Vml\ShapeType.cs","reference","Filled","Property"
"D:\OneDrive\VS\Projects\DocxDocument\DocumentModel.InOpenXml\Vml\ShapeType.cs","reference","ForceDash","Property"
"D:\OneDrive\VS\Projects\DocxDocument\DocumentModel.InOpenXml\Vml\ShapeType.cs","reference","Horizontal","Property"
"D:\OneDrive\VS\Projects\DocxDocument\DocumentModel.InOpenXml\Vml\ShapeType.cs","reference","HorizontalAlignment","Property"
"D:\OneDrive\VS\Projects\DocxDocument\DocumentModel.InOpenXml\Vml\ShapeType.cs","reference","HorizontalNoShade","Property"
"D:\OneDrive\VS\Projects\DocxDocument\DocumentModel.InOpenXml\Vml\ShapeType.cs","reference","HorizontalPercentage","Property"
"D:\OneDrive\VS\Projects\DocxDocument\DocumentModel.InOpenXml\Vml\ShapeType.cs","reference","HorizontalStandard","Property"
"D:\OneDrive\VS\Projects\DocxDocument\DocumentModel.InOpenXml\Vml\ShapeType.cs","reference","InsetMode","Property"
"D:\OneDrive\VS\Projects\DocxDocument\DocumentModel.InOpenXml\Vml\ShapeType.cs","reference","InsetPen","Property"
"D:\OneDrive\VS\Projects\DocxDocument\DocumentModel.InOpenXml\Vml\ShapeType.cs","reference","Master","Property"
"D:\OneDrive\VS\Projects\DocxDocument\DocumentModel.InOpenXml\Vml\ShapeType.cs","reference","NormalBlackWhiteMode","Property"
"D:\OneDrive\VS\Projects\DocxDocument\DocumentModel.InOpenXml\Vml\ShapeType.cs","reference","Ole","Property"
"D:\OneDrive\VS\Projects\DocxDocument\DocumentModel.InOpenXml\Vml\ShapeType.cs","reference","OleIcon","Property"
"D:\OneDrive\VS\Projects\DocxDocument\DocumentModel.InOpenXml\Vml\ShapeType.cs","reference","Oned","Property"
"D:\OneDrive\VS\Projects\DocxDocument\DocumentModel.InOpenXml\Vml\ShapeType.cs","reference","OptionalNumber","Property"
"D:\OneDrive\VS\Projects\DocxDocument\DocumentModel.InOpenXml\Vml\ShapeType.cs","reference","OptionalString","Property"
"D:\OneDrive\VS\Projects\DocxDocument\DocumentModel.InOpenXml\Vml\ShapeType.cs","reference","PreferRelative","Property"
"D:\OneDrive\VS\Projects\DocxDocument\DocumentModel.InOpenXml\Vml\ShapeType.cs","reference","Print","Property"
"D:\OneDrive\VS\Projects\DocxDocument\DocumentModel.InOpenXml\Vml\ShapeType.cs","reference","PureBlackWhiteMode","Property"
"D:\OneDrive\VS\Projects\DocxDocument\DocumentModel.InOpenXml\Vml\ShapeType.cs","reference","RegroupId","Property"
"D:\OneDrive\VS\Projects\DocxDocument\DocumentModel.InOpenXml\Vml\ShapeType.cs","reference","StrokeColor","Property"
"D:\OneDrive\VS\Projects\DocxDocument\DocumentModel.InOpenXml\Vml\ShapeType.cs","reference","Stroked","Property"
"D:\OneDrive\VS\Projects\DocxDocument\DocumentModel.InOpenXml\Vml\ShapeType.cs","reference","StrokeWeight","Property"
"D:\OneDrive\VS\Projects\DocxDocument\DocumentModel.InOpenXml\Vml\ShapeType.cs","reference","Title","Property"
"D:\OneDrive\VS\Projects\DocxDocument\DocumentModel.InOpenXml\Vml\ShapeType.cs","reference","UserDrawn","Property"
"D:\OneDrive\VS\Projects\DocxDocument\DocumentModel.InOpenXml\Vml\ShapeType.cs","reference","UserHidden","Property"
"D:\OneDrive\VS\Projects\DocxDocument\DocumentModel.InOpenXml\Vml\ShapeType.cs","reference","WrapCoordinates","Property"
"D:\OneDrive\VS\Projects\DocxDocument\DocumentModel.InOpenXml\Vml\ShapeType.cs","ShapeType","Href","Property"
"D:\OneDrive\VS\Projects\DocxDocument\DocumentModel.InOpenXml\Vml\ShapeType.cs","ShapeType","Id","Property"
"D:\OneDrive\VS\Projects\DocxDocument\DocumentModel.InOpenXml\Vml\ShapeType.cs","ShapeType","Style","Property"
"D:\OneDrive\VS\Projects\DocxDocument\DocumentModel.InOpenXml\Vml\ShapeType.cs","ShapeType","Target","Property"
"D:\OneDrive\VS\Projects\DocxDocument\DocumentModel.InOpenXml\Vml\SignatureLine.cs","SignatureLine","AdditionalXml","Property"
"D:\OneDrive\VS\Projects\DocxDocument\DocumentModel.InOpenXml\Vml\SignatureLine.cs","SignatureLine","AllowComments","Property"
"D:\OneDrive\VS\Projects\DocxDocument\DocumentModel.InOpenXml\Vml\SignatureLine.cs","SignatureLine","Extension","Property"
"D:\OneDrive\VS\Projects\DocxDocument\DocumentModel.InOpenXml\Vml\SignatureLine.cs","SignatureLine","Id","Property"
"D:\OneDrive\VS\Projects\DocxDocument\DocumentModel.InOpenXml\Vml\SignatureLine.cs","SignatureLine","IsSignatureLine","Property"
"D:\OneDrive\VS\Projects\DocxDocument\DocumentModel.InOpenXml\Vml\SignatureLine.cs","SignatureLine","ProviderId","Property"
"D:\OneDrive\VS\Projects\DocxDocument\DocumentModel.InOpenXml\Vml\SignatureLine.cs","SignatureLine","ShowSignDate","Property"
"D:\OneDrive\VS\Projects\DocxDocument\DocumentModel.InOpenXml\Vml\SignatureLine.cs","SignatureLine","SignatureProviderUrl","Property"
"D:\OneDrive\VS\Projects\DocxDocument\DocumentModel.InOpenXml\Vml\SignatureLine.cs","SignatureLine","SigningInstructions","Property"
"D:\OneDrive\VS\Projects\DocxDocument\DocumentModel.InOpenXml\Vml\SignatureLine.cs","SignatureLine","SigningInstructionsSet","Property"
"D:\OneDrive\VS\Projects\DocxDocument\DocumentModel.InOpenXml\Vml\SignatureLine.cs","SignatureLine","SuggestedSigner","Property"
"D:\OneDrive\VS\Projects\DocxDocument\DocumentModel.InOpenXml\Vml\SignatureLine.cs","SignatureLine","SuggestedSigner2","Property"
"D:\OneDrive\VS\Projects\DocxDocument\DocumentModel.InOpenXml\Vml\SignatureLine.cs","SignatureLine","SuggestedSignerEmail","Property"
"D:\OneDrive\VS\Projects\DocxDocument\DocumentModel.InOpenXml\Vml\Skew.cs","Skew","Extension","Property"
"D:\OneDrive\VS\Projects\DocxDocument\DocumentModel.InOpenXml\Vml\Skew.cs","Skew","Id","Property"
"D:\OneDrive\VS\Projects\DocxDocument\DocumentModel.InOpenXml\Vml\Skew.cs","Skew","Matrix","Property"
"D:\OneDrive\VS\Projects\DocxDocument\DocumentModel.InOpenXml\Vml\Skew.cs","Skew","Offset","Property"
"D:\OneDrive\VS\Projects\DocxDocument\DocumentModel.InOpenXml\Vml\Skew.cs","Skew","On","Property"
"D:\OneDrive\VS\Projects\DocxDocument\DocumentModel.InOpenXml\Vml\Skew.cs","Skew","Origin","Property"
"D:\OneDrive\VS\Projects\DocxDocument\DocumentModel.InOpenXml\Vml\Stroke.cs","Stroke","AlternateImageReference","Property"
"D:\OneDrive\VS\Projects\DocxDocument\DocumentModel.InOpenXml\Vml\Stroke.cs","Stroke","BottomStroke","Property"
"D:\OneDrive\VS\Projects\DocxDocument\DocumentModel.InOpenXml\Vml\Stroke.cs","Stroke","Color","Property"
"D:\OneDrive\VS\Projects\DocxDocument\DocumentModel.InOpenXml\Vml\Stroke.cs","Stroke","Color2","Property"
"D:\OneDrive\VS\Projects\DocxDocument\DocumentModel.InOpenXml\Vml\Stroke.cs","Stroke","ColumnStroke","Property"
"D:\OneDrive\VS\Projects\DocxDocument\DocumentModel.InOpenXml\Vml\Stroke.cs","Stroke","DashStyle","Property"
"D:\OneDrive\VS\Projects\DocxDocument\DocumentModel.InOpenXml\Vml\Stroke.cs","Stroke","EndArrow","Property"
"D:\OneDrive\VS\Projects\DocxDocument\DocumentModel.InOpenXml\Vml\Stroke.cs","Stroke","EndArrowLength","Property"
"D:\OneDrive\VS\Projects\DocxDocument\DocumentModel.InOpenXml\Vml\Stroke.cs","Stroke","EndArrowWidth","Property"
"D:\OneDrive\VS\Projects\DocxDocument\DocumentModel.InOpenXml\Vml\Stroke.cs","Stroke","EndCap","Property"
"D:\OneDrive\VS\Projects\DocxDocument\DocumentModel.InOpenXml\Vml\Stroke.cs","Stroke","FillType","Property"
"D:\OneDrive\VS\Projects\DocxDocument\DocumentModel.InOpenXml\Vml\Stroke.cs","Stroke","ForceDash","Property"
"D:\OneDrive\VS\Projects\DocxDocument\DocumentModel.InOpenXml\Vml\Stroke.cs","Stroke","Href","Property"
"D:\OneDrive\VS\Projects\DocxDocument\DocumentModel.InOpenXml\Vml\Stroke.cs","Stroke","Id","Property"
"D:\OneDrive\VS\Projects\DocxDocument\DocumentModel.InOpenXml\Vml\Stroke.cs","Stroke","ImageAlignShape","Property"
"D:\OneDrive\VS\Projects\DocxDocument\DocumentModel.InOpenXml\Vml\Stroke.cs","Stroke","ImageAspect","Property"
"D:\OneDrive\VS\Projects\DocxDocument\DocumentModel.InOpenXml\Vml\Stroke.cs","Stroke","ImageSize","Property"
"D:\OneDrive\VS\Projects\DocxDocument\DocumentModel.InOpenXml\Vml\Stroke.cs","Stroke","Insetpen","Property"
"D:\OneDrive\VS\Projects\DocxDocument\DocumentModel.InOpenXml\Vml\Stroke.cs","Stroke","JoinStyle","Property"
"D:\OneDrive\VS\Projects\DocxDocument\DocumentModel.InOpenXml\Vml\Stroke.cs","Stroke","LeftStroke","Property"
"D:\OneDrive\VS\Projects\DocxDocument\DocumentModel.InOpenXml\Vml\Stroke.cs","Stroke","LineStyle","Property"
"D:\OneDrive\VS\Projects\DocxDocument\DocumentModel.InOpenXml\Vml\Stroke.cs","Stroke","MiterLimit","Property"
"D:\OneDrive\VS\Projects\DocxDocument\DocumentModel.InOpenXml\Vml\Stroke.cs","Stroke","On","Property"
"D:\OneDrive\VS\Projects\DocxDocument\DocumentModel.InOpenXml\Vml\Stroke.cs","Stroke","Opacity","Property"
"D:\OneDrive\VS\Projects\DocxDocument\DocumentModel.InOpenXml\Vml\Stroke.cs","Stroke","RelationshipId","Property"
"D:\OneDrive\VS\Projects\DocxDocument\DocumentModel.InOpenXml\Vml\Stroke.cs","Stroke","RightStroke","Property"
"D:\OneDrive\VS\Projects\DocxDocument\DocumentModel.InOpenXml\Vml\Stroke.cs","Stroke","Source","Property"
"D:\OneDrive\VS\Projects\DocxDocument\DocumentModel.InOpenXml\Vml\Stroke.cs","Stroke","StartArrow","Property"
"D:\OneDrive\VS\Projects\DocxDocument\DocumentModel.InOpenXml\Vml\Stroke.cs","Stroke","StartArrowLength","Property"
"D:\OneDrive\VS\Projects\DocxDocument\DocumentModel.InOpenXml\Vml\Stroke.cs","Stroke","StartArrowWidth","Property"
"D:\OneDrive\VS\Projects\DocxDocument\DocumentModel.InOpenXml\Vml\Stroke.cs","Stroke","Title","Property"
"D:\OneDrive\VS\Projects\DocxDocument\DocumentModel.InOpenXml\Vml\Stroke.cs","Stroke","TopStroke","Property"
"D:\OneDrive\VS\Projects\DocxDocument\DocumentModel.InOpenXml\Vml\Stroke.cs","Stroke","Weight","Property"
"D:\OneDrive\VS\Projects\DocxDocument\DocumentModel.InOpenXml\Vml\StrokeChildType.cs","StrokeChildType","AlternateImageReference","Property"
"D:\OneDrive\VS\Projects\DocxDocument\DocumentModel.InOpenXml\Vml\StrokeChildType.cs","StrokeChildType","Color","Property"
"D:\OneDrive\VS\Projects\DocxDocument\DocumentModel.InOpenXml\Vml\StrokeChildType.cs","StrokeChildType","Color2","Property"
"D:\OneDrive\VS\Projects\DocxDocument\DocumentModel.InOpenXml\Vml\StrokeChildType.cs","StrokeChildType","DashStyle","Property"
"D:\OneDrive\VS\Projects\DocxDocument\DocumentModel.InOpenXml\Vml\StrokeChildType.cs","StrokeChildType","EndArrow","Property"
"D:\OneDrive\VS\Projects\DocxDocument\DocumentModel.InOpenXml\Vml\StrokeChildType.cs","StrokeChildType","EndArrowLength","Property"
"D:\OneDrive\VS\Projects\DocxDocument\DocumentModel.InOpenXml\Vml\StrokeChildType.cs","StrokeChildType","EndArrowWidth","Property"
"D:\OneDrive\VS\Projects\DocxDocument\DocumentModel.InOpenXml\Vml\StrokeChildType.cs","StrokeChildType","EndCap","Property"
"D:\OneDrive\VS\Projects\DocxDocument\DocumentModel.InOpenXml\Vml\StrokeChildType.cs","StrokeChildType","Extension","Property"
"D:\OneDrive\VS\Projects\DocxDocument\DocumentModel.InOpenXml\Vml\StrokeChildType.cs","StrokeChildType","FillType","Property"
"D:\OneDrive\VS\Projects\DocxDocument\DocumentModel.InOpenXml\Vml\StrokeChildType.cs","StrokeChildType","ForceDash","Property"
"D:\OneDrive\VS\Projects\DocxDocument\DocumentModel.InOpenXml\Vml\StrokeChildType.cs","StrokeChildType","Href","Property"
"D:\OneDrive\VS\Projects\DocxDocument\DocumentModel.InOpenXml\Vml\StrokeChildType.cs","StrokeChildType","ImageAlignShape","Property"
"D:\OneDrive\VS\Projects\DocxDocument\DocumentModel.InOpenXml\Vml\StrokeChildType.cs","StrokeChildType","ImageAspect","Property"
"D:\OneDrive\VS\Projects\DocxDocument\DocumentModel.InOpenXml\Vml\StrokeChildType.cs","StrokeChildType","ImageSize","Property"
"D:\OneDrive\VS\Projects\DocxDocument\DocumentModel.InOpenXml\Vml\StrokeChildType.cs","StrokeChildType","InsetPen","Property"
"D:\OneDrive\VS\Projects\DocxDocument\DocumentModel.InOpenXml\Vml\StrokeChildType.cs","StrokeChildType","JoinStyle","Property"
"D:\OneDrive\VS\Projects\DocxDocument\DocumentModel.InOpenXml\Vml\StrokeChildType.cs","StrokeChildType","LineStyle","Property"
"D:\OneDrive\VS\Projects\DocxDocument\DocumentModel.InOpenXml\Vml\StrokeChildType.cs","StrokeChildType","MiterLimit","Property"
"D:\OneDrive\VS\Projects\DocxDocument\DocumentModel.InOpenXml\Vml\StrokeChildType.cs","StrokeChildType","On","Property"
"D:\OneDrive\VS\Projects\DocxDocument\DocumentModel.InOpenXml\Vml\StrokeChildType.cs","StrokeChildType","Opacity","Property"
"D:\OneDrive\VS\Projects\DocxDocument\DocumentModel.InOpenXml\Vml\StrokeChildType.cs","StrokeChildType","Source","Property"
"D:\OneDrive\VS\Projects\DocxDocument\DocumentModel.InOpenXml\Vml\StrokeChildType.cs","StrokeChildType","StartArrow","Property"
"D:\OneDrive\VS\Projects\DocxDocument\DocumentModel.InOpenXml\Vml\StrokeChildType.cs","StrokeChildType","StartArrowLength","Property"
"D:\OneDrive\VS\Projects\DocxDocument\DocumentModel.InOpenXml\Vml\StrokeChildType.cs","StrokeChildType","StartArrowWidth","Property"
"D:\OneDrive\VS\Projects\DocxDocument\DocumentModel.InOpenXml\Vml\StrokeChildType.cs","StrokeChildType","Title","Property"
"D:\OneDrive\VS\Projects\DocxDocument\DocumentModel.InOpenXml\Vml\StrokeChildType.cs","StrokeChildType","Weight","Property"
"D:\OneDrive\VS\Projects\DocxDocument\DocumentModel.InOpenXml\Vml\TextBox.cs","TextBox","Id","Property"
"D:\OneDrive\VS\Projects\DocxDocument\DocumentModel.InOpenXml\Vml\TextBox.cs","TextBox","Inset","Property"
"D:\OneDrive\VS\Projects\DocxDocument\DocumentModel.InOpenXml\Vml\TextBox.cs","TextBox","SingleClick","Property"
"D:\OneDrive\VS\Projects\DocxDocument\DocumentModel.InOpenXml\Vml\TextBox.cs","TextBox","Style","Property"
"D:\OneDrive\VS\Projects\DocxDocument\DocumentModel.InOpenXml\Vml\TextPath.cs","TextPath","FitPath","Property"
"D:\OneDrive\VS\Projects\DocxDocument\DocumentModel.InOpenXml\Vml\TextPath.cs","TextPath","FitShape","Property"
"D:\OneDrive\VS\Projects\DocxDocument\DocumentModel.InOpenXml\Vml\TextPath.cs","TextPath","Id","Property"
"D:\OneDrive\VS\Projects\DocxDocument\DocumentModel.InOpenXml\Vml\TextPath.cs","TextPath","On","Property"
"D:\OneDrive\VS\Projects\DocxDocument\DocumentModel.InOpenXml\Vml\TextPath.cs","TextPath","String","Property"
"D:\OneDrive\VS\Projects\DocxDocument\DocumentModel.InOpenXml\Vml\TextPath.cs","TextPath","Style","Property"
"D:\OneDrive\VS\Projects\DocxDocument\DocumentModel.InOpenXml\Vml\TextPath.cs","TextPath","Trim","Property"
"D:\OneDrive\VS\Projects\DocxDocument\DocumentModel.InOpenXml\Vml\TextPath.cs","TextPath","XScale","Property"
"D:\OneDrive\VS\Projects\DocxDocument\DocumentModel.InOpenXml\WebExtensions\Snapshot.cs","Snapshot","CompressionState","Property"
"D:\OneDrive\VS\Projects\DocxDocument\DocumentModel.InOpenXml\WebExtensions\Snapshot.cs","Snapshot","Embed","Property"
"D:\OneDrive\VS\Projects\DocxDocument\DocumentModel.InOpenXml\WebExtensions\Snapshot.cs","Snapshot","Link","Property"
"D:\OneDrive\VS\Projects\DocxDocument\DocumentModel.InOpenXml\WebExtensions\WebExtension.cs","WebExtension","Frozen","Property"
"D:\OneDrive\VS\Projects\DocxDocument\DocumentModel.InOpenXml\WebExtensions\WebExtension.cs","WebExtension","Id","Property"
"D:\OneDrive\VS\Projects\DocxDocument\DocumentModel.InOpenXml\WebExtensions\WebExtension.cs","WebExtension","OfficeArtExtensionList","Property"
"D:\OneDrive\VS\Projects\DocxDocument\DocumentModel.InOpenXml\WebExtensions\WebExtension.cs","WebExtension","Snapshot","Property"
"D:\OneDrive\VS\Projects\DocxDocument\DocumentModel.InOpenXml\WebExtensions\WebExtension.cs","WebExtension","WebExtensionBindingList","Property"
"D:\OneDrive\VS\Projects\DocxDocument\DocumentModel.InOpenXml\WebExtensions\WebExtension.cs","WebExtension","WebExtensionPropertyBag","Property"
"D:\OneDrive\VS\Projects\DocxDocument\DocumentModel.InOpenXml\WebExtensions\WebExtension.cs","WebExtension","WebExtensionReferenceList","Property"
"D:\OneDrive\VS\Projects\DocxDocument\DocumentModel.InOpenXml\WebExtensions\WebExtension.cs","WebExtension","WebExtensionStoreReference","Property"
"D:\OneDrive\VS\Projects\DocxDocument\DocumentModel.InOpenXml\WebExtensions\WebExtensionBinding.cs","WebExtensionBinding","AppReference","Property"
"D:\OneDrive\VS\Projects\DocxDocument\DocumentModel.InOpenXml\WebExtensions\WebExtensionBinding.cs","WebExtensionBinding","Id","Property"
"D:\OneDrive\VS\Projects\DocxDocument\DocumentModel.InOpenXml\WebExtensions\WebExtensionBinding.cs","WebExtensionBinding","OfficeArtExtensionList","Property"
"D:\OneDrive\VS\Projects\DocxDocument\DocumentModel.InOpenXml\WebExtensions\WebExtensionBinding.cs","WebExtensionBinding","Type","Property"
"D:\OneDrive\VS\Projects\DocxDocument\DocumentModel.InOpenXml\WebExtensions\WebExtensionProperty.cs","WebExtensionProperty","Name","Property"
"D:\OneDrive\VS\Projects\DocxDocument\DocumentModel.InOpenXml\WebExtensions\WebExtensionProperty.cs","WebExtensionProperty","Value","Property"
"D:\OneDrive\VS\Projects\DocxDocument\DocumentModel.InOpenXml\WebExtensions\WebExtensionStoreReference.cs","WebExtensionStoreReference","Id","Property"
"D:\OneDrive\VS\Projects\DocxDocument\DocumentModel.InOpenXml\WebExtensions\WebExtensionStoreReference.cs","WebExtensionStoreReference","OfficeArtExtensionList","Property"
"D:\OneDrive\VS\Projects\DocxDocument\DocumentModel.InOpenXml\WebExtensions\WebExtensionStoreReference.cs","WebExtensionStoreReference","Store","Property"
"D:\OneDrive\VS\Projects\DocxDocument\DocumentModel.InOpenXml\WebExtensions\WebExtensionStoreReference.cs","WebExtensionStoreReference","StoreType","Property"
"D:\OneDrive\VS\Projects\DocxDocument\DocumentModel.InOpenXml\WebExtensions\WebExtensionStoreReference.cs","WebExtensionStoreReference","Version","Property"
"D:\OneDrive\VS\Projects\DocxDocument\DocumentModel.InOpenXml\Wordprocessing.Drawings\BevelType.cs","BevelType","Height","Property"
"D:\OneDrive\VS\Projects\DocxDocument\DocumentModel.InOpenXml\Wordprocessing.Drawings\BevelType.cs","BevelType","PresetProfileType","Property"
"D:\OneDrive\VS\Projects\DocxDocument\DocumentModel.InOpenXml\Wordprocessing.Drawings\BevelType.cs","BevelType","Width","Property"
"D:\OneDrive\VS\Projects\DocxDocument\DocumentModel.InOpenXml\Wordprocessing.Drawings\ContentPart.cs","ContentPart","BlackWhiteMode","Property"
"D:\OneDrive\VS\Projects\DocxDocument\DocumentModel.InOpenXml\Wordprocessing.Drawings\ContentPart.cs","ContentPart","OfficeArtExtensionList","Property"
"D:\OneDrive\VS\Projects\DocxDocument\DocumentModel.InOpenXml\Wordprocessing.Drawings\ContentPart.cs","ContentPart","RelationshipId","Property"
"D:\OneDrive\VS\Projects\DocxDocument\DocumentModel.InOpenXml\Wordprocessing.Drawings\ContentPart.cs","ContentPart","Transform2D","Property"
"D:\OneDrive\VS\Projects\DocxDocument\DocumentModel.InOpenXml\Wordprocessing.Drawings\ContentPart.cs","ContentPart","WordNonVisualContentPartShapeProperties","Property"
"D:\OneDrive\VS\Projects\DocxDocument\DocumentModel.InOpenXml\Wordprocessing.Drawings\ContourColor.cs","ContourColor","SchemeColor","Property"
"D:\OneDrive\VS\Projects\DocxDocument\DocumentModel.InOpenXml\Wordprocessing.Drawings\ExtrusionColor.cs","ExtrusionColor","SchemeColor","Property"
"D:\OneDrive\VS\Projects\DocxDocument\DocumentModel.InOpenXml\Wordprocessing.Drawings\FillToRectangle.cs","FillToRectangle","Bottom","Property"
"D:\OneDrive\VS\Projects\DocxDocument\DocumentModel.InOpenXml\Wordprocessing.Drawings\FillToRectangle.cs","FillToRectangle","Left","Property"
"D:\OneDrive\VS\Projects\DocxDocument\DocumentModel.InOpenXml\Wordprocessing.Drawings\FillToRectangle.cs","FillToRectangle","Right","Property"
"D:\OneDrive\VS\Projects\DocxDocument\DocumentModel.InOpenXml\Wordprocessing.Drawings\FillToRectangle.cs","FillToRectangle","Top","Property"
"D:\OneDrive\VS\Projects\DocxDocument\DocumentModel.InOpenXml\Wordprocessing.Drawings\Glow.cs","Glow","GlowRadius","Property"
"D:\OneDrive\VS\Projects\DocxDocument\DocumentModel.InOpenXml\Wordprocessing.Drawings\Glow.cs","Glow","RgbColorModelHex","Property"
"D:\OneDrive\VS\Projects\DocxDocument\DocumentModel.InOpenXml\Wordprocessing.Drawings\Glow.cs","Glow","SchemeColor","Property"
"D:\OneDrive\VS\Projects\DocxDocument\DocumentModel.InOpenXml\Wordprocessing.Drawings\GradientFillProperties.cs","GradientFillProperties","GradientStopList","Property"
"D:\OneDrive\VS\Projects\DocxDocument\DocumentModel.InOpenXml\Wordprocessing.Drawings\GradientStop.cs","GradientStop","SchemeColor","Property"
"D:\OneDrive\VS\Projects\DocxDocument\DocumentModel.InOpenXml\Wordprocessing.Drawings\GradientStop.cs","GradientStop","StopPosition","Property"
"D:\OneDrive\VS\Projects\DocxDocument\DocumentModel.InOpenXml\Wordprocessing.Drawings\GraphicFrame.cs","GraphicFrame","Graphic","Property"
"D:\OneDrive\VS\Projects\DocxDocument\DocumentModel.InOpenXml\Wordprocessing.Drawings\GraphicFrame.cs","GraphicFrame","NonVisualGraphicFrameProperties","Property"
"D:\OneDrive\VS\Projects\DocxDocument\DocumentModel.InOpenXml\Wordprocessing.Drawings\GraphicFrame.cs","GraphicFrame","Transform2D","Property"
"D:\OneDrive\VS\Projects\DocxDocument\DocumentModel.InOpenXml\Wordprocessing.Drawings\GraphicFrameType.cs","GraphicFrameType","Graphic","Property"
"D:\OneDrive\VS\Projects\DocxDocument\DocumentModel.InOpenXml\Wordprocessing.Drawings\GraphicFrameType.cs","GraphicFrameType","NonVisualDrawingProperties","Property"
"D:\OneDrive\VS\Projects\DocxDocument\DocumentModel.InOpenXml\Wordprocessing.Drawings\GraphicFrameType.cs","GraphicFrameType","NonVisualGraphicFrameProperties","Property"
"D:\OneDrive\VS\Projects\DocxDocument\DocumentModel.InOpenXml\Wordprocessing.Drawings\GraphicFrameType.cs","GraphicFrameType","OfficeArtExtensionList","Property"
"D:\OneDrive\VS\Projects\DocxDocument\DocumentModel.InOpenXml\Wordprocessing.Drawings\GraphicFrameType.cs","GraphicFrameType","Transform2D","Property"
"D:\OneDrive\VS\Projects\DocxDocument\DocumentModel.InOpenXml\Wordprocessing.Drawings\GroupShapeProperties.cs","GroupShapeProperties","BlackWhiteMode","Property"
"D:\OneDrive\VS\Projects\DocxDocument\DocumentModel.InOpenXml\Wordprocessing.Drawings\GroupShapeProperties.cs","GroupShapeProperties","TransformGroup","Property"
"D:\OneDrive\VS\Projects\DocxDocument\DocumentModel.InOpenXml\Wordprocessing.Drawings\LightRig.cs","LightRig","LightDirectionType","Property"
"D:\OneDrive\VS\Projects\DocxDocument\DocumentModel.InOpenXml\Wordprocessing.Drawings\LightRig.cs","LightRig","LightRigType","Property"
"D:\OneDrive\VS\Projects\DocxDocument\DocumentModel.InOpenXml\Wordprocessing.Drawings\LightRig.cs","LightRig","SphereCoordinates","Property"
"D:\OneDrive\VS\Projects\DocxDocument\DocumentModel.InOpenXml\Wordprocessing.Drawings\LinkedTextBox.cs","LinkedTextBox","Id","Property"
"D:\OneDrive\VS\Projects\DocxDocument\DocumentModel.InOpenXml\Wordprocessing.Drawings\LinkedTextBox.cs","LinkedTextBox","OfficeArtExtensionList","Property"
"D:\OneDrive\VS\Projects\DocxDocument\DocumentModel.InOpenXml\Wordprocessing.Drawings\LinkedTextBox.cs","LinkedTextBox","Sequence","Property"
"D:\OneDrive\VS\Projects\DocxDocument\DocumentModel.InOpenXml\Wordprocessing.Drawings\Non-visual properties\NonVisualConnectorProperties.cs","NonVisualConnectorProperties","ConnectionShapeLocks","Property"
"D:\OneDrive\VS\Projects\DocxDocument\DocumentModel.InOpenXml\Wordprocessing.Drawings\Non-visual properties\NonVisualConnectorProperties.cs","NonVisualConnectorProperties","EndConnection","Property"
"D:\OneDrive\VS\Projects\DocxDocument\DocumentModel.InOpenXml\Wordprocessing.Drawings\Non-visual properties\NonVisualConnectorProperties.cs","NonVisualConnectorProperties","ExtensionList","Property"
"D:\OneDrive\VS\Projects\DocxDocument\DocumentModel.InOpenXml\Wordprocessing.Drawings\Non-visual properties\NonVisualConnectorProperties.cs","NonVisualConnectorProperties","StartConnection","Property"
"D:\OneDrive\VS\Projects\DocxDocument\DocumentModel.InOpenXml\Wordprocessing.Drawings\Non-visual properties\NonVisualInkContentPartProperties.cs","NonVisualInkContentPartProperties","ContentPartLocks","Property"
"D:\OneDrive\VS\Projects\DocxDocument\DocumentModel.InOpenXml\Wordprocessing.Drawings\Non-visual properties\NonVisualInkContentPartProperties.cs","NonVisualInkContentPartProperties","IsComment","Property"
"D:\OneDrive\VS\Projects\DocxDocument\DocumentModel.InOpenXml\Wordprocessing.Drawings\Non-visual properties\NonVisualInkContentPartProperties.cs","NonVisualInkContentPartProperties","OfficeArtExtensionList","Property"
"D:\OneDrive\VS\Projects\DocxDocument\DocumentModel.InOpenXml\Wordprocessing.Drawings\PathShadeProperties.cs","PathShadeProperties","FillToRectangle","Property"
"D:\OneDrive\VS\Projects\DocxDocument\DocumentModel.InOpenXml\Wordprocessing.Drawings\PathShadeProperties.cs","PathShadeProperties","Path","Property"
"D:\OneDrive\VS\Projects\DocxDocument\DocumentModel.InOpenXml\Wordprocessing.Drawings\ReadModeInkLockDown.cs","ReadModeInkLockDown","FontSize","Property"
"D:\OneDrive\VS\Projects\DocxDocument\DocumentModel.InOpenXml\Wordprocessing.Drawings\ReadModeInkLockDown.cs","ReadModeInkLockDown","Height","Property"
"D:\OneDrive\VS\Projects\DocxDocument\DocumentModel.InOpenXml\Wordprocessing.Drawings\ReadModeInkLockDown.cs","ReadModeInkLockDown","UseActualPages","Property"
"D:\OneDrive\VS\Projects\DocxDocument\DocumentModel.InOpenXml\Wordprocessing.Drawings\ReadModeInkLockDown.cs","ReadModeInkLockDown","Width","Property"
"D:\OneDrive\VS\Projects\DocxDocument\DocumentModel.InOpenXml\Wordprocessing.Drawings\Reflection.cs","Reflection","Alignment","Property"
"D:\OneDrive\VS\Projects\DocxDocument\DocumentModel.InOpenXml\Wordprocessing.Drawings\Reflection.cs","Reflection","BlurRadius","Property"
"D:\OneDrive\VS\Projects\DocxDocument\DocumentModel.InOpenXml\Wordprocessing.Drawings\Reflection.cs","Reflection","DirectionAngle","Property"
"D:\OneDrive\VS\Projects\DocxDocument\DocumentModel.InOpenXml\Wordprocessing.Drawings\Reflection.cs","Reflection","DistanceFromText","Property"
"D:\OneDrive\VS\Projects\DocxDocument\DocumentModel.InOpenXml\Wordprocessing.Drawings\Reflection.cs","Reflection","EndingOpacity","Property"
"D:\OneDrive\VS\Projects\DocxDocument\DocumentModel.InOpenXml\Wordprocessing.Drawings\Reflection.cs","Reflection","EndPosition","Property"
"D:\OneDrive\VS\Projects\DocxDocument\DocumentModel.InOpenXml\Wordprocessing.Drawings\Reflection.cs","Reflection","FadeDirection","Property"
"D:\OneDrive\VS\Projects\DocxDocument\DocumentModel.InOpenXml\Wordprocessing.Drawings\Reflection.cs","Reflection","HorizontalScalingFactor","Property"
"D:\OneDrive\VS\Projects\DocxDocument\DocumentModel.InOpenXml\Wordprocessing.Drawings\Reflection.cs","Reflection","HorizontalSkewAngle","Property"
"D:\OneDrive\VS\Projects\DocxDocument\DocumentModel.InOpenXml\Wordprocessing.Drawings\Reflection.cs","Reflection","StartingOpacity","Property"
"D:\OneDrive\VS\Projects\DocxDocument\DocumentModel.InOpenXml\Wordprocessing.Drawings\Reflection.cs","Reflection","StartPosition","Property"
"D:\OneDrive\VS\Projects\DocxDocument\DocumentModel.InOpenXml\Wordprocessing.Drawings\Reflection.cs","Reflection","VerticalScalingFactor","Property"
"D:\OneDrive\VS\Projects\DocxDocument\DocumentModel.InOpenXml\Wordprocessing.Drawings\Reflection.cs","Reflection","VerticalSkewAngle","Property"
"D:\OneDrive\VS\Projects\DocxDocument\DocumentModel.InOpenXml\Wordprocessing.Drawings\Scene3D.cs","Scene3D","Camera","Property"
"D:\OneDrive\VS\Projects\DocxDocument\DocumentModel.InOpenXml\Wordprocessing.Drawings\Scene3D.cs","Scene3D","LightRig","Property"
"D:\OneDrive\VS\Projects\DocxDocument\DocumentModel.InOpenXml\Wordprocessing.Drawings\Shape.cs","Shape","ShapeProperties","Property"
"D:\OneDrive\VS\Projects\DocxDocument\DocumentModel.InOpenXml\Wordprocessing.Drawings\Shape.cs","Shape","ShapeStyle","Property"
"D:\OneDrive\VS\Projects\DocxDocument\DocumentModel.InOpenXml\Wordprocessing.Drawings\TextBoxInfo2.cs","TextBoxInfo2","Id","Property"
"D:\OneDrive\VS\Projects\DocxDocument\DocumentModel.InOpenXml\Wordprocessing.Drawings\TextBoxInfo2.cs","TextBoxInfo2","OfficeArtExtensionList","Property"
"D:\OneDrive\VS\Projects\DocxDocument\DocumentModel.InOpenXml\Wordprocessing.Drawings\TextBoxInfo2.cs","TextBoxInfo2","TextBoxContent","Property"
"D:\OneDrive\VS\Projects\DocxDocument\DocumentModel.InOpenXml\Wordprocessing.VBA\DocEvents.cs","DocEvents","EventDocBuildingBlockAfterInsertXsdString","Property"
"D:\OneDrive\VS\Projects\DocxDocument\DocumentModel.InOpenXml\Wordprocessing.VBA\DocEvents.cs","DocEvents","EventDocCloseXsdString","Property"
"D:\OneDrive\VS\Projects\DocxDocument\DocumentModel.InOpenXml\Wordprocessing.VBA\DocEvents.cs","DocEvents","EventDocContentControlAfterInsertXsdString","Property"
"D:\OneDrive\VS\Projects\DocxDocument\DocumentModel.InOpenXml\Wordprocessing.VBA\DocEvents.cs","DocEvents","EventDocContentControlBeforeDeleteXsdString","Property"
"D:\OneDrive\VS\Projects\DocxDocument\DocumentModel.InOpenXml\Wordprocessing.VBA\DocEvents.cs","DocEvents","EventDocContentControlOnEnterXsdString","Property"
"D:\OneDrive\VS\Projects\DocxDocument\DocumentModel.InOpenXml\Wordprocessing.VBA\DocEvents.cs","DocEvents","EventDocContentControlOnExistXsdString","Property"
"D:\OneDrive\VS\Projects\DocxDocument\DocumentModel.InOpenXml\Wordprocessing.VBA\DocEvents.cs","DocEvents","EventDocContentControlUpdateXsdString","Property"
"D:\OneDrive\VS\Projects\DocxDocument\DocumentModel.InOpenXml\Wordprocessing.VBA\DocEvents.cs","DocEvents","EventDocNewXsdString","Property"
"D:\OneDrive\VS\Projects\DocxDocument\DocumentModel.InOpenXml\Wordprocessing.VBA\DocEvents.cs","DocEvents","EventDocOpenXsdString","Property"
"D:\OneDrive\VS\Projects\DocxDocument\DocumentModel.InOpenXml\Wordprocessing.VBA\DocEvents.cs","DocEvents","EventDocStoreUpdateXsdString","Property"
"D:\OneDrive\VS\Projects\DocxDocument\DocumentModel.InOpenXml\Wordprocessing.VBA\DocEvents.cs","DocEvents","EventDocSyncXsdString","Property"
"D:\OneDrive\VS\Projects\DocxDocument\DocumentModel.InOpenXml\Wordprocessing.VBA\DocEvents.cs","DocEvents","EventDocXmlAfterInsertXsdString","Property"
"D:\OneDrive\VS\Projects\DocxDocument\DocumentModel.InOpenXml\Wordprocessing.VBA\DocEvents.cs","DocEvents","EventDocXmlBeforeDeleteXsdString","Property"
"D:\OneDrive\VS\Projects\DocxDocument\DocumentModel.InOpenXml\Wordprocessing.VBA\MacroWllType.cs","MacroWllType","MacroName","Property"
"D:\OneDrive\VS\Projects\DocxDocument\DocumentModel.InOpenXml\Wordprocessing.VBA\Mcd.cs","Mcd","BEncrypt","Property"
"D:\OneDrive\VS\Projects\DocxDocument\DocumentModel.InOpenXml\Wordprocessing.VBA\Mcd.cs","Mcd","Cmg","Property"
"D:\OneDrive\VS\Projects\DocxDocument\DocumentModel.InOpenXml\Wordprocessing.VBA\Mcd.cs","Mcd","MacroName","Property"
"D:\OneDrive\VS\Projects\DocxDocument\DocumentModel.InOpenXml\Wordprocessing.VBA\Mcd.cs","Mcd","MenuHelp","Property"
"D:\OneDrive\VS\Projects\DocxDocument\DocumentModel.InOpenXml\Wordprocessing.VBA\Mcd.cs","Mcd","Name","Property"
"D:\OneDrive\VS\Projects\DocxDocument\DocumentModel.InOpenXml\Wordprocessing.VBA\VbaSuppData.cs","VbaSuppData","DocEvents","Property"
"D:\OneDrive\VS\Projects\DocxDocument\DocumentModel.InOpenXml\Wordprocessing.VBA\VbaSuppData.cs","VbaSuppData","Mcds","Property"
"D:\OneDrive\VS\Projects\DocxDocument\DocumentModel.InOpenXml\Wordprocessing\Bibliography\Source.cs","Source","City","Property"
"D:\OneDrive\VS\Projects\DocxDocument\DocumentModel.InOpenXml\Wordprocessing\Bibliography\Source.cs","Source","Comments","Property"
"D:\OneDrive\VS\Projects\DocxDocument\DocumentModel.InOpenXml\Wordprocessing\Bibliography\Source.cs","Source","CountryRegion","Property"
"D:\OneDrive\VS\Projects\DocxDocument\DocumentModel.InOpenXml\Wordprocessing\Bibliography\Source.cs","Source","Day","Property"
"D:\OneDrive\VS\Projects\DocxDocument\DocumentModel.InOpenXml\Wordprocessing\Bibliography\Source.cs","Source","Edition","Property"
"D:\OneDrive\VS\Projects\DocxDocument\DocumentModel.InOpenXml\Wordprocessing\Bibliography\Source.cs","Source","Issue","Property"
"D:\OneDrive\VS\Projects\DocxDocument\DocumentModel.InOpenXml\Wordprocessing\Bibliography\Source.cs","Source","Month","Property"
"D:\OneDrive\VS\Projects\DocxDocument\DocumentModel.InOpenXml\Wordprocessing\Bibliography\Source.cs","Source","Pages","Property"
"D:\OneDrive\VS\Projects\DocxDocument\DocumentModel.InOpenXml\Wordprocessing\Bibliography\Source.cs","Source","Publisher","Property"
"D:\OneDrive\VS\Projects\DocxDocument\DocumentModel.InOpenXml\Wordprocessing\Bibliography\Source.cs","Source","SourceType","Property"
"D:\OneDrive\VS\Projects\DocxDocument\DocumentModel.InOpenXml\Wordprocessing\Bibliography\Source.cs","Source","StateProvince","Property"
"D:\OneDrive\VS\Projects\DocxDocument\DocumentModel.InOpenXml\Wordprocessing\Bibliography\Source.cs","Source","Tag","Property"
"D:\OneDrive\VS\Projects\DocxDocument\DocumentModel.InOpenXml\Wordprocessing\Bibliography\Source.cs","Source","Title","Property"
"D:\OneDrive\VS\Projects\DocxDocument\DocumentModel.InOpenXml\Wordprocessing\Bibliography\Source.cs","Source","Volume","Property"
"D:\OneDrive\VS\Projects\DocxDocument\DocumentModel.InOpenXml\Wordprocessing\Bibliography\Source.cs","Source","Year","Property"
"D:\OneDrive\VS\Projects\DocxDocument\DocumentModel.InOpenXml\Wordprocessing\Colors\RgbColorHex.cs","RgbColorHex","Value","Property"
"D:\OneDrive\VS\Projects\DocxDocument\DocumentModel.InOpenXml\Wordprocessing\Colors\SchemeColor.cs","SchemeColor","Index","Property"
"D:\OneDrive\VS\Projects\DocxDocument\DocumentModel.InOpenXml\Wordprocessing\Colors\SchemeColor.cs","SchemeColor","Shade","Element"
"D:\OneDrive\VS\Projects\DocxDocument\DocumentModel.InOpenXml\Wordprocessing\Colors\SchemeColor.cs","SchemeColor","Tint","Element"
"D:\OneDrive\VS\Projects\DocxDocument\DocumentModel.InOpenXml\Wordprocessing\Colors\WordColor.cs","using","ThemeColor","Property"
"D:\OneDrive\VS\Projects\DocxDocument\DocumentModel.InOpenXml\Wordprocessing\Colors\WordColor.cs","using","Value","Property"
"D:\OneDrive\VS\Projects\DocxDocument\DocumentModel.InOpenXml\Wordprocessing\Comments\Comment.cs","Comment","Author","Property"
"D:\OneDrive\VS\Projects\DocxDocument\DocumentModel.InOpenXml\Wordprocessing\Comments\Comment.cs","Comment","Date","Property"
"D:\OneDrive\VS\Projects\DocxDocument\DocumentModel.InOpenXml\Wordprocessing\Comments\Comment.cs","Comment","Id","Property"
"D:\OneDrive\VS\Projects\DocxDocument\DocumentModel.InOpenXml\Wordprocessing\Comments\Comment.cs","Comment","Initials","Property"
"D:\OneDrive\VS\Projects\DocxDocument\DocumentModel.InOpenXml\Wordprocessing\Comments\CommentEx.cs","CommentEx","Done","Property"
"D:\OneDrive\VS\Projects\DocxDocument\DocumentModel.InOpenXml\Wordprocessing\Comments\CommentEx.cs","CommentEx","ParaId","Property"
"D:\OneDrive\VS\Projects\DocxDocument\DocumentModel.InOpenXml\Wordprocessing\Comments\CommentEx.cs","CommentEx","ParaIdParent","Property"
"D:\OneDrive\VS\Projects\DocxDocument\DocumentModel.InOpenXml\Wordprocessing\Comments\CommentExtensible.cs","CommentExtensible","DateUtc","Property"
"D:\OneDrive\VS\Projects\DocxDocument\DocumentModel.InOpenXml\Wordprocessing\Comments\CommentExtensible.cs","CommentExtensible","DurableId","Property"
"D:\OneDrive\VS\Projects\DocxDocument\DocumentModel.InOpenXml\Wordprocessing\Comments\CommentExtensible.cs","CommentExtensible","ExtensionList","Property"
"D:\OneDrive\VS\Projects\DocxDocument\DocumentModel.InOpenXml\Wordprocessing\Comments\CommentExtensible.cs","CommentExtensible","IntelligentPlaceholder","Property"
"D:\OneDrive\VS\Projects\DocxDocument\DocumentModel.InOpenXml\Wordprocessing\Comments\CommentId.cs","CommentId","DurableId","Property"
"D:\OneDrive\VS\Projects\DocxDocument\DocumentModel.InOpenXml\Wordprocessing\Comments\CommentId.cs","CommentId","ParaId","Property"
"D:\OneDrive\VS\Projects\DocxDocument\DocumentModel.InOpenXml\Wordprocessing\Common\AltChunk.cs","AltChunk","AltChunkProperties","Property"
"D:\OneDrive\VS\Projects\DocxDocument\DocumentModel.InOpenXml\Wordprocessing\Common\AltChunk.cs","AltChunk","Id","Property"
"D:\OneDrive\VS\Projects\DocxDocument\DocumentModel.InOpenXml\Wordprocessing\Common\AlternateContentChoice.cs","AlternateContentChoice","Requires","Property"
"D:\OneDrive\VS\Projects\DocxDocument\DocumentModel.InOpenXml\Wordprocessing\Common\Border.cs","Border","Frame","Property"
"D:\OneDrive\VS\Projects\DocxDocument\DocumentModel.InOpenXml\Wordprocessing\Common\Border.cs","Border","Shadow","Property"
"D:\OneDrive\VS\Projects\DocxDocument\DocumentModel.InOpenXml\Wordprocessing\Common\Border.cs","Border","Space","Property"
"D:\OneDrive\VS\Projects\DocxDocument\DocumentModel.InOpenXml\Wordprocessing\Common\Border.cs","Border","Width","Property"
"D:\OneDrive\VS\Projects\DocxDocument\DocumentModel.InOpenXml\Wordprocessing\Common\ClassificationLabel.cs","ClassificationLabel","ActionId","Property"
"D:\OneDrive\VS\Projects\DocxDocument\DocumentModel.InOpenXml\Wordprocessing\Common\ClassificationLabel.cs","ClassificationLabel","ContentBits","Property"
"D:\OneDrive\VS\Projects\DocxDocument\DocumentModel.InOpenXml\Wordprocessing\Common\ClassificationLabel.cs","ClassificationLabel","Enabled","Property"
"D:\OneDrive\VS\Projects\DocxDocument\DocumentModel.InOpenXml\Wordprocessing\Common\ClassificationLabel.cs","ClassificationLabel","Id","Property"
"D:\OneDrive\VS\Projects\DocxDocument\DocumentModel.InOpenXml\Wordprocessing\Common\ClassificationLabel.cs","ClassificationLabel","Method","Property"
"D:\OneDrive\VS\Projects\DocxDocument\DocumentModel.InOpenXml\Wordprocessing\Common\ClassificationLabel.cs","ClassificationLabel","Name","Property"
"D:\OneDrive\VS\Projects\DocxDocument\DocumentModel.InOpenXml\Wordprocessing\Common\ClassificationLabel.cs","ClassificationLabel","Removed","Property"
"D:\OneDrive\VS\Projects\DocxDocument\DocumentModel.InOpenXml\Wordprocessing\Common\ClassificationLabel.cs","ClassificationLabel","SetDate","Property"
"D:\OneDrive\VS\Projects\DocxDocument\DocumentModel.InOpenXml\Wordprocessing\Common\ClassificationLabel.cs","ClassificationLabel","SiteId","Property"
"D:\OneDrive\VS\Projects\DocxDocument\DocumentModel.InOpenXml\Wordprocessing\Common\ProofError.cs","ProofError","Type","Property"
"D:\OneDrive\VS\Projects\DocxDocument\DocumentModel.InOpenXml\Wordprocessing\CustomXml\CustomXmlAttribute.cs","CustomXmlAttribute","Name","Property"
"D:\OneDrive\VS\Projects\DocxDocument\DocumentModel.InOpenXml\Wordprocessing\CustomXml\CustomXmlAttribute.cs","CustomXmlAttribute","Val","Property"
"D:\OneDrive\VS\Projects\DocxDocument\DocumentModel.InOpenXml\Wordprocessing\Document\Category.cs","Category","Gallery","Property"
"D:\OneDrive\VS\Projects\DocxDocument\DocumentModel.InOpenXml\Wordprocessing\Document\Category.cs","Category","Name","Property"
"D:\OneDrive\VS\Projects\DocxDocument\DocumentModel.InOpenXml\Wordprocessing\Document\DocGrid.cs","DocGrid","CharacterSpace","Property"
"D:\OneDrive\VS\Projects\DocxDocument\DocumentModel.InOpenXml\Wordprocessing\Document\DocGrid.cs","DocGrid","LinePitch","Property"
"D:\OneDrive\VS\Projects\DocxDocument\DocumentModel.InOpenXml\Wordprocessing\Document\DocGrid.cs","DocGrid","Type","Property"
"D:\OneDrive\VS\Projects\DocxDocument\DocumentModel.InOpenXml\Wordprocessing\Document\DocPart.cs","DocPart","DocPartBody","Property"
"D:\OneDrive\VS\Projects\DocxDocument\DocumentModel.InOpenXml\Wordprocessing\Document\DocPart.cs","DocPart","DocPartProperties","Property"
"D:\OneDrive\VS\Projects\DocxDocument\DocumentModel.InOpenXml\Wordprocessing\Document\DocPartName.cs","DocPartName","Decorated","Property"
"D:\OneDrive\VS\Projects\DocxDocument\DocumentModel.InOpenXml\Wordprocessing\Document\DocPartName.cs","DocPartName","Val","Property"
"D:\OneDrive\VS\Projects\DocxDocument\DocumentModel.InOpenXml\Wordprocessing\Document\DocPartProperties.cs","DocPartProperties","Behaviors","Property"
"D:\OneDrive\VS\Projects\DocxDocument\DocumentModel.InOpenXml\Wordprocessing\Document\DocPartProperties.cs","DocPartProperties","Category","Property"
"D:\OneDrive\VS\Projects\DocxDocument\DocumentModel.InOpenXml\Wordprocessing\Document\DocPartProperties.cs","DocPartProperties","Description","Property"
"D:\OneDrive\VS\Projects\DocxDocument\DocumentModel.InOpenXml\Wordprocessing\Document\DocPartProperties.cs","DocPartProperties","DocPartId","Property"
"D:\OneDrive\VS\Projects\DocxDocument\DocumentModel.InOpenXml\Wordprocessing\Document\DocPartProperties.cs","DocPartProperties","DocPartName","Property"
"D:\OneDrive\VS\Projects\DocxDocument\DocumentModel.InOpenXml\Wordprocessing\Document\DocPartProperties.cs","DocPartProperties","DocPartTypes","Property"
"D:\OneDrive\VS\Projects\DocxDocument\DocumentModel.InOpenXml\Wordprocessing\Document\DocPartProperties.cs","DocPartProperties","StyleId","Property"
"D:\OneDrive\VS\Projects\DocxDocument\DocumentModel.InOpenXml\Wordprocessing\Document\DocPartTypes.cs","DocPartTypes","All","Property"
"D:\OneDrive\VS\Projects\DocxDocument\DocumentModel.InOpenXml\Wordprocessing\Document\DocumentBackground.cs","DocumentBackground","Background","Property"
"D:\OneDrive\VS\Projects\DocxDocument\DocumentModel.InOpenXml\Wordprocessing\Document\DocumentBackground.cs","DocumentBackground","Color","Property"
"D:\OneDrive\VS\Projects\DocxDocument\DocumentModel.InOpenXml\Wordprocessing\Document\DocumentProtection.cs","DocumentProtection","Edit","Property"
"D:\OneDrive\VS\Projects\DocxDocument\DocumentModel.InOpenXml\Wordprocessing\Document\DocumentProtection.cs","DocumentProtection","Enforcement","Property"
"D:\OneDrive\VS\Projects\DocxDocument\DocumentModel.InOpenXml\Wordprocessing\Document\DocumentProtection.cs","DocumentProtection","Formatting","Property"
"D:\OneDrive\VS\Projects\DocxDocument\DocumentModel.InOpenXml\Wordprocessing\Document\DocumentProtection.cs","used","AlgorithmName","Property"
"D:\OneDrive\VS\Projects\DocxDocument\DocumentModel.InOpenXml\Wordprocessing\Document\DocumentProtection.cs","used","HashValue","Property"
"D:\OneDrive\VS\Projects\DocxDocument\DocumentModel.InOpenXml\Wordprocessing\Document\DocumentProtection.cs","used","SaltValue","Property"
"D:\OneDrive\VS\Projects\DocxDocument\DocumentModel.InOpenXml\Wordprocessing\Document\DocumentProtection.cs","used","SpinCount","Property"
"D:\OneDrive\VS\Projects\DocxDocument\DocumentModel.InOpenXml\Wordprocessing\Document\DocumentVariable.cs","DocumentVariable","Name","Property"
"D:\OneDrive\VS\Projects\DocxDocument\DocumentModel.InOpenXml\Wordprocessing\Document\DocumentVariable.cs","DocumentVariable","Value","Property"
"D:\OneDrive\VS\Projects\DocxDocument\DocumentModel.InOpenXml\Wordprocessing\Document\GlossaryDocument.cs","GlossaryDocument","DocParts","Property"
"D:\OneDrive\VS\Projects\DocxDocument\DocumentModel.InOpenXml\Wordprocessing\Document\GlossaryDocument.cs","GlossaryDocument","DocumentBackground","Property"
"D:\OneDrive\VS\Projects\DocxDocument\DocumentModel.InOpenXml\Wordprocessing\Document\SaveThroughXslt.cs","SaveThroughXslt","SolutionId","Property"
"D:\OneDrive\VS\Projects\DocxDocument\DocumentModel.InOpenXml\Wordprocessing\Fields and hyperlinks\CheckBoxSymbolType.cs","CheckBoxSymbolType","Font","Property"
"D:\OneDrive\VS\Projects\DocxDocument\DocumentModel.InOpenXml\Wordprocessing\Fields and hyperlinks\CheckBoxSymbolType.cs","CheckBoxSymbolType","Val","Property"
"D:\OneDrive\VS\Projects\DocxDocument\DocumentModel.InOpenXml\Wordprocessing\Fields and hyperlinks\DropDownListFormField.cs","DropDownListFormField","DefaultDropDownListItemIndex","Property"
"D:\OneDrive\VS\Projects\DocxDocument\DocumentModel.InOpenXml\Wordprocessing\Fields and hyperlinks\DropDownListFormField.cs","DropDownListFormField","DropDownListSelection","Property"
"D:\OneDrive\VS\Projects\DocxDocument\DocumentModel.InOpenXml\Wordprocessing\Fields and hyperlinks\HelpText.cs","HelpText","Type","Property"
"D:\OneDrive\VS\Projects\DocxDocument\DocumentModel.InOpenXml\Wordprocessing\Fields and hyperlinks\HelpText.cs","HelpText","Val","Property"
"D:\OneDrive\VS\Projects\DocxDocument\DocumentModel.InOpenXml\Wordprocessing\Fields and hyperlinks\StatusText.cs","StatusText","Type","Property"
"D:\OneDrive\VS\Projects\DocxDocument\DocumentModel.InOpenXml\Wordprocessing\Fields and hyperlinks\StatusText.cs","StatusText","Val","Property"
"D:\OneDrive\VS\Projects\DocxDocument\DocumentModel.InOpenXml\Wordprocessing\Fields and hyperlinks\TextInput.cs","TextInput","DefaultTextBoxFormFieldString","Property"
"D:\OneDrive\VS\Projects\DocxDocument\DocumentModel.InOpenXml\Wordprocessing\Fields and hyperlinks\TextInput.cs","TextInput","Format","Property"
"D:\OneDrive\VS\Projects\DocxDocument\DocumentModel.InOpenXml\Wordprocessing\Fields and hyperlinks\TextInput.cs","TextInput","MaxLength","Property"
"D:\OneDrive\VS\Projects\DocxDocument\DocumentModel.InOpenXml\Wordprocessing\Fields and hyperlinks\TextInput.cs","TextInput","TextBoxFormFieldType","Property"
"D:\OneDrive\VS\Projects\DocxDocument\DocumentModel.InOpenXml\Wordprocessing\Fonts\EmbedFont.cs","EmbedFont","FontKey","Property"
"D:\OneDrive\VS\Projects\DocxDocument\DocumentModel.InOpenXml\Wordprocessing\Fonts\EmbedFont.cs","EmbedFont","Id","Property"
"D:\OneDrive\VS\Projects\DocxDocument\DocumentModel.InOpenXml\Wordprocessing\Fonts\EmbedFont.cs","EmbedFont","Subsetted","Property"
"D:\OneDrive\VS\Projects\DocxDocument\DocumentModel.InOpenXml\Wordprocessing\Fonts\Font.cs","Font","Aliases","Property"
"D:\OneDrive\VS\Projects\DocxDocument\DocumentModel.InOpenXml\Wordprocessing\Fonts\Font.cs","Font","EmbedBoldFont","Property"
"D:\OneDrive\VS\Projects\DocxDocument\DocumentModel.InOpenXml\Wordprocessing\Fonts\Font.cs","Font","EmbedBoldItalicFont","Property"
"D:\OneDrive\VS\Projects\DocxDocument\DocumentModel.InOpenXml\Wordprocessing\Fonts\Font.cs","Font","EmbedItalicFont","Property"
"D:\OneDrive\VS\Projects\DocxDocument\DocumentModel.InOpenXml\Wordprocessing\Fonts\Font.cs","Font","EmbedRegularFont","Property"
"D:\OneDrive\VS\Projects\DocxDocument\DocumentModel.InOpenXml\Wordprocessing\Fonts\Font.cs","Font","FontFamily","Property"
"D:\OneDrive\VS\Projects\DocxDocument\DocumentModel.InOpenXml\Wordprocessing\Fonts\Font.cs","Font","FontSignature","Property"
"D:\OneDrive\VS\Projects\DocxDocument\DocumentModel.InOpenXml\Wordprocessing\Fonts\Font.cs","Font","NotTrueType","Property"
"D:\OneDrive\VS\Projects\DocxDocument\DocumentModel.InOpenXml\Wordprocessing\Fonts\Font.cs","Font","Panose","Property"
"D:\OneDrive\VS\Projects\DocxDocument\DocumentModel.InOpenXml\Wordprocessing\Fonts\Font.cs","Font","Pitch","Property"
"D:\OneDrive\VS\Projects\DocxDocument\DocumentModel.InOpenXml\Wordprocessing\Fonts\Font.cs","Font","Typeface","Property"
"D:\OneDrive\VS\Projects\DocxDocument\DocumentModel.InOpenXml\Wordprocessing\Footnotes and endnotes\EndnoteDocumentWideProperties.cs","EndnoteDocumentWideProperties","EndnotePosition","Property"
"D:\OneDrive\VS\Projects\DocxDocument\DocumentModel.InOpenXml\Wordprocessing\Footnotes and endnotes\EndnoteDocumentWideProperties.cs","EndnoteDocumentWideProperties","NumberingFormat","Property"
"D:\OneDrive\VS\Projects\DocxDocument\DocumentModel.InOpenXml\Wordprocessing\Footnotes and endnotes\EndnoteDocumentWideProperties.cs","EndnoteDocumentWideProperties","NumberingRestart","Property"
"D:\OneDrive\VS\Projects\DocxDocument\DocumentModel.InOpenXml\Wordprocessing\Footnotes and endnotes\EndnoteDocumentWideProperties.cs","EndnoteDocumentWideProperties","NumberingStart","Property"
"D:\OneDrive\VS\Projects\DocxDocument\DocumentModel.InOpenXml\Wordprocessing\Footnotes and endnotes\EndnoteProperties.cs","EndnoteProperties","EndnotePosition","Property"
"D:\OneDrive\VS\Projects\DocxDocument\DocumentModel.InOpenXml\Wordprocessing\Footnotes and endnotes\EndnoteProperties.cs","EndnoteProperties","NumberingFormat","Property"
"D:\OneDrive\VS\Projects\DocxDocument\DocumentModel.InOpenXml\Wordprocessing\Footnotes and endnotes\EndnoteProperties.cs","EndnoteProperties","NumberingRestart","Property"
"D:\OneDrive\VS\Projects\DocxDocument\DocumentModel.InOpenXml\Wordprocessing\Footnotes and endnotes\EndnoteProperties.cs","EndnoteProperties","NumberingStart","Property"
"D:\OneDrive\VS\Projects\DocxDocument\DocumentModel.InOpenXml\Wordprocessing\Footnotes and endnotes\FootnoteDocumentWideProperties.cs","FootnoteDocumentWideProperties","FootnotePosition","Property"
"D:\OneDrive\VS\Projects\DocxDocument\DocumentModel.InOpenXml\Wordprocessing\Footnotes and endnotes\FootnoteDocumentWideProperties.cs","FootnoteDocumentWideProperties","NumberingFormat","Property"
"D:\OneDrive\VS\Projects\DocxDocument\DocumentModel.InOpenXml\Wordprocessing\Footnotes and endnotes\FootnoteDocumentWideProperties.cs","FootnoteDocumentWideProperties","NumberingRestart","Property"
"D:\OneDrive\VS\Projects\DocxDocument\DocumentModel.InOpenXml\Wordprocessing\Footnotes and endnotes\FootnoteDocumentWideProperties.cs","FootnoteDocumentWideProperties","NumberingStart","Property"
"D:\OneDrive\VS\Projects\DocxDocument\DocumentModel.InOpenXml\Wordprocessing\Footnotes and endnotes\FootnoteEndnoteSeparatorReferenceType.cs","FootnoteEndnoteSeparatorReferenceType","Id","Property"
"D:\OneDrive\VS\Projects\DocxDocument\DocumentModel.InOpenXml\Wordprocessing\Footnotes and endnotes\FootnoteProperties.cs","FootnoteProperties","FootnotePosition","Property"
"D:\OneDrive\VS\Projects\DocxDocument\DocumentModel.InOpenXml\Wordprocessing\Footnotes and endnotes\FootnoteProperties.cs","FootnoteProperties","NumberingFormat","Property"
"D:\OneDrive\VS\Projects\DocxDocument\DocumentModel.InOpenXml\Wordprocessing\Footnotes and endnotes\FootnoteProperties.cs","FootnoteProperties","NumberingRestart","Property"
"D:\OneDrive\VS\Projects\DocxDocument\DocumentModel.InOpenXml\Wordprocessing\Footnotes and endnotes\FootnoteProperties.cs","FootnoteProperties","NumberingStart","Property"
"D:\OneDrive\VS\Projects\DocxDocument\DocumentModel.InOpenXml\Wordprocessing\Frames and framesets\Frame.cs","Frame","FrameName","Property"
"D:\OneDrive\VS\Projects\DocxDocument\DocumentModel.InOpenXml\Wordprocessing\Frames and framesets\Frame.cs","Frame","FrameSize","Property"
"D:\OneDrive\VS\Projects\DocxDocument\DocumentModel.InOpenXml\Wordprocessing\Frames and framesets\Frame.cs","Frame","LinkedToFile","Property"
"D:\OneDrive\VS\Projects\DocxDocument\DocumentModel.InOpenXml\Wordprocessing\Frames and framesets\Frame.cs","Frame","MarginHeight","Property"
"D:\OneDrive\VS\Projects\DocxDocument\DocumentModel.InOpenXml\Wordprocessing\Frames and framesets\Frame.cs","Frame","MarginWidth","Property"
"D:\OneDrive\VS\Projects\DocxDocument\DocumentModel.InOpenXml\Wordprocessing\Frames and framesets\Frame.cs","Frame","NoResizeAllowed","Property"
"D:\OneDrive\VS\Projects\DocxDocument\DocumentModel.InOpenXml\Wordprocessing\Frames and framesets\Frame.cs","Frame","ScrollbarVisibility","Property"
"D:\OneDrive\VS\Projects\DocxDocument\DocumentModel.InOpenXml\Wordprocessing\Frames and framesets\Frame.cs","Frame","SourceFileReference","Property"
"D:\OneDrive\VS\Projects\DocxDocument\DocumentModel.InOpenXml\Wordprocessing\Frames and framesets\FrameProperties.cs","FrameProperties","AnchorLock","Property"
"D:\OneDrive\VS\Projects\DocxDocument\DocumentModel.InOpenXml\Wordprocessing\Frames and framesets\FrameProperties.cs","FrameProperties","DropCap","Property"
"D:\OneDrive\VS\Projects\DocxDocument\DocumentModel.InOpenXml\Wordprocessing\Frames and framesets\FrameProperties.cs","FrameProperties","DropCapLines","Property"
"D:\OneDrive\VS\Projects\DocxDocument\DocumentModel.InOpenXml\Wordprocessing\Frames and framesets\FrameProperties.cs","FrameProperties","HorizontalPosition","Property"
"D:\OneDrive\VS\Projects\DocxDocument\DocumentModel.InOpenXml\Wordprocessing\Frames and framesets\FrameProperties.cs","FrameProperties","HorizontalSpace","Property"
"D:\OneDrive\VS\Projects\DocxDocument\DocumentModel.InOpenXml\Wordprocessing\Frames and framesets\FrameProperties.cs","FrameProperties","VerticalPosition","Property"
"D:\OneDrive\VS\Projects\DocxDocument\DocumentModel.InOpenXml\Wordprocessing\Frames and framesets\FrameProperties.cs","FrameProperties","VerticalSpace","Property"
"D:\OneDrive\VS\Projects\DocxDocument\DocumentModel.InOpenXml\Wordprocessing\Frames and framesets\FrameProperties.cs","FrameProperties","Width","Property"
"D:\OneDrive\VS\Projects\DocxDocument\DocumentModel.InOpenXml\Wordprocessing\Frames and framesets\FrameProperties.cs","FrameProperties","Wrap","Property"
"D:\OneDrive\VS\Projects\DocxDocument\DocumentModel.InOpenXml\Wordprocessing\Frames and framesets\FrameProperties.cs","FrameProperties","X","Property"
"D:\OneDrive\VS\Projects\DocxDocument\DocumentModel.InOpenXml\Wordprocessing\Frames and framesets\FrameProperties.cs","FrameProperties","XAlign","Property"
"D:\OneDrive\VS\Projects\DocxDocument\DocumentModel.InOpenXml\Wordprocessing\Frames and framesets\FrameProperties.cs","FrameProperties","Y","Property"
"D:\OneDrive\VS\Projects\DocxDocument\DocumentModel.InOpenXml\Wordprocessing\Frames and framesets\FrameProperties.cs","FrameProperties","YAlign","Property"
"D:\OneDrive\VS\Projects\DocxDocument\DocumentModel.InOpenXml\Wordprocessing\Frames and framesets\FramesetSplitbar.cs","FramesetSplitbar","Color","Property"
"D:\OneDrive\VS\Projects\DocxDocument\DocumentModel.InOpenXml\Wordprocessing\Frames and framesets\FramesetSplitbar.cs","FramesetSplitbar","FlatBorders","Property"
"D:\OneDrive\VS\Projects\DocxDocument\DocumentModel.InOpenXml\Wordprocessing\Frames and framesets\FramesetSplitbar.cs","FramesetSplitbar","NoBorder","Property"
"D:\OneDrive\VS\Projects\DocxDocument\DocumentModel.InOpenXml\Wordprocessing\Frames and framesets\FramesetSplitbar.cs","FramesetSplitbar","Width","Property"
"D:\OneDrive\VS\Projects\DocxDocument\DocumentModel.InOpenXml\Wordprocessing\Mail merge\DataSourceObject.cs","DataSourceObject","ColumnDelimiter","Property"
"D:\OneDrive\VS\Projects\DocxDocument\DocumentModel.InOpenXml\Wordprocessing\Mail merge\DataSourceObject.cs","DataSourceObject","DataSourceTableName","Property"
"D:\OneDrive\VS\Projects\DocxDocument\DocumentModel.InOpenXml\Wordprocessing\Mail merge\DataSourceObject.cs","DataSourceObject","FieldMap","Element"
"D:\OneDrive\VS\Projects\DocxDocument\DocumentModel.InOpenXml\Wordprocessing\Mail merge\DataSourceObject.cs","DataSourceObject","FirstRowHeader","Property"
"D:\OneDrive\VS\Projects\DocxDocument\DocumentModel.InOpenXml\Wordprocessing\Mail merge\DataSourceObject.cs","DataSourceObject","MailMergeSource","Property"
"D:\OneDrive\VS\Projects\DocxDocument\DocumentModel.InOpenXml\Wordprocessing\Mail merge\DataSourceObject.cs","DataSourceObject","RecipientDataReference","Element"
"D:\OneDrive\VS\Projects\DocxDocument\DocumentModel.InOpenXml\Wordprocessing\Mail merge\DataSourceObject.cs","DataSourceObject","SourceReference","Property"
"D:\OneDrive\VS\Projects\DocxDocument\DocumentModel.InOpenXml\Wordprocessing\Mail merge\DataSourceObject.cs","DataSourceObject","UdlConnectionString","Property"
"D:\OneDrive\VS\Projects\DocxDocument\DocumentModel.InOpenXml\Wordprocessing\Mail merge\FieldMapData.cs","FieldMapData","ColumnIndex","Element"
"D:\OneDrive\VS\Projects\DocxDocument\DocumentModel.InOpenXml\Wordprocessing\Mail merge\FieldMapData.cs","FieldMapData","DynamicAddress","Element"
"D:\OneDrive\VS\Projects\DocxDocument\DocumentModel.InOpenXml\Wordprocessing\Mail merge\FieldMapData.cs","FieldMapData","LanguageId","Element"
"D:\OneDrive\VS\Projects\DocxDocument\DocumentModel.InOpenXml\Wordprocessing\Mail merge\FieldMapData.cs","FieldMapData","MailMergeFieldType","Element"
"D:\OneDrive\VS\Projects\DocxDocument\DocumentModel.InOpenXml\Wordprocessing\Mail merge\FieldMapData.cs","FieldMapData","MappedName","Element"
"D:\OneDrive\VS\Projects\DocxDocument\DocumentModel.InOpenXml\Wordprocessing\Mail merge\FieldMapData.cs","FieldMapData","Name","Element"
"D:\OneDrive\VS\Projects\DocxDocument\DocumentModel.InOpenXml\Wordprocessing\Mail merge\MailMerge.cs","MailMerge","ActiveRecord","Property"
"D:\OneDrive\VS\Projects\DocxDocument\DocumentModel.InOpenXml\Wordprocessing\Mail merge\MailMerge.cs","MailMerge","AddressFieldName","Property"
"D:\OneDrive\VS\Projects\DocxDocument\DocumentModel.InOpenXml\Wordprocessing\Mail merge\MailMerge.cs","MailMerge","CheckErrors","Property"
"D:\OneDrive\VS\Projects\DocxDocument\DocumentModel.InOpenXml\Wordprocessing\Mail merge\MailMerge.cs","MailMerge","ConnectString","Property"
"D:\OneDrive\VS\Projects\DocxDocument\DocumentModel.InOpenXml\Wordprocessing\Mail merge\MailMerge.cs","MailMerge","DataSourceObject","Property"
"D:\OneDrive\VS\Projects\DocxDocument\DocumentModel.InOpenXml\Wordprocessing\Mail merge\MailMerge.cs","MailMerge","DataSourceReference","Property"
"D:\OneDrive\VS\Projects\DocxDocument\DocumentModel.InOpenXml\Wordprocessing\Mail merge\MailMerge.cs","MailMerge","DataType","Property"
"D:\OneDrive\VS\Projects\DocxDocument\DocumentModel.InOpenXml\Wordprocessing\Mail merge\MailMerge.cs","MailMerge","Destination","Property"
"D:\OneDrive\VS\Projects\DocxDocument\DocumentModel.InOpenXml\Wordprocessing\Mail merge\MailMerge.cs","MailMerge","DoNotSuppressBlankLines","Property"
"D:\OneDrive\VS\Projects\DocxDocument\DocumentModel.InOpenXml\Wordprocessing\Mail merge\MailMerge.cs","MailMerge","HeaderSource","Property"
"D:\OneDrive\VS\Projects\DocxDocument\DocumentModel.InOpenXml\Wordprocessing\Mail merge\MailMerge.cs","MailMerge","LinkToQuery","Property"
"D:\OneDrive\VS\Projects\DocxDocument\DocumentModel.InOpenXml\Wordprocessing\Mail merge\MailMerge.cs","MailMerge","MailAsAttachment","Property"
"D:\OneDrive\VS\Projects\DocxDocument\DocumentModel.InOpenXml\Wordprocessing\Mail merge\MailMerge.cs","MailMerge","MailSubject","Property"
"D:\OneDrive\VS\Projects\DocxDocument\DocumentModel.InOpenXml\Wordprocessing\Mail merge\MailMerge.cs","MailMerge","MainDocumentType","Property"
"D:\OneDrive\VS\Projects\DocxDocument\DocumentModel.InOpenXml\Wordprocessing\Mail merge\MailMerge.cs","MailMerge","Query","Property"
"D:\OneDrive\VS\Projects\DocxDocument\DocumentModel.InOpenXml\Wordprocessing\Mail merge\MailMerge.cs","MailMerge","ViewMergedData","Property"
"D:\OneDrive\VS\Projects\DocxDocument\DocumentModel.InOpenXml\Wordprocessing\Mail merge\SingleDataSourceRecord.cs","SingleDataSourceRecord","RecordHashCode","Property"
"D:\OneDrive\VS\Projects\DocxDocument\DocumentModel.InOpenXml\Wordprocessing\Mail merge\SingleDataSourceRecord.cs","SingleDataSourceRecord","RecordIncluded","Property"
"D:\OneDrive\VS\Projects\DocxDocument\DocumentModel.InOpenXml\Wordprocessing\Numbering\AbstractNumbering.cs","AbstractNumbering","MultiLevelType","Property"
"D:\OneDrive\VS\Projects\DocxDocument\DocumentModel.InOpenXml\Wordprocessing\Numbering\AbstractNumbering.cs","AbstractNumbering","Name","Property"
"D:\OneDrive\VS\Projects\DocxDocument\DocumentModel.InOpenXml\Wordprocessing\Numbering\AbstractNumbering.cs","AbstractNumbering","NsId","Property"
"D:\OneDrive\VS\Projects\DocxDocument\DocumentModel.InOpenXml\Wordprocessing\Numbering\AbstractNumbering.cs","AbstractNumbering","NumberingStyleLink","Property"
"D:\OneDrive\VS\Projects\DocxDocument\DocumentModel.InOpenXml\Wordprocessing\Numbering\AbstractNumbering.cs","AbstractNumbering","StyleLink","Property"
"D:\OneDrive\VS\Projects\DocxDocument\DocumentModel.InOpenXml\Wordprocessing\Numbering\AbstractNumbering.cs","AbstractNumbering","TemplateCode","Property"
"D:\OneDrive\VS\Projects\DocxDocument\DocumentModel.InOpenXml\Wordprocessing\Numbering\Numbering.cs","Numbering","LastRevAbstractNumbering","Element"
"D:\OneDrive\VS\Projects\DocxDocument\DocumentModel.InOpenXml\Wordprocessing\Numbering\NumberingFormat.cs","NumberingFormat","Custom","Property"
"D:\OneDrive\VS\Projects\DocxDocument\DocumentModel.InOpenXml\Wordprocessing\Numbering\NumberingFormat.cs","NumberingFormat","Type","Property"
"D:\OneDrive\VS\Projects\DocxDocument\DocumentModel.InOpenXml\Wordprocessing\Numbering\NumberingInstance.cs","NumberingInstance","AbstractNumId","Property"
"D:\OneDrive\VS\Projects\DocxDocument\DocumentModel.InOpenXml\Wordprocessing\Numbering\NumberingInstance.cs","NumberingInstance","DurableId","Property"
"D:\OneDrive\VS\Projects\DocxDocument\DocumentModel.InOpenXml\Wordprocessing\Numbering\NumberingLevel.cs","NumberingLevel","IsLegalNumberingStyle","Property"
"D:\OneDrive\VS\Projects\DocxDocument\DocumentModel.InOpenXml\Wordprocessing\Numbering\NumberingLevel.cs","NumberingLevel","Justification","Property"
"D:\OneDrive\VS\Projects\DocxDocument\DocumentModel.InOpenXml\Wordprocessing\Numbering\NumberingLevel.cs","NumberingLevel","LegacyNumbering","Property"
"D:\OneDrive\VS\Projects\DocxDocument\DocumentModel.InOpenXml\Wordprocessing\Numbering\NumberingLevel.cs","NumberingLevel","LevelPictureBulletId","Property"
"D:\OneDrive\VS\Projects\DocxDocument\DocumentModel.InOpenXml\Wordprocessing\Numbering\NumberingLevel.cs","NumberingLevel","LevelRestart","Property"
"D:\OneDrive\VS\Projects\DocxDocument\DocumentModel.InOpenXml\Wordprocessing\Numbering\NumberingLevel.cs","NumberingLevel","LevelSuffix","Property"
"D:\OneDrive\VS\Projects\DocxDocument\DocumentModel.InOpenXml\Wordprocessing\Numbering\NumberingLevel.cs","NumberingLevel","LevelText","Property"
"D:\OneDrive\VS\Projects\DocxDocument\DocumentModel.InOpenXml\Wordprocessing\Numbering\NumberingLevel.cs","NumberingLevel","NumberingFormat","Property"
"D:\OneDrive\VS\Projects\DocxDocument\DocumentModel.InOpenXml\Wordprocessing\Numbering\NumberingLevel.cs","NumberingLevel","NumberingSymbolRunProperties","Property"
"D:\OneDrive\VS\Projects\DocxDocument\DocumentModel.InOpenXml\Wordprocessing\Numbering\NumberingLevel.cs","NumberingLevel","ParagraphProperties","Property"
"D:\OneDrive\VS\Projects\DocxDocument\DocumentModel.InOpenXml\Wordprocessing\Numbering\NumberingLevel.cs","NumberingLevel","ParagraphStyleIdInLevel","Property"
"D:\OneDrive\VS\Projects\DocxDocument\DocumentModel.InOpenXml\Wordprocessing\Numbering\NumberingLevel.cs","NumberingLevel","StartNumberingValue","Property"
"D:\OneDrive\VS\Projects\DocxDocument\DocumentModel.InOpenXml\Wordprocessing\Numbering\NumberingLevel.cs","NumberingLevel","TemplateCode","Property"
"D:\OneDrive\VS\Projects\DocxDocument\DocumentModel.InOpenXml\Wordprocessing\Numbering\NumberingLevel.cs","NumberingLevel","Tentative","Property"
"D:\OneDrive\VS\Projects\DocxDocument\DocumentModel.InOpenXml\Wordprocessing\Numbering\NumberingLevelOverride.cs","NumberingLevelOverride","Level","Property"
"D:\OneDrive\VS\Projects\DocxDocument\DocumentModel.InOpenXml\Wordprocessing\Numbering\NumberingLevelOverride.cs","NumberingLevelOverride","StartOverrideNumberingValue","Property"
"D:\OneDrive\VS\Projects\DocxDocument\DocumentModel.InOpenXml\Wordprocessing\Numbering\NumberingLevelParagraphProperties.cs","NumberingLevelParagraphProperties","ParagraphStyleId","Property"
"D:\OneDrive\VS\Projects\DocxDocument\DocumentModel.InOpenXml\Wordprocessing\Numbering\NumberingProperties.cs","NumberingProperties","Inserted","Property"
"D:\OneDrive\VS\Projects\DocxDocument\DocumentModel.InOpenXml\Wordprocessing\Numbering\NumberingProperties.cs","NumberingProperties","NumberingChange","Property"
"D:\OneDrive\VS\Projects\DocxDocument\DocumentModel.InOpenXml\Wordprocessing\Numbering\NumberingProperties.cs","NumberingProperties","NumberingId","Property"
"D:\OneDrive\VS\Projects\DocxDocument\DocumentModel.InOpenXml\Wordprocessing\Numbering\NumberingProperties.cs","NumberingProperties","NumberingLevelReference","Property"
"D:\OneDrive\VS\Projects\DocxDocument\DocumentModel.InOpenXml\Wordprocessing\Paragraph properties\Indentation.cs","Indentation","End","Property"
"D:\OneDrive\VS\Projects\DocxDocument\DocumentModel.InOpenXml\Wordprocessing\Paragraph properties\Indentation.cs","Indentation","EndCharacters","Property"
"D:\OneDrive\VS\Projects\DocxDocument\DocumentModel.InOpenXml\Wordprocessing\Paragraph properties\Indentation.cs","Indentation","FirstLine","Property"
"D:\OneDrive\VS\Projects\DocxDocument\DocumentModel.InOpenXml\Wordprocessing\Paragraph properties\Indentation.cs","Indentation","FirstLineChars","Property"
"D:\OneDrive\VS\Projects\DocxDocument\DocumentModel.InOpenXml\Wordprocessing\Paragraph properties\Indentation.cs","Indentation","Hanging","Property"
"D:\OneDrive\VS\Projects\DocxDocument\DocumentModel.InOpenXml\Wordprocessing\Paragraph properties\Indentation.cs","Indentation","HangingChars","Property"
"D:\OneDrive\VS\Projects\DocxDocument\DocumentModel.InOpenXml\Wordprocessing\Paragraph properties\Indentation.cs","Indentation","Start","Property"
"D:\OneDrive\VS\Projects\DocxDocument\DocumentModel.InOpenXml\Wordprocessing\Paragraph properties\Indentation.cs","Indentation","StartCharacters","Property"
"D:\OneDrive\VS\Projects\DocxDocument\DocumentModel.InOpenXml\Wordprocessing\Paragraph properties\NoLineBreaksAfterKinsoku.cs","NoLineBreaksAfterKinsoku","Language","Property"
"D:\OneDrive\VS\Projects\DocxDocument\DocumentModel.InOpenXml\Wordprocessing\Paragraph properties\NoLineBreaksAfterKinsoku.cs","NoLineBreaksAfterKinsoku","Val","Property"
"D:\OneDrive\VS\Projects\DocxDocument\DocumentModel.InOpenXml\Wordprocessing\Paragraph properties\NoLineBreaksBeforeKinsoku.cs","NoLineBreaksBeforeKinsoku","Language","Property"
"D:\OneDrive\VS\Projects\DocxDocument\DocumentModel.InOpenXml\Wordprocessing\Paragraph properties\NoLineBreaksBeforeKinsoku.cs","NoLineBreaksBeforeKinsoku","Val","Property"
"D:\OneDrive\VS\Projects\DocxDocument\DocumentModel.InOpenXml\Wordprocessing\Paragraph properties\ParagraphBorders.cs","ParagraphBorders","BarBorder","Property"
"D:\OneDrive\VS\Projects\DocxDocument\DocumentModel.InOpenXml\Wordprocessing\Paragraph properties\ParagraphBorders.cs","ParagraphBorders","BetweenBorder","Property"
"D:\OneDrive\VS\Projects\DocxDocument\DocumentModel.InOpenXml\Wordprocessing\Paragraph properties\ParagraphBorders.cs","ParagraphBorders","BottomBorder","Property"
"D:\OneDrive\VS\Projects\DocxDocument\DocumentModel.InOpenXml\Wordprocessing\Paragraph properties\ParagraphBorders.cs","ParagraphBorders","LeftBorder","Property"
"D:\OneDrive\VS\Projects\DocxDocument\DocumentModel.InOpenXml\Wordprocessing\Paragraph properties\ParagraphBorders.cs","ParagraphBorders","RightBorder","Property"
"D:\OneDrive\VS\Projects\DocxDocument\DocumentModel.InOpenXml\Wordprocessing\Paragraph properties\ParagraphBorders.cs","ParagraphBorders","TopBorder","Property"
"D:\OneDrive\VS\Projects\DocxDocument\DocumentModel.InOpenXml\Wordprocessing\Paragraph properties\ParagraphProperties.cs","ParagraphProperties","ConditionalFormatStyle","Property"
"D:\OneDrive\VS\Projects\DocxDocument\DocumentModel.InOpenXml\Wordprocessing\Paragraph properties\ParagraphProperties.cs","ParagraphProperties","DivId","Property"
"D:\OneDrive\VS\Projects\DocxDocument\DocumentModel.InOpenXml\Wordprocessing\Paragraph properties\ParagraphProperties.cs","ParagraphProperties","ParagraphMarkRunProperties","Property"
"D:\OneDrive\VS\Projects\DocxDocument\DocumentModel.InOpenXml\Wordprocessing\Paragraph properties\ParagraphProperties.cs","ParagraphProperties","ParagraphPropertiesChange","Property"
"D:\OneDrive\VS\Projects\DocxDocument\DocumentModel.InOpenXml\Wordprocessing\Paragraph properties\ParagraphProperties.cs","ParagraphProperties","ParagraphStyleId","Property"
"D:\OneDrive\VS\Projects\DocxDocument\DocumentModel.InOpenXml\Wordprocessing\Paragraph properties\ParagraphProperties.cs","ParagraphProperties","SectionProperties","Property"
"D:\OneDrive\VS\Projects\DocxDocument\DocumentModel.InOpenXml\Wordprocessing\Paragraph properties\PreviousParagraphProperties.cs","PreviousParagraphProperties","ParagraphStyleId","Property"
"D:\OneDrive\VS\Projects\DocxDocument\DocumentModel.InOpenXml\Wordprocessing\Paragraph properties\TabStop.cs","TabStop","Leader","Property"
"D:\OneDrive\VS\Projects\DocxDocument\DocumentModel.InOpenXml\Wordprocessing\References\RelationshipType(T).cs","RelationshipType","Id","Property"
"D:\OneDrive\VS\Projects\DocxDocument\DocumentModel.InOpenXml\Wordprocessing\Revisions\Person.cs","Person","Author","Property"
"D:\OneDrive\VS\Projects\DocxDocument\DocumentModel.InOpenXml\Wordprocessing\Revisions\Person.cs","Person","PresenceInfo","Property"
"D:\OneDrive\VS\Projects\DocxDocument\DocumentModel.InOpenXml\Wordprocessing\Revisions\PresenceInfo.cs","PresenceInfo","ProviderId","Property"
"D:\OneDrive\VS\Projects\DocxDocument\DocumentModel.InOpenXml\Wordprocessing\Revisions\PresenceInfo.cs","PresenceInfo","UserId","Property"
"D:\OneDrive\VS\Projects\DocxDocument\DocumentModel.InOpenXml\Wordprocessing\Ruby\Ruby.cs","Ruby","RubyBase","Property"
"D:\OneDrive\VS\Projects\DocxDocument\DocumentModel.InOpenXml\Wordprocessing\Ruby\Ruby.cs","Ruby","RubyContent","Property"
"D:\OneDrive\VS\Projects\DocxDocument\DocumentModel.InOpenXml\Wordprocessing\Ruby\Ruby.cs","Ruby","RubyProperties","Property"
"D:\OneDrive\VS\Projects\DocxDocument\DocumentModel.InOpenXml\Wordprocessing\Ruby\RubyProperties.cs","RubyProperties","Dirty","Property"
"D:\OneDrive\VS\Projects\DocxDocument\DocumentModel.InOpenXml\Wordprocessing\Ruby\RubyProperties.cs","RubyProperties","LanguageId","Property"
"D:\OneDrive\VS\Projects\DocxDocument\DocumentModel.InOpenXml\Wordprocessing\Ruby\RubyProperties.cs","RubyProperties","PhoneticGuideBaseTextSize","Property"
"D:\OneDrive\VS\Projects\DocxDocument\DocumentModel.InOpenXml\Wordprocessing\Ruby\RubyProperties.cs","RubyProperties","PhoneticGuideRaise","Property"
"D:\OneDrive\VS\Projects\DocxDocument\DocumentModel.InOpenXml\Wordprocessing\Ruby\RubyProperties.cs","RubyProperties","PhoneticGuideTextFontSize","Property"
"D:\OneDrive\VS\Projects\DocxDocument\DocumentModel.InOpenXml\Wordprocessing\Ruby\RubyProperties.cs","RubyProperties","RubyAlign","Property"
"D:\OneDrive\VS\Projects\DocxDocument\DocumentModel.InOpenXml\Wordprocessing\Run content\Break.cs","Break","Clear","Property"
"D:\OneDrive\VS\Projects\DocxDocument\DocumentModel.InOpenXml\Wordprocessing\Run content\Break.cs","Break","Type","Property"
"D:\OneDrive\VS\Projects\DocxDocument\DocumentModel.InOpenXml\Wordprocessing\Run content\ContentPart.cs","ContentPart","Id","Property"
"D:\OneDrive\VS\Projects\DocxDocument\DocumentModel.InOpenXml\Wordprocessing\Run content\PositionalTab.cs","PositionalTab","Alignment","Property"
"D:\OneDrive\VS\Projects\DocxDocument\DocumentModel.InOpenXml\Wordprocessing\Run content\PositionalTab.cs","PositionalTab","Leader","Property"
"D:\OneDrive\VS\Projects\DocxDocument\DocumentModel.InOpenXml\Wordprocessing\Run content\PositionalTab.cs","PositionalTab","RelativeTo","Property"
"D:\OneDrive\VS\Projects\DocxDocument\DocumentModel.InOpenXml\Wordprocessing\Run properties\EastAsianLayout.cs","EastAsianLayout","Combine","Property"
"D:\OneDrive\VS\Projects\DocxDocument\DocumentModel.InOpenXml\Wordprocessing\Run properties\EastAsianLayout.cs","EastAsianLayout","CombineBrackets","Property"
"D:\OneDrive\VS\Projects\DocxDocument\DocumentModel.InOpenXml\Wordprocessing\Run properties\EastAsianLayout.cs","EastAsianLayout","Id","Property"
"D:\OneDrive\VS\Projects\DocxDocument\DocumentModel.InOpenXml\Wordprocessing\Run properties\EastAsianLayout.cs","EastAsianLayout","Vertical","Property"
"D:\OneDrive\VS\Projects\DocxDocument\DocumentModel.InOpenXml\Wordprocessing\Run properties\EastAsianLayout.cs","EastAsianLayout","VerticalCompress","Property"
"D:\OneDrive\VS\Projects\DocxDocument\DocumentModel.InOpenXml\Wordprocessing\Run properties\FillTextEffect.cs","FillTextEffect","GradientFillProperties","Property"
"D:\OneDrive\VS\Projects\DocxDocument\DocumentModel.InOpenXml\Wordprocessing\Run properties\FillTextEffect.cs","FillTextEffect","NoFillEmpty","Property"
"D:\OneDrive\VS\Projects\DocxDocument\DocumentModel.InOpenXml\Wordprocessing\Run properties\FillTextEffect.cs","FillTextEffect","SolidColorFillProperties","Property"
"D:\OneDrive\VS\Projects\DocxDocument\DocumentModel.InOpenXml\Wordprocessing\Run properties\FitText.cs","FitText","Id","Property"
"D:\OneDrive\VS\Projects\DocxDocument\DocumentModel.InOpenXml\Wordprocessing\Run properties\FitText.cs","FitText","Width","Property"
"D:\OneDrive\VS\Projects\DocxDocument\DocumentModel.InOpenXml\Wordprocessing\Run properties\RunFonts.cs","RunFonts","AsciiTheme","Property"
"D:\OneDrive\VS\Projects\DocxDocument\DocumentModel.InOpenXml\Wordprocessing\Run properties\Underline.cs","Underline","Type","Property"
"D:\OneDrive\VS\Projects\DocxDocument\DocumentModel.InOpenXml\Wordprocessing\Sdt\SdtCell.cs","SdtCell","SdtEndCharProperties","Property"
"D:\OneDrive\VS\Projects\DocxDocument\DocumentModel.InOpenXml\Wordprocessing\Sdt\SdtCell.cs","SdtCell","SdtProperties","Property"
"D:\OneDrive\VS\Projects\DocxDocument\DocumentModel.InOpenXml\Wordprocessing\Sdt\SdtContentCheckBox.cs","SdtContentCheckBox","Checked","Property"
"D:\OneDrive\VS\Projects\DocxDocument\DocumentModel.InOpenXml\Wordprocessing\Sdt\SdtContentCheckBox.cs","SdtContentCheckBox","CheckedState","Property"
"D:\OneDrive\VS\Projects\DocxDocument\DocumentModel.InOpenXml\Wordprocessing\Sdt\SdtContentCheckBox.cs","SdtContentCheckBox","UncheckedState","Property"
"D:\OneDrive\VS\Projects\DocxDocument\DocumentModel.InOpenXml\Wordprocessing\Sdt\SdtContentDate.cs","SdtContentDate","Calendar","Property"
"D:\OneDrive\VS\Projects\DocxDocument\DocumentModel.InOpenXml\Wordprocessing\Sdt\SdtContentDate.cs","SdtContentDate","DateFormat","Property"
"D:\OneDrive\VS\Projects\DocxDocument\DocumentModel.InOpenXml\Wordprocessing\Sdt\SdtContentDate.cs","SdtContentDate","FullDate","Property"
"D:\OneDrive\VS\Projects\DocxDocument\DocumentModel.InOpenXml\Wordprocessing\Sdt\SdtContentDate.cs","SdtContentDate","LanguageId","Property"
"D:\OneDrive\VS\Projects\DocxDocument\DocumentModel.InOpenXml\Wordprocessing\Sdt\SdtContentDate.cs","SdtContentDate","SdtDateMappingType","Property"
"D:\OneDrive\VS\Projects\DocxDocument\DocumentModel.InOpenXml\Wordprocessing\Sdt\SdtContentDocPartList.cs","SdtContentDocPartList","DocPartCategory","Property"
"D:\OneDrive\VS\Projects\DocxDocument\DocumentModel.InOpenXml\Wordprocessing\Sdt\SdtContentDocPartList.cs","SdtContentDocPartList","DocPartGallery","Property"
"D:\OneDrive\VS\Projects\DocxDocument\DocumentModel.InOpenXml\Wordprocessing\Sdt\SdtContentDocPartList.cs","SdtContentDocPartList","DocPartUnique","Property"
"D:\OneDrive\VS\Projects\DocxDocument\DocumentModel.InOpenXml\Wordprocessing\Sdt\SdtContentDocPartObject.cs","SdtContentDocPartObject","DocPartCategory","Property"
"D:\OneDrive\VS\Projects\DocxDocument\DocumentModel.InOpenXml\Wordprocessing\Sdt\SdtContentDocPartObject.cs","SdtContentDocPartObject","DocPartGallery","Property"
"D:\OneDrive\VS\Projects\DocxDocument\DocumentModel.InOpenXml\Wordprocessing\Sdt\SdtContentDocPartObject.cs","SdtContentDocPartObject","DocPartUnique","Property"
"D:\OneDrive\VS\Projects\DocxDocument\DocumentModel.InOpenXml\Wordprocessing\Sdt\SdtContentText.cs","SdtContentText","MultiLine","Property"
"D:\OneDrive\VS\Projects\DocxDocument\DocumentModel.InOpenXml\Wordprocessing\Sdt\SdtDocPartType.cs","SdtDocPartType","DocPartCategory","Property"
"D:\OneDrive\VS\Projects\DocxDocument\DocumentModel.InOpenXml\Wordprocessing\Sdt\SdtDocPartType.cs","SdtDocPartType","DocPartGallery","Property"
"D:\OneDrive\VS\Projects\DocxDocument\DocumentModel.InOpenXml\Wordprocessing\Sdt\SdtDocPartType.cs","SdtDocPartType","DocPartUnique","Property"
"D:\OneDrive\VS\Projects\DocxDocument\DocumentModel.InOpenXml\Wordprocessing\Sdt\SdtElement.cs","SdtElement","SdtEndCharProperties","Property"
"D:\OneDrive\VS\Projects\DocxDocument\DocumentModel.InOpenXml\Wordprocessing\Sdt\SdtElement.cs","SdtElement","SdtProperties","Property"
"D:\OneDrive\VS\Projects\DocxDocument\DocumentModel.InOpenXml\Wordprocessing\Sdt\SdtPlaceholder.cs","SdtPlaceholder","DocPartReference","Property"
"D:\OneDrive\VS\Projects\DocxDocument\DocumentModel.InOpenXml\Wordprocessing\Sdt\SdtProperties.cs","SdtProperties","IsRepeatedSectionItem","Element"
"D:\OneDrive\VS\Projects\DocxDocument\DocumentModel.InOpenXml\Wordprocessing\Sdt\SdtProperties.cs","SdtProperties","SdtContentComboBox","Element"
"D:\OneDrive\VS\Projects\DocxDocument\DocumentModel.InOpenXml\Wordprocessing\Sdt\SdtRepeatedSection.cs","SdtRepeatedSection","DoNotAllowInsertDeleteSection","Property"
"D:\OneDrive\VS\Projects\DocxDocument\DocumentModel.InOpenXml\Wordprocessing\Sdt\SdtRepeatedSection.cs","SdtRepeatedSection","SectionTitle","Property"
"D:\OneDrive\VS\Projects\DocxDocument\DocumentModel.InOpenXml\Wordprocessing\Sdt\SdtRow.cs","SdtRow","SdtEndCharProperties","Property"
"D:\OneDrive\VS\Projects\DocxDocument\DocumentModel.InOpenXml\Wordprocessing\Sdt\SdtRow.cs","SdtRow","SdtProperties","Property"
"D:\OneDrive\VS\Projects\DocxDocument\DocumentModel.InOpenXml\Wordprocessing\Sdt\SdtRun.cs","SdtRun","SdtEndCharProperties","Property"
"D:\OneDrive\VS\Projects\DocxDocument\DocumentModel.InOpenXml\Wordprocessing\Sdt\SdtRun.cs","SdtRun","SdtProperties","Property"
"D:\OneDrive\VS\Projects\DocxDocument\DocumentModel.InOpenXml\Wordprocessing\Sdt\SdtRunRuby.cs","SdtRunRuby","SdtEndCharProperties","Property"
"D:\OneDrive\VS\Projects\DocxDocument\DocumentModel.InOpenXml\Wordprocessing\Sdt\SdtRunRuby.cs","SdtRunRuby","SdtProperties","Property"
"D:\OneDrive\VS\Projects\DocxDocument\DocumentModel.InOpenXml\Wordprocessing\Sections\LineNumberType.cs","LineNumberType","CountBy","Property"
"D:\OneDrive\VS\Projects\DocxDocument\DocumentModel.InOpenXml\Wordprocessing\Sections\LineNumberType.cs","LineNumberType","Distance","Property"
"D:\OneDrive\VS\Projects\DocxDocument\DocumentModel.InOpenXml\Wordprocessing\Sections\LineNumberType.cs","LineNumberType","Restart","Property"
"D:\OneDrive\VS\Projects\DocxDocument\DocumentModel.InOpenXml\Wordprocessing\Sections\LineNumberType.cs","LineNumberType","Start","Property"
"D:\OneDrive\VS\Projects\DocxDocument\DocumentModel.InOpenXml\Wordprocessing\Sections\PageBorders.cs","PageBorders","BottomBorder","Property"
"D:\OneDrive\VS\Projects\DocxDocument\DocumentModel.InOpenXml\Wordprocessing\Sections\PageBorders.cs","PageBorders","Display","Property"
"D:\OneDrive\VS\Projects\DocxDocument\DocumentModel.InOpenXml\Wordprocessing\Sections\PageBorders.cs","PageBorders","LeftBorder","Property"
"D:\OneDrive\VS\Projects\DocxDocument\DocumentModel.InOpenXml\Wordprocessing\Sections\PageBorders.cs","PageBorders","OffsetFrom","Property"
"D:\OneDrive\VS\Projects\DocxDocument\DocumentModel.InOpenXml\Wordprocessing\Sections\PageBorders.cs","PageBorders","RightBorder","Property"
"D:\OneDrive\VS\Projects\DocxDocument\DocumentModel.InOpenXml\Wordprocessing\Sections\PageBorders.cs","PageBorders","TopBorder","Property"
"D:\OneDrive\VS\Projects\DocxDocument\DocumentModel.InOpenXml\Wordprocessing\Sections\PageBorders.cs","PageBorders","ZOrder","Property"
"D:\OneDrive\VS\Projects\DocxDocument\DocumentModel.InOpenXml\Wordprocessing\Sections\PageMargin.cs","PageMargin","Bottom","Property"
"D:\OneDrive\VS\Projects\DocxDocument\DocumentModel.InOpenXml\Wordprocessing\Sections\PageMargin.cs","PageMargin","Footer","Property"
"D:\OneDrive\VS\Projects\DocxDocument\DocumentModel.InOpenXml\Wordprocessing\Sections\PageMargin.cs","PageMargin","Gutter","Property"
"D:\OneDrive\VS\Projects\DocxDocument\DocumentModel.InOpenXml\Wordprocessing\Sections\PageMargin.cs","PageMargin","Header","Property"
"D:\OneDrive\VS\Projects\DocxDocument\DocumentModel.InOpenXml\Wordprocessing\Sections\PageMargin.cs","PageMargin","Left","Property"
"D:\OneDrive\VS\Projects\DocxDocument\DocumentModel.InOpenXml\Wordprocessing\Sections\PageMargin.cs","PageMargin","Right","Property"
"D:\OneDrive\VS\Projects\DocxDocument\DocumentModel.InOpenXml\Wordprocessing\Sections\PageMargin.cs","PageMargin","Top","Property"
"D:\OneDrive\VS\Projects\DocxDocument\DocumentModel.InOpenXml\Wordprocessing\Sections\PageNumberType.cs","PageNumberType","ChapterSeparator","Property"
"D:\OneDrive\VS\Projects\DocxDocument\DocumentModel.InOpenXml\Wordprocessing\Sections\PageNumberType.cs","PageNumberType","ChapterStyle","Property"
"D:\OneDrive\VS\Projects\DocxDocument\DocumentModel.InOpenXml\Wordprocessing\Sections\PageNumberType.cs","PageNumberType","Format","Property"
"D:\OneDrive\VS\Projects\DocxDocument\DocumentModel.InOpenXml\Wordprocessing\Sections\PageNumberType.cs","PageNumberType","Start","Property"
"D:\OneDrive\VS\Projects\DocxDocument\DocumentModel.InOpenXml\Wordprocessing\Sections\PageSize.cs","PageSize","Height","Property"
"D:\OneDrive\VS\Projects\DocxDocument\DocumentModel.InOpenXml\Wordprocessing\Sections\PageSize.cs","PageSize","Orient","Property"
"D:\OneDrive\VS\Projects\DocxDocument\DocumentModel.InOpenXml\Wordprocessing\Sections\PageSize.cs","PageSize","Width","Property"
"D:\OneDrive\VS\Projects\DocxDocument\DocumentModel.InOpenXml\Wordprocessing\Sections\PaperSource.cs","PaperSource","First","Property"
"D:\OneDrive\VS\Projects\DocxDocument\DocumentModel.InOpenXml\Wordprocessing\Sections\PaperSource.cs","PaperSource","Other","Property"
"D:\OneDrive\VS\Projects\DocxDocument\DocumentModel.InOpenXml\Wordprocessing\Sections\SectionProperties.cs","SectionProperties","SectionPropertiesChange","Element"
"D:\OneDrive\VS\Projects\DocxDocument\DocumentModel.InOpenXml\Wordprocessing\Sections\TextColumn.cs","TextColumn","Space","Property"
"D:\OneDrive\VS\Projects\DocxDocument\DocumentModel.InOpenXml\Wordprocessing\Sections\TextColumn.cs","TextColumn","Width","Property"
"D:\OneDrive\VS\Projects\DocxDocument\DocumentModel.InOpenXml\Wordprocessing\Sections\TextColumns.cs","TextColumns","ColumnCount","Property"
"D:\OneDrive\VS\Projects\DocxDocument\DocumentModel.InOpenXml\Wordprocessing\Sections\TextColumns.cs","TextColumns","EqualWidth","Property"
"D:\OneDrive\VS\Projects\DocxDocument\DocumentModel.InOpenXml\Wordprocessing\Sections\TextColumns.cs","TextColumns","Separator","Property"
"D:\OneDrive\VS\Projects\DocxDocument\DocumentModel.InOpenXml\Wordprocessing\Sections\TextColumns.cs","TextColumns","Space","Property"
"D:\OneDrive\VS\Projects\DocxDocument\DocumentModel.InOpenXml\Wordprocessing\Settings\ActiveWritingStyle.cs","ActiveWritingStyle","ApplicationName","Property"
"D:\OneDrive\VS\Projects\DocxDocument\DocumentModel.InOpenXml\Wordprocessing\Settings\ActiveWritingStyle.cs","ActiveWritingStyle","CheckStyle","Property"
"D:\OneDrive\VS\Projects\DocxDocument\DocumentModel.InOpenXml\Wordprocessing\Settings\ActiveWritingStyle.cs","ActiveWritingStyle","DllVersion","Property"
"D:\OneDrive\VS\Projects\DocxDocument\DocumentModel.InOpenXml\Wordprocessing\Settings\ActiveWritingStyle.cs","ActiveWritingStyle","Language","Property"
"D:\OneDrive\VS\Projects\DocxDocument\DocumentModel.InOpenXml\Wordprocessing\Settings\ActiveWritingStyle.cs","ActiveWritingStyle","NaturalLanguageGrammarCheck","Property"
"D:\OneDrive\VS\Projects\DocxDocument\DocumentModel.InOpenXml\Wordprocessing\Settings\ActiveWritingStyle.cs","ActiveWritingStyle","VendorID","Property"
"D:\OneDrive\VS\Projects\DocxDocument\DocumentModel.InOpenXml\Wordprocessing\Settings\AutoCaption.cs","AutoCaption","Caption","Property"
"D:\OneDrive\VS\Projects\DocxDocument\DocumentModel.InOpenXml\Wordprocessing\Settings\AutoCaption.cs","AutoCaption","Name","Property"
"D:\OneDrive\VS\Projects\DocxDocument\DocumentModel.InOpenXml\Wordprocessing\Settings\CaptionDefinition.cs","CaptionDefinition","ChapterNumber","Property"
"D:\OneDrive\VS\Projects\DocxDocument\DocumentModel.InOpenXml\Wordprocessing\Settings\CaptionDefinition.cs","CaptionDefinition","Heading","Property"
"D:\OneDrive\VS\Projects\DocxDocument\DocumentModel.InOpenXml\Wordprocessing\Settings\CaptionDefinition.cs","CaptionDefinition","Name","Property"
"D:\OneDrive\VS\Projects\DocxDocument\DocumentModel.InOpenXml\Wordprocessing\Settings\CaptionDefinition.cs","CaptionDefinition","NoLabel","Property"
"D:\OneDrive\VS\Projects\DocxDocument\DocumentModel.InOpenXml\Wordprocessing\Settings\CaptionDefinition.cs","CaptionDefinition","NumberFormat","Property"
"D:\OneDrive\VS\Projects\DocxDocument\DocumentModel.InOpenXml\Wordprocessing\Settings\CaptionDefinition.cs","CaptionDefinition","Position","Property"
"D:\OneDrive\VS\Projects\DocxDocument\DocumentModel.InOpenXml\Wordprocessing\Settings\CaptionDefinition.cs","CaptionDefinition","Separator","Property"
"D:\OneDrive\VS\Projects\DocxDocument\DocumentModel.InOpenXml\Wordprocessing\Settings\CompatibilitySetting.cs","CompatibilitySetting","Name","Property"
"D:\OneDrive\VS\Projects\DocxDocument\DocumentModel.InOpenXml\Wordprocessing\Settings\CompatibilitySetting.cs","CompatibilitySetting","Val","Property"
"D:\OneDrive\VS\Projects\DocxDocument\DocumentModel.InOpenXml\Wordprocessing\Settings\DivBorders.cs","DivBorders","BottomBorder","Property"
"D:\OneDrive\VS\Projects\DocxDocument\DocumentModel.InOpenXml\Wordprocessing\Settings\DivBorders.cs","DivBorders","LeftBorder","Property"
"D:\OneDrive\VS\Projects\DocxDocument\DocumentModel.InOpenXml\Wordprocessing\Settings\DivBorders.cs","DivBorders","RightBorder","Property"
"D:\OneDrive\VS\Projects\DocxDocument\DocumentModel.InOpenXml\Wordprocessing\Settings\DivBorders.cs","DivBorders","TopBorder","Property"
"D:\OneDrive\VS\Projects\DocxDocument\DocumentModel.InOpenXml\Wordprocessing\Settings\DivElement.cs","DivElement","DivBorder","Property"
"D:\OneDrive\VS\Projects\DocxDocument\DocumentModel.InOpenXml\Wordprocessing\Settings\DivElement.cs","DivElement","Id","Property"
"D:\OneDrive\VS\Projects\DocxDocument\DocumentModel.InOpenXml\Wordprocessing\Settings\FixedCommandKeyboardCustomization.cs","FixedCommandKeyboardCustomization","Argument","Property"
"D:\OneDrive\VS\Projects\DocxDocument\DocumentModel.InOpenXml\Wordprocessing\Settings\FixedCommandKeyboardCustomization.cs","FixedCommandKeyboardCustomization","CommandIndex","Property"
"D:\OneDrive\VS\Projects\DocxDocument\DocumentModel.InOpenXml\Wordprocessing\Settings\FixedCommandKeyboardCustomization.cs","FixedCommandKeyboardCustomization","CommandName","Property"
"D:\OneDrive\VS\Projects\DocxDocument\DocumentModel.InOpenXml\Wordprocessing\Settings\ProofState.cs","ProofState","Grammar","Property"
"D:\OneDrive\VS\Projects\DocxDocument\DocumentModel.InOpenXml\Wordprocessing\Settings\ProofState.cs","ProofState","Spelling","Property"
"D:\OneDrive\VS\Projects\DocxDocument\DocumentModel.InOpenXml\Wordprocessing\Settings\WebSettings.cs","WebSettings","AllowPNG","Property"
"D:\OneDrive\VS\Projects\DocxDocument\DocumentModel.InOpenXml\Wordprocessing\Settings\WebSettings.cs","WebSettings","Divs","Property"
"D:\OneDrive\VS\Projects\DocxDocument\DocumentModel.InOpenXml\Wordprocessing\Settings\WebSettings.cs","WebSettings","DoNotOrganizeInFolder","Property"
"D:\OneDrive\VS\Projects\DocxDocument\DocumentModel.InOpenXml\Wordprocessing\Settings\WebSettings.cs","WebSettings","DoNotRelyOnCSS","Property"
"D:\OneDrive\VS\Projects\DocxDocument\DocumentModel.InOpenXml\Wordprocessing\Settings\WebSettings.cs","WebSettings","DoNotSaveAsSingleFile","Property"
"D:\OneDrive\VS\Projects\DocxDocument\DocumentModel.InOpenXml\Wordprocessing\Settings\WebSettings.cs","WebSettings","DoNotUseLongFileNames","Property"
"D:\OneDrive\VS\Projects\DocxDocument\DocumentModel.InOpenXml\Wordprocessing\Settings\WebSettings.cs","WebSettings","Frameset","Property"
"D:\OneDrive\VS\Projects\DocxDocument\DocumentModel.InOpenXml\Wordprocessing\Settings\WebSettings.cs","WebSettings","OptimizeForBrowser","Property"
"D:\OneDrive\VS\Projects\DocxDocument\DocumentModel.InOpenXml\Wordprocessing\Settings\WebSettings.cs","WebSettings","PixelsPerInch","Property"
"D:\OneDrive\VS\Projects\DocxDocument\DocumentModel.InOpenXml\Wordprocessing\Settings\WebSettings.cs","WebSettings","RelyOnVML","Property"
"D:\OneDrive\VS\Projects\DocxDocument\DocumentModel.InOpenXml\Wordprocessing\Settings\WebSettings.cs","WebSettings","TargetScreenSize","Property"
"D:\OneDrive\VS\Projects\DocxDocument\DocumentModel.InOpenXml\Wordprocessing\Settings\WebSettings.cs","WebSettings","WebPageEncoding","Property"
"D:\OneDrive\VS\Projects\DocxDocument\DocumentModel.InOpenXml\Wordprocessing\Settings\WriteProtection.cs","used","HashValue","Property"
"D:\OneDrive\VS\Projects\DocxDocument\DocumentModel.InOpenXml\Wordprocessing\Settings\WriteProtection.cs","used","SaltValue","Property"
"D:\OneDrive\VS\Projects\DocxDocument\DocumentModel.InOpenXml\Wordprocessing\Settings\WriteProtection.cs","used","SpinCount","Property"
"D:\OneDrive\VS\Projects\DocxDocument\DocumentModel.InOpenXml\Wordprocessing\Settings\WriteProtection.cs","WriteProtection","Recommended","Property"
"D:\OneDrive\VS\Projects\DocxDocument\DocumentModel.InOpenXml\Wordprocessing\Styles\LatentStyle.cs","LatentStyle","Locked","Property"
"D:\OneDrive\VS\Projects\DocxDocument\DocumentModel.InOpenXml\Wordprocessing\Styles\LatentStyle.cs","LatentStyle","Name","Property"
"D:\OneDrive\VS\Projects\DocxDocument\DocumentModel.InOpenXml\Wordprocessing\Styles\LatentStyle.cs","LatentStyle","PrimaryStyle","Property"
"D:\OneDrive\VS\Projects\DocxDocument\DocumentModel.InOpenXml\Wordprocessing\Styles\LatentStyle.cs","LatentStyle","SemiHidden","Property"
"D:\OneDrive\VS\Projects\DocxDocument\DocumentModel.InOpenXml\Wordprocessing\Styles\LatentStyle.cs","LatentStyle","UiPriority","Property"
"D:\OneDrive\VS\Projects\DocxDocument\DocumentModel.InOpenXml\Wordprocessing\Styles\LatentStyle.cs","LatentStyle","UnhideWhenUsed","Property"
"D:\OneDrive\VS\Projects\DocxDocument\DocumentModel.InOpenXml\Wordprocessing\Styles\Style.cs","Style","BasedOn","Property"
"D:\OneDrive\VS\Projects\DocxDocument\DocumentModel.InOpenXml\Wordprocessing\Styles\Style.cs","Style","IsCustom","Property"
"D:\OneDrive\VS\Projects\DocxDocument\DocumentModel.InOpenXml\Wordprocessing\Styles\Style.cs","Style","IsDefault","Property"
"D:\OneDrive\VS\Projects\DocxDocument\DocumentModel.InOpenXml\Wordprocessing\Styles\Style.cs","Style","LinkedStyle","Property"
"D:\OneDrive\VS\Projects\DocxDocument\DocumentModel.InOpenXml\Wordprocessing\Styles\Style.cs","Style","NextParagraphStyle","Property"
"D:\OneDrive\VS\Projects\DocxDocument\DocumentModel.InOpenXml\Wordprocessing\Styles\Style.cs","Style","Rsid","Property"
"D:\OneDrive\VS\Projects\DocxDocument\DocumentModel.InOpenXml\Wordprocessing\Styles\Style.cs","Style","StyleId","Property"
"D:\OneDrive\VS\Projects\DocxDocument\DocumentModel.InOpenXml\Wordprocessing\Styles\Style.cs","Style","StyleName","Property"
"D:\OneDrive\VS\Projects\DocxDocument\DocumentModel.InOpenXml\Wordprocessing\Styles\Style.cs","Style","Type","Property"
"D:\OneDrive\VS\Projects\DocxDocument\DocumentModel.InOpenXml\Wordprocessing\Styles\Style.cs","Style","UIPriority","Property"
"D:\OneDrive\VS\Projects\DocxDocument\DocumentModel.InOpenXml\Wordprocessing\Styles\StylePaneFormatFilter.cs","StylePaneFormatFilter","AllStyles","Property"
"D:\OneDrive\VS\Projects\DocxDocument\DocumentModel.InOpenXml\Wordprocessing\Styles\StylePaneFormatFilter.cs","StylePaneFormatFilter","AlternateStyleNames","Property"
"D:\OneDrive\VS\Projects\DocxDocument\DocumentModel.InOpenXml\Wordprocessing\Styles\StylePaneFormatFilter.cs","StylePaneFormatFilter","ClearFormatting","Property"
"D:\OneDrive\VS\Projects\DocxDocument\DocumentModel.InOpenXml\Wordprocessing\Styles\StylePaneFormatFilter.cs","StylePaneFormatFilter","CustomStyles","Property"
"D:\OneDrive\VS\Projects\DocxDocument\DocumentModel.InOpenXml\Wordprocessing\Styles\StylePaneFormatFilter.cs","StylePaneFormatFilter","DirectFormattingOnNumbering","Property"
"D:\OneDrive\VS\Projects\DocxDocument\DocumentModel.InOpenXml\Wordprocessing\Styles\StylePaneFormatFilter.cs","StylePaneFormatFilter","DirectFormattingOnParagraphs","Property"
"D:\OneDrive\VS\Projects\DocxDocument\DocumentModel.InOpenXml\Wordprocessing\Styles\StylePaneFormatFilter.cs","StylePaneFormatFilter","DirectFormattingOnRuns","Property"
"D:\OneDrive\VS\Projects\DocxDocument\DocumentModel.InOpenXml\Wordprocessing\Styles\StylePaneFormatFilter.cs","StylePaneFormatFilter","DirectFormattingOnTables","Property"
"D:\OneDrive\VS\Projects\DocxDocument\DocumentModel.InOpenXml\Wordprocessing\Styles\StylePaneFormatFilter.cs","StylePaneFormatFilter","HeadingStyles","Property"
"D:\OneDrive\VS\Projects\DocxDocument\DocumentModel.InOpenXml\Wordprocessing\Styles\StylePaneFormatFilter.cs","StylePaneFormatFilter","LatentStyles","Property"
"D:\OneDrive\VS\Projects\DocxDocument\DocumentModel.InOpenXml\Wordprocessing\Styles\StylePaneFormatFilter.cs","StylePaneFormatFilter","NumberingStyles","Property"
"D:\OneDrive\VS\Projects\DocxDocument\DocumentModel.InOpenXml\Wordprocessing\Styles\StylePaneFormatFilter.cs","StylePaneFormatFilter","StylesInUse","Property"
"D:\OneDrive\VS\Projects\DocxDocument\DocumentModel.InOpenXml\Wordprocessing\Styles\StylePaneFormatFilter.cs","StylePaneFormatFilter","TableStyles","Property"
"D:\OneDrive\VS\Projects\DocxDocument\DocumentModel.InOpenXml\Wordprocessing\Styles\StylePaneFormatFilter.cs","StylePaneFormatFilter","Top3HeadingStyles","Property"
"D:\OneDrive\VS\Projects\DocxDocument\DocumentModel.InOpenXml\Wordprocessing\Styles\StylePaneFormatFilter.cs","StylePaneFormatFilter","VisibleStyles","Property"
"D:\OneDrive\VS\Projects\DocxDocument\DocumentModel.InOpenXml\Wordprocessing\Styles\StyleSet.cs","StyleSet","Id","Property"
"D:\OneDrive\VS\Projects\DocxDocument\DocumentModel.InOpenXml\Wordprocessing\Styles\StyleSet.cs","StyleSet","Val","Property"
"D:\OneDrive\VS\Projects\DocxDocument\DocumentModel.InOpenXml\Wordprocessing\Table properties\BaseTableCellProperties.cs","BaseTableCellProperties","NoWrap","Property"
"D:\OneDrive\VS\Projects\DocxDocument\DocumentModel.InOpenXml\Wordprocessing\Table properties\BaseTableCellProperties.cs","BaseTableCellProperties","Shading","Property"
"D:\OneDrive\VS\Projects\DocxDocument\DocumentModel.InOpenXml\Wordprocessing\Table properties\BaseTableCellProperties.cs","BaseTableCellProperties","TableCellMargin","Property"
"D:\OneDrive\VS\Projects\DocxDocument\DocumentModel.InOpenXml\Wordprocessing\Table properties\BaseTableCellProperties.cs","BaseTableCellProperties","TableCellVerticalAlignment","Property"
"D:\OneDrive\VS\Projects\DocxDocument\DocumentModel.InOpenXml\Wordprocessing\Table properties\BaseTableProperties.cs","BaseTableProperties","DefaultTableCellMargin","Element"
"D:\OneDrive\VS\Projects\DocxDocument\DocumentModel.InOpenXml\Wordprocessing\Table properties\BaseTableProperties.cs","BaseTableProperties","Shading","Property"
"D:\OneDrive\VS\Projects\DocxDocument\DocumentModel.InOpenXml\Wordprocessing\Table properties\BaseTableProperties.cs","BaseTableProperties","TableBorders","Property"
"D:\OneDrive\VS\Projects\DocxDocument\DocumentModel.InOpenXml\Wordprocessing\Table properties\BaseTableProperties.cs","BaseTableProperties","TableCellSpacing","Property"
"D:\OneDrive\VS\Projects\DocxDocument\DocumentModel.InOpenXml\Wordprocessing\Table properties\BaseTableProperties.cs","BaseTableProperties","TableIndentation","Property"
"D:\OneDrive\VS\Projects\DocxDocument\DocumentModel.InOpenXml\Wordprocessing\Table properties\BaseTableProperties.cs","BaseTableProperties","TableJustification","Property"
"D:\OneDrive\VS\Projects\DocxDocument\DocumentModel.InOpenXml\Wordprocessing\Table properties\BaseTableRowProperties.cs","BaseTableRowProperties","CantSplit","Element"
"D:\OneDrive\VS\Projects\DocxDocument\DocumentModel.InOpenXml\Wordprocessing\Table properties\BaseTableRowProperties.cs","BaseTableRowProperties","CellSpacing","Element"
"D:\OneDrive\VS\Projects\DocxDocument\DocumentModel.InOpenXml\Wordprocessing\Table properties\BaseTableRowProperties.cs","BaseTableRowProperties","ConditionalFormatStyle","Element"
"D:\OneDrive\VS\Projects\DocxDocument\DocumentModel.InOpenXml\Wordprocessing\Table properties\BaseTableRowProperties.cs","BaseTableRowProperties","DivId","Element"
"D:\OneDrive\VS\Projects\DocxDocument\DocumentModel.InOpenXml\Wordprocessing\Table properties\BaseTableRowProperties.cs","BaseTableRowProperties","GlyphHidden","Element"
"D:\OneDrive\VS\Projects\DocxDocument\DocumentModel.InOpenXml\Wordprocessing\Table properties\BaseTableRowProperties.cs","BaseTableRowProperties","GridAfter","Element"
"D:\OneDrive\VS\Projects\DocxDocument\DocumentModel.InOpenXml\Wordprocessing\Table properties\BaseTableRowProperties.cs","BaseTableRowProperties","GridBefore","Element"
"D:\OneDrive\VS\Projects\DocxDocument\DocumentModel.InOpenXml\Wordprocessing\Table properties\BaseTableRowProperties.cs","BaseTableRowProperties","IsHeader","Element"
"D:\OneDrive\VS\Projects\DocxDocument\DocumentModel.InOpenXml\Wordprocessing\Table properties\BaseTableRowProperties.cs","BaseTableRowProperties","RowAlignment","Element"
"D:\OneDrive\VS\Projects\DocxDocument\DocumentModel.InOpenXml\Wordprocessing\Table properties\BaseTableRowProperties.cs","BaseTableRowProperties","RowHeight","Element"
"D:\OneDrive\VS\Projects\DocxDocument\DocumentModel.InOpenXml\Wordprocessing\Table properties\BaseTableRowProperties.cs","BaseTableRowProperties","WidthAfter","Element"
"D:\OneDrive\VS\Projects\DocxDocument\DocumentModel.InOpenXml\Wordprocessing\Table properties\BaseTableRowProperties.cs","BaseTableRowProperties","WidthBefore","Element"
"D:\OneDrive\VS\Projects\DocxDocument\DocumentModel.InOpenXml\Wordprocessing\Table properties\CurrentTableCellProperties.cs","CurrentTableCellProperties","CellDeletion","Element"
"D:\OneDrive\VS\Projects\DocxDocument\DocumentModel.InOpenXml\Wordprocessing\Table properties\CurrentTableCellProperties.cs","CurrentTableCellProperties","CellInsertion","Element"
"D:\OneDrive\VS\Projects\DocxDocument\DocumentModel.InOpenXml\Wordprocessing\Table properties\CurrentTableCellProperties.cs","CurrentTableCellProperties","CellMerge","Element"
"D:\OneDrive\VS\Projects\DocxDocument\DocumentModel.InOpenXml\Wordprocessing\Table properties\CurrentTableCellProperties.cs","CurrentTableCellProperties","ConditionalFormatStyle","Property"
"D:\OneDrive\VS\Projects\DocxDocument\DocumentModel.InOpenXml\Wordprocessing\Table properties\CurrentTableCellProperties.cs","CurrentTableCellProperties","GridSpan","Property"
"D:\OneDrive\VS\Projects\DocxDocument\DocumentModel.InOpenXml\Wordprocessing\Table properties\CurrentTableCellProperties.cs","CurrentTableCellProperties","HideMark","Property"
"D:\OneDrive\VS\Projects\DocxDocument\DocumentModel.InOpenXml\Wordprocessing\Table properties\CurrentTableCellProperties.cs","CurrentTableCellProperties","HorizontalMerge","Property"
"D:\OneDrive\VS\Projects\DocxDocument\DocumentModel.InOpenXml\Wordprocessing\Table properties\CurrentTableCellProperties.cs","CurrentTableCellProperties","TableCellBorders","Property"
"D:\OneDrive\VS\Projects\DocxDocument\DocumentModel.InOpenXml\Wordprocessing\Table properties\CurrentTableCellProperties.cs","CurrentTableCellProperties","TableCellFitText","Property"
"D:\OneDrive\VS\Projects\DocxDocument\DocumentModel.InOpenXml\Wordprocessing\Table properties\CurrentTableCellProperties.cs","CurrentTableCellProperties","TableCellWidth","Property"
"D:\OneDrive\VS\Projects\DocxDocument\DocumentModel.InOpenXml\Wordprocessing\Table properties\CurrentTableCellProperties.cs","CurrentTableCellProperties","TextDirection","Property"
"D:\OneDrive\VS\Projects\DocxDocument\DocumentModel.InOpenXml\Wordprocessing\Table properties\CurrentTableCellProperties.cs","CurrentTableCellProperties","VerticalMerge","Property"
"D:\OneDrive\VS\Projects\DocxDocument\DocumentModel.InOpenXml\Wordprocessing\Table properties\GridColumn.cs","GridColumn","Width","Property"
"D:\OneDrive\VS\Projects\DocxDocument\DocumentModel.InOpenXml\Wordprocessing\Table properties\TableBorders.cs","TableBorders","BottomBorder","Property"
"D:\OneDrive\VS\Projects\DocxDocument\DocumentModel.InOpenXml\Wordprocessing\Table properties\TableBorders.cs","TableBorders","EndBorder","Property"
"D:\OneDrive\VS\Projects\DocxDocument\DocumentModel.InOpenXml\Wordprocessing\Table properties\TableBorders.cs","TableBorders","InsideHorizontalBorder","Property"
"D:\OneDrive\VS\Projects\DocxDocument\DocumentModel.InOpenXml\Wordprocessing\Table properties\TableBorders.cs","TableBorders","InsideVerticalBorder","Property"
"D:\OneDrive\VS\Projects\DocxDocument\DocumentModel.InOpenXml\Wordprocessing\Table properties\TableBorders.cs","TableBorders","LeftBorder","Property"
"D:\OneDrive\VS\Projects\DocxDocument\DocumentModel.InOpenXml\Wordprocessing\Table properties\TableBorders.cs","TableBorders","RightBorder","Property"
"D:\OneDrive\VS\Projects\DocxDocument\DocumentModel.InOpenXml\Wordprocessing\Table properties\TableBorders.cs","TableBorders","StartBorder","Property"
"D:\OneDrive\VS\Projects\DocxDocument\DocumentModel.InOpenXml\Wordprocessing\Table properties\TableBorders.cs","TableBorders","TopBorder","Property"
"D:\OneDrive\VS\Projects\DocxDocument\DocumentModel.InOpenXml\Wordprocessing\Table properties\TableCellBorders.cs","TableCellBorders","BottomBorder","Property"
"D:\OneDrive\VS\Projects\DocxDocument\DocumentModel.InOpenXml\Wordprocessing\Table properties\TableCellBorders.cs","TableCellBorders","EndBorder","Property"
"D:\OneDrive\VS\Projects\DocxDocument\DocumentModel.InOpenXml\Wordprocessing\Table properties\TableCellBorders.cs","TableCellBorders","InsideHorizontalBorder","Property"
"D:\OneDrive\VS\Projects\DocxDocument\DocumentModel.InOpenXml\Wordprocessing\Table properties\TableCellBorders.cs","TableCellBorders","InsideVerticalBorder","Property"
"D:\OneDrive\VS\Projects\DocxDocument\DocumentModel.InOpenXml\Wordprocessing\Table properties\TableCellBorders.cs","TableCellBorders","LeftBorder","Property"
"D:\OneDrive\VS\Projects\DocxDocument\DocumentModel.InOpenXml\Wordprocessing\Table properties\TableCellBorders.cs","TableCellBorders","RightBorder","Property"
"D:\OneDrive\VS\Projects\DocxDocument\DocumentModel.InOpenXml\Wordprocessing\Table properties\TableCellBorders.cs","TableCellBorders","StartBorder","Property"
"D:\OneDrive\VS\Projects\DocxDocument\DocumentModel.InOpenXml\Wordprocessing\Table properties\TableCellBorders.cs","TableCellBorders","TopBorder","Property"
"D:\OneDrive\VS\Projects\DocxDocument\DocumentModel.InOpenXml\Wordprocessing\Table properties\TableCellBorders.cs","TableCellBorders","TopLeftToBottomRightCellBorder","Property"
"D:\OneDrive\VS\Projects\DocxDocument\DocumentModel.InOpenXml\Wordprocessing\Table properties\TableCellBorders.cs","TableCellBorders","TopRightToBottomLeftCellBorder","Property"
"D:\OneDrive\VS\Projects\DocxDocument\DocumentModel.InOpenXml\Wordprocessing\Table properties\TableCellMargin.cs","TableCellMargin","BottomMargin","Property"
"D:\OneDrive\VS\Projects\DocxDocument\DocumentModel.InOpenXml\Wordprocessing\Table properties\TableCellMargin.cs","TableCellMargin","EndMargin","Property"
"D:\OneDrive\VS\Projects\DocxDocument\DocumentModel.InOpenXml\Wordprocessing\Table properties\TableCellMargin.cs","TableCellMargin","LeftMargin","Property"
"D:\OneDrive\VS\Projects\DocxDocument\DocumentModel.InOpenXml\Wordprocessing\Table properties\TableCellMargin.cs","TableCellMargin","RightMargin","Property"
"D:\OneDrive\VS\Projects\DocxDocument\DocumentModel.InOpenXml\Wordprocessing\Table properties\TableCellMargin.cs","TableCellMargin","StartMargin","Property"
"D:\OneDrive\VS\Projects\DocxDocument\DocumentModel.InOpenXml\Wordprocessing\Table properties\TableCellMargin.cs","TableCellMargin","TopMargin","Property"
"D:\OneDrive\VS\Projects\DocxDocument\DocumentModel.InOpenXml\Wordprocessing\Table properties\TableGridChange.cs","TableGridChange","PreviousTableGrid","Property"
"D:\OneDrive\VS\Projects\DocxDocument\DocumentModel.InOpenXml\Wordprocessing\Table properties\TableLayout.cs","TableLayout","Type","Property"
"D:\OneDrive\VS\Projects\DocxDocument\DocumentModel.InOpenXml\Wordprocessing\Table properties\TableLook.cs","TableLook","FirstColumn","Property"
"D:\OneDrive\VS\Projects\DocxDocument\DocumentModel.InOpenXml\Wordprocessing\Table properties\TableLook.cs","TableLook","FirstRow","Property"
"D:\OneDrive\VS\Projects\DocxDocument\DocumentModel.InOpenXml\Wordprocessing\Table properties\TableLook.cs","TableLook","LastColumn","Property"
"D:\OneDrive\VS\Projects\DocxDocument\DocumentModel.InOpenXml\Wordprocessing\Table properties\TableLook.cs","TableLook","LastRow","Property"
"D:\OneDrive\VS\Projects\DocxDocument\DocumentModel.InOpenXml\Wordprocessing\Table properties\TableLook.cs","TableLook","NoHorizontalBand","Property"
"D:\OneDrive\VS\Projects\DocxDocument\DocumentModel.InOpenXml\Wordprocessing\Table properties\TableLook.cs","TableLook","NoVerticalBand","Property"
"D:\OneDrive\VS\Projects\DocxDocument\DocumentModel.InOpenXml\Wordprocessing\Table properties\TableLook.cs","TableLook","Val","Property"
"D:\OneDrive\VS\Projects\DocxDocument\DocumentModel.InOpenXml\Wordprocessing\Table properties\TablePositionProperties.cs","TablePositionProperties","BottomFromText","Property"
"D:\OneDrive\VS\Projects\DocxDocument\DocumentModel.InOpenXml\Wordprocessing\Table properties\TablePositionProperties.cs","TablePositionProperties","HorizontalAnchor","Property"
"D:\OneDrive\VS\Projects\DocxDocument\DocumentModel.InOpenXml\Wordprocessing\Table properties\TablePositionProperties.cs","TablePositionProperties","LeftFromText","Property"
"D:\OneDrive\VS\Projects\DocxDocument\DocumentModel.InOpenXml\Wordprocessing\Table properties\TablePositionProperties.cs","TablePositionProperties","RightFromText","Property"
"D:\OneDrive\VS\Projects\DocxDocument\DocumentModel.InOpenXml\Wordprocessing\Table properties\TablePositionProperties.cs","TablePositionProperties","TablePositionX","Property"
"D:\OneDrive\VS\Projects\DocxDocument\DocumentModel.InOpenXml\Wordprocessing\Table properties\TablePositionProperties.cs","TablePositionProperties","TablePositionXAlignment","Property"
"D:\OneDrive\VS\Projects\DocxDocument\DocumentModel.InOpenXml\Wordprocessing\Table properties\TablePositionProperties.cs","TablePositionProperties","TablePositionY","Property"
"D:\OneDrive\VS\Projects\DocxDocument\DocumentModel.InOpenXml\Wordprocessing\Table properties\TablePositionProperties.cs","TablePositionProperties","TablePositionYAlignment","Property"
"D:\OneDrive\VS\Projects\DocxDocument\DocumentModel.InOpenXml\Wordprocessing\Table properties\TablePositionProperties.cs","TablePositionProperties","TopFromText","Property"
"D:\OneDrive\VS\Projects\DocxDocument\DocumentModel.InOpenXml\Wordprocessing\Table properties\TablePositionProperties.cs","TablePositionProperties","VerticalAnchor","Property"
"D:\OneDrive\VS\Projects\DocxDocument\DocumentModel.InOpenXml\Wordprocessing\Table properties\TableStyleProperties.cs","TableStyleProperties","StyleParagraphProperties","Property"
"D:\OneDrive\VS\Projects\DocxDocument\DocumentModel.InOpenXml\Wordprocessing\Table properties\TableStyleProperties.cs","TableStyleProperties","Type","Property"
"D:\OneDrive\VS\Projects\DocxDocument\DocumentModel.InOpenXml\Wordprocessing\Tables\Table.cs","Table","TableGrid","Property"
"D:\OneDrive\VS\Projects\DocxDocument\DocumentModel.InOpenXml\Wordprocessing\Tables\Table.cs","Table","TableProperties","Property"
