"File","DeclaringType","Property","Kind","Line"
"D:\OneDrive\VS\Projects\DocxDocument\DocumentModel.InOpenXml\CustomUI\BackstageDropDown.cs","BackstageDropDown","GetItemLabel","Property","174"
"D:\OneDrive\VS\Projects\DocxDocument\DocumentModel.InOpenXml\CustomUI\BackstageMenuCheckBox.cs","BackstageMenuCheckBox","Description","Property","16"
"D:\OneDrive\VS\Projects\DocxDocument\DocumentModel.InOpenXml\CustomUI\BackstageMenuCheckBox.cs","BackstageMenuCheckBox","Enabled","Property","65"
"D:\OneDrive\VS\Projects\DocxDocument\DocumentModel.InOpenXml\CustomUI\BackstageMenuCheckBox.cs","BackstageMenuCheckBox","GetDescription","Property","23"
"D:\OneDrive\VS\Projects\DocxDocument\DocumentModel.InOpenXml\CustomUI\BackstageMenuCheckBox.cs","BackstageMenuCheckBox","GetEnabled","Property","72"
"D:\OneDrive\VS\Projects\DocxDocument\DocumentModel.InOpenXml\CustomUI\BackstageMenuCheckBox.cs","BackstageMenuCheckBox","GetKeytip","Property","114"
"D:\OneDrive\VS\Projects\DocxDocument\DocumentModel.InOpenXml\CustomUI\BackstageMenuCheckBox.cs","BackstageMenuCheckBox","GetLabel","Property","86"
"D:\OneDrive\VS\Projects\DocxDocument\DocumentModel.InOpenXml\CustomUI\BackstageMenuCheckBox.cs","BackstageMenuCheckBox","GetPressed","Property","58"
"D:\OneDrive\VS\Projects\DocxDocument\DocumentModel.InOpenXml\CustomUI\BackstageMenuCheckBox.cs","BackstageMenuCheckBox","GetVisible","Property","100"
"D:\OneDrive\VS\Projects\DocxDocument\DocumentModel.InOpenXml\CustomUI\BackstageMenuCheckBox.cs","BackstageMenuCheckBox","Id","Property","30"
"D:\OneDrive\VS\Projects\DocxDocument\DocumentModel.InOpenXml\CustomUI\BackstageMenuCheckBox.cs","BackstageMenuCheckBox","Keytip","Property","107"
"D:\OneDrive\VS\Projects\DocxDocument\DocumentModel.InOpenXml\CustomUI\BackstageMenuCheckBox.cs","BackstageMenuCheckBox","Label","Property","79"
"D:\OneDrive\VS\Projects\DocxDocument\DocumentModel.InOpenXml\CustomUI\BackstageMenuCheckBox.cs","BackstageMenuCheckBox","OnAction","Property","51"
"D:\OneDrive\VS\Projects\DocxDocument\DocumentModel.InOpenXml\CustomUI\BackstageMenuCheckBox.cs","BackstageMenuCheckBox","QualifiedId","Property","37"
"D:\OneDrive\VS\Projects\DocxDocument\DocumentModel.InOpenXml\CustomUI\BackstageMenuCheckBox.cs","BackstageMenuCheckBox","Tag","Property","44"
"D:\OneDrive\VS\Projects\DocxDocument\DocumentModel.InOpenXml\CustomUI\BackstageMenuCheckBox.cs","BackstageMenuCheckBox","Visible","Property","93"
"D:\OneDrive\VS\Projects\DocxDocument\DocumentModel.InOpenXml\Drawings.ChartDrawing\Anchoring\AbsoluteAnchorSize.cs","AbsoluteAnchorSize","ConnectionShape","Element","49"
"D:\OneDrive\VS\Projects\DocxDocument\DocumentModel.InOpenXml\Drawings.ChartDrawing\Anchoring\AbsoluteAnchorSize.cs","AbsoluteAnchorSize","Extent","Element","21"
"D:\OneDrive\VS\Projects\DocxDocument\DocumentModel.InOpenXml\Drawings.ChartDrawing\Anchoring\AbsoluteAnchorSize.cs","AbsoluteAnchorSize","FromAnchor","Element","14"
"D:\OneDrive\VS\Projects\DocxDocument\DocumentModel.InOpenXml\Drawings.ChartDrawing\Anchoring\AbsoluteAnchorSize.cs","AbsoluteAnchorSize","GraphicFrame","Element","42"
"D:\OneDrive\VS\Projects\DocxDocument\DocumentModel.InOpenXml\Drawings.ChartDrawing\Anchoring\AbsoluteAnchorSize.cs","AbsoluteAnchorSize","GroupShape","Element","35"
"D:\OneDrive\VS\Projects\DocxDocument\DocumentModel.InOpenXml\Drawings.ChartDrawing\Anchoring\AbsoluteAnchorSize.cs","AbsoluteAnchorSize","Picture","Element","56"
"D:\OneDrive\VS\Projects\DocxDocument\DocumentModel.InOpenXml\Drawings.ChartDrawing\Anchoring\AbsoluteAnchorSize.cs","AbsoluteAnchorSize","Shape","Element","28"
"D:\OneDrive\VS\Projects\DocxDocument\DocumentModel.InOpenXml\Drawings.ChartDrawing\Anchoring\RelativeAnchorSize.cs","RelativeAnchorSize","ConnectionShape","Element","49"
"D:\OneDrive\VS\Projects\DocxDocument\DocumentModel.InOpenXml\Drawings.ChartDrawing\Anchoring\RelativeAnchorSize.cs","RelativeAnchorSize","FromAnchor","Element","14"
"D:\OneDrive\VS\Projects\DocxDocument\DocumentModel.InOpenXml\Drawings.ChartDrawing\Anchoring\RelativeAnchorSize.cs","RelativeAnchorSize","GraphicFrame","Element","42"
"D:\OneDrive\VS\Projects\DocxDocument\DocumentModel.InOpenXml\Drawings.ChartDrawing\Anchoring\RelativeAnchorSize.cs","RelativeAnchorSize","GroupShape","Element","35"
"D:\OneDrive\VS\Projects\DocxDocument\DocumentModel.InOpenXml\Drawings.ChartDrawing\Anchoring\RelativeAnchorSize.cs","RelativeAnchorSize","Picture","Element","56"
"D:\OneDrive\VS\Projects\DocxDocument\DocumentModel.InOpenXml\Drawings.ChartDrawing\Anchoring\RelativeAnchorSize.cs","RelativeAnchorSize","Shape","Element","28"
"D:\OneDrive\VS\Projects\DocxDocument\DocumentModel.InOpenXml\Drawings.ChartDrawing\Anchoring\RelativeAnchorSize.cs","RelativeAnchorSize","ToAnchor","Element","21"
"D:\OneDrive\VS\Projects\DocxDocument\DocumentModel.InOpenXml\Drawings.ChartDrawing\Graphical elements\ConnectionShape.cs","ConnectionShape","Macro","Property","22"
"D:\OneDrive\VS\Projects\DocxDocument\DocumentModel.InOpenXml\Drawings.ChartDrawing\Graphical elements\ConnectionShape.cs","ConnectionShape","NonVisualConnectorShapeDrawingProperties","Element","36"
"D:\OneDrive\VS\Projects\DocxDocument\DocumentModel.InOpenXml\Drawings.ChartDrawing\Graphical elements\ConnectionShape.cs","ConnectionShape","Published","Property","29"
"D:\OneDrive\VS\Projects\DocxDocument\DocumentModel.InOpenXml\Drawings.ChartDrawing\Graphical elements\ConnectionShape.cs","ConnectionShape","ShapeProperties","Element","43"
"D:\OneDrive\VS\Projects\DocxDocument\DocumentModel.InOpenXml\Drawings.ChartDrawing\Graphical elements\ConnectionShape.cs","ConnectionShape","Style","Element","50"
"D:\OneDrive\VS\Projects\DocxDocument\DocumentModel.InOpenXml\Drawings.ChartDrawing\Graphical elements\GraphicFrame.cs","GraphicFrame","Graphic","Element","50"
"D:\OneDrive\VS\Projects\DocxDocument\DocumentModel.InOpenXml\Drawings.ChartDrawing\Graphical elements\GraphicFrame.cs","GraphicFrame","Macro","Property","22"
"D:\OneDrive\VS\Projects\DocxDocument\DocumentModel.InOpenXml\Drawings.ChartDrawing\Graphical elements\GraphicFrame.cs","GraphicFrame","NonVisualGraphicFrameProperties","Element","36"
"D:\OneDrive\VS\Projects\DocxDocument\DocumentModel.InOpenXml\Drawings.ChartDrawing\Graphical elements\GraphicFrame.cs","GraphicFrame","Published","Property","29"
"D:\OneDrive\VS\Projects\DocxDocument\DocumentModel.InOpenXml\Drawings.ChartDrawing\Graphical elements\GraphicFrame.cs","GraphicFrame","Transform","Element","43"
"D:\OneDrive\VS\Projects\DocxDocument\DocumentModel.InOpenXml\Drawings.ChartDrawing\Graphical elements\GroupShape.cs","GroupShape","ChildGroupShape","Element","48"
"D:\OneDrive\VS\Projects\DocxDocument\DocumentModel.InOpenXml\Drawings.ChartDrawing\Graphical elements\GroupShape.cs","GroupShape","ConnectionShape","Element","62"
"D:\OneDrive\VS\Projects\DocxDocument\DocumentModel.InOpenXml\Drawings.ChartDrawing\Graphical elements\GroupShape.cs","GroupShape","GraphicFrame","Element","55"
"D:\OneDrive\VS\Projects\DocxDocument\DocumentModel.InOpenXml\Drawings.ChartDrawing\Graphical elements\GroupShape.cs","GroupShape","GroupShapeProperties","Element","34"
"D:\OneDrive\VS\Projects\DocxDocument\DocumentModel.InOpenXml\Drawings.ChartDrawing\Graphical elements\GroupShape.cs","GroupShape","NonVisualGroupShapeProperties","Element","27"
"D:\OneDrive\VS\Projects\DocxDocument\DocumentModel.InOpenXml\Drawings.ChartDrawing\Graphical elements\GroupShape.cs","GroupShape","Picture","Element","69"
"D:\OneDrive\VS\Projects\DocxDocument\DocumentModel.InOpenXml\Drawings.ChartDrawing\Graphical elements\GroupShape.cs","GroupShape","Shape","Element","41"
"D:\OneDrive\VS\Projects\DocxDocument\DocumentModel.InOpenXml\Drawings.ChartDrawing\Graphical elements\GroupShapeProperties.cs","GroupShapeProperties","BlackWhiteMode","Property","30"
"D:\OneDrive\VS\Projects\DocxDocument\DocumentModel.InOpenXml\Drawings.ChartDrawing\Graphical elements\GroupShapeProperties.cs","GroupShapeProperties","EffectDag","Element","58"
"D:\OneDrive\VS\Projects\DocxDocument\DocumentModel.InOpenXml\Drawings.ChartDrawing\Graphical elements\GroupShapeProperties.cs","GroupShapeProperties","EffectList","Element","51"
"D:\OneDrive\VS\Projects\DocxDocument\DocumentModel.InOpenXml\Drawings.ChartDrawing\Graphical elements\GroupShapeProperties.cs","GroupShapeProperties","ExtensionList","Element","72"
"D:\OneDrive\VS\Projects\DocxDocument\DocumentModel.InOpenXml\Drawings.ChartDrawing\Graphical elements\GroupShapeProperties.cs","GroupShapeProperties","Fill","Element","44"
"D:\OneDrive\VS\Projects\DocxDocument\DocumentModel.InOpenXml\Drawings.ChartDrawing\Graphical elements\GroupShapeProperties.cs","GroupShapeProperties","Scene3DType","Element","65"
"D:\OneDrive\VS\Projects\DocxDocument\DocumentModel.InOpenXml\Drawings.ChartDrawing\Graphical elements\GroupShapeProperties.cs","GroupShapeProperties","TransformGroup","Property","37"
"D:\OneDrive\VS\Projects\DocxDocument\DocumentModel.InOpenXml\Drawings.ChartDrawing\Graphical elements\Picture.cs","Picture","BlipFill","Element","51"
"D:\OneDrive\VS\Projects\DocxDocument\DocumentModel.InOpenXml\Drawings.ChartDrawing\Graphical elements\Picture.cs","Picture","Macro","Property","23"
"D:\OneDrive\VS\Projects\DocxDocument\DocumentModel.InOpenXml\Drawings.ChartDrawing\Graphical elements\Picture.cs","Picture","NonVisualPictureProperties","Element","44"
"D:\OneDrive\VS\Projects\DocxDocument\DocumentModel.InOpenXml\Drawings.ChartDrawing\Graphical elements\Picture.cs","Picture","Published","Property","30"
"D:\OneDrive\VS\Projects\DocxDocument\DocumentModel.InOpenXml\Drawings.ChartDrawing\Graphical elements\Picture.cs","Picture","ShapeProperties","Element","58"
"D:\OneDrive\VS\Projects\DocxDocument\DocumentModel.InOpenXml\Drawings.ChartDrawing\Graphical elements\Picture.cs","Picture","Style","Element","37"
"D:\OneDrive\VS\Projects\DocxDocument\DocumentModel.InOpenXml\Drawings.ChartDrawing\Graphical elements\Shape.cs","Shape","LockText","Property","37"
"D:\OneDrive\VS\Projects\DocxDocument\DocumentModel.InOpenXml\Drawings.ChartDrawing\Graphical elements\Shape.cs","Shape","Macro","Property","23"
"D:\OneDrive\VS\Projects\DocxDocument\DocumentModel.InOpenXml\Drawings.ChartDrawing\Graphical elements\Shape.cs","Shape","NonVisualShapeProperties","Element","51"
"D:\OneDrive\VS\Projects\DocxDocument\DocumentModel.InOpenXml\Drawings.ChartDrawing\Graphical elements\Shape.cs","Shape","Published","Property","44"
"D:\OneDrive\VS\Projects\DocxDocument\DocumentModel.InOpenXml\Drawings.ChartDrawing\Graphical elements\Shape.cs","Shape","ShapeProperties","Element","58"
"D:\OneDrive\VS\Projects\DocxDocument\DocumentModel.InOpenXml\Drawings.ChartDrawing\Graphical elements\Shape.cs","Shape","Style","Element","65"
"D:\OneDrive\VS\Projects\DocxDocument\DocumentModel.InOpenXml\Drawings.ChartDrawing\Graphical elements\Shape.cs","Shape","TextBody","Element","72"
"D:\OneDrive\VS\Projects\DocxDocument\DocumentModel.InOpenXml\Drawings.ChartDrawing\Graphical elements\Shape.cs","Shape","TextLink","Property","30"
"D:\OneDrive\VS\Projects\DocxDocument\DocumentModel.InOpenXml\Drawings.ChartDrawing\Graphical elements\TextBody.cs","TextBody","BodyProperties","Element","22"
"D:\OneDrive\VS\Projects\DocxDocument\DocumentModel.InOpenXml\Drawings.ChartDrawing\Graphical elements\TextBody.cs","TextBody","ListStyle","Element","29"
"D:\OneDrive\VS\Projects\DocxDocument\DocumentModel.InOpenXml\Drawings.ChartDrawing\Graphical elements\TextBody.cs","TextBody","Paragraph","Element","36"
"D:\OneDrive\VS\Projects\DocxDocument\DocumentModel.InOpenXml\Drawings.ChartDrawing\Non-visual properties\NonVisualConnectionShapeProperties.cs","NonVisualConnectionShapeProperties","ConnectionShapeLocks","Property","14"
"D:\OneDrive\VS\Projects\DocxDocument\DocumentModel.InOpenXml\Drawings.ChartDrawing\Non-visual properties\NonVisualConnectionShapeProperties.cs","NonVisualConnectionShapeProperties","EndConnection","Property","28"
"D:\OneDrive\VS\Projects\DocxDocument\DocumentModel.InOpenXml\Drawings.ChartDrawing\Non-visual properties\NonVisualConnectionShapeProperties.cs","NonVisualConnectionShapeProperties","StartConnection","Property","21"
"D:\OneDrive\VS\Projects\DocxDocument\DocumentModel.InOpenXml\Drawings.ChartDrawing\Non-visual properties\NonVisualConnectorShapeDrawingProperties.cs","NonVisualConnectorShapeDrawingProperties","NonVisualConnectionShapeProperties","Property","21"
"D:\OneDrive\VS\Projects\DocxDocument\DocumentModel.InOpenXml\Drawings.ChartDrawing\Non-visual properties\NonVisualConnectorShapeDrawingProperties.cs","NonVisualConnectorShapeDrawingProperties","NonVisualDrawingProperties","Property","14"
"D:\OneDrive\VS\Projects\DocxDocument\DocumentModel.InOpenXml\Drawings.ChartDrawing\Non-visual properties\NonVisualDrawingProperties.cs","NonVisualDrawingProperties","Description","Property","28"
"D:\OneDrive\VS\Projects\DocxDocument\DocumentModel.InOpenXml\Drawings.ChartDrawing\Non-visual properties\NonVisualDrawingProperties.cs","NonVisualDrawingProperties","Hidden","Property","35"
"D:\OneDrive\VS\Projects\DocxDocument\DocumentModel.InOpenXml\Drawings.ChartDrawing\Non-visual properties\NonVisualDrawingProperties.cs","NonVisualDrawingProperties","HyperlinkOnClick","Property","49"
"D:\OneDrive\VS\Projects\DocxDocument\DocumentModel.InOpenXml\Drawings.ChartDrawing\Non-visual properties\NonVisualDrawingProperties.cs","NonVisualDrawingProperties","HyperlinkOnHover","Property","56"
"D:\OneDrive\VS\Projects\DocxDocument\DocumentModel.InOpenXml\Drawings.ChartDrawing\Non-visual properties\NonVisualDrawingProperties.cs","NonVisualDrawingProperties","Id","Property","14"
"D:\OneDrive\VS\Projects\DocxDocument\DocumentModel.InOpenXml\Drawings.ChartDrawing\Non-visual properties\NonVisualDrawingProperties.cs","NonVisualDrawingProperties","Name","Property","21"
"D:\OneDrive\VS\Projects\DocxDocument\DocumentModel.InOpenXml\Drawings.ChartDrawing\Non-visual properties\NonVisualDrawingProperties.cs","NonVisualDrawingProperties","NonVisualDrawingPropertiesExtensionList","Property","63"
"D:\OneDrive\VS\Projects\DocxDocument\DocumentModel.InOpenXml\Drawings.ChartDrawing\Non-visual properties\NonVisualDrawingProperties.cs","NonVisualDrawingProperties","Title","Property","42"
"D:\OneDrive\VS\Projects\DocxDocument\DocumentModel.InOpenXml\Drawings.ChartDrawing\Non-visual properties\NonVisualGraphicFrameDrawingProperties.cs","NonVisualGraphicFrameDrawingProperties","GraphicFrameLocks","Property","14"
"D:\OneDrive\VS\Projects\DocxDocument\DocumentModel.InOpenXml\Drawings.ChartDrawing\Non-visual properties\NonVisualGraphicFrameProperties.cs","NonVisualGraphicFrameProperties","NonVisualDrawingProperties","Property","14"
"D:\OneDrive\VS\Projects\DocxDocument\DocumentModel.InOpenXml\Drawings.ChartDrawing\Non-visual properties\NonVisualGraphicFrameProperties.cs","NonVisualGraphicFrameProperties","NonVisualGraphicFrameDrawingProperties","Property","21"
"D:\OneDrive\VS\Projects\DocxDocument\DocumentModel.InOpenXml\Drawings.ChartDrawing\Non-visual properties\NonVisualGroupShapeDrawingProperties.cs","NonVisualGroupShapeDrawingProperties","GroupShapeLocks","Property","14"
"D:\OneDrive\VS\Projects\DocxDocument\DocumentModel.InOpenXml\Drawings.ChartDrawing\Non-visual properties\NonVisualGroupShapeDrawingProperties.cs","NonVisualGroupShapeDrawingProperties","NonVisualGroupDrawingShapePropsExtensionList","Property","21"
"D:\OneDrive\VS\Projects\DocxDocument\DocumentModel.InOpenXml\Drawings.ChartDrawing\Non-visual properties\NonVisualGroupShapeProperties.cs","NonVisualGroupShapeProperties","NonVisualDrawingProperties","Property","14"
"D:\OneDrive\VS\Projects\DocxDocument\DocumentModel.InOpenXml\Drawings.ChartDrawing\Non-visual properties\NonVisualGroupShapeProperties.cs","NonVisualGroupShapeProperties","NonVisualGroupShapeDrawingProperties","Property","21"
"D:\OneDrive\VS\Projects\DocxDocument\DocumentModel.InOpenXml\Drawings.ChartDrawing\Non-visual properties\NonVisualPictureDrawingProperties.cs","NonVisualPictureDrawingProperties","NonVisualPicturePropertiesExtensionList","Property","28"
"D:\OneDrive\VS\Projects\DocxDocument\DocumentModel.InOpenXml\Drawings.ChartDrawing\Non-visual properties\NonVisualPictureDrawingProperties.cs","NonVisualPictureDrawingProperties","PictureLocks","Property","21"
"D:\OneDrive\VS\Projects\DocxDocument\DocumentModel.InOpenXml\Drawings.ChartDrawing\Non-visual properties\NonVisualPictureDrawingProperties.cs","NonVisualPictureDrawingProperties","PreferRelativeResize","Property","14"
"D:\OneDrive\VS\Projects\DocxDocument\DocumentModel.InOpenXml\Drawings.ChartDrawing\Non-visual properties\NonVisualPictureProperties.cs","NonVisualPictureProperties","NonVisualDrawingProperties","Property","14"
"D:\OneDrive\VS\Projects\DocxDocument\DocumentModel.InOpenXml\Drawings.ChartDrawing\Non-visual properties\NonVisualPictureProperties.cs","NonVisualPictureProperties","NonVisualPictureDrawingProperties","Property","21"
"D:\OneDrive\VS\Projects\DocxDocument\DocumentModel.InOpenXml\Drawings.ChartDrawing\Non-visual properties\NonVisualShapeDrawingProperties.cs","NonVisualShapeDrawingProperties","ShapeLocks","Property","21"
"D:\OneDrive\VS\Projects\DocxDocument\DocumentModel.InOpenXml\Drawings.ChartDrawing\Non-visual properties\NonVisualShapeDrawingProperties.cs","NonVisualShapeDrawingProperties","TextBox","Property","14"
"D:\OneDrive\VS\Projects\DocxDocument\DocumentModel.InOpenXml\Drawings.ChartDrawing\Non-visual properties\NonVisualShapeProperties.cs","NonVisualShapeProperties","NonVisualDrawingProperties","Property","14"
"D:\OneDrive\VS\Projects\DocxDocument\DocumentModel.InOpenXml\Drawings.ChartDrawing\Non-visual properties\NonVisualShapeProperties.cs","NonVisualShapeProperties","NonVisualShapeDrawingProperties","Property","21"
"D:\OneDrive\VS\Projects\DocxDocument\DocumentModel.InOpenXml\Drawings.ChartDrawing\Visual properties and styling\Style.cs","Style","EffectReference","Property","28"
"D:\OneDrive\VS\Projects\DocxDocument\DocumentModel.InOpenXml\Drawings.ChartDrawing\Visual properties and styling\Style.cs","Style","FillReference","Property","21"
"D:\OneDrive\VS\Projects\DocxDocument\DocumentModel.InOpenXml\Drawings.ChartDrawing\Visual properties and styling\Style.cs","Style","FontReference","Property","35"
"D:\OneDrive\VS\Projects\DocxDocument\DocumentModel.InOpenXml\Drawings.ChartDrawing\Visual properties and styling\Style.cs","Style","LineReference","Property","14"
"D:\OneDrive\VS\Projects\DocxDocument\DocumentModel.InOpenXml\Drawings.ChartDrawing\Visual properties and styling\Transform.cs","Transform","Extents","Property","42"
"D:\OneDrive\VS\Projects\DocxDocument\DocumentModel.InOpenXml\Drawings.ChartDrawing\Visual properties and styling\Transform.cs","Transform","HorizontalFlip","Property","21"
"D:\OneDrive\VS\Projects\DocxDocument\DocumentModel.InOpenXml\Drawings.ChartDrawing\Visual properties and styling\Transform.cs","Transform","Offset","Property","35"
"D:\OneDrive\VS\Projects\DocxDocument\DocumentModel.InOpenXml\Drawings.ChartDrawing\Visual properties and styling\Transform.cs","Transform","Rotation","Property","14"
"D:\OneDrive\VS\Projects\DocxDocument\DocumentModel.InOpenXml\Drawings.ChartDrawing\Visual properties and styling\Transform.cs","Transform","VerticalFlip","Property","28"
"D:\OneDrive\VS\Projects\DocxDocument\DocumentModel.InOpenXml\Drawings.ChartDrawings\Address.cs","Address","Address1","Property","23"
"D:\OneDrive\VS\Projects\DocxDocument\DocumentModel.InOpenXml\Drawings.ChartDrawings\Address.cs","Address","AdminDistrict1","Property","37"
"D:\OneDrive\VS\Projects\DocxDocument\DocumentModel.InOpenXml\Drawings.ChartDrawings\Address.cs","Address","AdminDistrict2","Property","44"
"D:\OneDrive\VS\Projects\DocxDocument\DocumentModel.InOpenXml\Drawings.ChartDrawings\Address.cs","Address","CountryRegion","Property","30"
"D:\OneDrive\VS\Projects\DocxDocument\DocumentModel.InOpenXml\Drawings.ChartDrawings\Address.cs","Address","IsoCountryCode","Property","65"
"D:\OneDrive\VS\Projects\DocxDocument\DocumentModel.InOpenXml\Drawings.ChartDrawings\Address.cs","Address","Locality","Property","58"
"D:\OneDrive\VS\Projects\DocxDocument\DocumentModel.InOpenXml\Drawings.ChartDrawings\Address.cs","Address","PostalCode","Property","51"
"D:\OneDrive\VS\Projects\DocxDocument\DocumentModel.InOpenXml\Drawings.ChartDrawings\ApplicationNonVisualDrawingProperties.cs","ApplicationNonVisualDrawingProperties","Macro","Property","22"
"D:\OneDrive\VS\Projects\DocxDocument\DocumentModel.InOpenXml\Drawings.ChartDrawings\ApplicationNonVisualDrawingProperties.cs","ApplicationNonVisualDrawingProperties","Published","Property","29"
"D:\OneDrive\VS\Projects\DocxDocument\DocumentModel.InOpenXml\Drawings.ChartDrawings\Axis.cs","Axis","Hidden","Property","29"
"D:\OneDrive\VS\Projects\DocxDocument\DocumentModel.InOpenXml\Drawings.ChartDrawings\Axis.cs","Axis","Id","Property","22"
"D:\OneDrive\VS\Projects\DocxDocument\DocumentModel.InOpenXml\Drawings.ChartDrawings\AxisTitle.cs","AxisTitle","ExtensionList","Property","44"
"D:\OneDrive\VS\Projects\DocxDocument\DocumentModel.InOpenXml\Drawings.ChartDrawings\AxisTitle.cs","AxisTitle","ShapeProperties","Property","30"
"D:\OneDrive\VS\Projects\DocxDocument\DocumentModel.InOpenXml\Drawings.ChartDrawings\AxisTitle.cs","AxisTitle","Text","Property","23"
"D:\OneDrive\VS\Projects\DocxDocument\DocumentModel.InOpenXml\Drawings.ChartDrawings\AxisTitle.cs","AxisTitle","TxPrTextBody","Property","37"
"D:\OneDrive\VS\Projects\DocxDocument\DocumentModel.InOpenXml\Drawings.ChartDrawings\AxisUnits.cs","AxisUnits","AxisUnitsLabel","Property","32"
"D:\OneDrive\VS\Projects\DocxDocument\DocumentModel.InOpenXml\Drawings.ChartDrawings\AxisUnits.cs","AxisUnits","ExtensionList","Property","39"
"D:\OneDrive\VS\Projects\DocxDocument\DocumentModel.InOpenXml\Drawings.ChartDrawings\AxisUnits.cs","AxisUnits","Unit","Property","25"
"D:\OneDrive\VS\Projects\DocxDocument\DocumentModel.InOpenXml\Drawings.ChartDrawings\AxisUnitsLabel.cs","AxisUnitsLabel","ExtensionList","Property","45"
"D:\OneDrive\VS\Projects\DocxDocument\DocumentModel.InOpenXml\Drawings.ChartDrawings\AxisUnitsLabel.cs","AxisUnitsLabel","ShapeProperties","Property","31"
"D:\OneDrive\VS\Projects\DocxDocument\DocumentModel.InOpenXml\Drawings.ChartDrawings\AxisUnitsLabel.cs","AxisUnitsLabel","Text","Property","24"
"D:\OneDrive\VS\Projects\DocxDocument\DocumentModel.InOpenXml\Drawings.ChartDrawings\AxisUnitsLabel.cs","AxisUnitsLabel","TxPrTextBody","Property","38"
"D:\OneDrive\VS\Projects\DocxDocument\DocumentModel.InOpenXml\Drawings.ChartDrawings\Binning.cs","Binning","BinCountXsdunsignedInt","Property","53"
"D:\OneDrive\VS\Projects\DocxDocument\DocumentModel.InOpenXml\Drawings.ChartDrawings\Binning.cs","Binning","IntervalClosed","Property","25"
"D:\OneDrive\VS\Projects\DocxDocument\DocumentModel.InOpenXml\Drawings.ChartDrawings\Binning.cs","Binning","Overflow","Property","39"
"D:\OneDrive\VS\Projects\DocxDocument\DocumentModel.InOpenXml\Drawings.ChartDrawings\Binning.cs","Binning","Underflow","Property","32"
"D:\OneDrive\VS\Projects\DocxDocument\DocumentModel.InOpenXml\Drawings.ChartDrawings\Binning.cs","Binning","Xsddouble","Property","46"
"D:\OneDrive\VS\Projects\DocxDocument\DocumentModel.InOpenXml\Drawings.ChartDrawings\CategoryAxisScaling.cs","CategoryAxisScaling","GapWidth","Property","25"
"D:\OneDrive\VS\Projects\DocxDocument\DocumentModel.InOpenXml\Drawings.ChartDrawings\Chart.cs","Chart","ChartTitle","Property","25"
"D:\OneDrive\VS\Projects\DocxDocument\DocumentModel.InOpenXml\Drawings.ChartDrawings\Chart.cs","Chart","ExtensionList","Property","46"
"D:\OneDrive\VS\Projects\DocxDocument\DocumentModel.InOpenXml\Drawings.ChartDrawings\Chart.cs","Chart","Legend","Property","39"
"D:\OneDrive\VS\Projects\DocxDocument\DocumentModel.InOpenXml\Drawings.ChartDrawings\Chart.cs","Chart","PlotArea","Property","32"
"D:\OneDrive\VS\Projects\DocxDocument\DocumentModel.InOpenXml\Drawings.ChartDrawings\ChartData.cs","ChartData","ExternalData","Property","25"
"D:\OneDrive\VS\Projects\DocxDocument\DocumentModel.InOpenXml\Drawings.ChartDrawings\ChartSpace.cs","ChartSpace","Chart","Property","32"
"D:\OneDrive\VS\Projects\DocxDocument\DocumentModel.InOpenXml\Drawings.ChartDrawings\ChartSpace.cs","ChartSpace","ChartData","Property","25"
"D:\OneDrive\VS\Projects\DocxDocument\DocumentModel.InOpenXml\Drawings.ChartDrawings\ChartSpace.cs","ChartSpace","ColorMappingType","Property","53"
"D:\OneDrive\VS\Projects\DocxDocument\DocumentModel.InOpenXml\Drawings.ChartDrawings\ChartSpace.cs","ChartSpace","ExtensionList","Property","74"
"D:\OneDrive\VS\Projects\DocxDocument\DocumentModel.InOpenXml\Drawings.ChartDrawings\ChartSpace.cs","ChartSpace","FormatOverrides","Property","60"
"D:\OneDrive\VS\Projects\DocxDocument\DocumentModel.InOpenXml\Drawings.ChartDrawings\ChartSpace.cs","ChartSpace","PrintSettings","Property","67"
"D:\OneDrive\VS\Projects\DocxDocument\DocumentModel.InOpenXml\Drawings.ChartDrawings\ChartSpace.cs","ChartSpace","ShapeProperties","Property","39"
"D:\OneDrive\VS\Projects\DocxDocument\DocumentModel.InOpenXml\Drawings.ChartDrawings\ChartSpace.cs","ChartSpace","TxPrTextBody","Property","46"
"D:\OneDrive\VS\Projects\DocxDocument\DocumentModel.InOpenXml\Drawings.ChartDrawings\ChartStringValue.cs","ChartStringValue","Index","Property","25"
"D:\OneDrive\VS\Projects\DocxDocument\DocumentModel.InOpenXml\Drawings.ChartDrawings\ChartTitle.cs","ChartTitle","Align","Property","33"
"D:\OneDrive\VS\Projects\DocxDocument\DocumentModel.InOpenXml\Drawings.ChartDrawings\ChartTitle.cs","ChartTitle","ExtensionList","Property","68"
"D:\OneDrive\VS\Projects\DocxDocument\DocumentModel.InOpenXml\Drawings.ChartDrawings\ChartTitle.cs","ChartTitle","Overlay","Property","40"
"D:\OneDrive\VS\Projects\DocxDocument\DocumentModel.InOpenXml\Drawings.ChartDrawings\ChartTitle.cs","ChartTitle","Pos","Property","26"
"D:\OneDrive\VS\Projects\DocxDocument\DocumentModel.InOpenXml\Drawings.ChartDrawings\ChartTitle.cs","ChartTitle","ShapeProperties","Property","54"
"D:\OneDrive\VS\Projects\DocxDocument\DocumentModel.InOpenXml\Drawings.ChartDrawings\ChartTitle.cs","ChartTitle","Text","Property","47"
"D:\OneDrive\VS\Projects\DocxDocument\DocumentModel.InOpenXml\Drawings.ChartDrawings\ChartTitle.cs","ChartTitle","TxPrTextBody","Property","61"
"D:\OneDrive\VS\Projects\DocxDocument\DocumentModel.InOpenXml\Drawings.ChartDrawings\Clear.cs","Clear","GeoChildEntitiesQueryResults","Property","47"
"D:\OneDrive\VS\Projects\DocxDocument\DocumentModel.InOpenXml\Drawings.ChartDrawings\Clear.cs","Clear","GeoDataEntityQueryResults","Property","33"
"D:\OneDrive\VS\Projects\DocxDocument\DocumentModel.InOpenXml\Drawings.ChartDrawings\Clear.cs","Clear","GeoDataPointToEntityQueryResults","Property","40"
"D:\OneDrive\VS\Projects\DocxDocument\DocumentModel.InOpenXml\Drawings.ChartDrawings\Clear.cs","Clear","GeoLocationQueryResults","Property","26"
"D:\OneDrive\VS\Projects\DocxDocument\DocumentModel.InOpenXml\Drawings.ChartDrawings\Clear.cs","Clear","GeoParentEntitiesQueryResults","Property","54"
"D:\OneDrive\VS\Projects\DocxDocument\DocumentModel.InOpenXml\Drawings.ChartDrawings\ColorMappingType.cs","ColorMappingType","Accent1","Property","55"
"D:\OneDrive\VS\Projects\DocxDocument\DocumentModel.InOpenXml\Drawings.ChartDrawings\ColorMappingType.cs","ColorMappingType","Accent2","Property","62"
"D:\OneDrive\VS\Projects\DocxDocument\DocumentModel.InOpenXml\Drawings.ChartDrawings\ColorMappingType.cs","ColorMappingType","Accent3","Property","69"
"D:\OneDrive\VS\Projects\DocxDocument\DocumentModel.InOpenXml\Drawings.ChartDrawings\ColorMappingType.cs","ColorMappingType","Accent4","Property","76"
"D:\OneDrive\VS\Projects\DocxDocument\DocumentModel.InOpenXml\Drawings.ChartDrawings\ColorMappingType.cs","ColorMappingType","Accent5","Property","83"
"D:\OneDrive\VS\Projects\DocxDocument\DocumentModel.InOpenXml\Drawings.ChartDrawings\ColorMappingType.cs","ColorMappingType","Accent6","Property","90"
"D:\OneDrive\VS\Projects\DocxDocument\DocumentModel.InOpenXml\Drawings.ChartDrawings\ColorMappingType.cs","ColorMappingType","Background1","Property","27"
"D:\OneDrive\VS\Projects\DocxDocument\DocumentModel.InOpenXml\Drawings.ChartDrawings\ColorMappingType.cs","ColorMappingType","Background2","Property","41"
"D:\OneDrive\VS\Projects\DocxDocument\DocumentModel.InOpenXml\Drawings.ChartDrawings\ColorMappingType.cs","ColorMappingType","ExtensionList","Property","111"
"D:\OneDrive\VS\Projects\DocxDocument\DocumentModel.InOpenXml\Drawings.ChartDrawings\ColorMappingType.cs","ColorMappingType","FollowedHyperlink","Property","104"
"D:\OneDrive\VS\Projects\DocxDocument\DocumentModel.InOpenXml\Drawings.ChartDrawings\ColorMappingType.cs","ColorMappingType","Hyperlink","Property","97"
"D:\OneDrive\VS\Projects\DocxDocument\DocumentModel.InOpenXml\Drawings.ChartDrawings\ColorMappingType.cs","ColorMappingType","Text1","Property","34"
"D:\OneDrive\VS\Projects\DocxDocument\DocumentModel.InOpenXml\Drawings.ChartDrawings\ColorMappingType.cs","ColorMappingType","Text2","Property","48"
"D:\OneDrive\VS\Projects\DocxDocument\DocumentModel.InOpenXml\Drawings.ChartDrawings\ContentPart.cs","ContentPart","ApplicationNonVisualDrawingProperties","Property","46"
"D:\OneDrive\VS\Projects\DocxDocument\DocumentModel.InOpenXml\Drawings.ChartDrawings\ContentPart.cs","ContentPart","BlackWhiteMode","Property","32"
"D:\OneDrive\VS\Projects\DocxDocument\DocumentModel.InOpenXml\Drawings.ChartDrawings\ContentPart.cs","ContentPart","NonVisualContentPartProperties","Property","39"
"D:\OneDrive\VS\Projects\DocxDocument\DocumentModel.InOpenXml\Drawings.ChartDrawings\ContentPart.cs","ContentPart","RelationshipId","Property","25"
"D:\OneDrive\VS\Projects\DocxDocument\DocumentModel.InOpenXml\Drawings.ChartDrawings\ContentPart.cs","ContentPart","Transform2D","Property","53"
"D:\OneDrive\VS\Projects\DocxDocument\DocumentModel.InOpenXml\Drawings.ChartDrawings\Data.cs","Data","Id","Property","27"
"D:\OneDrive\VS\Projects\DocxDocument\DocumentModel.InOpenXml\Drawings.ChartDrawings\DataLabel.cs","DataLabel","DataLabelVisibilities","Property","64"
"D:\OneDrive\VS\Projects\DocxDocument\DocumentModel.InOpenXml\Drawings.ChartDrawings\DataLabel.cs","DataLabel","ExtensionList","Property","78"
"D:\OneDrive\VS\Projects\DocxDocument\DocumentModel.InOpenXml\Drawings.ChartDrawings\DataLabel.cs","DataLabel","Idx","Property","29"
"D:\OneDrive\VS\Projects\DocxDocument\DocumentModel.InOpenXml\Drawings.ChartDrawings\DataLabel.cs","DataLabel","NumberFormat","Property","43"
"D:\OneDrive\VS\Projects\DocxDocument\DocumentModel.InOpenXml\Drawings.ChartDrawings\DataLabel.cs","DataLabel","Pos","Property","36"
"D:\OneDrive\VS\Projects\DocxDocument\DocumentModel.InOpenXml\Drawings.ChartDrawings\DataLabel.cs","DataLabel","SeparatorXsdString","Property","71"
"D:\OneDrive\VS\Projects\DocxDocument\DocumentModel.InOpenXml\Drawings.ChartDrawings\DataLabel.cs","DataLabel","ShapeProperties","Property","50"
"D:\OneDrive\VS\Projects\DocxDocument\DocumentModel.InOpenXml\Drawings.ChartDrawings\DataLabel.cs","DataLabel","TxPrTextBody","Property","57"
"D:\OneDrive\VS\Projects\DocxDocument\DocumentModel.InOpenXml\Drawings.ChartDrawings\DataLabelHidden.cs","DataLabelHidden","Idx","Property","26"
"D:\OneDrive\VS\Projects\DocxDocument\DocumentModel.InOpenXml\Drawings.ChartDrawings\DataLabelVisibilities.cs","DataLabelVisibilities","CategoryName","Property","36"
"D:\OneDrive\VS\Projects\DocxDocument\DocumentModel.InOpenXml\Drawings.ChartDrawings\DataLabelVisibilities.cs","DataLabelVisibilities","SeriesName","Property","29"
"D:\OneDrive\VS\Projects\DocxDocument\DocumentModel.InOpenXml\Drawings.ChartDrawings\DataLabelVisibilities.cs","DataLabelVisibilities","Value","Property","43"
"D:\OneDrive\VS\Projects\DocxDocument\DocumentModel.InOpenXml\Drawings.ChartDrawings\DataPoint.cs","DataPoint","ExtensionList","Property","44"
"D:\OneDrive\VS\Projects\DocxDocument\DocumentModel.InOpenXml\Drawings.ChartDrawings\DataPoint.cs","DataPoint","Idx","Property","30"
"D:\OneDrive\VS\Projects\DocxDocument\DocumentModel.InOpenXml\Drawings.ChartDrawings\DataPoint.cs","DataPoint","ShapeProperties","Property","37"
"D:\OneDrive\VS\Projects\DocxDocument\DocumentModel.InOpenXml\Drawings.ChartDrawings\ExternalData.cs","ExternalData","AutoUpdate","Property","40"
"D:\OneDrive\VS\Projects\DocxDocument\DocumentModel.InOpenXml\Drawings.ChartDrawings\ExternalData.cs","ExternalData","Id","Property","33"
"D:\OneDrive\VS\Projects\DocxDocument\DocumentModel.InOpenXml\Drawings.ChartDrawings\FormatOverride.cs","FormatOverride","ExtensionList","Property","46"
"D:\OneDrive\VS\Projects\DocxDocument\DocumentModel.InOpenXml\Drawings.ChartDrawings\FormatOverride.cs","FormatOverride","Idx","Property","32"
"D:\OneDrive\VS\Projects\DocxDocument\DocumentModel.InOpenXml\Drawings.ChartDrawings\FormatOverride.cs","FormatOverride","ShapeProperties","Property","39"
"D:\OneDrive\VS\Projects\DocxDocument\DocumentModel.InOpenXml\Drawings.ChartDrawings\GeoCache.cs","GeoCache","Provider","Property","32"
"D:\OneDrive\VS\Projects\DocxDocument\DocumentModel.InOpenXml\Drawings.ChartDrawings\GeoChildEntitiesQuery.cs","GeoChildEntitiesQuery","EntityId","Property","32"
"D:\OneDrive\VS\Projects\DocxDocument\DocumentModel.InOpenXml\Drawings.ChartDrawings\GeoChildEntitiesQuery.cs","GeoChildEntitiesQuery","GeoChildTypes","Property","39"
"D:\OneDrive\VS\Projects\DocxDocument\DocumentModel.InOpenXml\Drawings.ChartDrawings\GeoChildEntitiesQueryResult.cs","GeoChildEntitiesQueryResult","GeoChildEntities","Property","40"
"D:\OneDrive\VS\Projects\DocxDocument\DocumentModel.InOpenXml\Drawings.ChartDrawings\GeoChildEntitiesQueryResult.cs","GeoChildEntitiesQueryResult","GeoChildEntitiesQuery","Property","33"
"D:\OneDrive\VS\Projects\DocxDocument\DocumentModel.InOpenXml\Drawings.ChartDrawings\GeoData.cs","GeoData","Copyrights","Property","83"
"D:\OneDrive\VS\Projects\DocxDocument\DocumentModel.InOpenXml\Drawings.ChartDrawings\GeoData.cs","GeoData","East","Property","48"
"D:\OneDrive\VS\Projects\DocxDocument\DocumentModel.InOpenXml\Drawings.ChartDrawings\GeoData.cs","GeoData","EntityId","Property","41"
"D:\OneDrive\VS\Projects\DocxDocument\DocumentModel.InOpenXml\Drawings.ChartDrawings\GeoData.cs","GeoData","EntityName","Property","34"
"D:\OneDrive\VS\Projects\DocxDocument\DocumentModel.InOpenXml\Drawings.ChartDrawings\GeoData.cs","GeoData","GeoPolygons","Property","76"
"D:\OneDrive\VS\Projects\DocxDocument\DocumentModel.InOpenXml\Drawings.ChartDrawings\GeoData.cs","GeoData","North","Property","62"
"D:\OneDrive\VS\Projects\DocxDocument\DocumentModel.InOpenXml\Drawings.ChartDrawings\GeoData.cs","GeoData","South","Property","69"
"D:\OneDrive\VS\Projects\DocxDocument\DocumentModel.InOpenXml\Drawings.ChartDrawings\GeoData.cs","GeoData","West","Property","55"
"D:\OneDrive\VS\Projects\DocxDocument\DocumentModel.InOpenXml\Drawings.ChartDrawings\GeoDataEntityQuery.cs","GeoDataEntityQuery","EntityId","Property","42"
"D:\OneDrive\VS\Projects\DocxDocument\DocumentModel.InOpenXml\Drawings.ChartDrawings\GeoDataEntityQuery.cs","GeoDataEntityQuery","EntityType","Property","35"
"D:\OneDrive\VS\Projects\DocxDocument\DocumentModel.InOpenXml\Drawings.ChartDrawings\GeoDataEntityQueryResult.cs","GeoDataEntityQueryResult","GeoData","Property","42"
"D:\OneDrive\VS\Projects\DocxDocument\DocumentModel.InOpenXml\Drawings.ChartDrawings\GeoDataEntityQueryResult.cs","GeoDataEntityQueryResult","GeoDataEntityQuery","Property","35"
"D:\OneDrive\VS\Projects\DocxDocument\DocumentModel.InOpenXml\Drawings.ChartDrawings\GeoDataPointQuery.cs","GeoDataPointQuery","EntityType","Property","36"
"D:\OneDrive\VS\Projects\DocxDocument\DocumentModel.InOpenXml\Drawings.ChartDrawings\GeoDataPointQuery.cs","GeoDataPointQuery","Latitude","Property","43"
"D:\OneDrive\VS\Projects\DocxDocument\DocumentModel.InOpenXml\Drawings.ChartDrawings\GeoDataPointQuery.cs","GeoDataPointQuery","Longitude","Property","50"
"D:\OneDrive\VS\Projects\DocxDocument\DocumentModel.InOpenXml\Drawings.ChartDrawings\GeoDataPointToEntityQuery.cs","GeoDataPointToEntityQuery","EntityId","Property","44"
"D:\OneDrive\VS\Projects\DocxDocument\DocumentModel.InOpenXml\Drawings.ChartDrawings\GeoDataPointToEntityQuery.cs","GeoDataPointToEntityQuery","EntityType","Property","37"
"D:\OneDrive\VS\Projects\DocxDocument\DocumentModel.InOpenXml\Drawings.ChartDrawings\GeoDataPointToEntityQueryResult.cs","GeoDataPointToEntityQueryResult","GeoDataPointQuery","Property","34"
"D:\OneDrive\VS\Projects\DocxDocument\DocumentModel.InOpenXml\Drawings.ChartDrawings\GeoDataPointToEntityQueryResult.cs","GeoDataPointToEntityQueryResult","GeoDataPointToEntityQuery","Property","41"
"D:\OneDrive\VS\Projects\DocxDocument\DocumentModel.InOpenXml\Drawings.ChartDrawings\GeoEntity.cs","GeoEntity","EntityName","Property","35"
"D:\OneDrive\VS\Projects\DocxDocument\DocumentModel.InOpenXml\Drawings.ChartDrawings\GeoEntity.cs","GeoEntity","EntityType","Property","42"
"D:\OneDrive\VS\Projects\DocxDocument\DocumentModel.InOpenXml\Drawings.ChartDrawings\Geography.cs","Geography","Attribution","Property","64"
"D:\OneDrive\VS\Projects\DocxDocument\DocumentModel.InOpenXml\Drawings.ChartDrawings\Geography.cs","Geography","CultureLanguage","Property","50"
"D:\OneDrive\VS\Projects\DocxDocument\DocumentModel.InOpenXml\Drawings.ChartDrawings\Geography.cs","Geography","CultureRegion","Property","57"
"D:\OneDrive\VS\Projects\DocxDocument\DocumentModel.InOpenXml\Drawings.ChartDrawings\Geography.cs","Geography","GeoCache","Property","71"
"D:\OneDrive\VS\Projects\DocxDocument\DocumentModel.InOpenXml\Drawings.ChartDrawings\Geography.cs","Geography","ProjectionType","Property","36"
"D:\OneDrive\VS\Projects\DocxDocument\DocumentModel.InOpenXml\Drawings.ChartDrawings\Geography.cs","Geography","ViewedRegionType","Property","43"
"D:\OneDrive\VS\Projects\DocxDocument\DocumentModel.InOpenXml\Drawings.ChartDrawings\GeoHierarchyEntity.cs","GeoHierarchyEntity","EntityId","Property","44"
"D:\OneDrive\VS\Projects\DocxDocument\DocumentModel.InOpenXml\Drawings.ChartDrawings\GeoHierarchyEntity.cs","GeoHierarchyEntity","EntityName","Property","37"
"D:\OneDrive\VS\Projects\DocxDocument\DocumentModel.InOpenXml\Drawings.ChartDrawings\GeoHierarchyEntity.cs","GeoHierarchyEntity","EntityType","Property","51"
"D:\OneDrive\VS\Projects\DocxDocument\DocumentModel.InOpenXml\Drawings.ChartDrawings\GeoLocation.cs","GeoLocation","Address","Property","65"
"D:\OneDrive\VS\Projects\DocxDocument\DocumentModel.InOpenXml\Drawings.ChartDrawings\GeoLocation.cs","GeoLocation","EntityName","Property","51"
"D:\OneDrive\VS\Projects\DocxDocument\DocumentModel.InOpenXml\Drawings.ChartDrawings\GeoLocation.cs","GeoLocation","EntityType","Property","58"
"D:\OneDrive\VS\Projects\DocxDocument\DocumentModel.InOpenXml\Drawings.ChartDrawings\GeoLocation.cs","GeoLocation","Latitude","Property","37"
"D:\OneDrive\VS\Projects\DocxDocument\DocumentModel.InOpenXml\Drawings.ChartDrawings\GeoLocation.cs","GeoLocation","Longitude","Property","44"
"D:\OneDrive\VS\Projects\DocxDocument\DocumentModel.InOpenXml\Drawings.ChartDrawings\GeoLocationQuery.cs","GeoLocationQuery","AdminDistrict1","Property","45"
"D:\OneDrive\VS\Projects\DocxDocument\DocumentModel.InOpenXml\Drawings.ChartDrawings\GeoLocationQuery.cs","GeoLocationQuery","AdminDistrict2","Property","52"
"D:\OneDrive\VS\Projects\DocxDocument\DocumentModel.InOpenXml\Drawings.ChartDrawings\GeoLocationQuery.cs","GeoLocationQuery","CountryRegion","Property","38"
"D:\OneDrive\VS\Projects\DocxDocument\DocumentModel.InOpenXml\Drawings.ChartDrawings\GeoLocationQuery.cs","GeoLocationQuery","EntityType","Property","66"
"D:\OneDrive\VS\Projects\DocxDocument\DocumentModel.InOpenXml\Drawings.ChartDrawings\GeoLocationQuery.cs","GeoLocationQuery","PostalCode","Property","59"
"D:\OneDrive\VS\Projects\DocxDocument\DocumentModel.InOpenXml\Drawings.ChartDrawings\GeoLocationQueryResult.cs","GeoLocationQueryResult","GeoLocationQuery","Property","35"
"D:\OneDrive\VS\Projects\DocxDocument\DocumentModel.InOpenXml\Drawings.ChartDrawings\GeoLocationQueryResult.cs","GeoLocationQueryResult","GeoLocations","Property","42"
"D:\OneDrive\VS\Projects\DocxDocument\DocumentModel.InOpenXml\Drawings.ChartDrawings\GeoParentEntitiesQuery.cs","GeoParentEntitiesQuery","EntityId","Property","34"
"D:\OneDrive\VS\Projects\DocxDocument\DocumentModel.InOpenXml\Drawings.ChartDrawings\GeoParentEntitiesQueryResult.cs","GeoParentEntitiesQueryResult","GeoEntity","Property","43"
"D:\OneDrive\VS\Projects\DocxDocument\DocumentModel.InOpenXml\Drawings.ChartDrawings\GeoParentEntitiesQueryResult.cs","GeoParentEntitiesQueryResult","GeoParentEntitiesQuery","Property","36"
"D:\OneDrive\VS\Projects\DocxDocument\DocumentModel.InOpenXml\Drawings.ChartDrawings\GeoParentEntitiesQueryResult.cs","GeoParentEntitiesQueryResult","GeoParentEntity","Property","50"
"D:\OneDrive\VS\Projects\DocxDocument\DocumentModel.InOpenXml\Drawings.ChartDrawings\GeoParentEntity.cs","GeoParentEntity","EntityId","Property","36"
"D:\OneDrive\VS\Projects\DocxDocument\DocumentModel.InOpenXml\Drawings.ChartDrawings\GeoPolygon.cs","GeoPolygon","NumPoints","Property","40"
"D:\OneDrive\VS\Projects\DocxDocument\DocumentModel.InOpenXml\Drawings.ChartDrawings\GeoPolygon.cs","GeoPolygon","PcaRings","Property","47"
"D:\OneDrive\VS\Projects\DocxDocument\DocumentModel.InOpenXml\Drawings.ChartDrawings\GeoPolygon.cs","GeoPolygon","PolygonId","Property","33"
"D:\OneDrive\VS\Projects\DocxDocument\DocumentModel.InOpenXml\Drawings.ChartDrawings\HeaderFooter.cs","HeaderFooter","AlignWithMargins","Property","31"
"D:\OneDrive\VS\Projects\DocxDocument\DocumentModel.InOpenXml\Drawings.ChartDrawings\HeaderFooter.cs","HeaderFooter","DifferentFirst","Property","45"
"D:\OneDrive\VS\Projects\DocxDocument\DocumentModel.InOpenXml\Drawings.ChartDrawings\HeaderFooter.cs","HeaderFooter","DifferentOddEven","Property","38"
"D:\OneDrive\VS\Projects\DocxDocument\DocumentModel.InOpenXml\Drawings.ChartDrawings\HeaderFooter.cs","HeaderFooter","EvenFooterXsdString","Property","73"
"D:\OneDrive\VS\Projects\DocxDocument\DocumentModel.InOpenXml\Drawings.ChartDrawings\HeaderFooter.cs","HeaderFooter","EvenHeaderXsdString","Property","66"
"D:\OneDrive\VS\Projects\DocxDocument\DocumentModel.InOpenXml\Drawings.ChartDrawings\HeaderFooter.cs","HeaderFooter","FirstFooterXsdString","Property","87"
"D:\OneDrive\VS\Projects\DocxDocument\DocumentModel.InOpenXml\Drawings.ChartDrawings\HeaderFooter.cs","HeaderFooter","FirstHeaderXsdString","Property","80"
"D:\OneDrive\VS\Projects\DocxDocument\DocumentModel.InOpenXml\Drawings.ChartDrawings\HeaderFooter.cs","HeaderFooter","OddFooterXsdString","Property","59"
"D:\OneDrive\VS\Projects\DocxDocument\DocumentModel.InOpenXml\Drawings.ChartDrawings\HeaderFooter.cs","HeaderFooter","OddHeaderXsdString","Property","52"
"D:\OneDrive\VS\Projects\DocxDocument\DocumentModel.InOpenXml\Drawings.ChartDrawings\Legend.cs","Legend","Align","Property","23"
"D:\OneDrive\VS\Projects\DocxDocument\DocumentModel.InOpenXml\Drawings.ChartDrawings\Legend.cs","Legend","Overlay","Property","30"
"D:\OneDrive\VS\Projects\DocxDocument\DocumentModel.InOpenXml\Drawings.ChartDrawings\Legend.cs","Legend","Pos","Property","16"
"D:\OneDrive\VS\Projects\DocxDocument\DocumentModel.InOpenXml\Drawings.ChartDrawings\Legend.cs","Legend","ShapeProperties","Property","37"
"D:\OneDrive\VS\Projects\DocxDocument\DocumentModel.InOpenXml\Drawings.ChartDrawings\Legend.cs","Legend","TxPrTextBody","Property","44"
"D:\OneDrive\VS\Projects\DocxDocument\DocumentModel.InOpenXml\Drawings.ChartDrawings\MajorGridlinesGridlines.cs","MajorGridlinesGridlines","ExtensionList","Property","21"
"D:\OneDrive\VS\Projects\DocxDocument\DocumentModel.InOpenXml\Drawings.ChartDrawings\MajorGridlinesGridlines.cs","MajorGridlinesGridlines","ShapeProperties","Property","14"
"D:\OneDrive\VS\Projects\DocxDocument\DocumentModel.InOpenXml\Drawings.ChartDrawings\MajorTickMarksTickMarks.cs","MajorTickMarksTickMarks","ExtensionList","Property","14"
"D:\OneDrive\VS\Projects\DocxDocument\DocumentModel.InOpenXml\Drawings.ChartDrawings\MaxValueColorEndPosition.cs","MaxValueColorEndPosition","ExtremeValueColorPosition","Property","14"
"D:\OneDrive\VS\Projects\DocxDocument\DocumentModel.InOpenXml\Drawings.ChartDrawings\MaxValueColorEndPosition.cs","MaxValueColorEndPosition","NumberColorPosition","Property","21"
"D:\OneDrive\VS\Projects\DocxDocument\DocumentModel.InOpenXml\Drawings.ChartDrawings\MaxValueColorEndPosition.cs","MaxValueColorEndPosition","PercentageColorPosition","Property","28"
"D:\OneDrive\VS\Projects\DocxDocument\DocumentModel.InOpenXml\Drawings.ChartDrawings\MinorGridlinesGridlines.cs","MinorGridlinesGridlines","ExtensionList","Property","21"
"D:\OneDrive\VS\Projects\DocxDocument\DocumentModel.InOpenXml\Drawings.ChartDrawings\MinorGridlinesGridlines.cs","MinorGridlinesGridlines","ShapeProperties","Property","14"
"D:\OneDrive\VS\Projects\DocxDocument\DocumentModel.InOpenXml\Drawings.ChartDrawings\MinorTickMarksTickMarks.cs","MinorTickMarksTickMarks","ExtensionList","Property","14"
"D:\OneDrive\VS\Projects\DocxDocument\DocumentModel.InOpenXml\Drawings.ChartDrawings\MinValueColorEndPosition.cs","MinValueColorEndPosition","ExtremeValueColorPosition","Property","14"
"D:\OneDrive\VS\Projects\DocxDocument\DocumentModel.InOpenXml\Drawings.ChartDrawings\MinValueColorEndPosition.cs","MinValueColorEndPosition","NumberColorPosition","Property","21"
"D:\OneDrive\VS\Projects\DocxDocument\DocumentModel.InOpenXml\Drawings.ChartDrawings\MinValueColorEndPosition.cs","MinValueColorEndPosition","PercentageColorPosition","Property","28"
"D:\OneDrive\VS\Projects\DocxDocument\DocumentModel.InOpenXml\Drawings.ChartDrawings\NonVisualContentPartProperties.cs","NonVisualContentPartProperties","NonVisualDrawingProperties","Property","14"
"D:\OneDrive\VS\Projects\DocxDocument\DocumentModel.InOpenXml\Drawings.ChartDrawings\NonVisualContentPartProperties.cs","NonVisualContentPartProperties","NonVisualInkContentPartProperties","Property","21"
"D:\OneDrive\VS\Projects\DocxDocument\DocumentModel.InOpenXml\Drawings.ChartDrawings\NonVisualDrawingProperties.cs","NonVisualDrawingProperties","Description","Property","28"
"D:\OneDrive\VS\Projects\DocxDocument\DocumentModel.InOpenXml\Drawings.ChartDrawings\NonVisualDrawingProperties.cs","NonVisualDrawingProperties","Hidden","Property","35"
"D:\OneDrive\VS\Projects\DocxDocument\DocumentModel.InOpenXml\Drawings.ChartDrawings\NonVisualDrawingProperties.cs","NonVisualDrawingProperties","HyperlinkOnClick","Property","49"
"D:\OneDrive\VS\Projects\DocxDocument\DocumentModel.InOpenXml\Drawings.ChartDrawings\NonVisualDrawingProperties.cs","NonVisualDrawingProperties","HyperlinkOnHover","Property","56"
"D:\OneDrive\VS\Projects\DocxDocument\DocumentModel.InOpenXml\Drawings.ChartDrawings\NonVisualDrawingProperties.cs","NonVisualDrawingProperties","Id","Property","14"
"D:\OneDrive\VS\Projects\DocxDocument\DocumentModel.InOpenXml\Drawings.ChartDrawings\NonVisualDrawingProperties.cs","NonVisualDrawingProperties","Name","Property","21"
"D:\OneDrive\VS\Projects\DocxDocument\DocumentModel.InOpenXml\Drawings.ChartDrawings\NonVisualDrawingProperties.cs","NonVisualDrawingProperties","NonVisualDrawingPropertiesExtensionList","Property","63"
"D:\OneDrive\VS\Projects\DocxDocument\DocumentModel.InOpenXml\Drawings.ChartDrawings\NonVisualDrawingProperties.cs","NonVisualDrawingProperties","Title","Property","42"
"D:\OneDrive\VS\Projects\DocxDocument\DocumentModel.InOpenXml\Drawings.ChartDrawings\NonVisualInkContentPartProperties.cs","NonVisualInkContentPartProperties","ContentPartLocks","Property","21"
"D:\OneDrive\VS\Projects\DocxDocument\DocumentModel.InOpenXml\Drawings.ChartDrawings\NonVisualInkContentPartProperties.cs","NonVisualInkContentPartProperties","IsComment","Property","14"
"D:\OneDrive\VS\Projects\DocxDocument\DocumentModel.InOpenXml\Drawings.ChartDrawings\NonVisualInkContentPartProperties.cs","NonVisualInkContentPartProperties","OfficeArtExtensionList","Property","28"
"D:\OneDrive\VS\Projects\DocxDocument\DocumentModel.InOpenXml\Drawings.ChartDrawings\NumberFormat.cs","NumberFormat","FormatCode","Property","14"
"D:\OneDrive\VS\Projects\DocxDocument\DocumentModel.InOpenXml\Drawings.ChartDrawings\NumberFormat.cs","NumberFormat","SourceLinked","Property","21"
"D:\OneDrive\VS\Projects\DocxDocument\DocumentModel.InOpenXml\Drawings.ChartDrawings\NumericLevel.cs","NumericLevel","FormatCode","Property","21"
"D:\OneDrive\VS\Projects\DocxDocument\DocumentModel.InOpenXml\Drawings.ChartDrawings\NumericLevel.cs","NumericLevel","Name","Property","28"
"D:\OneDrive\VS\Projects\DocxDocument\DocumentModel.InOpenXml\Drawings.ChartDrawings\NumericLevel.cs","NumericLevel","PtCount","Property","14"
"D:\OneDrive\VS\Projects\DocxDocument\DocumentModel.InOpenXml\Drawings.ChartDrawings\NumericValue.cs","NumericValue","Idx","Property","14"
"D:\OneDrive\VS\Projects\DocxDocument\DocumentModel.InOpenXml\Drawings.ChartDrawings\OpenXmlFormulaElement.cs","OpenXmlFormulaElement","Dir","Property","16"
"D:\OneDrive\VS\Projects\DocxDocument\DocumentModel.InOpenXml\Drawings.ChartDrawings\OpenXmlGridlinesElement.cs","OpenXmlGridlinesElement","ExtensionList","Property","21"
"D:\OneDrive\VS\Projects\DocxDocument\DocumentModel.InOpenXml\Drawings.ChartDrawings\OpenXmlGridlinesElement.cs","OpenXmlGridlinesElement","ShapeProperties","Property","14"
"D:\OneDrive\VS\Projects\DocxDocument\DocumentModel.InOpenXml\Drawings.ChartDrawings\OpenXmlTickMarksElement.cs","OpenXmlTickMarksElement","ExtensionList","Property","23"
"D:\OneDrive\VS\Projects\DocxDocument\DocumentModel.InOpenXml\Drawings.ChartDrawings\OpenXmlTickMarksElement.cs","OpenXmlTickMarksElement","Type","Property","16"
"D:\OneDrive\VS\Projects\DocxDocument\DocumentModel.InOpenXml\Drawings.ChartDrawings\OpenXmlValueColorEndPositionElement.cs","OpenXmlValueColorEndPositionElement","ExtremeValueColorPosition","Property","14"
"D:\OneDrive\VS\Projects\DocxDocument\DocumentModel.InOpenXml\Drawings.ChartDrawings\OpenXmlValueColorEndPositionElement.cs","OpenXmlValueColorEndPositionElement","NumberColorPosition","Property","21"
"D:\OneDrive\VS\Projects\DocxDocument\DocumentModel.InOpenXml\Drawings.ChartDrawings\OpenXmlValueColorEndPositionElement.cs","OpenXmlValueColorEndPositionElement","PercentageColorPosition","Property","28"
"D:\OneDrive\VS\Projects\DocxDocument\DocumentModel.InOpenXml\Drawings.ChartDrawings\PageMargins.cs","PageMargins","B","Property","35"
"D:\OneDrive\VS\Projects\DocxDocument\DocumentModel.InOpenXml\Drawings.ChartDrawings\PageMargins.cs","PageMargins","Footer","Property","49"
"D:\OneDrive\VS\Projects\DocxDocument\DocumentModel.InOpenXml\Drawings.ChartDrawings\PageMargins.cs","PageMargins","Header","Property","42"
"D:\OneDrive\VS\Projects\DocxDocument\DocumentModel.InOpenXml\Drawings.ChartDrawings\PageMargins.cs","PageMargins","L","Property","14"
"D:\OneDrive\VS\Projects\DocxDocument\DocumentModel.InOpenXml\Drawings.ChartDrawings\PageMargins.cs","PageMargins","R","Property","21"
"D:\OneDrive\VS\Projects\DocxDocument\DocumentModel.InOpenXml\Drawings.ChartDrawings\PageMargins.cs","PageMargins","T","Property","28"
"D:\OneDrive\VS\Projects\DocxDocument\DocumentModel.InOpenXml\Drawings.ChartDrawings\PageSetup.cs","PageSetup","BlackAndWhite","Property","37"
"D:\OneDrive\VS\Projects\DocxDocument\DocumentModel.InOpenXml\Drawings.ChartDrawings\PageSetup.cs","PageSetup","Copies","Property","72"
"D:\OneDrive\VS\Projects\DocxDocument\DocumentModel.InOpenXml\Drawings.ChartDrawings\PageSetup.cs","PageSetup","Draft","Property","44"
"D:\OneDrive\VS\Projects\DocxDocument\DocumentModel.InOpenXml\Drawings.ChartDrawings\PageSetup.cs","PageSetup","FirstPageNumber","Property","23"
"D:\OneDrive\VS\Projects\DocxDocument\DocumentModel.InOpenXml\Drawings.ChartDrawings\PageSetup.cs","PageSetup","HorizontalDpi","Property","58"
"D:\OneDrive\VS\Projects\DocxDocument\DocumentModel.InOpenXml\Drawings.ChartDrawings\PageSetup.cs","PageSetup","Orientation","Property","30"
"D:\OneDrive\VS\Projects\DocxDocument\DocumentModel.InOpenXml\Drawings.ChartDrawings\PageSetup.cs","PageSetup","PaperSize","Property","16"
"D:\OneDrive\VS\Projects\DocxDocument\DocumentModel.InOpenXml\Drawings.ChartDrawings\PageSetup.cs","PageSetup","UseFirstPageNumber","Property","51"
"D:\OneDrive\VS\Projects\DocxDocument\DocumentModel.InOpenXml\Drawings.ChartDrawings\PageSetup.cs","PageSetup","VerticalDpi","Property","65"
"D:\OneDrive\VS\Projects\DocxDocument\DocumentModel.InOpenXml\Drawings.ChartDrawings\ParentLabelLayout.cs","ParentLabelLayout","ParentLabelLayoutVal","Property","16"
"D:\OneDrive\VS\Projects\DocxDocument\DocumentModel.InOpenXml\Drawings.ChartDrawings\PlotArea.cs","PlotArea","PlotAreaRegion","Property","14"
"D:\OneDrive\VS\Projects\DocxDocument\DocumentModel.InOpenXml\Drawings.ChartDrawings\PlotAreaRegion.cs","PlotAreaRegion","PlotSurface","Property","14"
"D:\OneDrive\VS\Projects\DocxDocument\DocumentModel.InOpenXml\Drawings.ChartDrawings\PlotSurface.cs","PlotSurface","ExtensionList","Property","21"
"D:\OneDrive\VS\Projects\DocxDocument\DocumentModel.InOpenXml\Drawings.ChartDrawings\PlotSurface.cs","PlotSurface","ShapeProperties","Property","14"
"D:\OneDrive\VS\Projects\DocxDocument\DocumentModel.InOpenXml\Drawings.ChartDrawings\PrintSettings.cs","PrintSettings","HeaderFooter","Property","14"
"D:\OneDrive\VS\Projects\DocxDocument\DocumentModel.InOpenXml\Drawings.ChartDrawings\PrintSettings.cs","PrintSettings","PageMargins","Property","21"
"D:\OneDrive\VS\Projects\DocxDocument\DocumentModel.InOpenXml\Drawings.ChartDrawings\PrintSettings.cs","PrintSettings","PageSetup","Property","28"
"D:\OneDrive\VS\Projects\DocxDocument\DocumentModel.InOpenXml\Drawings.ChartDrawings\RichTextBody.cs","RichTextBody","BodyProperties","Property","14"
"D:\OneDrive\VS\Projects\DocxDocument\DocumentModel.InOpenXml\Drawings.ChartDrawings\RichTextBody.cs","RichTextBody","ListStyle","Property","21"
"D:\OneDrive\VS\Projects\DocxDocument\DocumentModel.InOpenXml\Drawings.ChartDrawings\Series.cs","Series","FormatIdx","Property","44"
"D:\OneDrive\VS\Projects\DocxDocument\DocumentModel.InOpenXml\Drawings.ChartDrawings\Series.cs","Series","Hidden","Property","23"
"D:\OneDrive\VS\Projects\DocxDocument\DocumentModel.InOpenXml\Drawings.ChartDrawings\Series.cs","Series","LayoutId","Property","16"
"D:\OneDrive\VS\Projects\DocxDocument\DocumentModel.InOpenXml\Drawings.ChartDrawings\Series.cs","Series","OwnerIdx","Property","30"
"D:\OneDrive\VS\Projects\DocxDocument\DocumentModel.InOpenXml\Drawings.ChartDrawings\Series.cs","Series","ShapeProperties","Property","58"
"D:\OneDrive\VS\Projects\DocxDocument\DocumentModel.InOpenXml\Drawings.ChartDrawings\Series.cs","Series","Text","Property","51"
"D:\OneDrive\VS\Projects\DocxDocument\DocumentModel.InOpenXml\Drawings.ChartDrawings\Series.cs","Series","UniqueId","Property","37"
"D:\OneDrive\VS\Projects\DocxDocument\DocumentModel.InOpenXml\Drawings.ChartDrawings\Series.cs","Series","ValueColorPositions","Property","72"
"D:\OneDrive\VS\Projects\DocxDocument\DocumentModel.InOpenXml\Drawings.ChartDrawings\Series.cs","Series","ValueColors","Property","65"
"D:\OneDrive\VS\Projects\DocxDocument\DocumentModel.InOpenXml\Drawings.ChartDrawings\SeriesElementVisibilities.cs","SeriesElementVisibilities","ConnectorLines","Property","14"
"D:\OneDrive\VS\Projects\DocxDocument\DocumentModel.InOpenXml\Drawings.ChartDrawings\SeriesElementVisibilities.cs","SeriesElementVisibilities","MeanLine","Property","21"
"D:\OneDrive\VS\Projects\DocxDocument\DocumentModel.InOpenXml\Drawings.ChartDrawings\SeriesElementVisibilities.cs","SeriesElementVisibilities","MeanMarker","Property","28"
"D:\OneDrive\VS\Projects\DocxDocument\DocumentModel.InOpenXml\Drawings.ChartDrawings\SeriesElementVisibilities.cs","SeriesElementVisibilities","Nonoutliers","Property","35"
"D:\OneDrive\VS\Projects\DocxDocument\DocumentModel.InOpenXml\Drawings.ChartDrawings\SeriesElementVisibilities.cs","SeriesElementVisibilities","Outliers","Property","42"
"D:\OneDrive\VS\Projects\DocxDocument\DocumentModel.InOpenXml\Drawings.ChartDrawings\SeriesLayoutProperties.cs","SeriesLayoutProperties","ParentLabelLayout","Property","16"
"D:\OneDrive\VS\Projects\DocxDocument\DocumentModel.InOpenXml\Drawings.ChartDrawings\SeriesLayoutProperties.cs","SeriesLayoutProperties","RegionLabelLayout","Property","23"
"D:\OneDrive\VS\Projects\DocxDocument\DocumentModel.InOpenXml\Drawings.ChartDrawings\SeriesLayoutProperties.cs","SeriesLayoutProperties","SeriesElementVisibilities","Property","30"
"D:\OneDrive\VS\Projects\DocxDocument\DocumentModel.InOpenXml\Drawings.ChartDrawings\ShapeProperties.cs","ShapeProperties","BlackWhiteMode","Property","14"
"D:\OneDrive\VS\Projects\DocxDocument\DocumentModel.InOpenXml\Drawings.ChartDrawings\ShapeProperties.cs","ShapeProperties","Transform2D","Property","21"
"D:\OneDrive\VS\Projects\DocxDocument\DocumentModel.InOpenXml\Drawings.ChartDrawings\Statistics.cs","Statistics","QuartileMethod","Property","16"
"D:\OneDrive\VS\Projects\DocxDocument\DocumentModel.InOpenXml\Drawings.ChartDrawings\StringLevel.cs","StringLevel","Name","Property","21"
"D:\OneDrive\VS\Projects\DocxDocument\DocumentModel.InOpenXml\Drawings.ChartDrawings\StringLevel.cs","StringLevel","PtCount","Property","14"
"D:\OneDrive\VS\Projects\DocxDocument\DocumentModel.InOpenXml\Drawings.ChartDrawings\Text.cs","Text","RichTextBody","Property","21"
"D:\OneDrive\VS\Projects\DocxDocument\DocumentModel.InOpenXml\Drawings.ChartDrawings\Text.cs","Text","TextData","Property","14"
"D:\OneDrive\VS\Projects\DocxDocument\DocumentModel.InOpenXml\Drawings.ChartDrawings\TextBodyType.cs","TextBodyType","BodyProperties","Property","14"
"D:\OneDrive\VS\Projects\DocxDocument\DocumentModel.InOpenXml\Drawings.ChartDrawings\TextBodyType.cs","TextBodyType","ListStyle","Property","21"
"D:\OneDrive\VS\Projects\DocxDocument\DocumentModel.InOpenXml\Drawings.ChartDrawings\TickLabels.cs","TickLabels","ExtensionList","Property","14"
"D:\OneDrive\VS\Projects\DocxDocument\DocumentModel.InOpenXml\Drawings.ChartDrawings\Transform2D.cs","Transform2D","Extents","Property","42"
"D:\OneDrive\VS\Projects\DocxDocument\DocumentModel.InOpenXml\Drawings.ChartDrawings\Transform2D.cs","Transform2D","HorizontalFlip","Property","21"
"D:\OneDrive\VS\Projects\DocxDocument\DocumentModel.InOpenXml\Drawings.ChartDrawings\Transform2D.cs","Transform2D","Offset","Property","35"
"D:\OneDrive\VS\Projects\DocxDocument\DocumentModel.InOpenXml\Drawings.ChartDrawings\Transform2D.cs","Transform2D","Rotation","Property","14"
"D:\OneDrive\VS\Projects\DocxDocument\DocumentModel.InOpenXml\Drawings.ChartDrawings\Transform2D.cs","Transform2D","VerticalFlip","Property","28"
"D:\OneDrive\VS\Projects\DocxDocument\DocumentModel.InOpenXml\Drawings.ChartDrawings\TxPrTextBody.cs","TxPrTextBody","BodyProperties","Property","14"
"D:\OneDrive\VS\Projects\DocxDocument\DocumentModel.InOpenXml\Drawings.ChartDrawings\TxPrTextBody.cs","TxPrTextBody","ListStyle","Property","21"
"D:\OneDrive\VS\Projects\DocxDocument\DocumentModel.InOpenXml\Drawings.ChartDrawings\ValueAxisScaling.cs","ValueAxisScaling","MajorUnit","Property","28"
"D:\OneDrive\VS\Projects\DocxDocument\DocumentModel.InOpenXml\Drawings.ChartDrawings\ValueAxisScaling.cs","ValueAxisScaling","Max","Property","14"
"D:\OneDrive\VS\Projects\DocxDocument\DocumentModel.InOpenXml\Drawings.ChartDrawings\ValueAxisScaling.cs","ValueAxisScaling","Min","Property","21"
"D:\OneDrive\VS\Projects\DocxDocument\DocumentModel.InOpenXml\Drawings.ChartDrawings\ValueAxisScaling.cs","ValueAxisScaling","MinorUnit","Property","35"
"D:\OneDrive\VS\Projects\DocxDocument\DocumentModel.InOpenXml\Drawings.ChartDrawings\ValueColorMiddlePosition.cs","ValueColorMiddlePosition","NumberColorPosition","Property","14"
"D:\OneDrive\VS\Projects\DocxDocument\DocumentModel.InOpenXml\Drawings.ChartDrawings\ValueColorMiddlePosition.cs","ValueColorMiddlePosition","PercentageColorPosition","Property","21"
"D:\OneDrive\VS\Projects\DocxDocument\DocumentModel.InOpenXml\Drawings.ChartDrawings\ValueColorPositions.cs","ValueColorPositions","Count","Property","14"
"D:\OneDrive\VS\Projects\DocxDocument\DocumentModel.InOpenXml\Drawings.ChartDrawings\ValueColorPositions.cs","ValueColorPositions","MaxValueColorEndPosition","Property","35"
"D:\OneDrive\VS\Projects\DocxDocument\DocumentModel.InOpenXml\Drawings.ChartDrawings\ValueColorPositions.cs","ValueColorPositions","MinValueColorEndPosition","Property","21"
"D:\OneDrive\VS\Projects\DocxDocument\DocumentModel.InOpenXml\Drawings.ChartDrawings\ValueColorPositions.cs","ValueColorPositions","ValueColorMiddlePosition","Property","28"
"D:\OneDrive\VS\Projects\DocxDocument\DocumentModel.InOpenXml\Drawings.ChartDrawings\ValueColors.cs","ValueColors","MaxColorSolidColorFillProperties","Property","28"
"D:\OneDrive\VS\Projects\DocxDocument\DocumentModel.InOpenXml\Drawings.ChartDrawings\ValueColors.cs","ValueColors","MidColorSolidColorFillProperties","Property","21"
"D:\OneDrive\VS\Projects\DocxDocument\DocumentModel.InOpenXml\Drawings.ChartDrawings\ValueColors.cs","ValueColors","MinColorSolidColorFillProperties","Property","14"
"D:\OneDrive\VS\Projects\DocxDocument\DocumentModel.InOpenXml\Drawings.Charts\Base\Chart.cs","Chart","AutoTitleDeleted","Property","21"
"D:\OneDrive\VS\Projects\DocxDocument\DocumentModel.InOpenXml\Drawings.Charts\Base\Chart.cs","Chart","BackWall","Property","56"
"D:\OneDrive\VS\Projects\DocxDocument\DocumentModel.InOpenXml\Drawings.Charts\Base\Chart.cs","Chart","DisplayBlanksAs","Property","84"
"D:\OneDrive\VS\Projects\DocxDocument\DocumentModel.InOpenXml\Drawings.Charts\Base\Chart.cs","Chart","Floor","Property","42"
"D:\OneDrive\VS\Projects\DocxDocument\DocumentModel.InOpenXml\Drawings.Charts\Base\Chart.cs","Chart","Legend","Property","70"
"D:\OneDrive\VS\Projects\DocxDocument\DocumentModel.InOpenXml\Drawings.Charts\Base\Chart.cs","Chart","PivotFormats","Property","28"
"D:\OneDrive\VS\Projects\DocxDocument\DocumentModel.InOpenXml\Drawings.Charts\Base\Chart.cs","Chart","PlotArea","Property","63"
"D:\OneDrive\VS\Projects\DocxDocument\DocumentModel.InOpenXml\Drawings.Charts\Base\Chart.cs","Chart","PlotVisibleOnly","Property","77"
"D:\OneDrive\VS\Projects\DocxDocument\DocumentModel.InOpenXml\Drawings.Charts\Base\Chart.cs","Chart","ShowDataLabelsOverMaximum","Property","91"
"D:\OneDrive\VS\Projects\DocxDocument\DocumentModel.InOpenXml\Drawings.Charts\Base\Chart.cs","Chart","SideWall","Property","49"
"D:\OneDrive\VS\Projects\DocxDocument\DocumentModel.InOpenXml\Drawings.Charts\Base\Chart.cs","Chart","Title","Property","14"
"D:\OneDrive\VS\Projects\DocxDocument\DocumentModel.InOpenXml\Drawings.Charts\Base\Chart.cs","Chart","View3D","Property","35"
"D:\OneDrive\VS\Projects\DocxDocument\DocumentModel.InOpenXml\Drawings.Charts\Base\ChartSpace.cs","ChartSpace","Chart","Element","63"
"D:\OneDrive\VS\Projects\DocxDocument\DocumentModel.InOpenXml\Drawings.Charts\Base\ChartSpace.cs","ChartSpace","ChartSpaceExtensionList","Element","105"
"D:\OneDrive\VS\Projects\DocxDocument\DocumentModel.InOpenXml\Drawings.Charts\Base\ChartSpace.cs","ChartSpace","ColorMapOverride","Element","42"
"D:\OneDrive\VS\Projects\DocxDocument\DocumentModel.InOpenXml\Drawings.Charts\Base\ChartSpace.cs","ChartSpace","Date1904","Property","14"
"D:\OneDrive\VS\Projects\DocxDocument\DocumentModel.InOpenXml\Drawings.Charts\Base\ChartSpace.cs","ChartSpace","EditingLanguage","Property","21"
"D:\OneDrive\VS\Projects\DocxDocument\DocumentModel.InOpenXml\Drawings.Charts\Base\ChartSpace.cs","ChartSpace","ExternalData","Element","84"
"D:\OneDrive\VS\Projects\DocxDocument\DocumentModel.InOpenXml\Drawings.Charts\Base\ChartSpace.cs","ChartSpace","PivotSource","Element","49"
"D:\OneDrive\VS\Projects\DocxDocument\DocumentModel.InOpenXml\Drawings.Charts\Base\ChartSpace.cs","ChartSpace","PrintSettings","Element","91"
"D:\OneDrive\VS\Projects\DocxDocument\DocumentModel.InOpenXml\Drawings.Charts\Base\ChartSpace.cs","ChartSpace","Protection","Element","56"
"D:\OneDrive\VS\Projects\DocxDocument\DocumentModel.InOpenXml\Drawings.Charts\Base\ChartSpace.cs","ChartSpace","RoundedCorners","Property","28"
"D:\OneDrive\VS\Projects\DocxDocument\DocumentModel.InOpenXml\Drawings.Charts\Base\ChartSpace.cs","ChartSpace","ShapeProperties","Element","70"
"D:\OneDrive\VS\Projects\DocxDocument\DocumentModel.InOpenXml\Drawings.Charts\Base\ChartSpace.cs","ChartSpace","Style","Element","35"
"D:\OneDrive\VS\Projects\DocxDocument\DocumentModel.InOpenXml\Drawings.Charts\Base\ChartSpace.cs","ChartSpace","TextProperties","Element","77"
"D:\OneDrive\VS\Projects\DocxDocument\DocumentModel.InOpenXml\Drawings.Charts\Base\ChartSpace.cs","ChartSpace","UserShapesReference","Element","98"
"D:\OneDrive\VS\Projects\DocxDocument\DocumentModel.InOpenXml\Drawings.Charts\Base\PlotArea.cs","PlotArea","Axes","Element","57"
"D:\OneDrive\VS\Projects\DocxDocument\DocumentModel.InOpenXml\Drawings.Charts\Base\PlotArea.cs","PlotArea","Charts","Element","50"
"D:\OneDrive\VS\Projects\DocxDocument\DocumentModel.InOpenXml\Drawings.Charts\Base\PlotArea.cs","PlotArea","DataTable","Element","64"
"D:\OneDrive\VS\Projects\DocxDocument\DocumentModel.InOpenXml\Drawings.Charts\Base\PlotArea.cs","PlotArea","ExtensionList","Element","78"
"D:\OneDrive\VS\Projects\DocxDocument\DocumentModel.InOpenXml\Drawings.Charts\Base\PlotArea.cs","PlotArea","Layout","Element","43"
"D:\OneDrive\VS\Projects\DocxDocument\DocumentModel.InOpenXml\Drawings.Charts\Base\PlotArea.cs","PlotArea","ShapeProperties","Element","71"
"D:\OneDrive\VS\Projects\DocxDocument\DocumentModel.InOpenXml\Drawings.Charts\Base\UserShapes.cs","UserShapes","AbsoluteAnchorSize","Element","31"
"D:\OneDrive\VS\Projects\DocxDocument\DocumentModel.InOpenXml\Drawings.Charts\Base\UserShapes.cs","UserShapes","RelativeAnchorSize","Element","24"
"D:\OneDrive\VS\Projects\DocxDocument\DocumentModel.InOpenXml\Drawings.Charts\Common\Analysis\Trendline.cs","Trendline","Backward","Element","58"
"D:\OneDrive\VS\Projects\DocxDocument\DocumentModel.InOpenXml\Drawings.Charts\Common\Analysis\Trendline.cs","Trendline","ChartShapeProperties","Element","23"
"D:\OneDrive\VS\Projects\DocxDocument\DocumentModel.InOpenXml\Drawings.Charts\Common\Analysis\Trendline.cs","Trendline","DisplayEquation","Element","79"
"D:\OneDrive\VS\Projects\DocxDocument\DocumentModel.InOpenXml\Drawings.Charts\Common\Analysis\Trendline.cs","Trendline","DisplayRSquaredValue","Element","72"
"D:\OneDrive\VS\Projects\DocxDocument\DocumentModel.InOpenXml\Drawings.Charts\Common\Analysis\Trendline.cs","Trendline","ExtensionList","Element","93"
"D:\OneDrive\VS\Projects\DocxDocument\DocumentModel.InOpenXml\Drawings.Charts\Common\Analysis\Trendline.cs","Trendline","Forward","Element","51"
"D:\OneDrive\VS\Projects\DocxDocument\DocumentModel.InOpenXml\Drawings.Charts\Common\Analysis\Trendline.cs","Trendline","Intercept","Element","65"
"D:\OneDrive\VS\Projects\DocxDocument\DocumentModel.InOpenXml\Drawings.Charts\Common\Analysis\Trendline.cs","Trendline","Period","Element","44"
"D:\OneDrive\VS\Projects\DocxDocument\DocumentModel.InOpenXml\Drawings.Charts\Common\Analysis\Trendline.cs","Trendline","PolynomialOrder","Element","37"
"D:\OneDrive\VS\Projects\DocxDocument\DocumentModel.InOpenXml\Drawings.Charts\Common\Analysis\Trendline.cs","Trendline","TrendlineLabel","Element","86"
"D:\OneDrive\VS\Projects\DocxDocument\DocumentModel.InOpenXml\Drawings.Charts\Common\Analysis\Trendline.cs","Trendline","TrendlineName","Element","16"
"D:\OneDrive\VS\Projects\DocxDocument\DocumentModel.InOpenXml\Drawings.Charts\Common\Analysis\Trendline.cs","Trendline","TrendlineType","Element","30"
"D:\OneDrive\VS\Projects\DocxDocument\DocumentModel.InOpenXml\Drawings.Charts\Common\Analysis\TrendlineLabel.cs","TrendlineLabel","ChartShapeProperties","Element","36"
"D:\OneDrive\VS\Projects\DocxDocument\DocumentModel.InOpenXml\Drawings.Charts\Common\Analysis\TrendlineLabel.cs","TrendlineLabel","ChartText","Element","22"
"D:\OneDrive\VS\Projects\DocxDocument\DocumentModel.InOpenXml\Drawings.Charts\Common\Analysis\TrendlineLabel.cs","TrendlineLabel","ExtensionList","Element","50"
"D:\OneDrive\VS\Projects\DocxDocument\DocumentModel.InOpenXml\Drawings.Charts\Common\Analysis\TrendlineLabel.cs","TrendlineLabel","Layout","Element","15"
"D:\OneDrive\VS\Projects\DocxDocument\DocumentModel.InOpenXml\Drawings.Charts\Common\Analysis\TrendlineLabel.cs","TrendlineLabel","NumberingFormat","Element","29"
"D:\OneDrive\VS\Projects\DocxDocument\DocumentModel.InOpenXml\Drawings.Charts\Common\Analysis\TrendlineLabel.cs","TrendlineLabel","TextProperties","Element","43"
"D:\OneDrive\VS\Projects\DocxDocument\DocumentModel.InOpenXml\Drawings.Charts\Common\Axis\AxisDataSourceType.cs","AxisDataSourceType","MultiLevelStringReference","Element","15"
"D:\OneDrive\VS\Projects\DocxDocument\DocumentModel.InOpenXml\Drawings.Charts\Common\Axis\AxisDataSourceType.cs","AxisDataSourceType","NumberLiteral","Element","29"
"D:\OneDrive\VS\Projects\DocxDocument\DocumentModel.InOpenXml\Drawings.Charts\Common\Axis\AxisDataSourceType.cs","AxisDataSourceType","NumberReference","Element","22"
"D:\OneDrive\VS\Projects\DocxDocument\DocumentModel.InOpenXml\Drawings.Charts\Common\Axis\AxisDataSourceType.cs","AxisDataSourceType","StringLiteral","Element","43"
"D:\OneDrive\VS\Projects\DocxDocument\DocumentModel.InOpenXml\Drawings.Charts\Common\Axis\AxisDataSourceType.cs","AxisDataSourceType","StringReference","Element","36"
"D:\OneDrive\VS\Projects\DocxDocument\DocumentModel.InOpenXml\Drawings.Charts\Common\Axis\MajorGridlines.cs","MajorGridlines","ChartShapeProperties","Element","14"
"D:\OneDrive\VS\Projects\DocxDocument\DocumentModel.InOpenXml\Drawings.Charts\Common\Axis\MinorGridlines.cs","MinorGridlines","ChartShapeProperties","Element","14"
"D:\OneDrive\VS\Projects\DocxDocument\DocumentModel.InOpenXml\Drawings.Charts\Common\Axis\Scaling.cs","Scaling","ExtensionList","Element","42"
"D:\OneDrive\VS\Projects\DocxDocument\DocumentModel.InOpenXml\Drawings.Charts\Common\Axis\Scaling.cs","Scaling","LogBase","Element","14"
"D:\OneDrive\VS\Projects\DocxDocument\DocumentModel.InOpenXml\Drawings.Charts\Common\Axis\Scaling.cs","Scaling","MaxAxisValue","Element","28"
"D:\OneDrive\VS\Projects\DocxDocument\DocumentModel.InOpenXml\Drawings.Charts\Common\Axis\Scaling.cs","Scaling","MinAxisValue","Element","35"
"D:\OneDrive\VS\Projects\DocxDocument\DocumentModel.InOpenXml\Drawings.Charts\Common\Axis\Scaling.cs","Scaling","Orientation","Element","21"
"D:\OneDrive\VS\Projects\DocxDocument\DocumentModel.InOpenXml\Drawings.Charts\Common\ChartComponents\DownBars.cs","DownBars","ChartShapeProperties","Property","14"
"D:\OneDrive\VS\Projects\DocxDocument\DocumentModel.InOpenXml\Drawings.Charts\Common\ChartComponents\DropLines.cs","DropLines","ChartShapeProperties","Property","14"
"D:\OneDrive\VS\Projects\DocxDocument\DocumentModel.InOpenXml\Drawings.Charts\Common\ChartComponents\HighLowLines.cs","HighLowLines","ChartShapeProperties","Property","14"
"D:\OneDrive\VS\Projects\DocxDocument\DocumentModel.InOpenXml\Drawings.Charts\Common\ChartComponents\LeaderLines.cs","LeaderLines","ChartShapeProperties","Property","14"
"D:\OneDrive\VS\Projects\DocxDocument\DocumentModel.InOpenXml\Drawings.Charts\Common\ChartComponents\UpBars.cs","UpBars","ChartShapeProperties","Property","14"
"D:\OneDrive\VS\Projects\DocxDocument\DocumentModel.InOpenXml\Drawings.Charts\Common\ChartComponents\UpDownBars.cs","UpDownBars","DownBars","Property","28"
"D:\OneDrive\VS\Projects\DocxDocument\DocumentModel.InOpenXml\Drawings.Charts\Common\ChartComponents\UpDownBars.cs","UpDownBars","ExtensionList","Property","35"
"D:\OneDrive\VS\Projects\DocxDocument\DocumentModel.InOpenXml\Drawings.Charts\Common\ChartComponents\UpDownBars.cs","UpDownBars","GapWidth","Property","14"
"D:\OneDrive\VS\Projects\DocxDocument\DocumentModel.InOpenXml\Drawings.Charts\Common\ChartComponents\UpDownBars.cs","UpDownBars","UpBars","Property","21"
"D:\OneDrive\VS\Projects\DocxDocument\DocumentModel.InOpenXml\Drawings.Charts\Common\ChartComponents\UpDownBarType.cs","UpDownBarType","ChartShapeProperties","Property","14"
"D:\OneDrive\VS\Projects\DocxDocument\DocumentModel.InOpenXml\Drawings.Charts\Common\Exceptions\CategoryFilterException.cs","CategoryFilterException","Bubble3D","Property","43"
"D:\OneDrive\VS\Projects\DocxDocument\DocumentModel.InOpenXml\Drawings.Charts\Common\Exceptions\CategoryFilterException.cs","CategoryFilterException","DataLabel","Property","57"
"D:\OneDrive\VS\Projects\DocxDocument\DocumentModel.InOpenXml\Drawings.Charts\Common\Exceptions\CategoryFilterException.cs","CategoryFilterException","Explosion","Property","29"
"D:\OneDrive\VS\Projects\DocxDocument\DocumentModel.InOpenXml\Drawings.Charts\Common\Exceptions\CategoryFilterException.cs","CategoryFilterException","InvertIfNegativeBoolean","Property","36"
"D:\OneDrive\VS\Projects\DocxDocument\DocumentModel.InOpenXml\Drawings.Charts\Common\Exceptions\CategoryFilterException.cs","CategoryFilterException","Marker","Property","50"
"D:\OneDrive\VS\Projects\DocxDocument\DocumentModel.InOpenXml\Drawings.Charts\Common\Exceptions\CategoryFilterException.cs","CategoryFilterException","SequenceOfReferences","Property","14"
"D:\OneDrive\VS\Projects\DocxDocument\DocumentModel.InOpenXml\Drawings.Charts\Common\Exceptions\CategoryFilterException.cs","CategoryFilterException","ShapeProperties","Property","22"
"D:\OneDrive\VS\Projects\DocxDocument\DocumentModel.InOpenXml\Drawings.Charts\Common\Layout\BackWall.cs","BackWall","ExtensionList","Property","38"
"D:\OneDrive\VS\Projects\DocxDocument\DocumentModel.InOpenXml\Drawings.Charts\Common\Layout\BackWall.cs","BackWall","PictureOptions","Property","31"
"D:\OneDrive\VS\Projects\DocxDocument\DocumentModel.InOpenXml\Drawings.Charts\Common\Layout\BackWall.cs","BackWall","ShapeProperties","Property","24"
"D:\OneDrive\VS\Projects\DocxDocument\DocumentModel.InOpenXml\Drawings.Charts\Common\Layout\BackWall.cs","BackWall","Thickness","Property","17"
"D:\OneDrive\VS\Projects\DocxDocument\DocumentModel.InOpenXml\Drawings.Charts\Common\Layout\Floor.cs","Floor","ExtensionList","Property","38"
"D:\OneDrive\VS\Projects\DocxDocument\DocumentModel.InOpenXml\Drawings.Charts\Common\Layout\Floor.cs","Floor","PictureOptions","Property","31"
"D:\OneDrive\VS\Projects\DocxDocument\DocumentModel.InOpenXml\Drawings.Charts\Common\Layout\Floor.cs","Floor","ShapeProperties","Property","24"
"D:\OneDrive\VS\Projects\DocxDocument\DocumentModel.InOpenXml\Drawings.Charts\Common\Layout\Floor.cs","Floor","Thickness","Property","17"
"D:\OneDrive\VS\Projects\DocxDocument\DocumentModel.InOpenXml\Drawings.Charts\Common\Layout\HeaderFooter.cs","HeaderFooter","AlignWithMargins","Property","14"
"D:\OneDrive\VS\Projects\DocxDocument\DocumentModel.InOpenXml\Drawings.Charts\Common\Layout\HeaderFooter.cs","HeaderFooter","DifferentFirst","Property","28"
"D:\OneDrive\VS\Projects\DocxDocument\DocumentModel.InOpenXml\Drawings.Charts\Common\Layout\HeaderFooter.cs","HeaderFooter","DifferentOddEven","Property","21"
"D:\OneDrive\VS\Projects\DocxDocument\DocumentModel.InOpenXml\Drawings.Charts\Common\Layout\HeaderFooter.cs","HeaderFooter","EvenFooter","Property","56"
"D:\OneDrive\VS\Projects\DocxDocument\DocumentModel.InOpenXml\Drawings.Charts\Common\Layout\HeaderFooter.cs","HeaderFooter","EvenHeader","Property","49"
"D:\OneDrive\VS\Projects\DocxDocument\DocumentModel.InOpenXml\Drawings.Charts\Common\Layout\HeaderFooter.cs","HeaderFooter","FirstFooter","Property","70"
"D:\OneDrive\VS\Projects\DocxDocument\DocumentModel.InOpenXml\Drawings.Charts\Common\Layout\HeaderFooter.cs","HeaderFooter","FirstHeader","Property","63"
"D:\OneDrive\VS\Projects\DocxDocument\DocumentModel.InOpenXml\Drawings.Charts\Common\Layout\HeaderFooter.cs","HeaderFooter","OddFooter","Property","42"
"D:\OneDrive\VS\Projects\DocxDocument\DocumentModel.InOpenXml\Drawings.Charts\Common\Layout\HeaderFooter.cs","HeaderFooter","OddHeader","Property","35"
"D:\OneDrive\VS\Projects\DocxDocument\DocumentModel.InOpenXml\Drawings.Charts\Common\Layout\Layout.cs","Layout","ExtensionList","Property","23"
"D:\OneDrive\VS\Projects\DocxDocument\DocumentModel.InOpenXml\Drawings.Charts\Common\Layout\Layout.cs","Layout","ManualLayout","Property","16"
"D:\OneDrive\VS\Projects\DocxDocument\DocumentModel.InOpenXml\Drawings.Charts\Common\Layout\Legend.cs","Legend","ChartShapeProperties","Element","42"
"D:\OneDrive\VS\Projects\DocxDocument\DocumentModel.InOpenXml\Drawings.Charts\Common\Layout\Legend.cs","Legend","Layout","Element","28"
"D:\OneDrive\VS\Projects\DocxDocument\DocumentModel.InOpenXml\Drawings.Charts\Common\Layout\Legend.cs","Legend","LegendEntries","Element","21"
"D:\OneDrive\VS\Projects\DocxDocument\DocumentModel.InOpenXml\Drawings.Charts\Common\Layout\Legend.cs","Legend","LegendPosition","Property","14"
"D:\OneDrive\VS\Projects\DocxDocument\DocumentModel.InOpenXml\Drawings.Charts\Common\Layout\Legend.cs","Legend","Overlay","Element","35"
"D:\OneDrive\VS\Projects\DocxDocument\DocumentModel.InOpenXml\Drawings.Charts\Common\Layout\Legend.cs","Legend","TextProperties","Element","49"
"D:\OneDrive\VS\Projects\DocxDocument\DocumentModel.InOpenXml\Drawings.Charts\Common\Layout\LegendEntry.cs","LegendEntry","Delete","Element","21"
"D:\OneDrive\VS\Projects\DocxDocument\DocumentModel.InOpenXml\Drawings.Charts\Common\Layout\LegendEntry.cs","LegendEntry","ExtensionList","Element","35"
"D:\OneDrive\VS\Projects\DocxDocument\DocumentModel.InOpenXml\Drawings.Charts\Common\Layout\LegendEntry.cs","LegendEntry","Index","Property","14"
"D:\OneDrive\VS\Projects\DocxDocument\DocumentModel.InOpenXml\Drawings.Charts\Common\Layout\LegendEntry.cs","LegendEntry","TextProperties","Element","28"
"D:\OneDrive\VS\Projects\DocxDocument\DocumentModel.InOpenXml\Drawings.Charts\Common\Layout\ManualLayout.cs","ManualLayout","ExtensionList","Property","77"
"D:\OneDrive\VS\Projects\DocxDocument\DocumentModel.InOpenXml\Drawings.Charts\Common\Layout\ManualLayout.cs","ManualLayout","Height","Property","70"
"D:\OneDrive\VS\Projects\DocxDocument\DocumentModel.InOpenXml\Drawings.Charts\Common\Layout\ManualLayout.cs","ManualLayout","HeightMode","Property","42"
"D:\OneDrive\VS\Projects\DocxDocument\DocumentModel.InOpenXml\Drawings.Charts\Common\Layout\ManualLayout.cs","ManualLayout","LayoutTarget","Property","14"
"D:\OneDrive\VS\Projects\DocxDocument\DocumentModel.InOpenXml\Drawings.Charts\Common\Layout\ManualLayout.cs","ManualLayout","Left","Property","49"
"D:\OneDrive\VS\Projects\DocxDocument\DocumentModel.InOpenXml\Drawings.Charts\Common\Layout\ManualLayout.cs","ManualLayout","LeftMode","Property","21"
"D:\OneDrive\VS\Projects\DocxDocument\DocumentModel.InOpenXml\Drawings.Charts\Common\Layout\ManualLayout.cs","ManualLayout","Top","Property","56"
"D:\OneDrive\VS\Projects\DocxDocument\DocumentModel.InOpenXml\Drawings.Charts\Common\Layout\ManualLayout.cs","ManualLayout","TopMode","Property","28"
"D:\OneDrive\VS\Projects\DocxDocument\DocumentModel.InOpenXml\Drawings.Charts\Common\Layout\ManualLayout.cs","ManualLayout","Width","Property","63"
"D:\OneDrive\VS\Projects\DocxDocument\DocumentModel.InOpenXml\Drawings.Charts\Common\Layout\ManualLayout.cs","ManualLayout","WidthMode","Property","35"
"D:\OneDrive\VS\Projects\DocxDocument\DocumentModel.InOpenXml\Drawings.Charts\Common\Layout\PageMargins.cs","PageMargins","Bottom","Property","35"
"D:\OneDrive\VS\Projects\DocxDocument\DocumentModel.InOpenXml\Drawings.Charts\Common\Layout\PageMargins.cs","PageMargins","Footer","Property","49"
"D:\OneDrive\VS\Projects\DocxDocument\DocumentModel.InOpenXml\Drawings.Charts\Common\Layout\PageMargins.cs","PageMargins","Header","Property","42"
"D:\OneDrive\VS\Projects\DocxDocument\DocumentModel.InOpenXml\Drawings.Charts\Common\Layout\PageMargins.cs","PageMargins","Left","Property","14"
"D:\OneDrive\VS\Projects\DocxDocument\DocumentModel.InOpenXml\Drawings.Charts\Common\Layout\PageMargins.cs","PageMargins","Right","Property","21"
"D:\OneDrive\VS\Projects\DocxDocument\DocumentModel.InOpenXml\Drawings.Charts\Common\Layout\PageMargins.cs","PageMargins","Top","Property","28"
"D:\OneDrive\VS\Projects\DocxDocument\DocumentModel.InOpenXml\Drawings.Charts\Common\Layout\PageSetup.cs","PageSetup","BlackAndWhite","Property","35"
"D:\OneDrive\VS\Projects\DocxDocument\DocumentModel.InOpenXml\Drawings.Charts\Common\Layout\PageSetup.cs","PageSetup","Copies","Property","70"
"D:\OneDrive\VS\Projects\DocxDocument\DocumentModel.InOpenXml\Drawings.Charts\Common\Layout\PageSetup.cs","PageSetup","Draft","Property","42"
"D:\OneDrive\VS\Projects\DocxDocument\DocumentModel.InOpenXml\Drawings.Charts\Common\Layout\PageSetup.cs","PageSetup","FirstPageNumber","Property","21"
"D:\OneDrive\VS\Projects\DocxDocument\DocumentModel.InOpenXml\Drawings.Charts\Common\Layout\PageSetup.cs","PageSetup","HorizontalDpi","Property","56"
"D:\OneDrive\VS\Projects\DocxDocument\DocumentModel.InOpenXml\Drawings.Charts\Common\Layout\PageSetup.cs","PageSetup","Orientation","Property","28"
"D:\OneDrive\VS\Projects\DocxDocument\DocumentModel.InOpenXml\Drawings.Charts\Common\Layout\PageSetup.cs","PageSetup","PaperSize","Property","14"
"D:\OneDrive\VS\Projects\DocxDocument\DocumentModel.InOpenXml\Drawings.Charts\Common\Layout\PageSetup.cs","PageSetup","UseFirstPageNumber","Property","49"
"D:\OneDrive\VS\Projects\DocxDocument\DocumentModel.InOpenXml\Drawings.Charts\Common\Layout\PageSetup.cs","PageSetup","VerticalDpi","Property","63"
"D:\OneDrive\VS\Projects\DocxDocument\DocumentModel.InOpenXml\Drawings.Charts\Common\Layout\PrintSettings.cs","PrintSettings","HeaderFooter","Property","14"
"D:\OneDrive\VS\Projects\DocxDocument\DocumentModel.InOpenXml\Drawings.Charts\Common\Layout\PrintSettings.cs","PrintSettings","LegacyDrawingHeaderFooter","Property","35"
"D:\OneDrive\VS\Projects\DocxDocument\DocumentModel.InOpenXml\Drawings.Charts\Common\Layout\PrintSettings.cs","PrintSettings","PageMargins","Property","21"
"D:\OneDrive\VS\Projects\DocxDocument\DocumentModel.InOpenXml\Drawings.Charts\Common\Layout\PrintSettings.cs","PrintSettings","PageSetup","Property","28"
"D:\OneDrive\VS\Projects\DocxDocument\DocumentModel.InOpenXml\Drawings.Charts\Common\Layout\SideWall.cs","SideWall","ExtensionList","Property","38"
"D:\OneDrive\VS\Projects\DocxDocument\DocumentModel.InOpenXml\Drawings.Charts\Common\Layout\SideWall.cs","SideWall","PictureOptions","Property","31"
"D:\OneDrive\VS\Projects\DocxDocument\DocumentModel.InOpenXml\Drawings.Charts\Common\Layout\SideWall.cs","SideWall","ShapeProperties","Property","24"
"D:\OneDrive\VS\Projects\DocxDocument\DocumentModel.InOpenXml\Drawings.Charts\Common\Layout\SideWall.cs","SideWall","Thickness","Property","17"
"D:\OneDrive\VS\Projects\DocxDocument\DocumentModel.InOpenXml\Drawings.Charts\Common\Layout\Title.cs","Title","ChartShapeProperties","Property","35"
"D:\OneDrive\VS\Projects\DocxDocument\DocumentModel.InOpenXml\Drawings.Charts\Common\Layout\Title.cs","Title","ChartText","Property","14"
"D:\OneDrive\VS\Projects\DocxDocument\DocumentModel.InOpenXml\Drawings.Charts\Common\Layout\Title.cs","Title","ExtensionList","Property","49"
"D:\OneDrive\VS\Projects\DocxDocument\DocumentModel.InOpenXml\Drawings.Charts\Common\Layout\Title.cs","Title","Layout","Property","21"
"D:\OneDrive\VS\Projects\DocxDocument\DocumentModel.InOpenXml\Drawings.Charts\Common\Layout\Title.cs","Title","Overlay","Property","28"
"D:\OneDrive\VS\Projects\DocxDocument\DocumentModel.InOpenXml\Drawings.Charts\Common\Layout\Title.cs","Title","TextProperties","Property","42"
"D:\OneDrive\VS\Projects\DocxDocument\DocumentModel.InOpenXml\Drawings.Charts\Common\Layout\View3D.cs","View3D","DepthPercent","Property","35"
"D:\OneDrive\VS\Projects\DocxDocument\DocumentModel.InOpenXml\Drawings.Charts\Common\Layout\View3D.cs","View3D","ExtensionList","Property","56"
"D:\OneDrive\VS\Projects\DocxDocument\DocumentModel.InOpenXml\Drawings.Charts\Common\Layout\View3D.cs","View3D","HeightPercent","Property","21"
"D:\OneDrive\VS\Projects\DocxDocument\DocumentModel.InOpenXml\Drawings.Charts\Common\Layout\View3D.cs","View3D","Perspective","Property","49"
"D:\OneDrive\VS\Projects\DocxDocument\DocumentModel.InOpenXml\Drawings.Charts\Common\Layout\View3D.cs","View3D","RightAngleAxes","Property","42"
"D:\OneDrive\VS\Projects\DocxDocument\DocumentModel.InOpenXml\Drawings.Charts\Common\Layout\View3D.cs","View3D","RotateX","Property","14"
"D:\OneDrive\VS\Projects\DocxDocument\DocumentModel.InOpenXml\Drawings.Charts\Common\Layout\View3D.cs","View3D","RotateY","Property","28"
"D:\OneDrive\VS\Projects\DocxDocument\DocumentModel.InOpenXml\Drawings.Charts\Common\PivotOptions.cs","PivotOptions","DropZoneCategories","Property","21"
"D:\OneDrive\VS\Projects\DocxDocument\DocumentModel.InOpenXml\Drawings.Charts\Common\PivotOptions.cs","PivotOptions","DropZoneData","Property","28"
"D:\OneDrive\VS\Projects\DocxDocument\DocumentModel.InOpenXml\Drawings.Charts\Common\PivotOptions.cs","PivotOptions","DropZoneFilter","Property","14"
"D:\OneDrive\VS\Projects\DocxDocument\DocumentModel.InOpenXml\Drawings.Charts\Common\PivotOptions.cs","PivotOptions","DropZoneSeries","Property","35"
"D:\OneDrive\VS\Projects\DocxDocument\DocumentModel.InOpenXml\Drawings.Charts\Common\PivotOptions.cs","PivotOptions","DropZonesVisible","Property","42"
"D:\OneDrive\VS\Projects\DocxDocument\DocumentModel.InOpenXml\Drawings.Charts\Common\PivotSource.cs","PivotSource","ExtensionList","Property","28"
"D:\OneDrive\VS\Projects\DocxDocument\DocumentModel.InOpenXml\Drawings.Charts\Common\PivotSource.cs","PivotSource","FormatId","Property","21"
"D:\OneDrive\VS\Projects\DocxDocument\DocumentModel.InOpenXml\Drawings.Charts\Common\PivotSource.cs","PivotSource","PivotTableName","Property","14"
"D:\OneDrive\VS\Projects\DocxDocument\DocumentModel.InOpenXml\Drawings.Charts\Common\Protection.cs","Protection","ChartObject","Property","14"
"D:\OneDrive\VS\Projects\DocxDocument\DocumentModel.InOpenXml\Drawings.Charts\Common\Protection.cs","Protection","Data","Property","21"
"D:\OneDrive\VS\Projects\DocxDocument\DocumentModel.InOpenXml\Drawings.Charts\Common\Protection.cs","Protection","Formatting","Property","28"
"D:\OneDrive\VS\Projects\DocxDocument\DocumentModel.InOpenXml\Drawings.Charts\Common\Protection.cs","Protection","Selection","Property","35"
"D:\OneDrive\VS\Projects\DocxDocument\DocumentModel.InOpenXml\Drawings.Charts\Common\RelationshipIdType.cs","RelationshipIdType","Id","Property","14"
"D:\OneDrive\VS\Projects\DocxDocument\DocumentModel.InOpenXml\Drawings.Charts\Data\ChartText.cs","ChartText","RichText","Property","23"
"D:\OneDrive\VS\Projects\DocxDocument\DocumentModel.InOpenXml\Drawings.Charts\Data\ChartText.cs","ChartText","StringLiteral","Property","30"
"D:\OneDrive\VS\Projects\DocxDocument\DocumentModel.InOpenXml\Drawings.Charts\Data\ChartText.cs","ChartText","StringReference","Property","16"
"D:\OneDrive\VS\Projects\DocxDocument\DocumentModel.InOpenXml\Drawings.Charts\Data\DataLabel.cs","DataLabel","ChartShapeProperties","Element","51"
"D:\OneDrive\VS\Projects\DocxDocument\DocumentModel.InOpenXml\Drawings.Charts\Data\DataLabel.cs","DataLabel","ChartText","Element","37"
"D:\OneDrive\VS\Projects\DocxDocument\DocumentModel.InOpenXml\Drawings.Charts\Data\DataLabel.cs","DataLabel","DataLabelPosition","Element","65"
"D:\OneDrive\VS\Projects\DocxDocument\DocumentModel.InOpenXml\Drawings.Charts\Data\DataLabel.cs","DataLabel","Delete","Element","23"
"D:\OneDrive\VS\Projects\DocxDocument\DocumentModel.InOpenXml\Drawings.Charts\Data\DataLabel.cs","DataLabel","DLblExtensionList","Element","121"
"D:\OneDrive\VS\Projects\DocxDocument\DocumentModel.InOpenXml\Drawings.Charts\Data\DataLabel.cs","DataLabel","Index","Property","16"
"D:\OneDrive\VS\Projects\DocxDocument\DocumentModel.InOpenXml\Drawings.Charts\Data\DataLabel.cs","DataLabel","Layout","Element","30"
"D:\OneDrive\VS\Projects\DocxDocument\DocumentModel.InOpenXml\Drawings.Charts\Data\DataLabel.cs","DataLabel","NumberingFormat","Element","44"
"D:\OneDrive\VS\Projects\DocxDocument\DocumentModel.InOpenXml\Drawings.Charts\Data\DataLabel.cs","DataLabel","Separator","Element","114"
"D:\OneDrive\VS\Projects\DocxDocument\DocumentModel.InOpenXml\Drawings.Charts\Data\DataLabel.cs","DataLabel","ShowBubbleSize","Element","107"
"D:\OneDrive\VS\Projects\DocxDocument\DocumentModel.InOpenXml\Drawings.Charts\Data\DataLabel.cs","DataLabel","ShowCategoryName","Element","86"
"D:\OneDrive\VS\Projects\DocxDocument\DocumentModel.InOpenXml\Drawings.Charts\Data\DataLabel.cs","DataLabel","ShowLegendKey","Element","72"
"D:\OneDrive\VS\Projects\DocxDocument\DocumentModel.InOpenXml\Drawings.Charts\Data\DataLabel.cs","DataLabel","ShowPercent","Element","100"
"D:\OneDrive\VS\Projects\DocxDocument\DocumentModel.InOpenXml\Drawings.Charts\Data\DataLabel.cs","DataLabel","ShowSeriesName","Element","93"
"D:\OneDrive\VS\Projects\DocxDocument\DocumentModel.InOpenXml\Drawings.Charts\Data\DataLabel.cs","DataLabel","ShowValue","Element","79"
"D:\OneDrive\VS\Projects\DocxDocument\DocumentModel.InOpenXml\Drawings.Charts\Data\DataLabel.cs","DataLabel","TextProperties","Element","58"
"D:\OneDrive\VS\Projects\DocxDocument\DocumentModel.InOpenXml\Drawings.Charts\Data\DataLabelFieldTableCache.cs","DataLabelFieldTableCache","PointCount","Property","16"
"D:\OneDrive\VS\Projects\DocxDocument\DocumentModel.InOpenXml\Drawings.Charts\Data\DataLabelFieldTableCache.cs","DataLabelFieldTableCache","StrDataExtension","Element","30"
"D:\OneDrive\VS\Projects\DocxDocument\DocumentModel.InOpenXml\Drawings.Charts\Data\DataLabelFieldTableCache.cs","DataLabelFieldTableCache","StringPoints","Element","23"
"D:\OneDrive\VS\Projects\DocxDocument\DocumentModel.InOpenXml\Drawings.Charts\Data\DataLabelFieldTableEntry.cs","DataLabelFieldTableEntry","DataLabelFieldTableCache","Property","29"
"D:\OneDrive\VS\Projects\DocxDocument\DocumentModel.InOpenXml\Drawings.Charts\Data\DataLabelFieldTableEntry.cs","DataLabelFieldTableEntry","Formula","Property","22"
"D:\OneDrive\VS\Projects\DocxDocument\DocumentModel.InOpenXml\Drawings.Charts\Data\DataLabelFieldTableEntry.cs","DataLabelFieldTableEntry","TextFieldGuid","Property","15"
"D:\OneDrive\VS\Projects\DocxDocument\DocumentModel.InOpenXml\Drawings.Charts\Data\DataLabelsRange.cs","DataLabelsRange","DataLabelsRangeCache","Element","22"
"D:\OneDrive\VS\Projects\DocxDocument\DocumentModel.InOpenXml\Drawings.Charts\Data\DataLabelsRange.cs","DataLabelsRange","Formula","Property","15"
"D:\OneDrive\VS\Projects\DocxDocument\DocumentModel.InOpenXml\Drawings.Charts\Data\DataLabelsRangeCache.cs","DataLabelsRangeCache","PointCount","Property","16"
"D:\OneDrive\VS\Projects\DocxDocument\DocumentModel.InOpenXml\Drawings.Charts\Data\DataLabelsRangeCache.cs","DataLabelsRangeCache","StrDataExtension","Element","30"
"D:\OneDrive\VS\Projects\DocxDocument\DocumentModel.InOpenXml\Drawings.Charts\Data\DataLabelsRangeCache.cs","DataLabelsRangeCache","StringPoints","Element","23"
"D:\OneDrive\VS\Projects\DocxDocument\DocumentModel.InOpenXml\Drawings.Charts\Data\DataPoint.cs","DataPoint","Bubble3D","Property","37"
"D:\OneDrive\VS\Projects\DocxDocument\DocumentModel.InOpenXml\Drawings.Charts\Data\DataPoint.cs","DataPoint","ChartShapeProperties","Property","51"
"D:\OneDrive\VS\Projects\DocxDocument\DocumentModel.InOpenXml\Drawings.Charts\Data\DataPoint.cs","DataPoint","Explosion","Property","44"
"D:\OneDrive\VS\Projects\DocxDocument\DocumentModel.InOpenXml\Drawings.Charts\Data\DataPoint.cs","DataPoint","ExtensionList","Property","65"
"D:\OneDrive\VS\Projects\DocxDocument\DocumentModel.InOpenXml\Drawings.Charts\Data\DataPoint.cs","DataPoint","Index","Property","16"
"D:\OneDrive\VS\Projects\DocxDocument\DocumentModel.InOpenXml\Drawings.Charts\Data\DataPoint.cs","DataPoint","InvertIfNegative","Property","23"
"D:\OneDrive\VS\Projects\DocxDocument\DocumentModel.InOpenXml\Drawings.Charts\Data\DataPoint.cs","DataPoint","Marker","Property","30"
"D:\OneDrive\VS\Projects\DocxDocument\DocumentModel.InOpenXml\Drawings.Charts\Data\DataPoint.cs","DataPoint","PictureOptions","Property","58"
"D:\OneDrive\VS\Projects\DocxDocument\DocumentModel.InOpenXml\Drawings.Charts\Data\DataTable.cs","DataTable","ChartShapeProperties","Property","44"
"D:\OneDrive\VS\Projects\DocxDocument\DocumentModel.InOpenXml\Drawings.Charts\Data\DataTable.cs","DataTable","ExtensionList","Property","58"
"D:\OneDrive\VS\Projects\DocxDocument\DocumentModel.InOpenXml\Drawings.Charts\Data\DataTable.cs","DataTable","ShowHorizontalBorder","Property","16"
"D:\OneDrive\VS\Projects\DocxDocument\DocumentModel.InOpenXml\Drawings.Charts\Data\DataTable.cs","DataTable","ShowKeys","Property","37"
"D:\OneDrive\VS\Projects\DocxDocument\DocumentModel.InOpenXml\Drawings.Charts\Data\DataTable.cs","DataTable","ShowOutlineBorder","Property","30"
"D:\OneDrive\VS\Projects\DocxDocument\DocumentModel.InOpenXml\Drawings.Charts\Data\DataTable.cs","DataTable","ShowVerticalBorder","Property","23"
"D:\OneDrive\VS\Projects\DocxDocument\DocumentModel.InOpenXml\Drawings.Charts\Data\DataTable.cs","DataTable","TextProperties","Property","51"
"D:\OneDrive\VS\Projects\DocxDocument\DocumentModel.InOpenXml\Drawings.Charts\Data\ExternalData.cs","ExternalData","AutoUpdate","Property","22"
"D:\OneDrive\VS\Projects\DocxDocument\DocumentModel.InOpenXml\Drawings.Charts\Data\ExternalData.cs","ExternalData","Id","Property","15"
"D:\OneDrive\VS\Projects\DocxDocument\DocumentModel.InOpenXml\Drawings.Charts\Data\FormulaReference.cs","FormulaReference","SequenceOfReferences","Property","14"
"D:\OneDrive\VS\Projects\DocxDocument\DocumentModel.InOpenXml\Drawings.Charts\Data\FullReference.cs","FullReference","SequenceOfReferences","Property","14"
"D:\OneDrive\VS\Projects\DocxDocument\DocumentModel.InOpenXml\Drawings.Charts\Data\LevelReference.cs","LevelReference","SequenceOfReferences","Property","14"
"D:\OneDrive\VS\Projects\DocxDocument\DocumentModel.InOpenXml\Drawings.Charts\Data\MultiLevelStringCache.cs","MultiLevelStringCache","ExtensionList","Element","28"
"D:\OneDrive\VS\Projects\DocxDocument\DocumentModel.InOpenXml\Drawings.Charts\Data\MultiLevelStringCache.cs","MultiLevelStringCache","Levels","Element","21"
"D:\OneDrive\VS\Projects\DocxDocument\DocumentModel.InOpenXml\Drawings.Charts\Data\MultiLevelStringCache.cs","MultiLevelStringCache","PointCount","Property","14"
"D:\OneDrive\VS\Projects\DocxDocument\DocumentModel.InOpenXml\Drawings.Charts\Data\MultiLevelStringReference.cs","MultiLevelStringReference","Formula","Property","14"
"D:\OneDrive\VS\Projects\DocxDocument\DocumentModel.InOpenXml\Drawings.Charts\Data\MultiLevelStringReference.cs","MultiLevelStringReference","MultiLevelStringCache","Property","21"
"D:\OneDrive\VS\Projects\DocxDocument\DocumentModel.InOpenXml\Drawings.Charts\Data\MultiLevelStringReference.cs","MultiLevelStringReference","MultiLvlStrRefExtensionList","Property","28"
"D:\OneDrive\VS\Projects\DocxDocument\DocumentModel.InOpenXml\Drawings.Charts\Data\NumberDataSourceType.cs","NumberDataSourceType","NumberLiteral","Property","22"
"D:\OneDrive\VS\Projects\DocxDocument\DocumentModel.InOpenXml\Drawings.Charts\Data\NumberDataSourceType.cs","NumberDataSourceType","NumberReference","Property","15"
"D:\OneDrive\VS\Projects\DocxDocument\DocumentModel.InOpenXml\Drawings.Charts\Data\NumberDataType.cs","NumberDataType","FormatCode","Property","14"
"D:\OneDrive\VS\Projects\DocxDocument\DocumentModel.InOpenXml\Drawings.Charts\Data\NumberDataType.cs","NumberDataType","PointCount","Property","21"
"D:\OneDrive\VS\Projects\DocxDocument\DocumentModel.InOpenXml\Drawings.Charts\Data\NumberingCache.cs","NumberingCache","ExtensionList","Element","35"
"D:\OneDrive\VS\Projects\DocxDocument\DocumentModel.InOpenXml\Drawings.Charts\Data\NumberingCache.cs","NumberingCache","FormatCode","Property","14"
"D:\OneDrive\VS\Projects\DocxDocument\DocumentModel.InOpenXml\Drawings.Charts\Data\NumberingCache.cs","NumberingCache","NumericPoints","Element","28"
"D:\OneDrive\VS\Projects\DocxDocument\DocumentModel.InOpenXml\Drawings.Charts\Data\NumberingCache.cs","NumberingCache","PointCount","Property","21"
"D:\OneDrive\VS\Projects\DocxDocument\DocumentModel.InOpenXml\Drawings.Charts\Data\NumberLiteral.cs","NumberLiteral","ExtensionList","Element","35"
"D:\OneDrive\VS\Projects\DocxDocument\DocumentModel.InOpenXml\Drawings.Charts\Data\NumberLiteral.cs","NumberLiteral","FormatCode","Property","14"
"D:\OneDrive\VS\Projects\DocxDocument\DocumentModel.InOpenXml\Drawings.Charts\Data\NumberLiteral.cs","NumberLiteral","NumericPoints","Element","28"
"D:\OneDrive\VS\Projects\DocxDocument\DocumentModel.InOpenXml\Drawings.Charts\Data\NumberLiteral.cs","NumberLiteral","PointCount","Property","21"
"D:\OneDrive\VS\Projects\DocxDocument\DocumentModel.InOpenXml\Drawings.Charts\Data\NumberReference.cs","NumberReference","Formula","Property","14"
"D:\OneDrive\VS\Projects\DocxDocument\DocumentModel.InOpenXml\Drawings.Charts\Data\NumberReference.cs","NumberReference","NumberingCache","Property","21"
"D:\OneDrive\VS\Projects\DocxDocument\DocumentModel.InOpenXml\Drawings.Charts\Data\NumberReference.cs","NumberReference","NumRefExtension","Element","28"
"D:\OneDrive\VS\Projects\DocxDocument\DocumentModel.InOpenXml\Drawings.Charts\Data\NumericPoints.cs","NumericPoints","FormatCode","Property","21"
"D:\OneDrive\VS\Projects\DocxDocument\DocumentModel.InOpenXml\Drawings.Charts\Data\NumericPoints.cs","NumericPoints","Index","Property","14"
"D:\OneDrive\VS\Projects\DocxDocument\DocumentModel.InOpenXml\Drawings.Charts\Data\NumericPoints.cs","NumericPoints","NumericValue","Property","28"
"D:\OneDrive\VS\Projects\DocxDocument\DocumentModel.InOpenXml\Drawings.Charts\Data\RichText.cs","RichText","BodyProperties","Property","15"
"D:\OneDrive\VS\Projects\DocxDocument\DocumentModel.InOpenXml\Drawings.Charts\Data\RichText.cs","RichText","ListStyle","Property","22"
"D:\OneDrive\VS\Projects\DocxDocument\DocumentModel.InOpenXml\Drawings.Charts\Data\RichText.cs","RichText","Paragraph","Element","29"
"D:\OneDrive\VS\Projects\DocxDocument\DocumentModel.InOpenXml\Drawings.Charts\Data\SeriesText.cs","SeriesText","NumericValue","Property","22"
"D:\OneDrive\VS\Projects\DocxDocument\DocumentModel.InOpenXml\Drawings.Charts\Data\SeriesText.cs","SeriesText","StringReference","Property","15"
"D:\OneDrive\VS\Projects\DocxDocument\DocumentModel.InOpenXml\Drawings.Charts\Data\StringCache.cs","StringCache","PointCount","Property","15"
"D:\OneDrive\VS\Projects\DocxDocument\DocumentModel.InOpenXml\Drawings.Charts\Data\StringCache.cs","StringCache","StrDataExtension","Element","29"
"D:\OneDrive\VS\Projects\DocxDocument\DocumentModel.InOpenXml\Drawings.Charts\Data\StringCache.cs","StringCache","StringPoints","Element","22"
"D:\OneDrive\VS\Projects\DocxDocument\DocumentModel.InOpenXml\Drawings.Charts\Data\StringDataType.cs","StringDataType","PointCount","Property","14"
"D:\OneDrive\VS\Projects\DocxDocument\DocumentModel.InOpenXml\Drawings.Charts\Data\StringLiteral.cs","StringLiteral","PointCount","Property","15"
"D:\OneDrive\VS\Projects\DocxDocument\DocumentModel.InOpenXml\Drawings.Charts\Data\StringLiteral.cs","StringLiteral","StrDataExtension","Element","29"
"D:\OneDrive\VS\Projects\DocxDocument\DocumentModel.InOpenXml\Drawings.Charts\Data\StringLiteral.cs","StringLiteral","StringPoints","Element","22"
"D:\OneDrive\VS\Projects\DocxDocument\DocumentModel.InOpenXml\Drawings.Charts\Data\StringPoint.cs","StringPoint","Index","Property","14"
"D:\OneDrive\VS\Projects\DocxDocument\DocumentModel.InOpenXml\Drawings.Charts\Data\StringPoint.cs","StringPoint","NumericValue","Property","21"
"D:\OneDrive\VS\Projects\DocxDocument\DocumentModel.InOpenXml\Drawings.Charts\Data\StringReference.cs","StringReference","Formula","Property","15"
"D:\OneDrive\VS\Projects\DocxDocument\DocumentModel.InOpenXml\Drawings.Charts\Data\StringReference.cs","StringReference","StringCache","Property","22"
"D:\OneDrive\VS\Projects\DocxDocument\DocumentModel.InOpenXml\Drawings.Charts\Data\StringReference.cs","StringReference","StrRefExtension","Element","29"
"D:\OneDrive\VS\Projects\DocxDocument\DocumentModel.InOpenXml\Drawings.Charts\Data\Values.cs","Values","NumberLiteral","Property","22"
"D:\OneDrive\VS\Projects\DocxDocument\DocumentModel.InOpenXml\Drawings.Charts\Data\Values.cs","Values","NumberReference","Property","15"
"D:\OneDrive\VS\Projects\DocxDocument\DocumentModel.InOpenXml\Drawings.Charts\Data\XValues.cs","XValues","MultiLevelStringReference","Property","14"
"D:\OneDrive\VS\Projects\DocxDocument\DocumentModel.InOpenXml\Drawings.Charts\Data\XValues.cs","XValues","NumberLiteral","Property","28"
"D:\OneDrive\VS\Projects\DocxDocument\DocumentModel.InOpenXml\Drawings.Charts\Data\XValues.cs","XValues","NumberReference","Property","21"
"D:\OneDrive\VS\Projects\DocxDocument\DocumentModel.InOpenXml\Drawings.Charts\Data\XValues.cs","XValues","StringLiteral","Property","42"
"D:\OneDrive\VS\Projects\DocxDocument\DocumentModel.InOpenXml\Drawings.Charts\Data\XValues.cs","XValues","StringReference","Property","35"
"D:\OneDrive\VS\Projects\DocxDocument\DocumentModel.InOpenXml\Drawings.Charts\Data\YValues.cs","YValues","NumberLiteral","Property","21"
"D:\OneDrive\VS\Projects\DocxDocument\DocumentModel.InOpenXml\Drawings.Charts\Data\YValues.cs","YValues","NumberReference","Property","14"
"D:\OneDrive\VS\Projects\DocxDocument\DocumentModel.InOpenXml\Drawings.Charts\Formatting\BandFormat.cs","BandFormat","ChartShapeProperties","Property","22"
"D:\OneDrive\VS\Projects\DocxDocument\DocumentModel.InOpenXml\Drawings.Charts\Formatting\BandFormat.cs","BandFormat","Index","Property","15"
"D:\OneDrive\VS\Projects\DocxDocument\DocumentModel.InOpenXml\Drawings.Charts\Formatting\ChartShapeProperties.cs","ChartShapeProperties","BlackWhiteMode","Property","34"
"D:\OneDrive\VS\Projects\DocxDocument\DocumentModel.InOpenXml\Drawings.Charts\Formatting\ChartShapeProperties.cs","ChartShapeProperties","CustomGeometry","Element","48"
"D:\OneDrive\VS\Projects\DocxDocument\DocumentModel.InOpenXml\Drawings.Charts\Formatting\ChartShapeProperties.cs","ChartShapeProperties","EffectDag","Element","83"
"D:\OneDrive\VS\Projects\DocxDocument\DocumentModel.InOpenXml\Drawings.Charts\Formatting\ChartShapeProperties.cs","ChartShapeProperties","EffectList","Element","76"
"D:\OneDrive\VS\Projects\DocxDocument\DocumentModel.InOpenXml\Drawings.Charts\Formatting\ChartShapeProperties.cs","ChartShapeProperties","ExtensionList","Element","104"
"D:\OneDrive\VS\Projects\DocxDocument\DocumentModel.InOpenXml\Drawings.Charts\Formatting\ChartShapeProperties.cs","ChartShapeProperties","Fill","Element","62"
"D:\OneDrive\VS\Projects\DocxDocument\DocumentModel.InOpenXml\Drawings.Charts\Formatting\ChartShapeProperties.cs","ChartShapeProperties","Outline","Element","69"
"D:\OneDrive\VS\Projects\DocxDocument\DocumentModel.InOpenXml\Drawings.Charts\Formatting\ChartShapeProperties.cs","ChartShapeProperties","PresetGeometry","Element","55"
"D:\OneDrive\VS\Projects\DocxDocument\DocumentModel.InOpenXml\Drawings.Charts\Formatting\ChartShapeProperties.cs","ChartShapeProperties","Scene3DType","Element","90"
"D:\OneDrive\VS\Projects\DocxDocument\DocumentModel.InOpenXml\Drawings.Charts\Formatting\ChartShapeProperties.cs","ChartShapeProperties","Shape3DType","Element","97"
"D:\OneDrive\VS\Projects\DocxDocument\DocumentModel.InOpenXml\Drawings.Charts\Formatting\ChartShapeProperties.cs","ChartShapeProperties","Transform2D","Property","41"
"D:\OneDrive\VS\Projects\DocxDocument\DocumentModel.InOpenXml\Drawings.Charts\Formatting\InvertSolidFillFormat.cs","InvertSolidFillFormat","ShapeProperties","Property","16"
"D:\OneDrive\VS\Projects\DocxDocument\DocumentModel.InOpenXml\Drawings.Charts\Formatting\OverrideColorMapping.cs","OverrideColorMapping","Accent1","Property","43"
"D:\OneDrive\VS\Projects\DocxDocument\DocumentModel.InOpenXml\Drawings.Charts\Formatting\OverrideColorMapping.cs","OverrideColorMapping","Accent2","Property","50"
"D:\OneDrive\VS\Projects\DocxDocument\DocumentModel.InOpenXml\Drawings.Charts\Formatting\OverrideColorMapping.cs","OverrideColorMapping","Accent3","Property","57"
"D:\OneDrive\VS\Projects\DocxDocument\DocumentModel.InOpenXml\Drawings.Charts\Formatting\OverrideColorMapping.cs","OverrideColorMapping","Accent4","Property","64"
"D:\OneDrive\VS\Projects\DocxDocument\DocumentModel.InOpenXml\Drawings.Charts\Formatting\OverrideColorMapping.cs","OverrideColorMapping","Accent5","Property","71"
"D:\OneDrive\VS\Projects\DocxDocument\DocumentModel.InOpenXml\Drawings.Charts\Formatting\OverrideColorMapping.cs","OverrideColorMapping","Accent6","Property","78"
"D:\OneDrive\VS\Projects\DocxDocument\DocumentModel.InOpenXml\Drawings.Charts\Formatting\OverrideColorMapping.cs","OverrideColorMapping","Background1","Property","15"
"D:\OneDrive\VS\Projects\DocxDocument\DocumentModel.InOpenXml\Drawings.Charts\Formatting\OverrideColorMapping.cs","OverrideColorMapping","Background2","Property","29"
"D:\OneDrive\VS\Projects\DocxDocument\DocumentModel.InOpenXml\Drawings.Charts\Formatting\OverrideColorMapping.cs","OverrideColorMapping","FollowedHyperlink","Property","92"
"D:\OneDrive\VS\Projects\DocxDocument\DocumentModel.InOpenXml\Drawings.Charts\Formatting\OverrideColorMapping.cs","OverrideColorMapping","Hyperlink","Property","85"
"D:\OneDrive\VS\Projects\DocxDocument\DocumentModel.InOpenXml\Drawings.Charts\Formatting\OverrideColorMapping.cs","OverrideColorMapping","Text1","Property","22"
"D:\OneDrive\VS\Projects\DocxDocument\DocumentModel.InOpenXml\Drawings.Charts\Formatting\OverrideColorMapping.cs","OverrideColorMapping","Text2","Property","36"
"D:\OneDrive\VS\Projects\DocxDocument\DocumentModel.InOpenXml\Drawings.Charts\Formatting\PictureOptions.cs","PictureOptions","ApplyToEnd","Property","29"
"D:\OneDrive\VS\Projects\DocxDocument\DocumentModel.InOpenXml\Drawings.Charts\Formatting\PictureOptions.cs","PictureOptions","ApplyToFront","Property","15"
"D:\OneDrive\VS\Projects\DocxDocument\DocumentModel.InOpenXml\Drawings.Charts\Formatting\PictureOptions.cs","PictureOptions","ApplyToSides","Property","22"
"D:\OneDrive\VS\Projects\DocxDocument\DocumentModel.InOpenXml\Drawings.Charts\Formatting\PictureOptions.cs","PictureOptions","PictureFormat","Property","36"
"D:\OneDrive\VS\Projects\DocxDocument\DocumentModel.InOpenXml\Drawings.Charts\Formatting\PictureOptions.cs","PictureOptions","PictureStackUnit","Property","43"
"D:\OneDrive\VS\Projects\DocxDocument\DocumentModel.InOpenXml\Drawings.Charts\Formatting\PivotFormat.cs","PivotFormat","DataLabel","Property","35"
"D:\OneDrive\VS\Projects\DocxDocument\DocumentModel.InOpenXml\Drawings.Charts\Formatting\PivotFormat.cs","PivotFormat","ExtensionList","Property","42"
"D:\OneDrive\VS\Projects\DocxDocument\DocumentModel.InOpenXml\Drawings.Charts\Formatting\PivotFormat.cs","PivotFormat","Index","Property","14"
"D:\OneDrive\VS\Projects\DocxDocument\DocumentModel.InOpenXml\Drawings.Charts\Formatting\PivotFormat.cs","PivotFormat","Marker","Property","28"
"D:\OneDrive\VS\Projects\DocxDocument\DocumentModel.InOpenXml\Drawings.Charts\Formatting\PivotFormat.cs","PivotFormat","ShapeProperties","Property","21"
"D:\OneDrive\VS\Projects\DocxDocument\DocumentModel.InOpenXml\Drawings.Charts\Formatting\ShapeProperties.cs","ShapeProperties","CustomGeometry","Element","26"
"D:\OneDrive\VS\Projects\DocxDocument\DocumentModel.InOpenXml\Drawings.Charts\Formatting\ShapeProperties.cs","ShapeProperties","EffectDag","Element","61"
"D:\OneDrive\VS\Projects\DocxDocument\DocumentModel.InOpenXml\Drawings.Charts\Formatting\ShapeProperties.cs","ShapeProperties","EffectList","Element","54"
"D:\OneDrive\VS\Projects\DocxDocument\DocumentModel.InOpenXml\Drawings.Charts\Formatting\ShapeProperties.cs","ShapeProperties","Fill","Element","40"
"D:\OneDrive\VS\Projects\DocxDocument\DocumentModel.InOpenXml\Drawings.Charts\Formatting\ShapeProperties.cs","ShapeProperties","Outline","Element","47"
"D:\OneDrive\VS\Projects\DocxDocument\DocumentModel.InOpenXml\Drawings.Charts\Formatting\ShapeProperties.cs","ShapeProperties","PresetGeometry","Element","33"
"D:\OneDrive\VS\Projects\DocxDocument\DocumentModel.InOpenXml\Drawings.Charts\Formatting\ShapeProperties.cs","ShapeProperties","Scene3DType","Element","68"
"D:\OneDrive\VS\Projects\DocxDocument\DocumentModel.InOpenXml\Drawings.Charts\Formatting\ShapeProperties.cs","ShapeProperties","Shape3DType","Element","75"
"D:\OneDrive\VS\Projects\DocxDocument\DocumentModel.InOpenXml\Drawings.Charts\Formatting\ShapeProperties.cs","ShapeProperties","ShapePropertiesExtensionList","Element","82"
"D:\OneDrive\VS\Projects\DocxDocument\DocumentModel.InOpenXml\Drawings.Charts\Formatting\SketchOptions.cs","SketchOptions","InSketchMode","Property","14"
"D:\OneDrive\VS\Projects\DocxDocument\DocumentModel.InOpenXml\Drawings.Charts\Formatting\SketchOptions.cs","SketchOptions","ShowSketchButton","Property","21"
"D:\OneDrive\VS\Projects\DocxDocument\DocumentModel.InOpenXml\Drawings.Charts\Formatting\TextBodyType.cs","TextBodyType","BodyProperties","Property","14"
"D:\OneDrive\VS\Projects\DocxDocument\DocumentModel.InOpenXml\Drawings.Charts\Formatting\TextBodyType.cs","TextBodyType","ListStyle","Property","21"
"D:\OneDrive\VS\Projects\DocxDocument\DocumentModel.InOpenXml\Drawings.Charts\Formatting\TextProperties.cs","TextProperties","BodyProperties","Property","15"
"D:\OneDrive\VS\Projects\DocxDocument\DocumentModel.InOpenXml\Drawings.Charts\Formatting\TextProperties.cs","TextProperties","ListStyle","Property","22"
"D:\OneDrive\VS\Projects\DocxDocument\DocumentModel.InOpenXml\Drawings.Charts\Formatting\TextProperties.cs","TextProperties","Paragraph","Element","29"
"D:\OneDrive\VS\Projects\DocxDocument\DocumentModel.InOpenXml\Drawings.Charts\Specific axis types\Category axis\CategoryAxisData.cs","CategoryAxisData","MultiLevelStringReference","Element","14"
"D:\OneDrive\VS\Projects\DocxDocument\DocumentModel.InOpenXml\Drawings.Charts\Specific axis types\Category axis\CategoryAxisData.cs","CategoryAxisData","NumberLiteral","Element","28"
"D:\OneDrive\VS\Projects\DocxDocument\DocumentModel.InOpenXml\Drawings.Charts\Specific axis types\Category axis\CategoryAxisData.cs","CategoryAxisData","NumberReference","Element","21"
"D:\OneDrive\VS\Projects\DocxDocument\DocumentModel.InOpenXml\Drawings.Charts\Specific axis types\Category axis\CategoryAxisData.cs","CategoryAxisData","StringLiteral","Element","42"
"D:\OneDrive\VS\Projects\DocxDocument\DocumentModel.InOpenXml\Drawings.Charts\Specific axis types\Category axis\CategoryAxisData.cs","CategoryAxisData","StringReference","Element","35"
"D:\OneDrive\VS\Projects\DocxDocument\DocumentModel.InOpenXml\Drawings.Charts\Specific axis types\Series axis\SeriesAxis.cs","SeriesAxis","SerAxExtensionList","Element","28"
"D:\OneDrive\VS\Projects\DocxDocument\DocumentModel.InOpenXml\Drawings.Charts\Specific axis types\Series axis\SeriesAxis.cs","SeriesAxis","TickLabelSkip","Element","14"
"D:\OneDrive\VS\Projects\DocxDocument\DocumentModel.InOpenXml\Drawings.Charts\Specific axis types\Series axis\SeriesAxis.cs","SeriesAxis","TickMarkSkip","Element","21"
"D:\OneDrive\VS\Projects\DocxDocument\DocumentModel.InOpenXml\Drawings.Charts\Specific chart types\Area charts\Area3DChart.cs","Area3DChart","Area3DChartExtension","Element","63"
"D:\OneDrive\VS\Projects\DocxDocument\DocumentModel.InOpenXml\Drawings.Charts\Specific chart types\Area charts\Area3DChart.cs","Area3DChart","AreaChartSeries","Element","28"
"D:\OneDrive\VS\Projects\DocxDocument\DocumentModel.InOpenXml\Drawings.Charts\Specific chart types\Area charts\Area3DChart.cs","Area3DChart","AxisIds","Element","56"
"D:\OneDrive\VS\Projects\DocxDocument\DocumentModel.InOpenXml\Drawings.Charts\Specific chart types\Area charts\Area3DChart.cs","Area3DChart","DataLabels","Element","35"
"D:\OneDrive\VS\Projects\DocxDocument\DocumentModel.InOpenXml\Drawings.Charts\Specific chart types\Area charts\Area3DChart.cs","Area3DChart","DropLines","Element","42"
"D:\OneDrive\VS\Projects\DocxDocument\DocumentModel.InOpenXml\Drawings.Charts\Specific chart types\Area charts\Area3DChart.cs","Area3DChart","GapDepth","Element","49"
"D:\OneDrive\VS\Projects\DocxDocument\DocumentModel.InOpenXml\Drawings.Charts\Specific chart types\Area charts\Area3DChart.cs","Area3DChart","Grouping","Property","14"
"D:\OneDrive\VS\Projects\DocxDocument\DocumentModel.InOpenXml\Drawings.Charts\Specific chart types\Area charts\Area3DChart.cs","Area3DChart","VaryColors","Property","21"
"D:\OneDrive\VS\Projects\DocxDocument\DocumentModel.InOpenXml\Drawings.Charts\Specific chart types\Area charts\AreaChart.cs","AreaChart","AreaChartExtension","Element","56"
"D:\OneDrive\VS\Projects\DocxDocument\DocumentModel.InOpenXml\Drawings.Charts\Specific chart types\Area charts\AreaChart.cs","AreaChart","AreaChartSeries","Element","28"
"D:\OneDrive\VS\Projects\DocxDocument\DocumentModel.InOpenXml\Drawings.Charts\Specific chart types\Area charts\AreaChart.cs","AreaChart","AxisIds","Element","49"
"D:\OneDrive\VS\Projects\DocxDocument\DocumentModel.InOpenXml\Drawings.Charts\Specific chart types\Area charts\AreaChart.cs","AreaChart","DataLabels","Element","35"
"D:\OneDrive\VS\Projects\DocxDocument\DocumentModel.InOpenXml\Drawings.Charts\Specific chart types\Area charts\AreaChart.cs","AreaChart","DropLines","Element","42"
"D:\OneDrive\VS\Projects\DocxDocument\DocumentModel.InOpenXml\Drawings.Charts\Specific chart types\Area charts\AreaChart.cs","AreaChart","Grouping","Property","14"
"D:\OneDrive\VS\Projects\DocxDocument\DocumentModel.InOpenXml\Drawings.Charts\Specific chart types\Area charts\AreaChart.cs","AreaChart","VaryColors","Property","21"
"D:\OneDrive\VS\Projects\DocxDocument\DocumentModel.InOpenXml\Drawings.Charts\Specific chart types\Area charts\AreaChartSeries.cs","AreaChartSeries","AreaSerExtensionList","Element","73"
"D:\OneDrive\VS\Projects\DocxDocument\DocumentModel.InOpenXml\Drawings.Charts\Specific chart types\Area charts\AreaChartSeries.cs","AreaChartSeries","DataLabels","Element","59"
"D:\OneDrive\VS\Projects\DocxDocument\DocumentModel.InOpenXml\Drawings.Charts\Specific chart types\Area charts\AreaChartSeries.cs","AreaChartSeries","DataPoints","Element","52"
"D:\OneDrive\VS\Projects\DocxDocument\DocumentModel.InOpenXml\Drawings.Charts\Specific chart types\Area charts\AreaChartSeries.cs","AreaChartSeries","Index","Property","31"
"D:\OneDrive\VS\Projects\DocxDocument\DocumentModel.InOpenXml\Drawings.Charts\Specific chart types\Area charts\AreaChartSeries.cs","AreaChartSeries","Order","Property","38"
"D:\OneDrive\VS\Projects\DocxDocument\DocumentModel.InOpenXml\Drawings.Charts\Specific chart types\Area charts\AreaChartSeries.cs","AreaChartSeries","SeriesText","Property","45"
"D:\OneDrive\VS\Projects\DocxDocument\DocumentModel.InOpenXml\Drawings.Charts\Specific chart types\Area charts\AreaChartSeries.cs","AreaChartSeries","ShapeProperties","Element","66"
"D:\OneDrive\VS\Projects\DocxDocument\DocumentModel.InOpenXml\Drawings.Charts\Specific chart types\Bar charts\Bar3DChart.cs","Bar3DChart","AxisIds","Element","70"
"D:\OneDrive\VS\Projects\DocxDocument\DocumentModel.InOpenXml\Drawings.Charts\Specific chart types\Bar charts\Bar3DChart.cs","Bar3DChart","Bar3DChartExtensionList","Element","77"
"D:\OneDrive\VS\Projects\DocxDocument\DocumentModel.InOpenXml\Drawings.Charts\Specific chart types\Bar charts\Bar3DChart.cs","Bar3DChart","BarChartSeries","Element","35"
"D:\OneDrive\VS\Projects\DocxDocument\DocumentModel.InOpenXml\Drawings.Charts\Specific chart types\Bar charts\Bar3DChart.cs","Bar3DChart","BarDirection","Property","14"
"D:\OneDrive\VS\Projects\DocxDocument\DocumentModel.InOpenXml\Drawings.Charts\Specific chart types\Bar charts\Bar3DChart.cs","Bar3DChart","BarGrouping","Property","21"
"D:\OneDrive\VS\Projects\DocxDocument\DocumentModel.InOpenXml\Drawings.Charts\Specific chart types\Bar charts\Bar3DChart.cs","Bar3DChart","DataLabels","Element","42"
"D:\OneDrive\VS\Projects\DocxDocument\DocumentModel.InOpenXml\Drawings.Charts\Specific chart types\Bar charts\Bar3DChart.cs","Bar3DChart","GapDepth","Element","56"
"D:\OneDrive\VS\Projects\DocxDocument\DocumentModel.InOpenXml\Drawings.Charts\Specific chart types\Bar charts\Bar3DChart.cs","Bar3DChart","GapWidth","Element","49"
"D:\OneDrive\VS\Projects\DocxDocument\DocumentModel.InOpenXml\Drawings.Charts\Specific chart types\Bar charts\Bar3DChart.cs","Bar3DChart","Shape","Element","63"
"D:\OneDrive\VS\Projects\DocxDocument\DocumentModel.InOpenXml\Drawings.Charts\Specific chart types\Bar charts\Bar3DChart.cs","Bar3DChart","VaryColors","Property","28"
"D:\OneDrive\VS\Projects\DocxDocument\DocumentModel.InOpenXml\Drawings.Charts\Specific chart types\Bar charts\BarChart.cs","BarChart","AxisIds","Element","70"
"D:\OneDrive\VS\Projects\DocxDocument\DocumentModel.InOpenXml\Drawings.Charts\Specific chart types\Bar charts\BarChart.cs","BarChart","BarChartExtensionList","Element","77"
"D:\OneDrive\VS\Projects\DocxDocument\DocumentModel.InOpenXml\Drawings.Charts\Specific chart types\Bar charts\BarChart.cs","BarChart","BarChartSeries","Element","35"
"D:\OneDrive\VS\Projects\DocxDocument\DocumentModel.InOpenXml\Drawings.Charts\Specific chart types\Bar charts\BarChart.cs","BarChart","BarDirection","Property","14"
"D:\OneDrive\VS\Projects\DocxDocument\DocumentModel.InOpenXml\Drawings.Charts\Specific chart types\Bar charts\BarChart.cs","BarChart","BarGrouping","Property","21"
"D:\OneDrive\VS\Projects\DocxDocument\DocumentModel.InOpenXml\Drawings.Charts\Specific chart types\Bar charts\BarChart.cs","BarChart","DataLabels","Element","42"
"D:\OneDrive\VS\Projects\DocxDocument\DocumentModel.InOpenXml\Drawings.Charts\Specific chart types\Bar charts\BarChart.cs","BarChart","GapWidth","Element","49"
"D:\OneDrive\VS\Projects\DocxDocument\DocumentModel.InOpenXml\Drawings.Charts\Specific chart types\Bar charts\BarChart.cs","BarChart","Overlap","Element","56"
"D:\OneDrive\VS\Projects\DocxDocument\DocumentModel.InOpenXml\Drawings.Charts\Specific chart types\Bar charts\BarChart.cs","BarChart","SeriesLines","Element","63"
"D:\OneDrive\VS\Projects\DocxDocument\DocumentModel.InOpenXml\Drawings.Charts\Specific chart types\Bar charts\BarChart.cs","BarChart","VaryColors","Property","28"
"D:\OneDrive\VS\Projects\DocxDocument\DocumentModel.InOpenXml\Drawings.Charts\Specific chart types\Bar charts\BarChartSeries.cs","BarChartSeries","BarSerExtensionList","Element","105"
"D:\OneDrive\VS\Projects\DocxDocument\DocumentModel.InOpenXml\Drawings.Charts\Specific chart types\Bar charts\BarChartSeries.cs","BarChartSeries","CategoryAxisData","Element","84"
"D:\OneDrive\VS\Projects\DocxDocument\DocumentModel.InOpenXml\Drawings.Charts\Specific chart types\Bar charts\BarChartSeries.cs","BarChartSeries","ChartShapeProperties","Property","35"
"D:\OneDrive\VS\Projects\DocxDocument\DocumentModel.InOpenXml\Drawings.Charts\Specific chart types\Bar charts\BarChartSeries.cs","BarChartSeries","DataLabels","Element","63"
"D:\OneDrive\VS\Projects\DocxDocument\DocumentModel.InOpenXml\Drawings.Charts\Specific chart types\Bar charts\BarChartSeries.cs","BarChartSeries","DataPoints","Element","56"
"D:\OneDrive\VS\Projects\DocxDocument\DocumentModel.InOpenXml\Drawings.Charts\Specific chart types\Bar charts\BarChartSeries.cs","BarChartSeries","ErrorBars","Element","77"
"D:\OneDrive\VS\Projects\DocxDocument\DocumentModel.InOpenXml\Drawings.Charts\Specific chart types\Bar charts\BarChartSeries.cs","BarChartSeries","Index","Property","14"
"D:\OneDrive\VS\Projects\DocxDocument\DocumentModel.InOpenXml\Drawings.Charts\Specific chart types\Bar charts\BarChartSeries.cs","BarChartSeries","InvertIfNegative","Property","42"
"D:\OneDrive\VS\Projects\DocxDocument\DocumentModel.InOpenXml\Drawings.Charts\Specific chart types\Bar charts\BarChartSeries.cs","BarChartSeries","Order","Property","21"
"D:\OneDrive\VS\Projects\DocxDocument\DocumentModel.InOpenXml\Drawings.Charts\Specific chart types\Bar charts\BarChartSeries.cs","BarChartSeries","PictureOptions","Property","49"
"D:\OneDrive\VS\Projects\DocxDocument\DocumentModel.InOpenXml\Drawings.Charts\Specific chart types\Bar charts\BarChartSeries.cs","BarChartSeries","SeriesText","Property","28"
"D:\OneDrive\VS\Projects\DocxDocument\DocumentModel.InOpenXml\Drawings.Charts\Specific chart types\Bar charts\BarChartSeries.cs","BarChartSeries","Shape","Element","98"
"D:\OneDrive\VS\Projects\DocxDocument\DocumentModel.InOpenXml\Drawings.Charts\Specific chart types\Bar charts\BarChartSeries.cs","BarChartSeries","Trendline","Element","70"
"D:\OneDrive\VS\Projects\DocxDocument\DocumentModel.InOpenXml\Drawings.Charts\Specific chart types\Bar charts\BarChartSeries.cs","BarChartSeries","Values","Element","91"
"D:\OneDrive\VS\Projects\DocxDocument\DocumentModel.InOpenXml\Drawings.Charts\Specific chart types\Bar charts\FilteredBarSeries.cs","FilteredBarSeries","BarChartSeries","Property","14"
"D:\OneDrive\VS\Projects\DocxDocument\DocumentModel.InOpenXml\Drawings.Charts\Specific chart types\Bubble charts\BubbleChartSeries.cs","BubbleChartSeries","Bubble3D","Element","105"
"D:\OneDrive\VS\Projects\DocxDocument\DocumentModel.InOpenXml\Drawings.Charts\Specific chart types\Bubble charts\BubbleChartSeries.cs","BubbleChartSeries","BubbleSerExtensionList","Element","112"
"D:\OneDrive\VS\Projects\DocxDocument\DocumentModel.InOpenXml\Drawings.Charts\Specific chart types\Bubble charts\BubbleChartSeries.cs","BubbleChartSeries","BubbleSize","Element","98"
"D:\OneDrive\VS\Projects\DocxDocument\DocumentModel.InOpenXml\Drawings.Charts\Specific chart types\Bubble charts\BubbleChartSeries.cs","BubbleChartSeries","ChartShapeProperties","Property","35"
"D:\OneDrive\VS\Projects\DocxDocument\DocumentModel.InOpenXml\Drawings.Charts\Specific chart types\Bubble charts\BubbleChartSeries.cs","BubbleChartSeries","DataLabels","Element","63"
"D:\OneDrive\VS\Projects\DocxDocument\DocumentModel.InOpenXml\Drawings.Charts\Specific chart types\Bubble charts\BubbleChartSeries.cs","BubbleChartSeries","DataPoints","Element","56"
"D:\OneDrive\VS\Projects\DocxDocument\DocumentModel.InOpenXml\Drawings.Charts\Specific chart types\Bubble charts\BubbleChartSeries.cs","BubbleChartSeries","ErrorBars","Element","77"
"D:\OneDrive\VS\Projects\DocxDocument\DocumentModel.InOpenXml\Drawings.Charts\Specific chart types\Bubble charts\BubbleChartSeries.cs","BubbleChartSeries","Index","Property","14"
"D:\OneDrive\VS\Projects\DocxDocument\DocumentModel.InOpenXml\Drawings.Charts\Specific chart types\Bubble charts\BubbleChartSeries.cs","BubbleChartSeries","InvertIfNegative","Property","49"
"D:\OneDrive\VS\Projects\DocxDocument\DocumentModel.InOpenXml\Drawings.Charts\Specific chart types\Bubble charts\BubbleChartSeries.cs","BubbleChartSeries","Order","Property","21"
"D:\OneDrive\VS\Projects\DocxDocument\DocumentModel.InOpenXml\Drawings.Charts\Specific chart types\Bubble charts\BubbleChartSeries.cs","BubbleChartSeries","PictureOptions","Property","42"
"D:\OneDrive\VS\Projects\DocxDocument\DocumentModel.InOpenXml\Drawings.Charts\Specific chart types\Bubble charts\BubbleChartSeries.cs","BubbleChartSeries","SeriesText","Property","28"
"D:\OneDrive\VS\Projects\DocxDocument\DocumentModel.InOpenXml\Drawings.Charts\Specific chart types\Bubble charts\BubbleChartSeries.cs","BubbleChartSeries","Trendline","Element","70"
"D:\OneDrive\VS\Projects\DocxDocument\DocumentModel.InOpenXml\Drawings.Charts\Specific chart types\Bubble charts\BubbleChartSeries.cs","BubbleChartSeries","XValues","Element","84"
"D:\OneDrive\VS\Projects\DocxDocument\DocumentModel.InOpenXml\Drawings.Charts\Specific chart types\Bubble charts\BubbleChartSeries.cs","BubbleChartSeries","YValues","Element","91"
"D:\OneDrive\VS\Projects\DocxDocument\DocumentModel.InOpenXml\Drawings.Charts\Specific chart types\Line charts\LineChart.cs","LineChart","AxisIds","Element","77"
"D:\OneDrive\VS\Projects\DocxDocument\DocumentModel.InOpenXml\Drawings.Charts\Specific chart types\Line charts\LineChart.cs","LineChart","DataLabels","Element","35"
"D:\OneDrive\VS\Projects\DocxDocument\DocumentModel.InOpenXml\Drawings.Charts\Specific chart types\Line charts\LineChart.cs","LineChart","DropLines","Element","42"
"D:\OneDrive\VS\Projects\DocxDocument\DocumentModel.InOpenXml\Drawings.Charts\Specific chart types\Line charts\LineChart.cs","LineChart","Grouping","Property","14"
"D:\OneDrive\VS\Projects\DocxDocument\DocumentModel.InOpenXml\Drawings.Charts\Specific chart types\Line charts\LineChart.cs","LineChart","HighLowLines","Element","49"
"D:\OneDrive\VS\Projects\DocxDocument\DocumentModel.InOpenXml\Drawings.Charts\Specific chart types\Line charts\LineChart.cs","LineChart","LineChartExtensionList","Element","84"
"D:\OneDrive\VS\Projects\DocxDocument\DocumentModel.InOpenXml\Drawings.Charts\Specific chart types\Line charts\LineChart.cs","LineChart","LineChartSeries","Element","28"
"D:\OneDrive\VS\Projects\DocxDocument\DocumentModel.InOpenXml\Drawings.Charts\Specific chart types\Line charts\LineChart.cs","LineChart","ShowMarker","Element","63"
"D:\OneDrive\VS\Projects\DocxDocument\DocumentModel.InOpenXml\Drawings.Charts\Specific chart types\Line charts\LineChart.cs","LineChart","Smooth","Element","70"
"D:\OneDrive\VS\Projects\DocxDocument\DocumentModel.InOpenXml\Drawings.Charts\Specific chart types\Line charts\LineChart.cs","LineChart","UpDownBars","Element","56"
"D:\OneDrive\VS\Projects\DocxDocument\DocumentModel.InOpenXml\Drawings.Charts\Specific chart types\Line charts\LineChart.cs","LineChart","VaryColors","Property","21"
"D:\OneDrive\VS\Projects\DocxDocument\DocumentModel.InOpenXml\Drawings.Charts\Specific chart types\Line charts\LineChartSeries.cs","LineChartSeries","CategoryAxisData","Element","84"
"D:\OneDrive\VS\Projects\DocxDocument\DocumentModel.InOpenXml\Drawings.Charts\Specific chart types\Line charts\LineChartSeries.cs","LineChartSeries","ChartShapeProperties","Property","35"
"D:\OneDrive\VS\Projects\DocxDocument\DocumentModel.InOpenXml\Drawings.Charts\Specific chart types\Line charts\LineChartSeries.cs","LineChartSeries","DataLabels","Element","63"
"D:\OneDrive\VS\Projects\DocxDocument\DocumentModel.InOpenXml\Drawings.Charts\Specific chart types\Line charts\LineChartSeries.cs","LineChartSeries","DataPoints","Element","56"
"D:\OneDrive\VS\Projects\DocxDocument\DocumentModel.InOpenXml\Drawings.Charts\Specific chart types\Line charts\LineChartSeries.cs","LineChartSeries","ErrorBars","Element","77"
"D:\OneDrive\VS\Projects\DocxDocument\DocumentModel.InOpenXml\Drawings.Charts\Specific chart types\Line charts\LineChartSeries.cs","LineChartSeries","Index","Property","14"
"D:\OneDrive\VS\Projects\DocxDocument\DocumentModel.InOpenXml\Drawings.Charts\Specific chart types\Line charts\LineChartSeries.cs","LineChartSeries","LineSerExtensionList","Element","105"
"D:\OneDrive\VS\Projects\DocxDocument\DocumentModel.InOpenXml\Drawings.Charts\Specific chart types\Line charts\LineChartSeries.cs","LineChartSeries","Marker","Property","42"
"D:\OneDrive\VS\Projects\DocxDocument\DocumentModel.InOpenXml\Drawings.Charts\Specific chart types\Line charts\LineChartSeries.cs","LineChartSeries","Order","Property","21"
"D:\OneDrive\VS\Projects\DocxDocument\DocumentModel.InOpenXml\Drawings.Charts\Specific chart types\Line charts\LineChartSeries.cs","LineChartSeries","PictureOptions","Property","49"
"D:\OneDrive\VS\Projects\DocxDocument\DocumentModel.InOpenXml\Drawings.Charts\Specific chart types\Line charts\LineChartSeries.cs","LineChartSeries","SeriesText","Property","28"
"D:\OneDrive\VS\Projects\DocxDocument\DocumentModel.InOpenXml\Drawings.Charts\Specific chart types\Line charts\LineChartSeries.cs","LineChartSeries","Smooth","Element","98"
"D:\OneDrive\VS\Projects\DocxDocument\DocumentModel.InOpenXml\Drawings.Charts\Specific chart types\Line charts\LineChartSeries.cs","LineChartSeries","Trendline","Element","70"
"D:\OneDrive\VS\Projects\DocxDocument\DocumentModel.InOpenXml\Drawings.Charts\Specific chart types\Line charts\LineChartSeries.cs","LineChartSeries","Values","Element","91"
"D:\OneDrive\VS\Projects\DocxDocument\DocumentModel.InOpenXml\Drawings.Charts\Specific chart types\Line charts\StockChart.cs","StockChart","AxisIds","Element","49"
"D:\OneDrive\VS\Projects\DocxDocument\DocumentModel.InOpenXml\Drawings.Charts\Specific chart types\Line charts\StockChart.cs","StockChart","DataLabels","Element","21"
"D:\OneDrive\VS\Projects\DocxDocument\DocumentModel.InOpenXml\Drawings.Charts\Specific chart types\Line charts\StockChart.cs","StockChart","DropLines","Element","28"
"D:\OneDrive\VS\Projects\DocxDocument\DocumentModel.InOpenXml\Drawings.Charts\Specific chart types\Line charts\StockChart.cs","StockChart","HighLowLines","Element","35"
"D:\OneDrive\VS\Projects\DocxDocument\DocumentModel.InOpenXml\Drawings.Charts\Specific chart types\Line charts\StockChart.cs","StockChart","LineChartSeries","Element","14"
"D:\OneDrive\VS\Projects\DocxDocument\DocumentModel.InOpenXml\Drawings.Charts\Specific chart types\Line charts\StockChart.cs","StockChart","StockChartExtensionList","Element","56"
"D:\OneDrive\VS\Projects\DocxDocument\DocumentModel.InOpenXml\Drawings.Charts\Specific chart types\Line charts\StockChart.cs","StockChart","UpDownBars","Element","42"
"D:\OneDrive\VS\Projects\DocxDocument\DocumentModel.InOpenXml\Drawings.Charts\Specific chart types\Pie charts\DoughnutChart.cs","DoughnutChart","DataLabels","Element","28"
"D:\OneDrive\VS\Projects\DocxDocument\DocumentModel.InOpenXml\Drawings.Charts\Specific chart types\Pie charts\DoughnutChart.cs","DoughnutChart","ExtensionList","Element","49"
"D:\OneDrive\VS\Projects\DocxDocument\DocumentModel.InOpenXml\Drawings.Charts\Specific chart types\Pie charts\DoughnutChart.cs","DoughnutChart","FirstSliceAngle","Element","35"
"D:\OneDrive\VS\Projects\DocxDocument\DocumentModel.InOpenXml\Drawings.Charts\Specific chart types\Pie charts\DoughnutChart.cs","DoughnutChart","HoleSize","Element","42"
"D:\OneDrive\VS\Projects\DocxDocument\DocumentModel.InOpenXml\Drawings.Charts\Specific chart types\Pie charts\DoughnutChart.cs","DoughnutChart","PieChartSeries","Element","21"
"D:\OneDrive\VS\Projects\DocxDocument\DocumentModel.InOpenXml\Drawings.Charts\Specific chart types\Pie charts\DoughnutChart.cs","DoughnutChart","VaryColors","Property","14"
"D:\OneDrive\VS\Projects\DocxDocument\DocumentModel.InOpenXml\Drawings.Charts\Specific chart types\Pie charts\FilteredPieSeries.cs","FilteredPieSeries","PieChartSeries","Property","15"
"D:\OneDrive\VS\Projects\DocxDocument\DocumentModel.InOpenXml\Drawings.Charts\Specific chart types\Pie charts\OfPieChart.cs","OfPieChart","CustomSplit","Element","63"
"D:\OneDrive\VS\Projects\DocxDocument\DocumentModel.InOpenXml\Drawings.Charts\Specific chart types\Pie charts\OfPieChart.cs","OfPieChart","DataLabels","Element","35"
"D:\OneDrive\VS\Projects\DocxDocument\DocumentModel.InOpenXml\Drawings.Charts\Specific chart types\Pie charts\OfPieChart.cs","OfPieChart","ExtensionList","Element","84"
"D:\OneDrive\VS\Projects\DocxDocument\DocumentModel.InOpenXml\Drawings.Charts\Specific chart types\Pie charts\OfPieChart.cs","OfPieChart","GapWidth","Element","42"
"D:\OneDrive\VS\Projects\DocxDocument\DocumentModel.InOpenXml\Drawings.Charts\Specific chart types\Pie charts\OfPieChart.cs","OfPieChart","OfPieType","Property","14"
"D:\OneDrive\VS\Projects\DocxDocument\DocumentModel.InOpenXml\Drawings.Charts\Specific chart types\Pie charts\OfPieChart.cs","OfPieChart","PieChartSeries","Element","28"
"D:\OneDrive\VS\Projects\DocxDocument\DocumentModel.InOpenXml\Drawings.Charts\Specific chart types\Pie charts\OfPieChart.cs","OfPieChart","SecondPieSize","Element","70"
"D:\OneDrive\VS\Projects\DocxDocument\DocumentModel.InOpenXml\Drawings.Charts\Specific chart types\Pie charts\OfPieChart.cs","OfPieChart","SeriesLines","Element","77"
"D:\OneDrive\VS\Projects\DocxDocument\DocumentModel.InOpenXml\Drawings.Charts\Specific chart types\Pie charts\OfPieChart.cs","OfPieChart","SplitPosition","Element","56"
"D:\OneDrive\VS\Projects\DocxDocument\DocumentModel.InOpenXml\Drawings.Charts\Specific chart types\Pie charts\OfPieChart.cs","OfPieChart","SplitType","Element","49"
"D:\OneDrive\VS\Projects\DocxDocument\DocumentModel.InOpenXml\Drawings.Charts\Specific chart types\Pie charts\OfPieChart.cs","OfPieChart","VaryColors","Property","21"
"D:\OneDrive\VS\Projects\DocxDocument\DocumentModel.InOpenXml\Drawings.Charts\Specific chart types\Pie charts\Pie3DChart.cs","Pie3DChart","DataLabels","Element","28"
"D:\OneDrive\VS\Projects\DocxDocument\DocumentModel.InOpenXml\Drawings.Charts\Specific chart types\Pie charts\Pie3DChart.cs","Pie3DChart","Pie3DChartExtensionList","Element","35"
"D:\OneDrive\VS\Projects\DocxDocument\DocumentModel.InOpenXml\Drawings.Charts\Specific chart types\Pie charts\Pie3DChart.cs","Pie3DChart","PieChartSeries","Element","21"
"D:\OneDrive\VS\Projects\DocxDocument\DocumentModel.InOpenXml\Drawings.Charts\Specific chart types\Pie charts\Pie3DChart.cs","Pie3DChart","VaryColors","Property","14"
"D:\OneDrive\VS\Projects\DocxDocument\DocumentModel.InOpenXml\Drawings.Charts\Specific chart types\Pie charts\PieChart.cs","PieChart","DataLabels","Element","28"
"D:\OneDrive\VS\Projects\DocxDocument\DocumentModel.InOpenXml\Drawings.Charts\Specific chart types\Pie charts\PieChart.cs","PieChart","FirstSliceAngle","Element","35"
"D:\OneDrive\VS\Projects\DocxDocument\DocumentModel.InOpenXml\Drawings.Charts\Specific chart types\Pie charts\PieChart.cs","PieChart","PieChartExtensionList","Element","42"
"D:\OneDrive\VS\Projects\DocxDocument\DocumentModel.InOpenXml\Drawings.Charts\Specific chart types\Pie charts\PieChart.cs","PieChart","PieChartSeries","Element","21"
"D:\OneDrive\VS\Projects\DocxDocument\DocumentModel.InOpenXml\Drawings.Charts\Specific chart types\Pie charts\PieChart.cs","PieChart","VaryColors","Property","14"
"D:\OneDrive\VS\Projects\DocxDocument\DocumentModel.InOpenXml\Drawings.Charts\Specific chart types\Pie charts\PieChartSeries.cs","PieChartSeries","CategoryAxisData","Element","70"
"D:\OneDrive\VS\Projects\DocxDocument\DocumentModel.InOpenXml\Drawings.Charts\Specific chart types\Pie charts\PieChartSeries.cs","PieChartSeries","ChartShapeProperties","Property","35"
"D:\OneDrive\VS\Projects\DocxDocument\DocumentModel.InOpenXml\Drawings.Charts\Specific chart types\Pie charts\PieChartSeries.cs","PieChartSeries","DataLabels","Element","63"
"D:\OneDrive\VS\Projects\DocxDocument\DocumentModel.InOpenXml\Drawings.Charts\Specific chart types\Pie charts\PieChartSeries.cs","PieChartSeries","DataPoints","Element","56"
"D:\OneDrive\VS\Projects\DocxDocument\DocumentModel.InOpenXml\Drawings.Charts\Specific chart types\Pie charts\PieChartSeries.cs","PieChartSeries","Explosion","Property","49"
"D:\OneDrive\VS\Projects\DocxDocument\DocumentModel.InOpenXml\Drawings.Charts\Specific chart types\Pie charts\PieChartSeries.cs","PieChartSeries","Index","Property","14"
"D:\OneDrive\VS\Projects\DocxDocument\DocumentModel.InOpenXml\Drawings.Charts\Specific chart types\Pie charts\PieChartSeries.cs","PieChartSeries","Order","Property","21"
"D:\OneDrive\VS\Projects\DocxDocument\DocumentModel.InOpenXml\Drawings.Charts\Specific chart types\Pie charts\PieChartSeries.cs","PieChartSeries","PictureOptions","Property","42"
"D:\OneDrive\VS\Projects\DocxDocument\DocumentModel.InOpenXml\Drawings.Charts\Specific chart types\Pie charts\PieChartSeries.cs","PieChartSeries","PieSerExtensionList","Element","84"
"D:\OneDrive\VS\Projects\DocxDocument\DocumentModel.InOpenXml\Drawings.Charts\Specific chart types\Pie charts\PieChartSeries.cs","PieChartSeries","SeriesText","Property","28"
"D:\OneDrive\VS\Projects\DocxDocument\DocumentModel.InOpenXml\Drawings.Charts\Specific chart types\Pie charts\PieChartSeries.cs","PieChartSeries","Values","Element","77"
"D:\OneDrive\VS\Projects\DocxDocument\DocumentModel.InOpenXml\Drawings.Charts\Specific chart types\Radar charts\FilteredRadarSeries.cs","FilteredRadarSeries","RadarChartSeries","Element","15"
"D:\OneDrive\VS\Projects\DocxDocument\DocumentModel.InOpenXml\Drawings.Charts\Specific chart types\Radar charts\RadarChart.cs","RadarChart","AxisIds","Element","42"
"D:\OneDrive\VS\Projects\DocxDocument\DocumentModel.InOpenXml\Drawings.Charts\Specific chart types\Radar charts\RadarChart.cs","RadarChart","DataLabels","Element","35"
"D:\OneDrive\VS\Projects\DocxDocument\DocumentModel.InOpenXml\Drawings.Charts\Specific chart types\Radar charts\RadarChart.cs","RadarChart","RadarChartExtensionList","Element","49"
"D:\OneDrive\VS\Projects\DocxDocument\DocumentModel.InOpenXml\Drawings.Charts\Specific chart types\Radar charts\RadarChart.cs","RadarChart","RadarChartSeries","Element","28"
"D:\OneDrive\VS\Projects\DocxDocument\DocumentModel.InOpenXml\Drawings.Charts\Specific chart types\Radar charts\RadarChart.cs","RadarChart","RadarStyle","Property","14"
"D:\OneDrive\VS\Projects\DocxDocument\DocumentModel.InOpenXml\Drawings.Charts\Specific chart types\Radar charts\RadarChart.cs","RadarChart","VaryColors","Property","21"
"D:\OneDrive\VS\Projects\DocxDocument\DocumentModel.InOpenXml\Drawings.Charts\Specific chart types\Radar charts\RadarChartSeries.cs","RadarChartSeries","CategoryAxisData","Element","70"
"D:\OneDrive\VS\Projects\DocxDocument\DocumentModel.InOpenXml\Drawings.Charts\Specific chart types\Radar charts\RadarChartSeries.cs","RadarChartSeries","ChartShapeProperties","Property","35"
"D:\OneDrive\VS\Projects\DocxDocument\DocumentModel.InOpenXml\Drawings.Charts\Specific chart types\Radar charts\RadarChartSeries.cs","RadarChartSeries","DataLabels","Element","63"
"D:\OneDrive\VS\Projects\DocxDocument\DocumentModel.InOpenXml\Drawings.Charts\Specific chart types\Radar charts\RadarChartSeries.cs","RadarChartSeries","DataPoints","Element","56"
"D:\OneDrive\VS\Projects\DocxDocument\DocumentModel.InOpenXml\Drawings.Charts\Specific chart types\Radar charts\RadarChartSeries.cs","RadarChartSeries","Index","Property","14"
"D:\OneDrive\VS\Projects\DocxDocument\DocumentModel.InOpenXml\Drawings.Charts\Specific chart types\Radar charts\RadarChartSeries.cs","RadarChartSeries","Marker","Property","49"
"D:\OneDrive\VS\Projects\DocxDocument\DocumentModel.InOpenXml\Drawings.Charts\Specific chart types\Radar charts\RadarChartSeries.cs","RadarChartSeries","Order","Property","21"
"D:\OneDrive\VS\Projects\DocxDocument\DocumentModel.InOpenXml\Drawings.Charts\Specific chart types\Radar charts\RadarChartSeries.cs","RadarChartSeries","PictureOptions","Property","42"
"D:\OneDrive\VS\Projects\DocxDocument\DocumentModel.InOpenXml\Drawings.Charts\Specific chart types\Radar charts\RadarChartSeries.cs","RadarChartSeries","RadarSerExtensionList","Element","84"
"D:\OneDrive\VS\Projects\DocxDocument\DocumentModel.InOpenXml\Drawings.Charts\Specific chart types\Radar charts\RadarChartSeries.cs","RadarChartSeries","SeriesText","Property","28"
"D:\OneDrive\VS\Projects\DocxDocument\DocumentModel.InOpenXml\Drawings.Charts\Specific chart types\Radar charts\RadarChartSeries.cs","RadarChartSeries","Values","Element","77"
"D:\OneDrive\VS\Projects\DocxDocument\DocumentModel.InOpenXml\Drawings.Charts\Specific chart types\Scatter charts\FilteredScatterSeries.cs","FilteredScatterSeries","ScatterChartSeries","Element","15"
"D:\OneDrive\VS\Projects\DocxDocument\DocumentModel.InOpenXml\Drawings.Charts\Specific chart types\Scatter charts\ScatterChart.cs","ScatterChart","AxisIds","Element","42"
"D:\OneDrive\VS\Projects\DocxDocument\DocumentModel.InOpenXml\Drawings.Charts\Specific chart types\Scatter charts\ScatterChart.cs","ScatterChart","DataLabels","Element","35"
"D:\OneDrive\VS\Projects\DocxDocument\DocumentModel.InOpenXml\Drawings.Charts\Specific chart types\Scatter charts\ScatterChart.cs","ScatterChart","ScatterChartExtensionList","Element","49"
"D:\OneDrive\VS\Projects\DocxDocument\DocumentModel.InOpenXml\Drawings.Charts\Specific chart types\Scatter charts\ScatterChart.cs","ScatterChart","ScatterChartSeries","Element","28"
"D:\OneDrive\VS\Projects\DocxDocument\DocumentModel.InOpenXml\Drawings.Charts\Specific chart types\Scatter charts\ScatterChart.cs","ScatterChart","ScatterStyle","Property","14"
"D:\OneDrive\VS\Projects\DocxDocument\DocumentModel.InOpenXml\Drawings.Charts\Specific chart types\Scatter charts\ScatterChart.cs","ScatterChart","VaryColors","Property","21"
"D:\OneDrive\VS\Projects\DocxDocument\DocumentModel.InOpenXml\Drawings.Charts\Specific chart types\Scatter charts\ScatterChartSeries.cs","ScatterChartSeries","ChartShapeProperties","Property","35"
"D:\OneDrive\VS\Projects\DocxDocument\DocumentModel.InOpenXml\Drawings.Charts\Specific chart types\Scatter charts\ScatterChartSeries.cs","ScatterChartSeries","DataLabels","Element","56"
"D:\OneDrive\VS\Projects\DocxDocument\DocumentModel.InOpenXml\Drawings.Charts\Specific chart types\Scatter charts\ScatterChartSeries.cs","ScatterChartSeries","DataPoints","Element","49"
"D:\OneDrive\VS\Projects\DocxDocument\DocumentModel.InOpenXml\Drawings.Charts\Specific chart types\Scatter charts\ScatterChartSeries.cs","ScatterChartSeries","ErrorBars","Element","70"
"D:\OneDrive\VS\Projects\DocxDocument\DocumentModel.InOpenXml\Drawings.Charts\Specific chart types\Scatter charts\ScatterChartSeries.cs","ScatterChartSeries","Index","Property","14"
"D:\OneDrive\VS\Projects\DocxDocument\DocumentModel.InOpenXml\Drawings.Charts\Specific chart types\Scatter charts\ScatterChartSeries.cs","ScatterChartSeries","Marker","Property","42"
"D:\OneDrive\VS\Projects\DocxDocument\DocumentModel.InOpenXml\Drawings.Charts\Specific chart types\Scatter charts\ScatterChartSeries.cs","ScatterChartSeries","Order","Property","21"
"D:\OneDrive\VS\Projects\DocxDocument\DocumentModel.InOpenXml\Drawings.Charts\Specific chart types\Scatter charts\ScatterChartSeries.cs","ScatterChartSeries","ScatterSerExtensionList","Element","98"
"D:\OneDrive\VS\Projects\DocxDocument\DocumentModel.InOpenXml\Drawings.Charts\Specific chart types\Scatter charts\ScatterChartSeries.cs","ScatterChartSeries","SeriesText","Property","28"
"D:\OneDrive\VS\Projects\DocxDocument\DocumentModel.InOpenXml\Drawings.Charts\Specific chart types\Scatter charts\ScatterChartSeries.cs","ScatterChartSeries","Smooth","Element","91"
"D:\OneDrive\VS\Projects\DocxDocument\DocumentModel.InOpenXml\Drawings.Charts\Specific chart types\Scatter charts\ScatterChartSeries.cs","ScatterChartSeries","Trendline","Element","63"
"D:\OneDrive\VS\Projects\DocxDocument\DocumentModel.InOpenXml\Drawings.Charts\Specific chart types\Scatter charts\ScatterChartSeries.cs","ScatterChartSeries","XValues","Element","77"
"D:\OneDrive\VS\Projects\DocxDocument\DocumentModel.InOpenXml\Drawings.Charts\Specific chart types\Scatter charts\ScatterChartSeries.cs","ScatterChartSeries","YValues","Element","84"
"D:\OneDrive\VS\Projects\DocxDocument\DocumentModel.InOpenXml\Drawings.Charts\Specific chart types\Surface charts\Surface3DChart.cs","Surface3DChart","AxisIds","Element","42"
"D:\OneDrive\VS\Projects\DocxDocument\DocumentModel.InOpenXml\Drawings.Charts\Specific chart types\Surface charts\Surface3DChart.cs","Surface3DChart","BandFormats","Element","35"
"D:\OneDrive\VS\Projects\DocxDocument\DocumentModel.InOpenXml\Drawings.Charts\Specific chart types\Surface charts\Surface3DChart.cs","Surface3DChart","Surface3DChartExtensionList","Element","49"
"D:\OneDrive\VS\Projects\DocxDocument\DocumentModel.InOpenXml\Drawings.Charts\Specific chart types\Surface charts\Surface3DChart.cs","Surface3DChart","SurfaceChartSeries","Element","28"
"D:\OneDrive\VS\Projects\DocxDocument\DocumentModel.InOpenXml\Drawings.Charts\Specific chart types\Surface charts\Surface3DChart.cs","Surface3DChart","VaryColors","Property","21"
"D:\OneDrive\VS\Projects\DocxDocument\DocumentModel.InOpenXml\Drawings.Charts\Specific chart types\Surface charts\Surface3DChart.cs","Surface3DChart","Wireframe","Property","14"
"D:\OneDrive\VS\Projects\DocxDocument\DocumentModel.InOpenXml\Drawings.Charts\Specific chart types\Surface charts\SurfaceChart.cs","SurfaceChart","AxisIds","Element","35"
"D:\OneDrive\VS\Projects\DocxDocument\DocumentModel.InOpenXml\Drawings.Charts\Specific chart types\Surface charts\SurfaceChart.cs","SurfaceChart","BandFormats","Element","28"
"D:\OneDrive\VS\Projects\DocxDocument\DocumentModel.InOpenXml\Drawings.Charts\Specific chart types\Surface charts\SurfaceChart.cs","SurfaceChart","SurfaceChartExtensionList","Element","42"
"D:\OneDrive\VS\Projects\DocxDocument\DocumentModel.InOpenXml\Drawings.Charts\Specific chart types\Surface charts\SurfaceChart.cs","SurfaceChart","SurfaceChartSeries","Element","21"
"D:\OneDrive\VS\Projects\DocxDocument\DocumentModel.InOpenXml\Drawings.Charts\Specific chart types\Surface charts\SurfaceChart.cs","SurfaceChart","Wireframe","Property","14"
"D:\OneDrive\VS\Projects\DocxDocument\DocumentModel.InOpenXml\Drawings.Charts\Specific chart types\Surface charts\SurfaceChartSeries.cs","SurfaceChartSeries","Bubble3D","Property","63"
"D:\OneDrive\VS\Projects\DocxDocument\DocumentModel.InOpenXml\Drawings.Charts\Specific chart types\Surface charts\SurfaceChartSeries.cs","SurfaceChartSeries","CategoryAxisData","Property","49"
"D:\OneDrive\VS\Projects\DocxDocument\DocumentModel.InOpenXml\Drawings.Charts\Specific chart types\Surface charts\SurfaceChartSeries.cs","SurfaceChartSeries","ChartShapeProperties","Property","35"
"D:\OneDrive\VS\Projects\DocxDocument\DocumentModel.InOpenXml\Drawings.Charts\Specific chart types\Surface charts\SurfaceChartSeries.cs","SurfaceChartSeries","Index","Property","14"
"D:\OneDrive\VS\Projects\DocxDocument\DocumentModel.InOpenXml\Drawings.Charts\Specific chart types\Surface charts\SurfaceChartSeries.cs","SurfaceChartSeries","Order","Property","21"
"D:\OneDrive\VS\Projects\DocxDocument\DocumentModel.InOpenXml\Drawings.Charts\Specific chart types\Surface charts\SurfaceChartSeries.cs","SurfaceChartSeries","PictureOptions","Property","42"
"D:\OneDrive\VS\Projects\DocxDocument\DocumentModel.InOpenXml\Drawings.Charts\Specific chart types\Surface charts\SurfaceChartSeries.cs","SurfaceChartSeries","SeriesText","Property","28"
"D:\OneDrive\VS\Projects\DocxDocument\DocumentModel.InOpenXml\Drawings.Charts\Specific chart types\Surface charts\SurfaceChartSeries.cs","SurfaceChartSeries","SurfaceSerExtensionList","Property","70"
"D:\OneDrive\VS\Projects\DocxDocument\DocumentModel.InOpenXml\Drawings.Charts\Specific chart types\Surface charts\SurfaceChartSeries.cs","SurfaceChartSeries","Values","Property","56"
"D:\OneDrive\VS\Projects\DocxDocument\DocumentModel.InOpenXml\Drawings.Charts\Specific chart types\Surface charts\SurfaceType.cs","SurfaceType","ExtensionList","Element","35"
"D:\OneDrive\VS\Projects\DocxDocument\DocumentModel.InOpenXml\Drawings.Charts\Specific chart types\Surface charts\SurfaceType.cs","SurfaceType","PictureOptions","Element","28"
"D:\OneDrive\VS\Projects\DocxDocument\DocumentModel.InOpenXml\Drawings.Charts\Specific chart types\Surface charts\SurfaceType.cs","SurfaceType","ShapeProperties","Element","21"
"D:\OneDrive\VS\Projects\DocxDocument\DocumentModel.InOpenXml\Drawings.Charts\Specific chart types\Surface charts\SurfaceType.cs","SurfaceType","Thickness","Element","14"
"D:\OneDrive\VS\Projects\DocxDocument\DocumentModel.InOpenXml\Drawings.ChartsStyle\Common\StyleColor.cs","StyleColor","Alpha","Element","56"
"D:\OneDrive\VS\Projects\DocxDocument\DocumentModel.InOpenXml\Drawings.ChartsStyle\Common\StyleColor.cs","StyleColor","AlphaModulation","Element","70"
"D:\OneDrive\VS\Projects\DocxDocument\DocumentModel.InOpenXml\Drawings.ChartsStyle\Common\StyleColor.cs","StyleColor","AlphaOffset","Element","63"
"D:\OneDrive\VS\Projects\DocxDocument\DocumentModel.InOpenXml\Drawings.ChartsStyle\Common\StyleColor.cs","StyleColor","Blue","Element","182"
"D:\OneDrive\VS\Projects\DocxDocument\DocumentModel.InOpenXml\Drawings.ChartsStyle\Common\StyleColor.cs","StyleColor","BlueModulation","Element","196"
"D:\OneDrive\VS\Projects\DocxDocument\DocumentModel.InOpenXml\Drawings.ChartsStyle\Common\StyleColor.cs","StyleColor","BlueOffset","Element","189"
"D:\OneDrive\VS\Projects\DocxDocument\DocumentModel.InOpenXml\Drawings.ChartsStyle\Common\StyleColor.cs","StyleColor","Complement","Element","35"
"D:\OneDrive\VS\Projects\DocxDocument\DocumentModel.InOpenXml\Drawings.ChartsStyle\Common\StyleColor.cs","StyleColor","Gamma","Element","203"
"D:\OneDrive\VS\Projects\DocxDocument\DocumentModel.InOpenXml\Drawings.ChartsStyle\Common\StyleColor.cs","StyleColor","Gray","Element","49"
"D:\OneDrive\VS\Projects\DocxDocument\DocumentModel.InOpenXml\Drawings.ChartsStyle\Common\StyleColor.cs","StyleColor","Green","Element","161"
"D:\OneDrive\VS\Projects\DocxDocument\DocumentModel.InOpenXml\Drawings.ChartsStyle\Common\StyleColor.cs","StyleColor","GreenModulation","Element","175"
"D:\OneDrive\VS\Projects\DocxDocument\DocumentModel.InOpenXml\Drawings.ChartsStyle\Common\StyleColor.cs","StyleColor","GreenOffset","Element","168"
"D:\OneDrive\VS\Projects\DocxDocument\DocumentModel.InOpenXml\Drawings.ChartsStyle\Common\StyleColor.cs","StyleColor","Hue","Element","77"
"D:\OneDrive\VS\Projects\DocxDocument\DocumentModel.InOpenXml\Drawings.ChartsStyle\Common\StyleColor.cs","StyleColor","HueModulation","Element","91"
"D:\OneDrive\VS\Projects\DocxDocument\DocumentModel.InOpenXml\Drawings.ChartsStyle\Common\StyleColor.cs","StyleColor","HueOffset","Element","84"
"D:\OneDrive\VS\Projects\DocxDocument\DocumentModel.InOpenXml\Drawings.ChartsStyle\Common\StyleColor.cs","StyleColor","Inverse","Element","42"
"D:\OneDrive\VS\Projects\DocxDocument\DocumentModel.InOpenXml\Drawings.ChartsStyle\Common\StyleColor.cs","StyleColor","InverseGamma","Element","210"
"D:\OneDrive\VS\Projects\DocxDocument\DocumentModel.InOpenXml\Drawings.ChartsStyle\Common\StyleColor.cs","StyleColor","Luminance","Element","119"
"D:\OneDrive\VS\Projects\DocxDocument\DocumentModel.InOpenXml\Drawings.ChartsStyle\Common\StyleColor.cs","StyleColor","LuminanceModulation","Element","133"
"D:\OneDrive\VS\Projects\DocxDocument\DocumentModel.InOpenXml\Drawings.ChartsStyle\Common\StyleColor.cs","StyleColor","LuminanceOffset","Element","126"
"D:\OneDrive\VS\Projects\DocxDocument\DocumentModel.InOpenXml\Drawings.ChartsStyle\Common\StyleColor.cs","StyleColor","Red","Element","140"
"D:\OneDrive\VS\Projects\DocxDocument\DocumentModel.InOpenXml\Drawings.ChartsStyle\Common\StyleColor.cs","StyleColor","RedModulation","Element","154"
"D:\OneDrive\VS\Projects\DocxDocument\DocumentModel.InOpenXml\Drawings.ChartsStyle\Common\StyleColor.cs","StyleColor","RedOffset","Element","147"
"D:\OneDrive\VS\Projects\DocxDocument\DocumentModel.InOpenXml\Drawings.ChartsStyle\Common\StyleColor.cs","StyleColor","Saturation","Element","98"
"D:\OneDrive\VS\Projects\DocxDocument\DocumentModel.InOpenXml\Drawings.ChartsStyle\Common\StyleColor.cs","StyleColor","SaturationModulation","Element","112"
"D:\OneDrive\VS\Projects\DocxDocument\DocumentModel.InOpenXml\Drawings.ChartsStyle\Common\StyleColor.cs","StyleColor","SaturationOffset","Element","105"
"D:\OneDrive\VS\Projects\DocxDocument\DocumentModel.InOpenXml\Drawings.ChartsStyle\Common\StyleColor.cs","StyleColor","Shade","Element","28"
"D:\OneDrive\VS\Projects\DocxDocument\DocumentModel.InOpenXml\Drawings.ChartsStyle\Common\StyleColor.cs","StyleColor","Tint","Element","21"
"D:\OneDrive\VS\Projects\DocxDocument\DocumentModel.InOpenXml\Drawings.ChartsStyle\Common\StyleColor.cs","StyleColor","Val","Property","14"
"D:\OneDrive\VS\Projects\DocxDocument\DocumentModel.InOpenXml\Drawings.ChartsStyle\Common\TextBodyProperties.cs","TextBodyProperties","Anchor","Property","112"
"D:\OneDrive\VS\Projects\DocxDocument\DocumentModel.InOpenXml\Drawings.ChartsStyle\Common\TextBodyProperties.cs","TextBodyProperties","AnchorCenter","Property","119"
"D:\OneDrive\VS\Projects\DocxDocument\DocumentModel.InOpenXml\Drawings.ChartsStyle\Common\TextBodyProperties.cs","TextBodyProperties","BottomInset","Property","77"
"D:\OneDrive\VS\Projects\DocxDocument\DocumentModel.InOpenXml\Drawings.ChartsStyle\Common\TextBodyProperties.cs","TextBodyProperties","ColumnCount","Property","84"
"D:\OneDrive\VS\Projects\DocxDocument\DocumentModel.InOpenXml\Drawings.ChartsStyle\Common\TextBodyProperties.cs","TextBodyProperties","ColumnSpacing","Property","91"
"D:\OneDrive\VS\Projects\DocxDocument\DocumentModel.InOpenXml\Drawings.ChartsStyle\Common\TextBodyProperties.cs","TextBodyProperties","CompatibleLineSpacing","Property","140"
"D:\OneDrive\VS\Projects\DocxDocument\DocumentModel.InOpenXml\Drawings.ChartsStyle\Common\TextBodyProperties.cs","TextBodyProperties","ExtensionList","Element","196"
"D:\OneDrive\VS\Projects\DocxDocument\DocumentModel.InOpenXml\Drawings.ChartsStyle\Common\TextBodyProperties.cs","TextBodyProperties","FlatText","Element","189"
"D:\OneDrive\VS\Projects\DocxDocument\DocumentModel.InOpenXml\Drawings.ChartsStyle\Common\TextBodyProperties.cs","TextBodyProperties","ForceAntiAlias","Property","126"
"D:\OneDrive\VS\Projects\DocxDocument\DocumentModel.InOpenXml\Drawings.ChartsStyle\Common\TextBodyProperties.cs","TextBodyProperties","FromWordArt","Property","105"
"D:\OneDrive\VS\Projects\DocxDocument\DocumentModel.InOpenXml\Drawings.ChartsStyle\Common\TextBodyProperties.cs","TextBodyProperties","HorizontalOverflow","Property","35"
"D:\OneDrive\VS\Projects\DocxDocument\DocumentModel.InOpenXml\Drawings.ChartsStyle\Common\TextBodyProperties.cs","TextBodyProperties","LeftInset","Property","56"
"D:\OneDrive\VS\Projects\DocxDocument\DocumentModel.InOpenXml\Drawings.ChartsStyle\Common\TextBodyProperties.cs","TextBodyProperties","NoAutoFit","Element","154"
"D:\OneDrive\VS\Projects\DocxDocument\DocumentModel.InOpenXml\Drawings.ChartsStyle\Common\TextBodyProperties.cs","TextBodyProperties","NormalAutoFit","Element","161"
"D:\OneDrive\VS\Projects\DocxDocument\DocumentModel.InOpenXml\Drawings.ChartsStyle\Common\TextBodyProperties.cs","TextBodyProperties","PresetTextWrap","Element","147"
"D:\OneDrive\VS\Projects\DocxDocument\DocumentModel.InOpenXml\Drawings.ChartsStyle\Common\TextBodyProperties.cs","TextBodyProperties","RightInset","Property","70"
"D:\OneDrive\VS\Projects\DocxDocument\DocumentModel.InOpenXml\Drawings.ChartsStyle\Common\TextBodyProperties.cs","TextBodyProperties","RightToLeftColumns","Property","98"
"D:\OneDrive\VS\Projects\DocxDocument\DocumentModel.InOpenXml\Drawings.ChartsStyle\Common\TextBodyProperties.cs","TextBodyProperties","Rotation","Property","14"
"D:\OneDrive\VS\Projects\DocxDocument\DocumentModel.InOpenXml\Drawings.ChartsStyle\Common\TextBodyProperties.cs","TextBodyProperties","Scene3DType","Element","175"
"D:\OneDrive\VS\Projects\DocxDocument\DocumentModel.InOpenXml\Drawings.ChartsStyle\Common\TextBodyProperties.cs","TextBodyProperties","Shape3DType","Element","182"
"D:\OneDrive\VS\Projects\DocxDocument\DocumentModel.InOpenXml\Drawings.ChartsStyle\Common\TextBodyProperties.cs","TextBodyProperties","ShapeAutoFit","Element","168"
"D:\OneDrive\VS\Projects\DocxDocument\DocumentModel.InOpenXml\Drawings.ChartsStyle\Common\TextBodyProperties.cs","TextBodyProperties","TopInset","Property","63"
"D:\OneDrive\VS\Projects\DocxDocument\DocumentModel.InOpenXml\Drawings.ChartsStyle\Common\TextBodyProperties.cs","TextBodyProperties","UpRight","Property","133"
"D:\OneDrive\VS\Projects\DocxDocument\DocumentModel.InOpenXml\Drawings.ChartsStyle\Common\TextBodyProperties.cs","TextBodyProperties","UseParagraphSpacing","Property","21"
"D:\OneDrive\VS\Projects\DocxDocument\DocumentModel.InOpenXml\Drawings.ChartsStyle\Common\TextBodyProperties.cs","TextBodyProperties","Vertical","Property","42"
"D:\OneDrive\VS\Projects\DocxDocument\DocumentModel.InOpenXml\Drawings.ChartsStyle\Common\TextBodyProperties.cs","TextBodyProperties","VerticalOverflow","Property","28"
"D:\OneDrive\VS\Projects\DocxDocument\DocumentModel.InOpenXml\Drawings.ChartsStyle\Common\TextBodyProperties.cs","TextBodyProperties","Wrap","Property","49"
"D:\OneDrive\VS\Projects\DocxDocument\DocumentModel.InOpenXml\Drawings.ChartsStyle\Common\TextCharacterPropertiesType.cs","TextCharacterPropertiesType","AlternativeLanguage","Property","42"
"D:\OneDrive\VS\Projects\DocxDocument\DocumentModel.InOpenXml\Drawings.ChartsStyle\Common\TextCharacterPropertiesType.cs","TextCharacterPropertiesType","Baseline","Property","112"
"D:\OneDrive\VS\Projects\DocxDocument\DocumentModel.InOpenXml\Drawings.ChartsStyle\Common\TextCharacterPropertiesType.cs","TextCharacterPropertiesType","Bold","Property","56"
"D:\OneDrive\VS\Projects\DocxDocument\DocumentModel.InOpenXml\Drawings.ChartsStyle\Common\TextCharacterPropertiesType.cs","TextCharacterPropertiesType","Bookmark","Property","154"
"D:\OneDrive\VS\Projects\DocxDocument\DocumentModel.InOpenXml\Drawings.ChartsStyle\Common\TextCharacterPropertiesType.cs","TextCharacterPropertiesType","Capital","Property","91"
"D:\OneDrive\VS\Projects\DocxDocument\DocumentModel.InOpenXml\Drawings.ChartsStyle\Common\TextCharacterPropertiesType.cs","TextCharacterPropertiesType","ComplexScriptFont","Element","231"
"D:\OneDrive\VS\Projects\DocxDocument\DocumentModel.InOpenXml\Drawings.ChartsStyle\Common\TextCharacterPropertiesType.cs","TextCharacterPropertiesType","Dirty","Property","126"
"D:\OneDrive\VS\Projects\DocxDocument\DocumentModel.InOpenXml\Drawings.ChartsStyle\Common\TextCharacterPropertiesType.cs","TextCharacterPropertiesType","EastAsianFont","Element","224"
"D:\OneDrive\VS\Projects\DocxDocument\DocumentModel.InOpenXml\Drawings.ChartsStyle\Common\TextCharacterPropertiesType.cs","TextCharacterPropertiesType","EffectDag","Element","182"
"D:\OneDrive\VS\Projects\DocxDocument\DocumentModel.InOpenXml\Drawings.ChartsStyle\Common\TextCharacterPropertiesType.cs","TextCharacterPropertiesType","EffectList","Element","175"
"D:\OneDrive\VS\Projects\DocxDocument\DocumentModel.InOpenXml\Drawings.ChartsStyle\Common\TextCharacterPropertiesType.cs","TextCharacterPropertiesType","ExtensionList","Element","266"
"D:\OneDrive\VS\Projects\DocxDocument\DocumentModel.InOpenXml\Drawings.ChartsStyle\Common\TextCharacterPropertiesType.cs","TextCharacterPropertiesType","Fill","Element","168"
"D:\OneDrive\VS\Projects\DocxDocument\DocumentModel.InOpenXml\Drawings.ChartsStyle\Common\TextCharacterPropertiesType.cs","TextCharacterPropertiesType","FontSize","Property","49"
"D:\OneDrive\VS\Projects\DocxDocument\DocumentModel.InOpenXml\Drawings.ChartsStyle\Common\TextCharacterPropertiesType.cs","TextCharacterPropertiesType","Highlight","Element","189"
"D:\OneDrive\VS\Projects\DocxDocument\DocumentModel.InOpenXml\Drawings.ChartsStyle\Common\TextCharacterPropertiesType.cs","TextCharacterPropertiesType","HyperlinkOnClick","Element","245"
"D:\OneDrive\VS\Projects\DocxDocument\DocumentModel.InOpenXml\Drawings.ChartsStyle\Common\TextCharacterPropertiesType.cs","TextCharacterPropertiesType","HyperlinkOnMouseOver","Element","252"
"D:\OneDrive\VS\Projects\DocxDocument\DocumentModel.InOpenXml\Drawings.ChartsStyle\Common\TextCharacterPropertiesType.cs","TextCharacterPropertiesType","Italic","Property","63"
"D:\OneDrive\VS\Projects\DocxDocument\DocumentModel.InOpenXml\Drawings.ChartsStyle\Common\TextCharacterPropertiesType.cs","TextCharacterPropertiesType","Kerning","Property","84"
"D:\OneDrive\VS\Projects\DocxDocument\DocumentModel.InOpenXml\Drawings.ChartsStyle\Common\TextCharacterPropertiesType.cs","TextCharacterPropertiesType","Kumimoji","Property","28"
"D:\OneDrive\VS\Projects\DocxDocument\DocumentModel.InOpenXml\Drawings.ChartsStyle\Common\TextCharacterPropertiesType.cs","TextCharacterPropertiesType","Language","Property","35"
"D:\OneDrive\VS\Projects\DocxDocument\DocumentModel.InOpenXml\Drawings.ChartsStyle\Common\TextCharacterPropertiesType.cs","TextCharacterPropertiesType","LatinFont","Element","217"
"D:\OneDrive\VS\Projects\DocxDocument\DocumentModel.InOpenXml\Drawings.ChartsStyle\Common\TextCharacterPropertiesType.cs","TextCharacterPropertiesType","NoProof","Property","119"
"D:\OneDrive\VS\Projects\DocxDocument\DocumentModel.InOpenXml\Drawings.ChartsStyle\Common\TextCharacterPropertiesType.cs","TextCharacterPropertiesType","NormalizeHeight","Property","105"
"D:\OneDrive\VS\Projects\DocxDocument\DocumentModel.InOpenXml\Drawings.ChartsStyle\Common\TextCharacterPropertiesType.cs","TextCharacterPropertiesType","Outline","Property","161"
"D:\OneDrive\VS\Projects\DocxDocument\DocumentModel.InOpenXml\Drawings.ChartsStyle\Common\TextCharacterPropertiesType.cs","TextCharacterPropertiesType","RightToLeft","Element","259"
"D:\OneDrive\VS\Projects\DocxDocument\DocumentModel.InOpenXml\Drawings.ChartsStyle\Common\TextCharacterPropertiesType.cs","TextCharacterPropertiesType","SmartTagClean","Property","140"
"D:\OneDrive\VS\Projects\DocxDocument\DocumentModel.InOpenXml\Drawings.ChartsStyle\Common\TextCharacterPropertiesType.cs","TextCharacterPropertiesType","SmartTagId","Property","147"
"D:\OneDrive\VS\Projects\DocxDocument\DocumentModel.InOpenXml\Drawings.ChartsStyle\Common\TextCharacterPropertiesType.cs","TextCharacterPropertiesType","SmtClean","Element","14"
"D:\OneDrive\VS\Projects\DocxDocument\DocumentModel.InOpenXml\Drawings.ChartsStyle\Common\TextCharacterPropertiesType.cs","TextCharacterPropertiesType","SmtId","Element","21"
"D:\OneDrive\VS\Projects\DocxDocument\DocumentModel.InOpenXml\Drawings.ChartsStyle\Common\TextCharacterPropertiesType.cs","TextCharacterPropertiesType","Spacing","Property","98"
"D:\OneDrive\VS\Projects\DocxDocument\DocumentModel.InOpenXml\Drawings.ChartsStyle\Common\TextCharacterPropertiesType.cs","TextCharacterPropertiesType","SpellingError","Property","133"
"D:\OneDrive\VS\Projects\DocxDocument\DocumentModel.InOpenXml\Drawings.ChartsStyle\Common\TextCharacterPropertiesType.cs","TextCharacterPropertiesType","Strike","Property","77"
"D:\OneDrive\VS\Projects\DocxDocument\DocumentModel.InOpenXml\Drawings.ChartsStyle\Common\TextCharacterPropertiesType.cs","TextCharacterPropertiesType","SymbolFont","Element","238"
"D:\OneDrive\VS\Projects\DocxDocument\DocumentModel.InOpenXml\Drawings.ChartsStyle\Common\TextCharacterPropertiesType.cs","TextCharacterPropertiesType","Underline","Property","70"
"D:\OneDrive\VS\Projects\DocxDocument\DocumentModel.InOpenXml\Drawings.ChartsStyle\Common\TextCharacterPropertiesType.cs","TextCharacterPropertiesType","UnderlineFill","Element","210"
"D:\OneDrive\VS\Projects\DocxDocument\DocumentModel.InOpenXml\Drawings.ChartsStyle\Common\TextCharacterPropertiesType.cs","TextCharacterPropertiesType","UnderlineFillText","Element","203"
"D:\OneDrive\VS\Projects\DocxDocument\DocumentModel.InOpenXml\Drawings.ChartsStyle\Common\TextCharacterPropertiesType.cs","TextCharacterPropertiesType","UnderlineFollowsText","Element","196"
"D:\OneDrive\VS\Projects\DocxDocument\DocumentModel.InOpenXml\Drawings.Diagrams\Adjust.cs","Adjust","Index","Property","14"
"D:\OneDrive\VS\Projects\DocxDocument\DocumentModel.InOpenXml\Drawings.Diagrams\Adjust.cs","Adjust","Val","Property","21"
"D:\OneDrive\VS\Projects\DocxDocument\DocumentModel.InOpenXml\Drawings.Diagrams\Algorithm.cs","Algorithm","ExtensionList","Element","35"
"D:\OneDrive\VS\Projects\DocxDocument\DocumentModel.InOpenXml\Drawings.Diagrams\Algorithm.cs","Algorithm","Parameters","Element","28"
"D:\OneDrive\VS\Projects\DocxDocument\DocumentModel.InOpenXml\Drawings.Diagrams\Algorithm.cs","Algorithm","Revision","Property","21"
"D:\OneDrive\VS\Projects\DocxDocument\DocumentModel.InOpenXml\Drawings.Diagrams\Algorithm.cs","Algorithm","Type","Property","14"
"D:\OneDrive\VS\Projects\DocxDocument\DocumentModel.InOpenXml\Drawings.Diagrams\Background.cs","Background","EffectDag","Element","28"
"D:\OneDrive\VS\Projects\DocxDocument\DocumentModel.InOpenXml\Drawings.Diagrams\Background.cs","Background","EffectList","Element","21"
"D:\OneDrive\VS\Projects\DocxDocument\DocumentModel.InOpenXml\Drawings.Diagrams\Background.cs","Background","Fill","Element","14"
"D:\OneDrive\VS\Projects\DocxDocument\DocumentModel.InOpenXml\Drawings.Diagrams\BuildDiagram.cs","BuildDiagram","Build","Property","14"
"D:\OneDrive\VS\Projects\DocxDocument\DocumentModel.InOpenXml\Drawings.Diagrams\BuildDiagram.cs","BuildDiagram","ReverseAnimation","Property","21"
"D:\OneDrive\VS\Projects\DocxDocument\DocumentModel.InOpenXml\Drawings.Diagrams\Category.cs","Category","Priority","Property","21"
"D:\OneDrive\VS\Projects\DocxDocument\DocumentModel.InOpenXml\Drawings.Diagrams\Category.cs","Category","Type","Property","14"
"D:\OneDrive\VS\Projects\DocxDocument\DocumentModel.InOpenXml\Drawings.Diagrams\Choose.cs","Choose","DiagramChooseElse","Element","28"
"D:\OneDrive\VS\Projects\DocxDocument\DocumentModel.InOpenXml\Drawings.Diagrams\Choose.cs","Choose","DiagramChooseIf","Element","21"
"D:\OneDrive\VS\Projects\DocxDocument\DocumentModel.InOpenXml\Drawings.Diagrams\Choose.cs","Choose","Name","Property","14"
"D:\OneDrive\VS\Projects\DocxDocument\DocumentModel.InOpenXml\Drawings.Diagrams\ColorDefinition.cs","ColorDefinition","ColorDefinitionTitles","Element","28"
"D:\OneDrive\VS\Projects\DocxDocument\DocumentModel.InOpenXml\Drawings.Diagrams\ColorDefinition.cs","ColorDefinition","ColorTransformCategories","Element","42"
"D:\OneDrive\VS\Projects\DocxDocument\DocumentModel.InOpenXml\Drawings.Diagrams\ColorDefinition.cs","ColorDefinition","ColorTransformDescriptions","Element","35"
"D:\OneDrive\VS\Projects\DocxDocument\DocumentModel.InOpenXml\Drawings.Diagrams\ColorDefinition.cs","ColorDefinition","ColorTransformStyleLabels","Element","49"
"D:\OneDrive\VS\Projects\DocxDocument\DocumentModel.InOpenXml\Drawings.Diagrams\ColorDefinition.cs","ColorDefinition","ExtensionList","Element","56"
"D:\OneDrive\VS\Projects\DocxDocument\DocumentModel.InOpenXml\Drawings.Diagrams\ColorDefinition.cs","ColorDefinition","MinVersion","Property","21"
"D:\OneDrive\VS\Projects\DocxDocument\DocumentModel.InOpenXml\Drawings.Diagrams\ColorDefinition.cs","ColorDefinition","UniqueId","Property","14"
"D:\OneDrive\VS\Projects\DocxDocument\DocumentModel.InOpenXml\Drawings.Diagrams\ColorDefinitionTitle.cs","ColorDefinitionTitle","Language","Property","14"
"D:\OneDrive\VS\Projects\DocxDocument\DocumentModel.InOpenXml\Drawings.Diagrams\ColorDefinitionTitle.cs","ColorDefinitionTitle","Val","Property","21"
"D:\OneDrive\VS\Projects\DocxDocument\DocumentModel.InOpenXml\Drawings.Diagrams\ColorTransformCategory.cs","ColorTransformCategory","Priority","Property","21"
"D:\OneDrive\VS\Projects\DocxDocument\DocumentModel.InOpenXml\Drawings.Diagrams\ColorTransformCategory.cs","ColorTransformCategory","Type","Property","14"
"D:\OneDrive\VS\Projects\DocxDocument\DocumentModel.InOpenXml\Drawings.Diagrams\ColorTransformDescription.cs","ColorTransformDescription","Language","Property","14"
"D:\OneDrive\VS\Projects\DocxDocument\DocumentModel.InOpenXml\Drawings.Diagrams\ColorTransformDescription.cs","ColorTransformDescription","Val","Property","21"
"D:\OneDrive\VS\Projects\DocxDocument\DocumentModel.InOpenXml\Drawings.Diagrams\ColorTransformStyleLabel.cs","ColorTransformStyleLabel","EffectColorList","Property","35"
"D:\OneDrive\VS\Projects\DocxDocument\DocumentModel.InOpenXml\Drawings.Diagrams\ColorTransformStyleLabel.cs","ColorTransformStyleLabel","ExtensionList","Property","63"
"D:\OneDrive\VS\Projects\DocxDocument\DocumentModel.InOpenXml\Drawings.Diagrams\ColorTransformStyleLabel.cs","ColorTransformStyleLabel","FillColorList","Property","21"
"D:\OneDrive\VS\Projects\DocxDocument\DocumentModel.InOpenXml\Drawings.Diagrams\ColorTransformStyleLabel.cs","ColorTransformStyleLabel","LineColorList","Property","28"
"D:\OneDrive\VS\Projects\DocxDocument\DocumentModel.InOpenXml\Drawings.Diagrams\ColorTransformStyleLabel.cs","ColorTransformStyleLabel","Name","Property","14"
"D:\OneDrive\VS\Projects\DocxDocument\DocumentModel.InOpenXml\Drawings.Diagrams\ColorTransformStyleLabel.cs","ColorTransformStyleLabel","TextEffectColorList","Property","56"
"D:\OneDrive\VS\Projects\DocxDocument\DocumentModel.InOpenXml\Drawings.Diagrams\ColorTransformStyleLabel.cs","ColorTransformStyleLabel","TextFillColorList","Property","49"
"D:\OneDrive\VS\Projects\DocxDocument\DocumentModel.InOpenXml\Drawings.Diagrams\ColorTransformStyleLabel.cs","ColorTransformStyleLabel","TextLineColorList","Property","42"
"D:\OneDrive\VS\Projects\DocxDocument\DocumentModel.InOpenXml\Drawings.Diagrams\Connection.cs","Connection","DestinationId","Property","35"
"D:\OneDrive\VS\Projects\DocxDocument\DocumentModel.InOpenXml\Drawings.Diagrams\Connection.cs","Connection","DestinationPosition","Property","49"
"D:\OneDrive\VS\Projects\DocxDocument\DocumentModel.InOpenXml\Drawings.Diagrams\Connection.cs","Connection","ExtensionList","Property","77"
"D:\OneDrive\VS\Projects\DocxDocument\DocumentModel.InOpenXml\Drawings.Diagrams\Connection.cs","Connection","ModelId","Property","14"
"D:\OneDrive\VS\Projects\DocxDocument\DocumentModel.InOpenXml\Drawings.Diagrams\Connection.cs","Connection","ParentTransitionId","Property","56"
"D:\OneDrive\VS\Projects\DocxDocument\DocumentModel.InOpenXml\Drawings.Diagrams\Connection.cs","Connection","PresentationId","Property","70"
"D:\OneDrive\VS\Projects\DocxDocument\DocumentModel.InOpenXml\Drawings.Diagrams\Connection.cs","Connection","SiblingTransitionId","Property","63"
"D:\OneDrive\VS\Projects\DocxDocument\DocumentModel.InOpenXml\Drawings.Diagrams\Connection.cs","Connection","SourceId","Property","28"
"D:\OneDrive\VS\Projects\DocxDocument\DocumentModel.InOpenXml\Drawings.Diagrams\Connection.cs","Connection","SourcePosition","Property","42"
"D:\OneDrive\VS\Projects\DocxDocument\DocumentModel.InOpenXml\Drawings.Diagrams\Connection.cs","Connection","Type","Property","21"
"D:\OneDrive\VS\Projects\DocxDocument\DocumentModel.InOpenXml\Drawings.Diagrams\Constraint.cs","Constraint","ExtensionList","Property","91"
"D:\OneDrive\VS\Projects\DocxDocument\DocumentModel.InOpenXml\Drawings.Diagrams\Constraint.cs","Constraint","Fact","Property","84"
"D:\OneDrive\VS\Projects\DocxDocument\DocumentModel.InOpenXml\Drawings.Diagrams\Constraint.cs","Constraint","For","Property","21"
"D:\OneDrive\VS\Projects\DocxDocument\DocumentModel.InOpenXml\Drawings.Diagrams\Constraint.cs","Constraint","ForName","Property","28"
"D:\OneDrive\VS\Projects\DocxDocument\DocumentModel.InOpenXml\Drawings.Diagrams\Constraint.cs","Constraint","Operator","Property","70"
"D:\OneDrive\VS\Projects\DocxDocument\DocumentModel.InOpenXml\Drawings.Diagrams\Constraint.cs","Constraint","PointType","Property","35"
"D:\OneDrive\VS\Projects\DocxDocument\DocumentModel.InOpenXml\Drawings.Diagrams\Constraint.cs","Constraint","ReferenceFor","Property","49"
"D:\OneDrive\VS\Projects\DocxDocument\DocumentModel.InOpenXml\Drawings.Diagrams\Constraint.cs","Constraint","ReferenceForName","Property","56"
"D:\OneDrive\VS\Projects\DocxDocument\DocumentModel.InOpenXml\Drawings.Diagrams\Constraint.cs","Constraint","ReferencePointType","Property","63"
"D:\OneDrive\VS\Projects\DocxDocument\DocumentModel.InOpenXml\Drawings.Diagrams\Constraint.cs","Constraint","ReferenceType","Property","42"
"D:\OneDrive\VS\Projects\DocxDocument\DocumentModel.InOpenXml\Drawings.Diagrams\Constraint.cs","Constraint","Type","Property","14"
"D:\OneDrive\VS\Projects\DocxDocument\DocumentModel.InOpenXml\Drawings.Diagrams\Constraint.cs","Constraint","Val","Property","77"
"D:\OneDrive\VS\Projects\DocxDocument\DocumentModel.InOpenXml\Drawings.Diagrams\DataModel.cs","DataModel","Background","Property","28"
"D:\OneDrive\VS\Projects\DocxDocument\DocumentModel.InOpenXml\Drawings.Diagrams\DataModel.cs","DataModel","ConnectionList","Property","21"
"D:\OneDrive\VS\Projects\DocxDocument\DocumentModel.InOpenXml\Drawings.Diagrams\DataModel.cs","DataModel","DataModelExtensionList","Property","42"
"D:\OneDrive\VS\Projects\DocxDocument\DocumentModel.InOpenXml\Drawings.Diagrams\DataModel.cs","DataModel","PointList","Property","14"
"D:\OneDrive\VS\Projects\DocxDocument\DocumentModel.InOpenXml\Drawings.Diagrams\DataModel.cs","DataModel","Whole","Property","35"
"D:\OneDrive\VS\Projects\DocxDocument\DocumentModel.InOpenXml\Drawings.Diagrams\DataModelRoot.cs","DataModelRoot","Background","Property","28"
"D:\OneDrive\VS\Projects\DocxDocument\DocumentModel.InOpenXml\Drawings.Diagrams\DataModelRoot.cs","DataModelRoot","ConnectionList","Property","21"
"D:\OneDrive\VS\Projects\DocxDocument\DocumentModel.InOpenXml\Drawings.Diagrams\DataModelRoot.cs","DataModelRoot","DataModelExtensionList","Property","42"
"D:\OneDrive\VS\Projects\DocxDocument\DocumentModel.InOpenXml\Drawings.Diagrams\DataModelRoot.cs","DataModelRoot","PointList","Property","14"
"D:\OneDrive\VS\Projects\DocxDocument\DocumentModel.InOpenXml\Drawings.Diagrams\DataModelRoot.cs","DataModelRoot","Whole","Property","35"
"D:\OneDrive\VS\Projects\DocxDocument\DocumentModel.InOpenXml\Drawings.Diagrams\Description.cs","Description","Language","Property","14"
"D:\OneDrive\VS\Projects\DocxDocument\DocumentModel.InOpenXml\Drawings.Diagrams\Description.cs","Description","Val","Property","21"
"D:\OneDrive\VS\Projects\DocxDocument\DocumentModel.InOpenXml\Drawings.Diagrams\Diagram.cs","Diagram","BuildStep","Property","21"
"D:\OneDrive\VS\Projects\DocxDocument\DocumentModel.InOpenXml\Drawings.Diagrams\Diagram.cs","Diagram","Id","Property","14"
"D:\OneDrive\VS\Projects\DocxDocument\DocumentModel.InOpenXml\Drawings.Diagrams\DiagramAutoBullet.cs","DiagramAutoBullet","AutoBulletPrefix","Property","14"
"D:\OneDrive\VS\Projects\DocxDocument\DocumentModel.InOpenXml\Drawings.Diagrams\DiagramAutoBullet.cs","DiagramAutoBullet","AutoNumberedBullet","Property","35"
"D:\OneDrive\VS\Projects\DocxDocument\DocumentModel.InOpenXml\Drawings.Diagrams\DiagramAutoBullet.cs","DiagramAutoBullet","CharacterBullet","Property","42"
"D:\OneDrive\VS\Projects\DocxDocument\DocumentModel.InOpenXml\Drawings.Diagrams\DiagramAutoBullet.cs","DiagramAutoBullet","LeadZeros","Property","21"
"D:\OneDrive\VS\Projects\DocxDocument\DocumentModel.InOpenXml\Drawings.Diagrams\DiagramAutoBullet.cs","DiagramAutoBullet","NoBullet","Property","28"
"D:\OneDrive\VS\Projects\DocxDocument\DocumentModel.InOpenXml\Drawings.Diagrams\DiagramAutoBullet.cs","DiagramAutoBullet","PictureBullet","Property","49"
"D:\OneDrive\VS\Projects\DocxDocument\DocumentModel.InOpenXml\Drawings.Diagrams\DiagramChooseElse.cs","DiagramChooseElse","Algorithm","Element","21"
"D:\OneDrive\VS\Projects\DocxDocument\DocumentModel.InOpenXml\Drawings.Diagrams\DiagramChooseElse.cs","DiagramChooseElse","Choose","Element","70"
"D:\OneDrive\VS\Projects\DocxDocument\DocumentModel.InOpenXml\Drawings.Diagrams\DiagramChooseElse.cs","DiagramChooseElse","Constraints","Element","42"
"D:\OneDrive\VS\Projects\DocxDocument\DocumentModel.InOpenXml\Drawings.Diagrams\DiagramChooseElse.cs","DiagramChooseElse","ExtensionList","Element","77"
"D:\OneDrive\VS\Projects\DocxDocument\DocumentModel.InOpenXml\Drawings.Diagrams\DiagramChooseElse.cs","DiagramChooseElse","ForEach","Element","56"
"D:\OneDrive\VS\Projects\DocxDocument\DocumentModel.InOpenXml\Drawings.Diagrams\DiagramChooseElse.cs","DiagramChooseElse","LayoutNode","Element","63"
"D:\OneDrive\VS\Projects\DocxDocument\DocumentModel.InOpenXml\Drawings.Diagrams\DiagramChooseElse.cs","DiagramChooseElse","Name","Property","14"
"D:\OneDrive\VS\Projects\DocxDocument\DocumentModel.InOpenXml\Drawings.Diagrams\DiagramChooseElse.cs","DiagramChooseElse","PresentationOf","Element","35"
"D:\OneDrive\VS\Projects\DocxDocument\DocumentModel.InOpenXml\Drawings.Diagrams\DiagramChooseElse.cs","DiagramChooseElse","RuleList","Element","49"
"D:\OneDrive\VS\Projects\DocxDocument\DocumentModel.InOpenXml\Drawings.Diagrams\DiagramChooseElse.cs","DiagramChooseElse","Shape","Element","28"
"D:\OneDrive\VS\Projects\DocxDocument\DocumentModel.InOpenXml\Drawings.Diagrams\DiagramChooseIf.cs","DiagramChooseIf","Algorithm","Element","91"
"D:\OneDrive\VS\Projects\DocxDocument\DocumentModel.InOpenXml\Drawings.Diagrams\DiagramChooseIf.cs","DiagramChooseIf","Argument","Property","70"
"D:\OneDrive\VS\Projects\DocxDocument\DocumentModel.InOpenXml\Drawings.Diagrams\DiagramChooseIf.cs","DiagramChooseIf","Axis","Property","21"
"D:\OneDrive\VS\Projects\DocxDocument\DocumentModel.InOpenXml\Drawings.Diagrams\DiagramChooseIf.cs","DiagramChooseIf","Choose","Element","140"
"D:\OneDrive\VS\Projects\DocxDocument\DocumentModel.InOpenXml\Drawings.Diagrams\DiagramChooseIf.cs","DiagramChooseIf","Constraints","Element","112"
"D:\OneDrive\VS\Projects\DocxDocument\DocumentModel.InOpenXml\Drawings.Diagrams\DiagramChooseIf.cs","DiagramChooseIf","Count","Property","49"
"D:\OneDrive\VS\Projects\DocxDocument\DocumentModel.InOpenXml\Drawings.Diagrams\DiagramChooseIf.cs","DiagramChooseIf","ExtensionList","Element","147"
"D:\OneDrive\VS\Projects\DocxDocument\DocumentModel.InOpenXml\Drawings.Diagrams\DiagramChooseIf.cs","DiagramChooseIf","ForEach","Element","126"
"D:\OneDrive\VS\Projects\DocxDocument\DocumentModel.InOpenXml\Drawings.Diagrams\DiagramChooseIf.cs","DiagramChooseIf","Function","Property","63"
"D:\OneDrive\VS\Projects\DocxDocument\DocumentModel.InOpenXml\Drawings.Diagrams\DiagramChooseIf.cs","DiagramChooseIf","HideLastTrans","Property","35"
"D:\OneDrive\VS\Projects\DocxDocument\DocumentModel.InOpenXml\Drawings.Diagrams\DiagramChooseIf.cs","DiagramChooseIf","LayoutNode","Element","133"
"D:\OneDrive\VS\Projects\DocxDocument\DocumentModel.InOpenXml\Drawings.Diagrams\DiagramChooseIf.cs","DiagramChooseIf","Name","Property","14"
"D:\OneDrive\VS\Projects\DocxDocument\DocumentModel.InOpenXml\Drawings.Diagrams\DiagramChooseIf.cs","DiagramChooseIf","Operator","Property","77"
"D:\OneDrive\VS\Projects\DocxDocument\DocumentModel.InOpenXml\Drawings.Diagrams\DiagramChooseIf.cs","DiagramChooseIf","PointType","Property","28"
"D:\OneDrive\VS\Projects\DocxDocument\DocumentModel.InOpenXml\Drawings.Diagrams\DiagramChooseIf.cs","DiagramChooseIf","PresentationOf","Element","105"
"D:\OneDrive\VS\Projects\DocxDocument\DocumentModel.InOpenXml\Drawings.Diagrams\DiagramChooseIf.cs","DiagramChooseIf","RuleList","Element","119"
"D:\OneDrive\VS\Projects\DocxDocument\DocumentModel.InOpenXml\Drawings.Diagrams\DiagramChooseIf.cs","DiagramChooseIf","Shape","Element","98"
"D:\OneDrive\VS\Projects\DocxDocument\DocumentModel.InOpenXml\Drawings.Diagrams\DiagramChooseIf.cs","DiagramChooseIf","Start","Property","42"
"D:\OneDrive\VS\Projects\DocxDocument\DocumentModel.InOpenXml\Drawings.Diagrams\DiagramChooseIf.cs","DiagramChooseIf","Step","Property","56"
"D:\OneDrive\VS\Projects\DocxDocument\DocumentModel.InOpenXml\Drawings.Diagrams\DiagramChooseIf.cs","DiagramChooseIf","Val","Property","84"
"D:\OneDrive\VS\Projects\DocxDocument\DocumentModel.InOpenXml\Drawings.Diagrams\ForEach.cs","ForEach","Algorithm","Element","70"
"D:\OneDrive\VS\Projects\DocxDocument\DocumentModel.InOpenXml\Drawings.Diagrams\ForEach.cs","ForEach","Axis","Property","28"
"D:\OneDrive\VS\Projects\DocxDocument\DocumentModel.InOpenXml\Drawings.Diagrams\ForEach.cs","ForEach","ChildForEach","Element","105"
"D:\OneDrive\VS\Projects\DocxDocument\DocumentModel.InOpenXml\Drawings.Diagrams\ForEach.cs","ForEach","Choose","Element","119"
"D:\OneDrive\VS\Projects\DocxDocument\DocumentModel.InOpenXml\Drawings.Diagrams\ForEach.cs","ForEach","Constraints","Element","91"
"D:\OneDrive\VS\Projects\DocxDocument\DocumentModel.InOpenXml\Drawings.Diagrams\ForEach.cs","ForEach","Count","Property","56"
"D:\OneDrive\VS\Projects\DocxDocument\DocumentModel.InOpenXml\Drawings.Diagrams\ForEach.cs","ForEach","ExtensionList","Element","126"
"D:\OneDrive\VS\Projects\DocxDocument\DocumentModel.InOpenXml\Drawings.Diagrams\ForEach.cs","ForEach","HideLastTrans","Property","42"
"D:\OneDrive\VS\Projects\DocxDocument\DocumentModel.InOpenXml\Drawings.Diagrams\ForEach.cs","ForEach","LayoutNode","Element","112"
"D:\OneDrive\VS\Projects\DocxDocument\DocumentModel.InOpenXml\Drawings.Diagrams\ForEach.cs","ForEach","Name","Property","14"
"D:\OneDrive\VS\Projects\DocxDocument\DocumentModel.InOpenXml\Drawings.Diagrams\ForEach.cs","ForEach","PointType","Property","35"
"D:\OneDrive\VS\Projects\DocxDocument\DocumentModel.InOpenXml\Drawings.Diagrams\ForEach.cs","ForEach","PresentationOf","Element","84"
"D:\OneDrive\VS\Projects\DocxDocument\DocumentModel.InOpenXml\Drawings.Diagrams\ForEach.cs","ForEach","Reference","Property","21"
"D:\OneDrive\VS\Projects\DocxDocument\DocumentModel.InOpenXml\Drawings.Diagrams\ForEach.cs","ForEach","RuleList","Element","98"
"D:\OneDrive\VS\Projects\DocxDocument\DocumentModel.InOpenXml\Drawings.Diagrams\ForEach.cs","ForEach","Shape","Element","77"
"D:\OneDrive\VS\Projects\DocxDocument\DocumentModel.InOpenXml\Drawings.Diagrams\ForEach.cs","ForEach","Start","Property","49"
"D:\OneDrive\VS\Projects\DocxDocument\DocumentModel.InOpenXml\Drawings.Diagrams\ForEach.cs","ForEach","Step","Property","63"
"D:\OneDrive\VS\Projects\DocxDocument\DocumentModel.InOpenXml\Drawings.Diagrams\LayoutDefinition.cs","LayoutDefinition","CategoryList","Element","49"
"D:\OneDrive\VS\Projects\DocxDocument\DocumentModel.InOpenXml\Drawings.Diagrams\LayoutDefinition.cs","LayoutDefinition","ColorData","Element","70"
"D:\OneDrive\VS\Projects\DocxDocument\DocumentModel.InOpenXml\Drawings.Diagrams\LayoutDefinition.cs","LayoutDefinition","DefaultStyle","Property","28"
"D:\OneDrive\VS\Projects\DocxDocument\DocumentModel.InOpenXml\Drawings.Diagrams\LayoutDefinition.cs","LayoutDefinition","Descriptions","Element","42"
"D:\OneDrive\VS\Projects\DocxDocument\DocumentModel.InOpenXml\Drawings.Diagrams\LayoutDefinition.cs","LayoutDefinition","DiagramDefinitionExtensionList","Element","84"
"D:\OneDrive\VS\Projects\DocxDocument\DocumentModel.InOpenXml\Drawings.Diagrams\LayoutDefinition.cs","LayoutDefinition","LayoutNode","Element","77"
"D:\OneDrive\VS\Projects\DocxDocument\DocumentModel.InOpenXml\Drawings.Diagrams\LayoutDefinition.cs","LayoutDefinition","MinVersion","Property","21"
"D:\OneDrive\VS\Projects\DocxDocument\DocumentModel.InOpenXml\Drawings.Diagrams\LayoutDefinition.cs","LayoutDefinition","SampleData","Element","56"
"D:\OneDrive\VS\Projects\DocxDocument\DocumentModel.InOpenXml\Drawings.Diagrams\LayoutDefinition.cs","LayoutDefinition","StyleData","Element","63"
"D:\OneDrive\VS\Projects\DocxDocument\DocumentModel.InOpenXml\Drawings.Diagrams\LayoutDefinition.cs","LayoutDefinition","Titles","Element","35"
"D:\OneDrive\VS\Projects\DocxDocument\DocumentModel.InOpenXml\Drawings.Diagrams\LayoutDefinition.cs","LayoutDefinition","UniqueId","Property","14"
"D:\OneDrive\VS\Projects\DocxDocument\DocumentModel.InOpenXml\Drawings.Diagrams\LayoutNode.cs","LayoutNode","Algorithm","Element","42"
"D:\OneDrive\VS\Projects\DocxDocument\DocumentModel.InOpenXml\Drawings.Diagrams\LayoutNode.cs","LayoutNode","ChildLayoutNode","Element","91"
"D:\OneDrive\VS\Projects\DocxDocument\DocumentModel.InOpenXml\Drawings.Diagrams\LayoutNode.cs","LayoutNode","ChildOrder","Property","28"
"D:\OneDrive\VS\Projects\DocxDocument\DocumentModel.InOpenXml\Drawings.Diagrams\LayoutNode.cs","LayoutNode","Choose","Element","98"
"D:\OneDrive\VS\Projects\DocxDocument\DocumentModel.InOpenXml\Drawings.Diagrams\LayoutNode.cs","LayoutNode","Constraints","Element","63"
"D:\OneDrive\VS\Projects\DocxDocument\DocumentModel.InOpenXml\Drawings.Diagrams\LayoutNode.cs","LayoutNode","ExtensionList","Element","105"
"D:\OneDrive\VS\Projects\DocxDocument\DocumentModel.InOpenXml\Drawings.Diagrams\LayoutNode.cs","LayoutNode","ForEach","Element","84"
"D:\OneDrive\VS\Projects\DocxDocument\DocumentModel.InOpenXml\Drawings.Diagrams\LayoutNode.cs","LayoutNode","MoveWith","Property","35"
"D:\OneDrive\VS\Projects\DocxDocument\DocumentModel.InOpenXml\Drawings.Diagrams\LayoutNode.cs","LayoutNode","Name","Property","14"
"D:\OneDrive\VS\Projects\DocxDocument\DocumentModel.InOpenXml\Drawings.Diagrams\LayoutNode.cs","LayoutNode","PresentationOf","Element","56"
"D:\OneDrive\VS\Projects\DocxDocument\DocumentModel.InOpenXml\Drawings.Diagrams\LayoutNode.cs","LayoutNode","RuleList","Element","70"
"D:\OneDrive\VS\Projects\DocxDocument\DocumentModel.InOpenXml\Drawings.Diagrams\LayoutNode.cs","LayoutNode","Shape","Element","49"
"D:\OneDrive\VS\Projects\DocxDocument\DocumentModel.InOpenXml\Drawings.Diagrams\LayoutNode.cs","LayoutNode","StyleLabel","Property","21"
"D:\OneDrive\VS\Projects\DocxDocument\DocumentModel.InOpenXml\Drawings.Diagrams\LayoutNode.cs","LayoutNode","VariableList","Element","77"
"D:\OneDrive\VS\Projects\DocxDocument\DocumentModel.InOpenXml\Drawings.Diagrams\NonVisualDrawingProperties.cs","NonVisualDrawingProperties","Description","Property","28"
"D:\OneDrive\VS\Projects\DocxDocument\DocumentModel.InOpenXml\Drawings.Diagrams\NonVisualDrawingProperties.cs","NonVisualDrawingProperties","Hidden","Property","35"
"D:\OneDrive\VS\Projects\DocxDocument\DocumentModel.InOpenXml\Drawings.Diagrams\NonVisualDrawingProperties.cs","NonVisualDrawingProperties","HyperlinkOnClick","Property","49"
"D:\OneDrive\VS\Projects\DocxDocument\DocumentModel.InOpenXml\Drawings.Diagrams\NonVisualDrawingProperties.cs","NonVisualDrawingProperties","HyperlinkOnHover","Property","56"
"D:\OneDrive\VS\Projects\DocxDocument\DocumentModel.InOpenXml\Drawings.Diagrams\NonVisualDrawingProperties.cs","NonVisualDrawingProperties","Id","Property","14"
"D:\OneDrive\VS\Projects\DocxDocument\DocumentModel.InOpenXml\Drawings.Diagrams\NonVisualDrawingProperties.cs","NonVisualDrawingProperties","Name","Property","21"
"D:\OneDrive\VS\Projects\DocxDocument\DocumentModel.InOpenXml\Drawings.Diagrams\NonVisualDrawingProperties.cs","NonVisualDrawingProperties","NonVisualDrawingPropertiesExtensionList","Property","63"
"D:\OneDrive\VS\Projects\DocxDocument\DocumentModel.InOpenXml\Drawings.Diagrams\NonVisualDrawingProperties.cs","NonVisualDrawingProperties","Title","Property","42"
"D:\OneDrive\VS\Projects\DocxDocument\DocumentModel.InOpenXml\Drawings.Diagrams\NumberDiagramInfo.cs","NumberDiagramInfo","DiagramAutoBullet","Property","30"
"D:\OneDrive\VS\Projects\DocxDocument\DocumentModel.InOpenXml\Drawings.Diagrams\NumberDiagramInfo.cs","NumberDiagramInfo","Lvl","Property","16"
"D:\OneDrive\VS\Projects\DocxDocument\DocumentModel.InOpenXml\Drawings.Diagrams\NumberDiagramInfo.cs","NumberDiagramInfo","PtType","Property","23"
"D:\OneDrive\VS\Projects\DocxDocument\DocumentModel.InOpenXml\Drawings.Diagrams\Parameter.cs","Parameter","Type","Property","14"
"D:\OneDrive\VS\Projects\DocxDocument\DocumentModel.InOpenXml\Drawings.Diagrams\Parameter.cs","Parameter","Val","Property","21"
"D:\OneDrive\VS\Projects\DocxDocument\DocumentModel.InOpenXml\Drawings.Diagrams\PictureBullet.cs","PictureBullet","Blip","Property","14"
"D:\OneDrive\VS\Projects\DocxDocument\DocumentModel.InOpenXml\Drawings.Diagrams\Point.cs","Point","ConnectionId","Property","28"
"D:\OneDrive\VS\Projects\DocxDocument\DocumentModel.InOpenXml\Drawings.Diagrams\Point.cs","Point","ModelId","Property","14"
"D:\OneDrive\VS\Projects\DocxDocument\DocumentModel.InOpenXml\Drawings.Diagrams\Point.cs","Point","PropertySet","Property","35"
"D:\OneDrive\VS\Projects\DocxDocument\DocumentModel.InOpenXml\Drawings.Diagrams\Point.cs","Point","PtExtensionList","Property","56"
"D:\OneDrive\VS\Projects\DocxDocument\DocumentModel.InOpenXml\Drawings.Diagrams\Point.cs","Point","ShapeProperties","Property","42"
"D:\OneDrive\VS\Projects\DocxDocument\DocumentModel.InOpenXml\Drawings.Diagrams\Point.cs","Point","TextBody","Property","49"
"D:\OneDrive\VS\Projects\DocxDocument\DocumentModel.InOpenXml\Drawings.Diagrams\Point.cs","Point","Type","Property","21"
"D:\OneDrive\VS\Projects\DocxDocument\DocumentModel.InOpenXml\Drawings.Diagrams\PresentationOf.cs","PresentationOf","Axis","Property","14"
"D:\OneDrive\VS\Projects\DocxDocument\DocumentModel.InOpenXml\Drawings.Diagrams\PresentationOf.cs","PresentationOf","Count","Property","42"
"D:\OneDrive\VS\Projects\DocxDocument\DocumentModel.InOpenXml\Drawings.Diagrams\PresentationOf.cs","PresentationOf","ExtensionList","Property","56"
"D:\OneDrive\VS\Projects\DocxDocument\DocumentModel.InOpenXml\Drawings.Diagrams\PresentationOf.cs","PresentationOf","HideLastTrans","Property","28"
"D:\OneDrive\VS\Projects\DocxDocument\DocumentModel.InOpenXml\Drawings.Diagrams\PresentationOf.cs","PresentationOf","PointType","Property","21"
"D:\OneDrive\VS\Projects\DocxDocument\DocumentModel.InOpenXml\Drawings.Diagrams\PresentationOf.cs","PresentationOf","Start","Property","35"
"D:\OneDrive\VS\Projects\DocxDocument\DocumentModel.InOpenXml\Drawings.Diagrams\PresentationOf.cs","PresentationOf","Step","Property","49"
"D:\OneDrive\VS\Projects\DocxDocument\DocumentModel.InOpenXml\Drawings.Diagrams\PropertySet.cs","PropertySet","Coherent3D","Property","91"
"D:\OneDrive\VS\Projects\DocxDocument\DocumentModel.InOpenXml\Drawings.Diagrams\PropertySet.cs","PropertySet","ColorCategoryId","Property","84"
"D:\OneDrive\VS\Projects\DocxDocument\DocumentModel.InOpenXml\Drawings.Diagrams\PropertySet.cs","PropertySet","ColorType","Property","77"
"D:\OneDrive\VS\Projects\DocxDocument\DocumentModel.InOpenXml\Drawings.Diagrams\PropertySet.cs","PropertySet","FactorHeight","Property","175"
"D:\OneDrive\VS\Projects\DocxDocument\DocumentModel.InOpenXml\Drawings.Diagrams\PropertySet.cs","PropertySet","FactorWidth","Property","168"
"D:\OneDrive\VS\Projects\DocxDocument\DocumentModel.InOpenXml\Drawings.Diagrams\PropertySet.cs","PropertySet","FixedHeightOverride","Property","140"
"D:\OneDrive\VS\Projects\DocxDocument\DocumentModel.InOpenXml\Drawings.Diagrams\PropertySet.cs","PropertySet","FixedWidthOverride","Property","133"
"D:\OneDrive\VS\Projects\DocxDocument\DocumentModel.InOpenXml\Drawings.Diagrams\PropertySet.cs","PropertySet","HightScale","Element","154"
"D:\OneDrive\VS\Projects\DocxDocument\DocumentModel.InOpenXml\Drawings.Diagrams\PropertySet.cs","PropertySet","HorizontalFlip","Property","126"
"D:\OneDrive\VS\Projects\DocxDocument\DocumentModel.InOpenXml\Drawings.Diagrams\PropertySet.cs","PropertySet","IncludeAngleScale","Property","203"
"D:\OneDrive\VS\Projects\DocxDocument\DocumentModel.InOpenXml\Drawings.Diagrams\PropertySet.cs","PropertySet","LayoutCategoryId","Property","56"
"D:\OneDrive\VS\Projects\DocxDocument\DocumentModel.InOpenXml\Drawings.Diagrams\PropertySet.cs","PropertySet","LayoutTypeId","Property","49"
"D:\OneDrive\VS\Projects\DocxDocument\DocumentModel.InOpenXml\Drawings.Diagrams\PropertySet.cs","PropertySet","NeighborOffsetHeight","Property","189"
"D:\OneDrive\VS\Projects\DocxDocument\DocumentModel.InOpenXml\Drawings.Diagrams\PropertySet.cs","PropertySet","NeighborOffsetWidth","Property","182"
"D:\OneDrive\VS\Projects\DocxDocument\DocumentModel.InOpenXml\Drawings.Diagrams\PropertySet.cs","PropertySet","Placeholder","Property","105"
"D:\OneDrive\VS\Projects\DocxDocument\DocumentModel.InOpenXml\Drawings.Diagrams\PropertySet.cs","PropertySet","PlaceholderText","Property","98"
"D:\OneDrive\VS\Projects\DocxDocument\DocumentModel.InOpenXml\Drawings.Diagrams\PropertySet.cs","PropertySet","PresentationElementId","Property","14"
"D:\OneDrive\VS\Projects\DocxDocument\DocumentModel.InOpenXml\Drawings.Diagrams\PropertySet.cs","PropertySet","PresentationLayoutVariables","Property","210"
"D:\OneDrive\VS\Projects\DocxDocument\DocumentModel.InOpenXml\Drawings.Diagrams\PropertySet.cs","PropertySet","PresentationName","Property","21"
"D:\OneDrive\VS\Projects\DocxDocument\DocumentModel.InOpenXml\Drawings.Diagrams\PropertySet.cs","PropertySet","PresentationStyleCount","Property","42"
"D:\OneDrive\VS\Projects\DocxDocument\DocumentModel.InOpenXml\Drawings.Diagrams\PropertySet.cs","PropertySet","PresentationStyleIndex","Property","35"
"D:\OneDrive\VS\Projects\DocxDocument\DocumentModel.InOpenXml\Drawings.Diagrams\PropertySet.cs","PropertySet","PresentationStyleLabel","Property","28"
"D:\OneDrive\VS\Projects\DocxDocument\DocumentModel.InOpenXml\Drawings.Diagrams\PropertySet.cs","PropertySet","QuickStyleCategoryId","Property","70"
"D:\OneDrive\VS\Projects\DocxDocument\DocumentModel.InOpenXml\Drawings.Diagrams\PropertySet.cs","PropertySet","QuickStyleTypeId","Property","63"
"D:\OneDrive\VS\Projects\DocxDocument\DocumentModel.InOpenXml\Drawings.Diagrams\PropertySet.cs","PropertySet","RadiusScale","Property","196"
"D:\OneDrive\VS\Projects\DocxDocument\DocumentModel.InOpenXml\Drawings.Diagrams\PropertySet.cs","PropertySet","Rotation","Property","112"
"D:\OneDrive\VS\Projects\DocxDocument\DocumentModel.InOpenXml\Drawings.Diagrams\PropertySet.cs","PropertySet","Style","Property","217"
"D:\OneDrive\VS\Projects\DocxDocument\DocumentModel.InOpenXml\Drawings.Diagrams\PropertySet.cs","PropertySet","TextChanged","Property","161"
"D:\OneDrive\VS\Projects\DocxDocument\DocumentModel.InOpenXml\Drawings.Diagrams\PropertySet.cs","PropertySet","VerticalFlip","Property","119"
"D:\OneDrive\VS\Projects\DocxDocument\DocumentModel.InOpenXml\Drawings.Diagrams\PropertySet.cs","PropertySet","WidthScale","Property","147"
"D:\OneDrive\VS\Projects\DocxDocument\DocumentModel.InOpenXml\Drawings.Diagrams\Rule.cs","Rule","ExtensionList","Property","63"
"D:\OneDrive\VS\Projects\DocxDocument\DocumentModel.InOpenXml\Drawings.Diagrams\Rule.cs","Rule","Fact","Property","49"
"D:\OneDrive\VS\Projects\DocxDocument\DocumentModel.InOpenXml\Drawings.Diagrams\Rule.cs","Rule","For","Property","21"
"D:\OneDrive\VS\Projects\DocxDocument\DocumentModel.InOpenXml\Drawings.Diagrams\Rule.cs","Rule","ForName","Property","28"
"D:\OneDrive\VS\Projects\DocxDocument\DocumentModel.InOpenXml\Drawings.Diagrams\Rule.cs","Rule","Max","Property","56"
"D:\OneDrive\VS\Projects\DocxDocument\DocumentModel.InOpenXml\Drawings.Diagrams\Rule.cs","Rule","PointType","Property","35"
"D:\OneDrive\VS\Projects\DocxDocument\DocumentModel.InOpenXml\Drawings.Diagrams\Rule.cs","Rule","Type","Property","14"
"D:\OneDrive\VS\Projects\DocxDocument\DocumentModel.InOpenXml\Drawings.Diagrams\Rule.cs","Rule","Val","Property","42"
"D:\OneDrive\VS\Projects\DocxDocument\DocumentModel.InOpenXml\Drawings.Diagrams\SampleDataType.cs","SampleDataType","DataModel","Property","21"
"D:\OneDrive\VS\Projects\DocxDocument\DocumentModel.InOpenXml\Drawings.Diagrams\SampleDataType.cs","SampleDataType","UseDefault","Property","14"
"D:\OneDrive\VS\Projects\DocxDocument\DocumentModel.InOpenXml\Drawings.Diagrams\Shape.cs","Shape","AdjustList","Property","63"
"D:\OneDrive\VS\Projects\DocxDocument\DocumentModel.InOpenXml\Drawings.Diagrams\Shape.cs","Shape","Blip","Property","28"
"D:\OneDrive\VS\Projects\DocxDocument\DocumentModel.InOpenXml\Drawings.Diagrams\Shape.cs","Shape","BlipPlaceholder","Property","56"
"D:\OneDrive\VS\Projects\DocxDocument\DocumentModel.InOpenXml\Drawings.Diagrams\Shape.cs","Shape","ExtensionList","Property","70"
"D:\OneDrive\VS\Projects\DocxDocument\DocumentModel.InOpenXml\Drawings.Diagrams\Shape.cs","Shape","HideGeometry","Property","42"
"D:\OneDrive\VS\Projects\DocxDocument\DocumentModel.InOpenXml\Drawings.Diagrams\Shape.cs","Shape","LockedText","Property","49"
"D:\OneDrive\VS\Projects\DocxDocument\DocumentModel.InOpenXml\Drawings.Diagrams\Shape.cs","Shape","Rotation","Property","14"
"D:\OneDrive\VS\Projects\DocxDocument\DocumentModel.InOpenXml\Drawings.Diagrams\Shape.cs","Shape","Type","Property","21"
"D:\OneDrive\VS\Projects\DocxDocument\DocumentModel.InOpenXml\Drawings.Diagrams\Shape.cs","Shape","ZOrderOffset","Property","35"
"D:\OneDrive\VS\Projects\DocxDocument\DocumentModel.InOpenXml\Drawings.Diagrams\ShapeProperties.cs","ShapeProperties","BlackWhiteMode","Property","14"
"D:\OneDrive\VS\Projects\DocxDocument\DocumentModel.InOpenXml\Drawings.Diagrams\ShapeProperties.cs","ShapeProperties","CustomGeometry","Element","28"
"D:\OneDrive\VS\Projects\DocxDocument\DocumentModel.InOpenXml\Drawings.Diagrams\ShapeProperties.cs","ShapeProperties","EffectDag","Element","63"
"D:\OneDrive\VS\Projects\DocxDocument\DocumentModel.InOpenXml\Drawings.Diagrams\ShapeProperties.cs","ShapeProperties","EffectList","Element","56"
"D:\OneDrive\VS\Projects\DocxDocument\DocumentModel.InOpenXml\Drawings.Diagrams\ShapeProperties.cs","ShapeProperties","Fill","Element","42"
"D:\OneDrive\VS\Projects\DocxDocument\DocumentModel.InOpenXml\Drawings.Diagrams\ShapeProperties.cs","ShapeProperties","Outline","Element","49"
"D:\OneDrive\VS\Projects\DocxDocument\DocumentModel.InOpenXml\Drawings.Diagrams\ShapeProperties.cs","ShapeProperties","PresetGeometry","Element","35"
"D:\OneDrive\VS\Projects\DocxDocument\DocumentModel.InOpenXml\Drawings.Diagrams\ShapeProperties.cs","ShapeProperties","Scene3DType","Element","70"
"D:\OneDrive\VS\Projects\DocxDocument\DocumentModel.InOpenXml\Drawings.Diagrams\ShapeProperties.cs","ShapeProperties","Shape3DType","Element","77"
"D:\OneDrive\VS\Projects\DocxDocument\DocumentModel.InOpenXml\Drawings.Diagrams\ShapeProperties.cs","ShapeProperties","ShapePropertiesExtensionList","Element","84"
"D:\OneDrive\VS\Projects\DocxDocument\DocumentModel.InOpenXml\Drawings.Diagrams\ShapeProperties.cs","ShapeProperties","Transform2D","Property","21"
"D:\OneDrive\VS\Projects\DocxDocument\DocumentModel.InOpenXml\Drawings.Diagrams\Style.cs","Style","EffectReference","Property","28"
"D:\OneDrive\VS\Projects\DocxDocument\DocumentModel.InOpenXml\Drawings.Diagrams\Style.cs","Style","FillReference","Property","21"
"D:\OneDrive\VS\Projects\DocxDocument\DocumentModel.InOpenXml\Drawings.Diagrams\Style.cs","Style","FontReference","Property","35"
"D:\OneDrive\VS\Projects\DocxDocument\DocumentModel.InOpenXml\Drawings.Diagrams\Style.cs","Style","LineReference","Property","14"
"D:\OneDrive\VS\Projects\DocxDocument\DocumentModel.InOpenXml\Drawings.Diagrams\StyleDefinition.cs","StyleDefinition","ExtensionList","Element","63"
"D:\OneDrive\VS\Projects\DocxDocument\DocumentModel.InOpenXml\Drawings.Diagrams\StyleDefinition.cs","StyleDefinition","MinVersion","Property","21"
"D:\OneDrive\VS\Projects\DocxDocument\DocumentModel.InOpenXml\Drawings.Diagrams\StyleDefinition.cs","StyleDefinition","Scene3D","Element","49"
"D:\OneDrive\VS\Projects\DocxDocument\DocumentModel.InOpenXml\Drawings.Diagrams\StyleDefinition.cs","StyleDefinition","StyleDefinitionTitles","Element","28"
"D:\OneDrive\VS\Projects\DocxDocument\DocumentModel.InOpenXml\Drawings.Diagrams\StyleDefinition.cs","StyleDefinition","StyleDisplayCategories","Element","42"
"D:\OneDrive\VS\Projects\DocxDocument\DocumentModel.InOpenXml\Drawings.Diagrams\StyleDefinition.cs","StyleDefinition","StyleLabel","Element","56"
"D:\OneDrive\VS\Projects\DocxDocument\DocumentModel.InOpenXml\Drawings.Diagrams\StyleDefinition.cs","StyleDefinition","StyleLabelDescriptions","Element","35"
"D:\OneDrive\VS\Projects\DocxDocument\DocumentModel.InOpenXml\Drawings.Diagrams\StyleDefinition.cs","StyleDefinition","UniqueId","Property","14"
"D:\OneDrive\VS\Projects\DocxDocument\DocumentModel.InOpenXml\Drawings.Diagrams\StyleDefinitionTitle.cs","StyleDefinitionTitle","Language","Property","14"
"D:\OneDrive\VS\Projects\DocxDocument\DocumentModel.InOpenXml\Drawings.Diagrams\StyleDefinitionTitle.cs","StyleDefinitionTitle","Val","Property","21"
"D:\OneDrive\VS\Projects\DocxDocument\DocumentModel.InOpenXml\Drawings.Diagrams\StyleDisplayCategory.cs","StyleDisplayCategory","Priority","Property","21"
"D:\OneDrive\VS\Projects\DocxDocument\DocumentModel.InOpenXml\Drawings.Diagrams\StyleDisplayCategory.cs","StyleDisplayCategory","Type","Property","14"
"D:\OneDrive\VS\Projects\DocxDocument\DocumentModel.InOpenXml\Drawings.Diagrams\StyleLabel.cs","StyleLabel","ExtensionList","Property","49"
"D:\OneDrive\VS\Projects\DocxDocument\DocumentModel.InOpenXml\Drawings.Diagrams\StyleLabel.cs","StyleLabel","Name","Property","14"
"D:\OneDrive\VS\Projects\DocxDocument\DocumentModel.InOpenXml\Drawings.Diagrams\StyleLabel.cs","StyleLabel","Scene3D","Property","21"
"D:\OneDrive\VS\Projects\DocxDocument\DocumentModel.InOpenXml\Drawings.Diagrams\StyleLabel.cs","StyleLabel","Shape3D","Property","28"
"D:\OneDrive\VS\Projects\DocxDocument\DocumentModel.InOpenXml\Drawings.Diagrams\StyleLabel.cs","StyleLabel","Style","Property","42"
"D:\OneDrive\VS\Projects\DocxDocument\DocumentModel.InOpenXml\Drawings.Diagrams\StyleLabel.cs","StyleLabel","TextProperties","Property","35"
"D:\OneDrive\VS\Projects\DocxDocument\DocumentModel.InOpenXml\Drawings.Diagrams\StyleLabelDescription.cs","StyleLabelDescription","Language","Property","14"
"D:\OneDrive\VS\Projects\DocxDocument\DocumentModel.InOpenXml\Drawings.Diagrams\StyleLabelDescription.cs","StyleLabelDescription","Val","Property","21"
"D:\OneDrive\VS\Projects\DocxDocument\DocumentModel.InOpenXml\Drawings.Diagrams\TextBody.cs","TextBody","BodyProperties","Property","14"
"D:\OneDrive\VS\Projects\DocxDocument\DocumentModel.InOpenXml\Drawings.Diagrams\TextBody.cs","TextBody","ListStyle","Property","21"
"D:\OneDrive\VS\Projects\DocxDocument\DocumentModel.InOpenXml\Drawings.Diagrams\TextBody.cs","TextBody","Paragraph","Element","28"
"D:\OneDrive\VS\Projects\DocxDocument\DocumentModel.InOpenXml\Drawings.Diagrams\TextProperties.cs","TextProperties","FlatText","Property","21"
"D:\OneDrive\VS\Projects\DocxDocument\DocumentModel.InOpenXml\Drawings.Diagrams\TextProperties.cs","TextProperties","Shape3DType","Property","14"
"D:\OneDrive\VS\Projects\DocxDocument\DocumentModel.InOpenXml\Drawings.Diagrams\Title.cs","Title","Language","Property","14"
"D:\OneDrive\VS\Projects\DocxDocument\DocumentModel.InOpenXml\Drawings.Diagrams\Title.cs","Title","Val","Property","21"
"D:\OneDrive\VS\Projects\DocxDocument\DocumentModel.InOpenXml\Drawings.Diagrams\Whole.cs","Whole","EffectDag","Element","28"
"D:\OneDrive\VS\Projects\DocxDocument\DocumentModel.InOpenXml\Drawings.Diagrams\Whole.cs","Whole","EffectList","Element","21"
"D:\OneDrive\VS\Projects\DocxDocument\DocumentModel.InOpenXml\Drawings.Diagrams\Whole.cs","Whole","Outline","Property","14"
"D:\OneDrive\VS\Projects\DocxDocument\DocumentModel.InOpenXml\Drawings.Office.OEmbed\OEmbedShared.cs","OEmbedShared","OfficeArtExtensionList","Property","28"
"D:\OneDrive\VS\Projects\DocxDocument\DocumentModel.InOpenXml\Drawings.Office.OEmbed\OEmbedShared.cs","OEmbedShared","SrcUrl","Property","14"
"D:\OneDrive\VS\Projects\DocxDocument\DocumentModel.InOpenXml\Drawings.Office.OEmbed\OEmbedShared.cs","OEmbedShared","Type","Property","21"
"D:\OneDrive\VS\Projects\DocxDocument\DocumentModel.InOpenXml\Drawings.Office\DataModelExtensionBlock.cs","DataModelExtensionBlock","MinVer","Property","21"
"D:\OneDrive\VS\Projects\DocxDocument\DocumentModel.InOpenXml\Drawings.Office\DataModelExtensionBlock.cs","DataModelExtensionBlock","RelId","Property","14"
"D:\OneDrive\VS\Projects\DocxDocument\DocumentModel.InOpenXml\Drawings.Office\Drawing.cs","Drawing","ShapeTree","Property","14"
"D:\OneDrive\VS\Projects\DocxDocument\DocumentModel.InOpenXml\Drawings.Office\GroupShape.cs","GroupShape","GroupShapeNonVisualProperties","Property","15"
"D:\OneDrive\VS\Projects\DocxDocument\DocumentModel.InOpenXml\Drawings.Office\GroupShape.cs","GroupShape","GroupShapeProperties","Property","22"
"D:\OneDrive\VS\Projects\DocxDocument\DocumentModel.InOpenXml\Drawings.Office\GroupShapeNonVisualProperties.cs","GroupShapeNonVisualProperties","NonVisualDrawingProperties","Property","14"
"D:\OneDrive\VS\Projects\DocxDocument\DocumentModel.InOpenXml\Drawings.Office\GroupShapeNonVisualProperties.cs","GroupShapeNonVisualProperties","NonVisualGroupDrawingShapeProperties","Property","21"
"D:\OneDrive\VS\Projects\DocxDocument\DocumentModel.InOpenXml\Drawings.Office\GroupShapeProperties.cs","GroupShapeProperties","BlackWhiteMode","Property","14"
"D:\OneDrive\VS\Projects\DocxDocument\DocumentModel.InOpenXml\Drawings.Office\GroupShapeProperties.cs","GroupShapeProperties","TransformGroup","Property","21"
"D:\OneDrive\VS\Projects\DocxDocument\DocumentModel.InOpenXml\Drawings.Office\GroupShapeType.cs","GroupShapeType","GroupShapeNonVisualProperties","Property","14"
"D:\OneDrive\VS\Projects\DocxDocument\DocumentModel.InOpenXml\Drawings.Office\GroupShapeType.cs","GroupShapeType","GroupShapeProperties","Property","21"
"D:\OneDrive\VS\Projects\DocxDocument\DocumentModel.InOpenXml\Drawings.Office\Shape.cs","Shape","ModelId","Property","14"
"D:\OneDrive\VS\Projects\DocxDocument\DocumentModel.InOpenXml\Drawings.Office\Shape.cs","Shape","OfficeArtExtensionList","Property","56"
"D:\OneDrive\VS\Projects\DocxDocument\DocumentModel.InOpenXml\Drawings.Office\Shape.cs","Shape","ShapeNonVisualProperties","Property","21"
"D:\OneDrive\VS\Projects\DocxDocument\DocumentModel.InOpenXml\Drawings.Office\Shape.cs","Shape","ShapeProperties","Property","28"
"D:\OneDrive\VS\Projects\DocxDocument\DocumentModel.InOpenXml\Drawings.Office\Shape.cs","Shape","ShapeStyle","Property","35"
"D:\OneDrive\VS\Projects\DocxDocument\DocumentModel.InOpenXml\Drawings.Office\Shape.cs","Shape","TextBody","Property","42"
"D:\OneDrive\VS\Projects\DocxDocument\DocumentModel.InOpenXml\Drawings.Office\Shape.cs","Shape","Transform2D","Property","49"
"D:\OneDrive\VS\Projects\DocxDocument\DocumentModel.InOpenXml\Drawings.Office\ShapeNonVisualProperties.cs","ShapeNonVisualProperties","NonVisualDrawingProperties","Property","14"
"D:\OneDrive\VS\Projects\DocxDocument\DocumentModel.InOpenXml\Drawings.Office\ShapeNonVisualProperties.cs","ShapeNonVisualProperties","NonVisualDrawingShapeProperties","Property","21"
"D:\OneDrive\VS\Projects\DocxDocument\DocumentModel.InOpenXml\Drawings.Office\ShapeProperties.cs","ShapeProperties","BlackWhiteMode","Property","15"
"D:\OneDrive\VS\Projects\DocxDocument\DocumentModel.InOpenXml\Drawings.Office\ShapeProperties.cs","ShapeProperties","Transform2D","Property","22"
"D:\OneDrive\VS\Projects\DocxDocument\DocumentModel.InOpenXml\Drawings.Office\ShapeTree.cs","ShapeTree","GroupShapeNonVisualProperties","Property","15"
"D:\OneDrive\VS\Projects\DocxDocument\DocumentModel.InOpenXml\Drawings.Office\ShapeTree.cs","ShapeTree","GroupShapeProperties","Property","22"
"D:\OneDrive\VS\Projects\DocxDocument\DocumentModel.InOpenXml\Drawings.Office\TextBody.cs","TextBody","BodyProperties","Property","15"
"D:\OneDrive\VS\Projects\DocxDocument\DocumentModel.InOpenXml\Drawings.Office\TextBody.cs","TextBody","ListStyle","Property","22"
"D:\OneDrive\VS\Projects\DocxDocument\DocumentModel.InOpenXml\Drawings.Pictures\BlipFill.cs","BlipFill","Blip","Property","29"
"D:\OneDrive\VS\Projects\DocxDocument\DocumentModel.InOpenXml\Drawings.Pictures\BlipFill.cs","BlipFill","Dpi","Property","15"
"D:\OneDrive\VS\Projects\DocxDocument\DocumentModel.InOpenXml\Drawings.Pictures\BlipFill.cs","BlipFill","RotateWithShape","Property","22"
"D:\OneDrive\VS\Projects\DocxDocument\DocumentModel.InOpenXml\Drawings.Pictures\BlipFill.cs","BlipFill","SourceRectangle","Property","36"
"D:\OneDrive\VS\Projects\DocxDocument\DocumentModel.InOpenXml\Drawings.Pictures\ShapeProperties.cs","ShapeProperties","BlackWhiteMode","Property","15"
"D:\OneDrive\VS\Projects\DocxDocument\DocumentModel.InOpenXml\Drawings.Pictures\ShapeProperties.cs","ShapeProperties","Transform2D","Property","22"
"D:\OneDrive\VS\Projects\DocxDocument\DocumentModel.InOpenXml\Drawings.SVG\SVGBlip.cs","SVGBlip","Embed","Property","14"
"D:\OneDrive\VS\Projects\DocxDocument\DocumentModel.InOpenXml\Drawings.SVG\SVGBlip.cs","SVGBlip","Link","Property","21"
"D:\OneDrive\VS\Projects\DocxDocument\DocumentModel.InOpenXml\Drawings\3D\FlatText.cs","FlatText","Z","Property","14"
"D:\OneDrive\VS\Projects\DocxDocument\DocumentModel.InOpenXml\Drawings\3D\Scene3D.cs","Scene3D","Camera","Property","27"
"D:\OneDrive\VS\Projects\DocxDocument\DocumentModel.InOpenXml\Drawings\3D\Scene3D.cs","Scene3D","LightRig","Property","33"
"D:\OneDrive\VS\Projects\DocxDocument\DocumentModel.InOpenXml\Drawings\Artistic drawings\ArtisticChalkSketch.cs","ArtisticChalkSketch","Pressure","Property","20"
"D:\OneDrive\VS\Projects\DocxDocument\DocumentModel.InOpenXml\Drawings\Artistic drawings\ArtisticCrisscrossEtching.cs","ArtisticCrisscrossEtching","Pressure","Property","20"
"D:\OneDrive\VS\Projects\DocxDocument\DocumentModel.InOpenXml\Drawings\Artistic drawings\ArtisticCutout.cs","ArtisticCutout","NumberOfShades","Property","20"
"D:\OneDrive\VS\Projects\DocxDocument\DocumentModel.InOpenXml\Drawings\Artistic drawings\ArtisticFilmGrain.cs","ArtisticFilmGrain","GrainSize","Property","20"
"D:\OneDrive\VS\Projects\DocxDocument\DocumentModel.InOpenXml\Drawings\Artistic drawings\ArtisticGlass.cs","ArtisticGlass","Scaling","Property","20"
"D:\OneDrive\VS\Projects\DocxDocument\DocumentModel.InOpenXml\Drawings\Artistic drawings\ArtisticGlowDiffused.cs","ArtisticGlowDiffused","Intensity","Property","20"
"D:\OneDrive\VS\Projects\DocxDocument\DocumentModel.InOpenXml\Drawings\Artistic drawings\ArtisticGlowEdges.cs","ArtisticGlowEdges","Smoothness","Property","20"
"D:\OneDrive\VS\Projects\DocxDocument\DocumentModel.InOpenXml\Drawings\Artistic drawings\ArtisticLightScreen.cs","ArtisticLightScreen","GridSize","Property","20"
"D:\OneDrive\VS\Projects\DocxDocument\DocumentModel.InOpenXml\Drawings\Artistic drawings\ArtisticLineDrawing.cs","ArtisticLineDrawing","PencilSize","Property","20"
"D:\OneDrive\VS\Projects\DocxDocument\DocumentModel.InOpenXml\Drawings\Artistic drawings\ArtisticMarker.cs","ArtisticMarker","Size","Property","20"
"D:\OneDrive\VS\Projects\DocxDocument\DocumentModel.InOpenXml\Drawings\Artistic drawings\ArtisticMosaicBubbles.cs","ArtisticMosaicBubbles","Pressure","Property","20"
"D:\OneDrive\VS\Projects\DocxDocument\DocumentModel.InOpenXml\Drawings\Artistic drawings\ArtisticPaintBrush.cs","ArtisticPaintBrush","BrushSize","Property","20"
"D:\OneDrive\VS\Projects\DocxDocument\DocumentModel.InOpenXml\Drawings\Artistic drawings\ArtisticPaintStrokes.cs","ArtisticPaintStrokes","Intensity","Property","20"
"D:\OneDrive\VS\Projects\DocxDocument\DocumentModel.InOpenXml\Drawings\Artistic drawings\ArtisticPastelsSmooth.cs","ArtisticPastelsSmooth","BrushSize","Property","20"
"D:\OneDrive\VS\Projects\DocxDocument\DocumentModel.InOpenXml\Drawings\Artistic drawings\ArtisticPencilGrayscale.cs","ArtisticPencilGrayscale","BrushSize","Property","20"
"D:\OneDrive\VS\Projects\DocxDocument\DocumentModel.InOpenXml\Drawings\Artistic drawings\ArtisticPencilSketch.cs","ArtisticPencilSketch","Pressure","Property","20"
"D:\OneDrive\VS\Projects\DocxDocument\DocumentModel.InOpenXml\Drawings\Artistic drawings\ArtisticPhotocopy.cs","ArtisticPhotocopy","Detail","Property","20"
"D:\OneDrive\VS\Projects\DocxDocument\DocumentModel.InOpenXml\Drawings\Artistic drawings\ArtisticPlasticWrap.cs","ArtisticPlasticWrap","Smoothness","Property","20"
"D:\OneDrive\VS\Projects\DocxDocument\DocumentModel.InOpenXml\Drawings\Artistic drawings\ArtisticTexturizer.cs","ArtisticTexturizer","Scaling","Property","20"
"D:\OneDrive\VS\Projects\DocxDocument\DocumentModel.InOpenXml\Drawings\Artistic drawings\ArtisticWatercolorSponge.cs","ArtisticWatercolorSponge","BrushSize","Property","20"
"D:\OneDrive\VS\Projects\DocxDocument\DocumentModel.InOpenXml\Drawings\Audio-video\AudioCDTimeType.cs","AudioCDTimeType","Time","Property","21"
"D:\OneDrive\VS\Projects\DocxDocument\DocumentModel.InOpenXml\Drawings\Audio-video\AudioCDTimeType.cs","AudioCDTimeType","Track","Property","14"
"D:\OneDrive\VS\Projects\DocxDocument\DocumentModel.InOpenXml\Drawings\Audio-video\AudioFromCD.cs","AudioFromCD","EndTime","Property","21"
"D:\OneDrive\VS\Projects\DocxDocument\DocumentModel.InOpenXml\Drawings\Audio-video\AudioFromCD.cs","AudioFromCD","StartTime","Property","14"
"D:\OneDrive\VS\Projects\DocxDocument\DocumentModel.InOpenXml\Drawings\Audio-video\AudioFromFile.cs","AudioFromFile","ExtensionList","Property","22"
"D:\OneDrive\VS\Projects\DocxDocument\DocumentModel.InOpenXml\Drawings\Audio-video\AudioFromFile.cs","AudioFromFile","Link","Property","15"
"D:\OneDrive\VS\Projects\DocxDocument\DocumentModel.InOpenXml\Drawings\Audio-video\QuickTimeFromFile.cs","QuickTimeFromFile","ExtensionList","Property","21"
"D:\OneDrive\VS\Projects\DocxDocument\DocumentModel.InOpenXml\Drawings\Audio-video\QuickTimeFromFile.cs","QuickTimeFromFile","Link","Property","14"
"D:\OneDrive\VS\Projects\DocxDocument\DocumentModel.InOpenXml\Drawings\Audio-video\VideoFromFile.cs","VideoFromFile","ExtensionList","Property","21"
"D:\OneDrive\VS\Projects\DocxDocument\DocumentModel.InOpenXml\Drawings\Audio-video\VideoFromFile.cs","VideoFromFile","Link","Property","14"
"D:\OneDrive\VS\Projects\DocxDocument\DocumentModel.InOpenXml\Drawings\Autonumbering\AutoNumberedBullet.cs","AutoNumberedBullet","StartAt","Property","21"
"D:\OneDrive\VS\Projects\DocxDocument\DocumentModel.InOpenXml\Drawings\Autonumbering\AutoNumberedBullet.cs","AutoNumberedBullet","Type","Property","14"
"D:\OneDrive\VS\Projects\DocxDocument\DocumentModel.InOpenXml\Drawings\Autonumbering\CharacterBullet.cs","CharacterBullet","Char","Property","14"
"D:\OneDrive\VS\Projects\DocxDocument\DocumentModel.InOpenXml\Drawings\Background properties\BackgroundBlurProperties.cs","BackgroundBlurProperties","OfficeArtExtensionList","Property","14"
"D:\OneDrive\VS\Projects\DocxDocument\DocumentModel.InOpenXml\Drawings\Background properties\BackgroundMark.cs","BackgroundMark","FirstXCoordinate","Property","14"
"D:\OneDrive\VS\Projects\DocxDocument\DocumentModel.InOpenXml\Drawings\Background properties\BackgroundMark.cs","BackgroundMark","FirstYCoordinate","Property","21"
"D:\OneDrive\VS\Projects\DocxDocument\DocumentModel.InOpenXml\Drawings\Background properties\BackgroundMark.cs","BackgroundMark","SecondXCoordinate","Property","28"
"D:\OneDrive\VS\Projects\DocxDocument\DocumentModel.InOpenXml\Drawings\Background properties\BackgroundMark.cs","BackgroundMark","SecondYCoordinate","Property","35"
"D:\OneDrive\VS\Projects\DocxDocument\DocumentModel.InOpenXml\Drawings\Background properties\BackgroundNormalProperties.cs","BackgroundNormalProperties","OfficeArtExtensionList","Property","14"
"D:\OneDrive\VS\Projects\DocxDocument\DocumentModel.InOpenXml\Drawings\Background properties\BackgroundProperties.cs","BackgroundProperties","Mode","Property","14"
"D:\OneDrive\VS\Projects\DocxDocument\DocumentModel.InOpenXml\Drawings\Background properties\BackgroundProperties.cs","BackgroundProperties","Normal","Property","28"
"D:\OneDrive\VS\Projects\DocxDocument\DocumentModel.InOpenXml\Drawings\Background properties\BackgroundProperties.cs","BackgroundProperties","Pure","Property","21"
"D:\OneDrive\VS\Projects\DocxDocument\DocumentModel.InOpenXml\Drawings\Background properties\BackgroundProperties.cs","BackgroundProperties","TargetScreenSize","Property","35"
"D:\OneDrive\VS\Projects\DocxDocument\DocumentModel.InOpenXml\Drawings\Background properties\BackgroundRemoval.cs","BackgroundRemoval","MarqueeBottom","Property","21"
"D:\OneDrive\VS\Projects\DocxDocument\DocumentModel.InOpenXml\Drawings\Background properties\BackgroundRemoval.cs","BackgroundRemoval","MarqueeLeft","Property","28"
"D:\OneDrive\VS\Projects\DocxDocument\DocumentModel.InOpenXml\Drawings\Background properties\BackgroundRemoval.cs","BackgroundRemoval","MarqueeRight","Property","35"
"D:\OneDrive\VS\Projects\DocxDocument\DocumentModel.InOpenXml\Drawings\Background properties\BackgroundRemoval.cs","BackgroundRemoval","MarqueeTop","Property","14"
"D:\OneDrive\VS\Projects\DocxDocument\DocumentModel.InOpenXml\Drawings\Background properties\BackgroundRemovedProperties.cs","BackgroundRemovedProperties","OfficeArtExtensionList","Property","14"
"D:\OneDrive\VS\Projects\DocxDocument\DocumentModel.InOpenXml\Drawings\Background properties\ForegroundMark.cs","ForegroundMark","FirstXCoordinate","Property","14"
"D:\OneDrive\VS\Projects\DocxDocument\DocumentModel.InOpenXml\Drawings\Background properties\ForegroundMark.cs","ForegroundMark","FirstYCoordinate","Property","21"
"D:\OneDrive\VS\Projects\DocxDocument\DocumentModel.InOpenXml\Drawings\Background properties\ForegroundMark.cs","ForegroundMark","SecondXCoordinate","Property","28"
"D:\OneDrive\VS\Projects\DocxDocument\DocumentModel.InOpenXml\Drawings\Background properties\ForegroundMark.cs","ForegroundMark","SecondYCoordinate","Property","35"
"D:\OneDrive\VS\Projects\DocxDocument\DocumentModel.InOpenXml\Drawings\Colors\ColorChange.cs","ColorChange","ColorFrom","Property","21"
"D:\OneDrive\VS\Projects\DocxDocument\DocumentModel.InOpenXml\Drawings\Colors\ColorChange.cs","ColorChange","ColorTo","Property","28"
"D:\OneDrive\VS\Projects\DocxDocument\DocumentModel.InOpenXml\Drawings\Colors\ColorChange.cs","ColorChange","UseAlpha","Property","14"
"D:\OneDrive\VS\Projects\DocxDocument\DocumentModel.InOpenXml\Drawings\Connectors\ConnectionShapeLocks.cs","ConnectionShapeLocks","ConnectorLockingExtensionList","Property","84"
"D:\OneDrive\VS\Projects\DocxDocument\DocumentModel.InOpenXml\Drawings\Connectors\ConnectionShapeLocks.cs","ConnectionShapeLocks","NoAdjustHandles","Property","63"
"D:\OneDrive\VS\Projects\DocxDocument\DocumentModel.InOpenXml\Drawings\Connectors\ConnectionShapeLocks.cs","ConnectionShapeLocks","NoChangeArrowheads","Property","70"
"D:\OneDrive\VS\Projects\DocxDocument\DocumentModel.InOpenXml\Drawings\Connectors\ConnectionShapeLocks.cs","ConnectionShapeLocks","NoChangeAspect","Property","35"
"D:\OneDrive\VS\Projects\DocxDocument\DocumentModel.InOpenXml\Drawings\Connectors\ConnectionShapeLocks.cs","ConnectionShapeLocks","NoChangeShapeType","Property","77"
"D:\OneDrive\VS\Projects\DocxDocument\DocumentModel.InOpenXml\Drawings\Connectors\ConnectionShapeLocks.cs","ConnectionShapeLocks","NoEditPoints","Property","56"
"D:\OneDrive\VS\Projects\DocxDocument\DocumentModel.InOpenXml\Drawings\Connectors\ConnectionShapeLocks.cs","ConnectionShapeLocks","NoGrouping","Property","14"
"D:\OneDrive\VS\Projects\DocxDocument\DocumentModel.InOpenXml\Drawings\Connectors\ConnectionShapeLocks.cs","ConnectionShapeLocks","NoMove","Property","42"
"D:\OneDrive\VS\Projects\DocxDocument\DocumentModel.InOpenXml\Drawings\Connectors\ConnectionShapeLocks.cs","ConnectionShapeLocks","NoResize","Property","49"
"D:\OneDrive\VS\Projects\DocxDocument\DocumentModel.InOpenXml\Drawings\Connectors\ConnectionShapeLocks.cs","ConnectionShapeLocks","NoRotation","Property","28"
"D:\OneDrive\VS\Projects\DocxDocument\DocumentModel.InOpenXml\Drawings\Connectors\ConnectionShapeLocks.cs","ConnectionShapeLocks","NoSelection","Property","21"
"D:\OneDrive\VS\Projects\DocxDocument\DocumentModel.InOpenXml\Drawings\Connectors\ConnectionSite.cs","ConnectionSite","Angle","Property","14"
"D:\OneDrive\VS\Projects\DocxDocument\DocumentModel.InOpenXml\Drawings\Connectors\ConnectionSite.cs","ConnectionSite","Position","Property","21"
"D:\OneDrive\VS\Projects\DocxDocument\DocumentModel.InOpenXml\Drawings\Connectors\ConnectionType.cs","ConnectionType","Id","Property","14"
"D:\OneDrive\VS\Projects\DocxDocument\DocumentModel.InOpenXml\Drawings\Connectors\ConnectionType.cs","ConnectionType","Index","Property","21"
"D:\OneDrive\VS\Projects\DocxDocument\DocumentModel.InOpenXml\Drawings\Connectors\ConnectorLockingExtension.cs","ConnectorLockingExtension","Uri","Property","20"
"D:\OneDrive\VS\Projects\DocxDocument\DocumentModel.InOpenXml\Drawings\Custom geometry\AdjustPoint2DType.cs","AdjustPoint2DType","X","Property","24"
"D:\OneDrive\VS\Projects\DocxDocument\DocumentModel.InOpenXml\Drawings\Custom geometry\AdjustPoint2DType.cs","AdjustPoint2DType","Y","Property","31"
"D:\OneDrive\VS\Projects\DocxDocument\DocumentModel.InOpenXml\Drawings\Custom geometry\ArcTo.cs","ArcTo","HeightRadius","Property","73"
"D:\OneDrive\VS\Projects\DocxDocument\DocumentModel.InOpenXml\Drawings\Custom geometry\ArcTo.cs","ArcTo","StartAngle","Property","106"
"D:\OneDrive\VS\Projects\DocxDocument\DocumentModel.InOpenXml\Drawings\Custom geometry\ArcTo.cs","ArcTo","SwingAngle","Property","140"
"D:\OneDrive\VS\Projects\DocxDocument\DocumentModel.InOpenXml\Drawings\Custom geometry\ArcTo.cs","ArcTo","WidthRadius","Property","48"
"D:\OneDrive\VS\Projects\DocxDocument\DocumentModel.InOpenXml\Drawings\Custom geometry\CustomGeometry.cs","CustomGeometry","AdjustHandleList","Property","28"
"D:\OneDrive\VS\Projects\DocxDocument\DocumentModel.InOpenXml\Drawings\Custom geometry\CustomGeometry.cs","CustomGeometry","AdjustValueList","Property","14"
"D:\OneDrive\VS\Projects\DocxDocument\DocumentModel.InOpenXml\Drawings\Custom geometry\CustomGeometry.cs","CustomGeometry","ConnectionSiteList","Property","35"
"D:\OneDrive\VS\Projects\DocxDocument\DocumentModel.InOpenXml\Drawings\Custom geometry\CustomGeometry.cs","CustomGeometry","PathList","Property","49"
"D:\OneDrive\VS\Projects\DocxDocument\DocumentModel.InOpenXml\Drawings\Custom geometry\CustomGeometry.cs","CustomGeometry","Rectangle","Property","42"
"D:\OneDrive\VS\Projects\DocxDocument\DocumentModel.InOpenXml\Drawings\Custom geometry\CustomGeometry.cs","CustomGeometry","ShapeGuideList","Property","21"
"D:\OneDrive\VS\Projects\DocxDocument\DocumentModel.InOpenXml\Drawings\Custom geometry\LineTo.cs","LineTo","Point","Property","14"
"D:\OneDrive\VS\Projects\DocxDocument\DocumentModel.InOpenXml\Drawings\Custom geometry\MoveTo.cs","MoveTo","Point","Property","14"
"D:\OneDrive\VS\Projects\DocxDocument\DocumentModel.InOpenXml\Drawings\Custom geometry\Path.cs","Path","ExtrusionOk","Property","42"
"D:\OneDrive\VS\Projects\DocxDocument\DocumentModel.InOpenXml\Drawings\Custom geometry\Path.cs","Path","Fill","Property","28"
"D:\OneDrive\VS\Projects\DocxDocument\DocumentModel.InOpenXml\Drawings\Custom geometry\Path.cs","Path","Height","Property","21"
"D:\OneDrive\VS\Projects\DocxDocument\DocumentModel.InOpenXml\Drawings\Custom geometry\Path.cs","Path","Stroke","Property","35"
"D:\OneDrive\VS\Projects\DocxDocument\DocumentModel.InOpenXml\Drawings\Custom geometry\Path.cs","Path","Width","Property","14"
"D:\OneDrive\VS\Projects\DocxDocument\DocumentModel.InOpenXml\Drawings\Custom geometry\Rectangle.cs","Rectangle","Bottom","Property","41"
"D:\OneDrive\VS\Projects\DocxDocument\DocumentModel.InOpenXml\Drawings\Custom geometry\Rectangle.cs","Rectangle","Left","Property","20"
"D:\OneDrive\VS\Projects\DocxDocument\DocumentModel.InOpenXml\Drawings\Custom geometry\Rectangle.cs","Rectangle","Right","Property","34"
"D:\OneDrive\VS\Projects\DocxDocument\DocumentModel.InOpenXml\Drawings\Custom geometry\Rectangle.cs","Rectangle","Top","Property","27"
"D:\OneDrive\VS\Projects\DocxDocument\DocumentModel.InOpenXml\Drawings\Drawing properties for document objects\Extent.cs","Extent","Cx","Property","14"
"D:\OneDrive\VS\Projects\DocxDocument\DocumentModel.InOpenXml\Drawings\Drawing properties for document objects\Extent.cs","Extent","Cy","Property","21"
"D:\OneDrive\VS\Projects\DocxDocument\DocumentModel.InOpenXml\Drawings\Effects\BiLevel.cs","BiLevel","Threshold","Property","14"
"D:\OneDrive\VS\Projects\DocxDocument\DocumentModel.InOpenXml\Drawings\Effects\Blend.cs","Blend","BlendMode","Property","14"
"D:\OneDrive\VS\Projects\DocxDocument\DocumentModel.InOpenXml\Drawings\Effects\Blend.cs","Blend","EffectContainer","Property","21"
"D:\OneDrive\VS\Projects\DocxDocument\DocumentModel.InOpenXml\Drawings\Effects\Blur.cs","Blur","Grow","Property","21"
"D:\OneDrive\VS\Projects\DocxDocument\DocumentModel.InOpenXml\Drawings\Effects\Blur.cs","Blur","Radius","Property","14"
"D:\OneDrive\VS\Projects\DocxDocument\DocumentModel.InOpenXml\Drawings\Effects\Effect.cs","Effect","Reference","Property","14"
"D:\OneDrive\VS\Projects\DocxDocument\DocumentModel.InOpenXml\Drawings\Effects\EffectContainerType.cs","EffectContainerType","Name","Property","51"
"D:\OneDrive\VS\Projects\DocxDocument\DocumentModel.InOpenXml\Drawings\Effects\EffectContainerType.cs","EffectContainerType","Type","Property","29"
"D:\OneDrive\VS\Projects\DocxDocument\DocumentModel.InOpenXml\Drawings\Effects\EffectReference.cs","EffectReference","Color","Property","14"
"D:\OneDrive\VS\Projects\DocxDocument\DocumentModel.InOpenXml\Drawings\Effects\Glow.cs","Glow","Color","Property","21"
"D:\OneDrive\VS\Projects\DocxDocument\DocumentModel.InOpenXml\Drawings\Effects\Glow.cs","Glow","Radius","Property","14"
"D:\OneDrive\VS\Projects\DocxDocument\DocumentModel.InOpenXml\Drawings\Effects\HiddenEffectsProperties.cs","HiddenEffectsProperties","EffectDag","Property","21"
"D:\OneDrive\VS\Projects\DocxDocument\DocumentModel.InOpenXml\Drawings\Effects\HiddenEffectsProperties.cs","HiddenEffectsProperties","EffectList","Property","14"
"D:\OneDrive\VS\Projects\DocxDocument\DocumentModel.InOpenXml\Drawings\Effects\Reflection.cs","Reflection","Alignment","Property","98"
"D:\OneDrive\VS\Projects\DocxDocument\DocumentModel.InOpenXml\Drawings\Effects\Reflection.cs","Reflection","BlurRadius","Property","14"
"D:\OneDrive\VS\Projects\DocxDocument\DocumentModel.InOpenXml\Drawings\Effects\Reflection.cs","Reflection","Direction","Property","56"
"D:\OneDrive\VS\Projects\DocxDocument\DocumentModel.InOpenXml\Drawings\Effects\Reflection.cs","Reflection","Distance","Property","49"
"D:\OneDrive\VS\Projects\DocxDocument\DocumentModel.InOpenXml\Drawings\Effects\Reflection.cs","Reflection","EndAlpha","Property","35"
"D:\OneDrive\VS\Projects\DocxDocument\DocumentModel.InOpenXml\Drawings\Effects\Reflection.cs","Reflection","EndPosition","Property","42"
"D:\OneDrive\VS\Projects\DocxDocument\DocumentModel.InOpenXml\Drawings\Effects\Reflection.cs","Reflection","FadeDirection","Property","63"
"D:\OneDrive\VS\Projects\DocxDocument\DocumentModel.InOpenXml\Drawings\Effects\Reflection.cs","Reflection","HorizontalRatio","Property","70"
"D:\OneDrive\VS\Projects\DocxDocument\DocumentModel.InOpenXml\Drawings\Effects\Reflection.cs","Reflection","HorizontalSkew","Property","84"
"D:\OneDrive\VS\Projects\DocxDocument\DocumentModel.InOpenXml\Drawings\Effects\Reflection.cs","Reflection","RotateWithShape","Property","105"
"D:\OneDrive\VS\Projects\DocxDocument\DocumentModel.InOpenXml\Drawings\Effects\Reflection.cs","Reflection","StartOpacity","Property","21"
"D:\OneDrive\VS\Projects\DocxDocument\DocumentModel.InOpenXml\Drawings\Effects\Reflection.cs","Reflection","StartPosition","Property","28"
"D:\OneDrive\VS\Projects\DocxDocument\DocumentModel.InOpenXml\Drawings\Effects\Reflection.cs","Reflection","VerticalRatio","Property","77"
"D:\OneDrive\VS\Projects\DocxDocument\DocumentModel.InOpenXml\Drawings\Effects\Reflection.cs","Reflection","VerticalSkew","Property","91"
"D:\OneDrive\VS\Projects\DocxDocument\DocumentModel.InOpenXml\Drawings\Extensibility\CompatExtension.cs","CompatExtension","ShapeId","Property","15"
"D:\OneDrive\VS\Projects\DocxDocument\DocumentModel.InOpenXml\Drawings\Fill types\Blip.cs","Blip","CompressionState","Property","30"
"D:\OneDrive\VS\Projects\DocxDocument\DocumentModel.InOpenXml\Drawings\Fill types\Blip.cs","Blip","Embed","Property","16"
"D:\OneDrive\VS\Projects\DocxDocument\DocumentModel.InOpenXml\Drawings\Fill types\Blip.cs","Blip","Link","Property","23"
"D:\OneDrive\VS\Projects\DocxDocument\DocumentModel.InOpenXml\Drawings\Fill types\BlipExtension.cs","BlipExtension","Uri","Property","60"
"D:\OneDrive\VS\Projects\DocxDocument\DocumentModel.InOpenXml\Drawings\Fill types\FillOverlay.cs","FillOverlay","Blend","Property","14"
"D:\OneDrive\VS\Projects\DocxDocument\DocumentModel.InOpenXml\Drawings\Fill types\ForegroundColor.cs","ForegroundColor","Color","Property","14"
"D:\OneDrive\VS\Projects\DocxDocument\DocumentModel.InOpenXml\Drawings\Fill types\GradientStop.cs","GradientStop","Color","Property","21"
"D:\OneDrive\VS\Projects\DocxDocument\DocumentModel.InOpenXml\Drawings\Fill types\GradientStop.cs","GradientStop","Position","Property","14"
"D:\OneDrive\VS\Projects\DocxDocument\DocumentModel.InOpenXml\Drawings\Fill types\PatternFill.cs","PatternFill","BackgroundColor","Property","28"
"D:\OneDrive\VS\Projects\DocxDocument\DocumentModel.InOpenXml\Drawings\Fill types\PatternFill.cs","PatternFill","ForegroundColor","Property","21"
"D:\OneDrive\VS\Projects\DocxDocument\DocumentModel.InOpenXml\Drawings\Fill types\PatternFill.cs","PatternFill","Preset","Property","14"
"D:\OneDrive\VS\Projects\DocxDocument\DocumentModel.InOpenXml\Drawings\Fill types\PictureAttributionSourceURL.cs","PictureAttributionSourceURL","Id","Property","14"
"D:\OneDrive\VS\Projects\DocxDocument\DocumentModel.InOpenXml\Drawings\Graphic data\Graphic.cs","Graphic","GraphicData","Property","14"
"D:\OneDrive\VS\Projects\DocxDocument\DocumentModel.InOpenXml\Drawings\Graphic data\GraphicFrameLocks.cs","GraphicFrameLocks","ExtensionList","Property","56"
"D:\OneDrive\VS\Projects\DocxDocument\DocumentModel.InOpenXml\Drawings\Graphic data\GraphicFrameLocks.cs","GraphicFrameLocks","NoChangeAspect","Property","35"
"D:\OneDrive\VS\Projects\DocxDocument\DocumentModel.InOpenXml\Drawings\Graphic data\GraphicFrameLocks.cs","GraphicFrameLocks","NoDrilldown","Property","21"
"D:\OneDrive\VS\Projects\DocxDocument\DocumentModel.InOpenXml\Drawings\Graphic data\GraphicFrameLocks.cs","GraphicFrameLocks","NoGrouping","Property","14"
"D:\OneDrive\VS\Projects\DocxDocument\DocumentModel.InOpenXml\Drawings\Graphic data\GraphicFrameLocks.cs","GraphicFrameLocks","NoMove","Property","42"
"D:\OneDrive\VS\Projects\DocxDocument\DocumentModel.InOpenXml\Drawings\Graphic data\GraphicFrameLocks.cs","GraphicFrameLocks","NoResize","Property","49"
"D:\OneDrive\VS\Projects\DocxDocument\DocumentModel.InOpenXml\Drawings\Graphic data\GraphicFrameLocks.cs","GraphicFrameLocks","NoSelection","Property","28"
"D:\OneDrive\VS\Projects\DocxDocument\DocumentModel.InOpenXml\Drawings\Hyperlinks\EmbeddedWavAudioFileType.cs","EmbeddedWavAudioFileType","BuiltIn","Property","28"
"D:\OneDrive\VS\Projects\DocxDocument\DocumentModel.InOpenXml\Drawings\Hyperlinks\EmbeddedWavAudioFileType.cs","EmbeddedWavAudioFileType","Embed","Property","14"
"D:\OneDrive\VS\Projects\DocxDocument\DocumentModel.InOpenXml\Drawings\Hyperlinks\EmbeddedWavAudioFileType.cs","EmbeddedWavAudioFileType","Name","Property","21"
"D:\OneDrive\VS\Projects\DocxDocument\DocumentModel.InOpenXml\Drawings\Hyperlinks\HyperlinkOnClick.cs","HyperlinkOnClick","HyperlinkExtensionList","Property","22"
"D:\OneDrive\VS\Projects\DocxDocument\DocumentModel.InOpenXml\Drawings\Hyperlinks\HyperlinkOnClick.cs","HyperlinkOnClick","HyperlinkSound","Property","15"
"D:\OneDrive\VS\Projects\DocxDocument\DocumentModel.InOpenXml\Drawings\Hyperlinks\HyperlinkOnHover.cs","HyperlinkOnHover","HyperlinkExtensionList","Property","22"
"D:\OneDrive\VS\Projects\DocxDocument\DocumentModel.InOpenXml\Drawings\Hyperlinks\HyperlinkOnHover.cs","HyperlinkOnHover","HyperlinkSound","Property","15"
"D:\OneDrive\VS\Projects\DocxDocument\DocumentModel.InOpenXml\Drawings\Hyperlinks\HyperlinkOnMouseOver.cs","HyperlinkOnMouseOver","HyperlinkExtensionList","Property","22"
"D:\OneDrive\VS\Projects\DocxDocument\DocumentModel.InOpenXml\Drawings\Hyperlinks\HyperlinkOnMouseOver.cs","HyperlinkOnMouseOver","HyperlinkSound","Property","15"
"D:\OneDrive\VS\Projects\DocxDocument\DocumentModel.InOpenXml\Drawings\Hyperlinks\HyperlinkType.cs","HyperlinkType","Action","Property","29"
"D:\OneDrive\VS\Projects\DocxDocument\DocumentModel.InOpenXml\Drawings\Hyperlinks\HyperlinkType.cs","HyperlinkType","EndSound","Property","64"
"D:\OneDrive\VS\Projects\DocxDocument\DocumentModel.InOpenXml\Drawings\Hyperlinks\HyperlinkType.cs","HyperlinkType","HighlightClick","Property","57"
"D:\OneDrive\VS\Projects\DocxDocument\DocumentModel.InOpenXml\Drawings\Hyperlinks\HyperlinkType.cs","HyperlinkType","History","Property","50"
"D:\OneDrive\VS\Projects\DocxDocument\DocumentModel.InOpenXml\Drawings\Hyperlinks\HyperlinkType.cs","HyperlinkType","HyperlinkExtensionList","Property","78"
"D:\OneDrive\VS\Projects\DocxDocument\DocumentModel.InOpenXml\Drawings\Hyperlinks\HyperlinkType.cs","HyperlinkType","HyperlinkSound","Property","71"
"D:\OneDrive\VS\Projects\DocxDocument\DocumentModel.InOpenXml\Drawings\Hyperlinks\HyperlinkType.cs","HyperlinkType","Id","Property","15"
"D:\OneDrive\VS\Projects\DocxDocument\DocumentModel.InOpenXml\Drawings\Hyperlinks\HyperlinkType.cs","HyperlinkType","InvalidUrl","Property","22"
"D:\OneDrive\VS\Projects\DocxDocument\DocumentModel.InOpenXml\Drawings\Hyperlinks\HyperlinkType.cs","HyperlinkType","TargetFrame","Property","36"
"D:\OneDrive\VS\Projects\DocxDocument\DocumentModel.InOpenXml\Drawings\Hyperlinks\HyperlinkType.cs","HyperlinkType","Tooltip","Property","43"
"D:\OneDrive\VS\Projects\DocxDocument\DocumentModel.InOpenXml\Drawings\Image properties\BrightnessContrast.cs","BrightnessContrast","Bright","Property","14"
"D:\OneDrive\VS\Projects\DocxDocument\DocumentModel.InOpenXml\Drawings\Image properties\BrightnessContrast.cs","BrightnessContrast","Contrast","Property","21"
"D:\OneDrive\VS\Projects\DocxDocument\DocumentModel.InOpenXml\Drawings\Image properties\ColorTemperature.cs","ColorTemperature","ColorTemperatureValue","Property","14"
"D:\OneDrive\VS\Projects\DocxDocument\DocumentModel.InOpenXml\Drawings\Image properties\ImageEffect.cs","ImageEffect","ArtisticBlur","Property","21"
"D:\OneDrive\VS\Projects\DocxDocument\DocumentModel.InOpenXml\Drawings\Image properties\ImageEffect.cs","ImageEffect","ArtisticCement","Property","28"
"D:\OneDrive\VS\Projects\DocxDocument\DocumentModel.InOpenXml\Drawings\Image properties\ImageEffect.cs","ImageEffect","ArtisticChalkSketch","Property","35"
"D:\OneDrive\VS\Projects\DocxDocument\DocumentModel.InOpenXml\Drawings\Image properties\ImageEffect.cs","ImageEffect","ArtisticCrisscrossEtching","Property","42"
"D:\OneDrive\VS\Projects\DocxDocument\DocumentModel.InOpenXml\Drawings\Image properties\ImageEffect.cs","ImageEffect","ArtisticCutout","Property","49"
"D:\OneDrive\VS\Projects\DocxDocument\DocumentModel.InOpenXml\Drawings\Image properties\ImageEffect.cs","ImageEffect","ArtisticFilmGrain","Property","56"
"D:\OneDrive\VS\Projects\DocxDocument\DocumentModel.InOpenXml\Drawings\Image properties\ImageEffect.cs","ImageEffect","ArtisticGlass","Property","63"
"D:\OneDrive\VS\Projects\DocxDocument\DocumentModel.InOpenXml\Drawings\Image properties\ImageEffect.cs","ImageEffect","ArtisticGlowDiffused","Property","70"
"D:\OneDrive\VS\Projects\DocxDocument\DocumentModel.InOpenXml\Drawings\Image properties\ImageEffect.cs","ImageEffect","ArtisticGlowEdges","Property","77"
"D:\OneDrive\VS\Projects\DocxDocument\DocumentModel.InOpenXml\Drawings\Image properties\ImageEffect.cs","ImageEffect","ArtisticLightScreen","Property","84"
"D:\OneDrive\VS\Projects\DocxDocument\DocumentModel.InOpenXml\Drawings\Image properties\ImageEffect.cs","ImageEffect","ArtisticLineDrawing","Property","91"
"D:\OneDrive\VS\Projects\DocxDocument\DocumentModel.InOpenXml\Drawings\Image properties\ImageEffect.cs","ImageEffect","ArtisticMarker","Property","98"
"D:\OneDrive\VS\Projects\DocxDocument\DocumentModel.InOpenXml\Drawings\Image properties\ImageEffect.cs","ImageEffect","ArtisticMosaicBubbles","Property","105"
"D:\OneDrive\VS\Projects\DocxDocument\DocumentModel.InOpenXml\Drawings\Image properties\ImageEffect.cs","ImageEffect","ArtisticPaintBrush","Property","119"
"D:\OneDrive\VS\Projects\DocxDocument\DocumentModel.InOpenXml\Drawings\Image properties\ImageEffect.cs","ImageEffect","ArtisticPaintStrokes","Property","112"
"D:\OneDrive\VS\Projects\DocxDocument\DocumentModel.InOpenXml\Drawings\Image properties\ImageEffect.cs","ImageEffect","ArtisticPastelsSmooth","Property","126"
"D:\OneDrive\VS\Projects\DocxDocument\DocumentModel.InOpenXml\Drawings\Image properties\ImageEffect.cs","ImageEffect","ArtisticPencilGrayscale","Property","133"
"D:\OneDrive\VS\Projects\DocxDocument\DocumentModel.InOpenXml\Drawings\Image properties\ImageEffect.cs","ImageEffect","ArtisticPencilSketch","Property","140"
"D:\OneDrive\VS\Projects\DocxDocument\DocumentModel.InOpenXml\Drawings\Image properties\ImageEffect.cs","ImageEffect","ArtisticPhotocopy","Property","147"
"D:\OneDrive\VS\Projects\DocxDocument\DocumentModel.InOpenXml\Drawings\Image properties\ImageEffect.cs","ImageEffect","ArtisticPlasticWrap","Property","154"
"D:\OneDrive\VS\Projects\DocxDocument\DocumentModel.InOpenXml\Drawings\Image properties\ImageEffect.cs","ImageEffect","ArtisticTexturizer","Property","161"
"D:\OneDrive\VS\Projects\DocxDocument\DocumentModel.InOpenXml\Drawings\Image properties\ImageEffect.cs","ImageEffect","ArtisticWatercolorSponge","Property","168"
"D:\OneDrive\VS\Projects\DocxDocument\DocumentModel.InOpenXml\Drawings\Image properties\ImageEffect.cs","ImageEffect","BackgroundRemoval","Property","175"
"D:\OneDrive\VS\Projects\DocxDocument\DocumentModel.InOpenXml\Drawings\Image properties\ImageEffect.cs","ImageEffect","BrightnessContrast","Property","182"
"D:\OneDrive\VS\Projects\DocxDocument\DocumentModel.InOpenXml\Drawings\Image properties\ImageEffect.cs","ImageEffect","ColorTemperature","Property","189"
"D:\OneDrive\VS\Projects\DocxDocument\DocumentModel.InOpenXml\Drawings\Image properties\ImageEffect.cs","ImageEffect","Saturation","Property","196"
"D:\OneDrive\VS\Projects\DocxDocument\DocumentModel.InOpenXml\Drawings\Image properties\ImageEffect.cs","ImageEffect","SharpenSoften","Property","203"
"D:\OneDrive\VS\Projects\DocxDocument\DocumentModel.InOpenXml\Drawings\Image properties\ImageEffect.cs","ImageEffect","Visible","Property","14"
"D:\OneDrive\VS\Projects\DocxDocument\DocumentModel.InOpenXml\Drawings\Image properties\ImageProperties.cs","ImageProperties","ImageLayer","Property","14"
"D:\OneDrive\VS\Projects\DocxDocument\DocumentModel.InOpenXml\Drawings\Line properties\DashStop.cs","DashStop","DashLength","Property","14"
"D:\OneDrive\VS\Projects\DocxDocument\DocumentModel.InOpenXml\Drawings\Line properties\DashStop.cs","DashStop","SpaceLength","Property","21"
"D:\OneDrive\VS\Projects\DocxDocument\DocumentModel.InOpenXml\Drawings\Line properties\HiddenLineProperties.cs","HiddenLineProperties","Alignment","Property","35"
"D:\OneDrive\VS\Projects\DocxDocument\DocumentModel.InOpenXml\Drawings\Line properties\HiddenLineProperties.cs","HiddenLineProperties","CapType","Property","21"
"D:\OneDrive\VS\Projects\DocxDocument\DocumentModel.InOpenXml\Drawings\Line properties\HiddenLineProperties.cs","HiddenLineProperties","CompoundLineType","Property","28"
"D:\OneDrive\VS\Projects\DocxDocument\DocumentModel.InOpenXml\Drawings\Line properties\HiddenLineProperties.cs","HiddenLineProperties","Width","Property","14"
"D:\OneDrive\VS\Projects\DocxDocument\DocumentModel.InOpenXml\Drawings\Line properties\LineDefault.cs","LineDefault","BodyProperties","Property","21"
"D:\OneDrive\VS\Projects\DocxDocument\DocumentModel.InOpenXml\Drawings\Line properties\LineDefault.cs","LineDefault","ExtensionList","Property","42"
"D:\OneDrive\VS\Projects\DocxDocument\DocumentModel.InOpenXml\Drawings\Line properties\LineDefault.cs","LineDefault","ListStyle","Property","28"
"D:\OneDrive\VS\Projects\DocxDocument\DocumentModel.InOpenXml\Drawings\Line properties\LineDefault.cs","LineDefault","ShapeProperties","Property","14"
"D:\OneDrive\VS\Projects\DocxDocument\DocumentModel.InOpenXml\Drawings\Line properties\LineDefault.cs","LineDefault","ShapeStyle","Property","35"
"D:\OneDrive\VS\Projects\DocxDocument\DocumentModel.InOpenXml\Drawings\Line properties\LinePropertiesExtension.cs","LinePropertiesExtension","Uri","Property","20"
"D:\OneDrive\VS\Projects\DocxDocument\DocumentModel.InOpenXml\Drawings\Line properties\LineSketchStyleProperties.cs","LineSketchStyleProperties","Sd","Property","15"
"D:\OneDrive\VS\Projects\DocxDocument\DocumentModel.InOpenXml\Drawings\Non-visual properties\ClassificationOutcome.cs","ClassificationOutcome","ClassificationOutcomeType","Property","14"
"D:\OneDrive\VS\Projects\DocxDocument\DocumentModel.InOpenXml\Drawings\Non-visual properties\ContentPartLocks.cs","ContentPartLocks","NoAdjustHandles","Property","64"
"D:\OneDrive\VS\Projects\DocxDocument\DocumentModel.InOpenXml\Drawings\Non-visual properties\ContentPartLocks.cs","ContentPartLocks","NoChangeArrowheads","Property","71"
"D:\OneDrive\VS\Projects\DocxDocument\DocumentModel.InOpenXml\Drawings\Non-visual properties\ContentPartLocks.cs","ContentPartLocks","NoChangeAspect","Property","36"
"D:\OneDrive\VS\Projects\DocxDocument\DocumentModel.InOpenXml\Drawings\Non-visual properties\ContentPartLocks.cs","ContentPartLocks","NoChangeShapeType","Property","78"
"D:\OneDrive\VS\Projects\DocxDocument\DocumentModel.InOpenXml\Drawings\Non-visual properties\ContentPartLocks.cs","ContentPartLocks","NoEditPoints","Property","57"
"D:\OneDrive\VS\Projects\DocxDocument\DocumentModel.InOpenXml\Drawings\Non-visual properties\ContentPartLocks.cs","ContentPartLocks","NoGrouping","Property","15"
"D:\OneDrive\VS\Projects\DocxDocument\DocumentModel.InOpenXml\Drawings\Non-visual properties\ContentPartLocks.cs","ContentPartLocks","NoMove","Property","43"
"D:\OneDrive\VS\Projects\DocxDocument\DocumentModel.InOpenXml\Drawings\Non-visual properties\ContentPartLocks.cs","ContentPartLocks","NoResize","Property","50"
"D:\OneDrive\VS\Projects\DocxDocument\DocumentModel.InOpenXml\Drawings\Non-visual properties\ContentPartLocks.cs","ContentPartLocks","NoRotation","Property","29"
"D:\OneDrive\VS\Projects\DocxDocument\DocumentModel.InOpenXml\Drawings\Non-visual properties\ContentPartLocks.cs","ContentPartLocks","NoSelection","Property","22"
"D:\OneDrive\VS\Projects\DocxDocument\DocumentModel.InOpenXml\Drawings\Non-visual properties\ContentPartLocks.cs","ContentPartLocks","OfficeArtExtensionList","Property","85"
"D:\OneDrive\VS\Projects\DocxDocument\DocumentModel.InOpenXml\Drawings\Non-visual properties\CreationId.cs","CreationId","Id","Property","14"
"D:\OneDrive\VS\Projects\DocxDocument\DocumentModel.InOpenXml\Drawings\Non-visual properties\GroupShapeLocks.cs","GroupShapeLocks","ExtensionList","Property","63"
"D:\OneDrive\VS\Projects\DocxDocument\DocumentModel.InOpenXml\Drawings\Non-visual properties\GroupShapeLocks.cs","GroupShapeLocks","NoChangeAspect","Property","42"
"D:\OneDrive\VS\Projects\DocxDocument\DocumentModel.InOpenXml\Drawings\Non-visual properties\GroupShapeLocks.cs","GroupShapeLocks","NoGrouping","Property","14"
"D:\OneDrive\VS\Projects\DocxDocument\DocumentModel.InOpenXml\Drawings\Non-visual properties\GroupShapeLocks.cs","GroupShapeLocks","NoMove","Property","49"
"D:\OneDrive\VS\Projects\DocxDocument\DocumentModel.InOpenXml\Drawings\Non-visual properties\GroupShapeLocks.cs","GroupShapeLocks","NoResize","Property","56"
"D:\OneDrive\VS\Projects\DocxDocument\DocumentModel.InOpenXml\Drawings\Non-visual properties\GroupShapeLocks.cs","GroupShapeLocks","NoRotation","Property","35"
"D:\OneDrive\VS\Projects\DocxDocument\DocumentModel.InOpenXml\Drawings\Non-visual properties\GroupShapeLocks.cs","GroupShapeLocks","NoSelection","Property","28"
"D:\OneDrive\VS\Projects\DocxDocument\DocumentModel.InOpenXml\Drawings\Non-visual properties\GroupShapeLocks.cs","GroupShapeLocks","NoUngrouping","Property","21"
"D:\OneDrive\VS\Projects\DocxDocument\DocumentModel.InOpenXml\Drawings\Non-visual properties\LiveFeedProperties.cs","LiveFeedProperties","LiveFeedBackgroundProperties","Property","15"
"D:\OneDrive\VS\Projects\DocxDocument\DocumentModel.InOpenXml\Drawings\Non-visual properties\LiveFeedProperties.cs","LiveFeedProperties","OfficeArtExtensionList","Property","22"
"D:\OneDrive\VS\Projects\DocxDocument\DocumentModel.InOpenXml\Drawings\Non-visual properties\NonVisualGroupDrawingShapePropsExtension.cs","NonVisualGroupDrawingShapePropsExtension","Uri","Property","21"
"D:\OneDrive\VS\Projects\DocxDocument\DocumentModel.InOpenXml\Drawings\Non-visual properties\NonVisualGroupProperties.cs","NonVisualGroupProperties","IsLegacyGroup","Property","14"
"D:\OneDrive\VS\Projects\DocxDocument\DocumentModel.InOpenXml\Drawings\Non-visual properties\NonVisualPicturePropertiesExtension.cs","NonVisualPicturePropertiesExtension","Uri","Property","39"
"D:\OneDrive\VS\Projects\DocxDocument\DocumentModel.InOpenXml\Drawings\Non-visual properties\ObjectProperties.cs","ObjectProperties","Id","Property","14"
"D:\OneDrive\VS\Projects\DocxDocument\DocumentModel.InOpenXml\Drawings\Non-visual properties\ObjectProperties.cs","ObjectProperties","IsActiveX","Property","21"
"D:\OneDrive\VS\Projects\DocxDocument\DocumentModel.InOpenXml\Drawings\Non-visual properties\ObjectProperties.cs","ObjectProperties","LinkType","Property","28"
"D:\OneDrive\VS\Projects\DocxDocument\DocumentModel.InOpenXml\Drawings\Non-visual properties\PictureLocks.cs","PictureLocks","ExtensionList","Property","91"
"D:\OneDrive\VS\Projects\DocxDocument\DocumentModel.InOpenXml\Drawings\Non-visual properties\PictureLocks.cs","PictureLocks","NoAdjustHandles","Property","63"
"D:\OneDrive\VS\Projects\DocxDocument\DocumentModel.InOpenXml\Drawings\Non-visual properties\PictureLocks.cs","PictureLocks","NoChangeArrowheads","Property","70"
"D:\OneDrive\VS\Projects\DocxDocument\DocumentModel.InOpenXml\Drawings\Non-visual properties\PictureLocks.cs","PictureLocks","NoChangeAspect","Property","35"
"D:\OneDrive\VS\Projects\DocxDocument\DocumentModel.InOpenXml\Drawings\Non-visual properties\PictureLocks.cs","PictureLocks","NoChangeShapeType","Property","77"
"D:\OneDrive\VS\Projects\DocxDocument\DocumentModel.InOpenXml\Drawings\Non-visual properties\PictureLocks.cs","PictureLocks","NoCrop","Property","84"
"D:\OneDrive\VS\Projects\DocxDocument\DocumentModel.InOpenXml\Drawings\Non-visual properties\PictureLocks.cs","PictureLocks","NoEditPoints","Property","56"
"D:\OneDrive\VS\Projects\DocxDocument\DocumentModel.InOpenXml\Drawings\Non-visual properties\PictureLocks.cs","PictureLocks","NoGrouping","Property","14"
"D:\OneDrive\VS\Projects\DocxDocument\DocumentModel.InOpenXml\Drawings\Non-visual properties\PictureLocks.cs","PictureLocks","NoMove","Property","42"
"D:\OneDrive\VS\Projects\DocxDocument\DocumentModel.InOpenXml\Drawings\Non-visual properties\PictureLocks.cs","PictureLocks","NoResize","Property","49"
"D:\OneDrive\VS\Projects\DocxDocument\DocumentModel.InOpenXml\Drawings\Non-visual properties\PictureLocks.cs","PictureLocks","NoRotation","Property","28"
"D:\OneDrive\VS\Projects\DocxDocument\DocumentModel.InOpenXml\Drawings\Non-visual properties\PictureLocks.cs","PictureLocks","NoSelection","Property","21"
"D:\OneDrive\VS\Projects\DocxDocument\DocumentModel.InOpenXml\Drawings\Non-visual properties\ScriptLink.cs","ScriptLink","OfficeArtExtensionList","Property","21"
"D:\OneDrive\VS\Projects\DocxDocument\DocumentModel.InOpenXml\Drawings\Non-visual properties\ScriptLink.cs","ScriptLink","Val","Property","14"
"D:\OneDrive\VS\Projects\DocxDocument\DocumentModel.InOpenXml\Drawings\Non-visual properties\SignatureLine.cs","SignatureLine","AdditionalXml","Property","84"
"D:\OneDrive\VS\Projects\DocxDocument\DocumentModel.InOpenXml\Drawings\Non-visual properties\SignatureLine.cs","SignatureLine","AllowComments","Property","42"
"D:\OneDrive\VS\Projects\DocxDocument\DocumentModel.InOpenXml\Drawings\Non-visual properties\SignatureLine.cs","SignatureLine","Id","Property","21"
"D:\OneDrive\VS\Projects\DocxDocument\DocumentModel.InOpenXml\Drawings\Non-visual properties\SignatureLine.cs","SignatureLine","IsSignatureLine","Property","14"
"D:\OneDrive\VS\Projects\DocxDocument\DocumentModel.InOpenXml\Drawings\Non-visual properties\SignatureLine.cs","SignatureLine","ProviderId","Property","28"
"D:\OneDrive\VS\Projects\DocxDocument\DocumentModel.InOpenXml\Drawings\Non-visual properties\SignatureLine.cs","SignatureLine","ShowSignDate","Property","49"
"D:\OneDrive\VS\Projects\DocxDocument\DocumentModel.InOpenXml\Drawings\Non-visual properties\SignatureLine.cs","SignatureLine","SignatureProviderUrl","Property","91"
"D:\OneDrive\VS\Projects\DocxDocument\DocumentModel.InOpenXml\Drawings\Non-visual properties\SignatureLine.cs","SignatureLine","SigningInstructions","Property","77"
"D:\OneDrive\VS\Projects\DocxDocument\DocumentModel.InOpenXml\Drawings\Non-visual properties\SignatureLine.cs","SignatureLine","SigningInstructionsSet","Property","35"
"D:\OneDrive\VS\Projects\DocxDocument\DocumentModel.InOpenXml\Drawings\Non-visual properties\SignatureLine.cs","SignatureLine","SuggestedSigner","Property","56"
"D:\OneDrive\VS\Projects\DocxDocument\DocumentModel.InOpenXml\Drawings\Non-visual properties\SignatureLine.cs","SignatureLine","SuggestedSigner2","Property","63"
"D:\OneDrive\VS\Projects\DocxDocument\DocumentModel.InOpenXml\Drawings\Non-visual properties\SignatureLine.cs","SignatureLine","SuggestedSignerEmail","Property","70"
"D:\OneDrive\VS\Projects\DocxDocument\DocumentModel.InOpenXml\Drawings\Shape properties\DefaultShapeDefinitionType.cs","DefaultShapeDefinitionType","BodyProperties","Property","21"
"D:\OneDrive\VS\Projects\DocxDocument\DocumentModel.InOpenXml\Drawings\Shape properties\DefaultShapeDefinitionType.cs","DefaultShapeDefinitionType","ExtensionList","Property","42"
"D:\OneDrive\VS\Projects\DocxDocument\DocumentModel.InOpenXml\Drawings\Shape properties\DefaultShapeDefinitionType.cs","DefaultShapeDefinitionType","ListStyle","Property","28"
"D:\OneDrive\VS\Projects\DocxDocument\DocumentModel.InOpenXml\Drawings\Shape properties\DefaultShapeDefinitionType.cs","DefaultShapeDefinitionType","ShapeProperties","Property","14"
"D:\OneDrive\VS\Projects\DocxDocument\DocumentModel.InOpenXml\Drawings\Shape properties\DefaultShapeDefinitionType.cs","DefaultShapeDefinitionType","ShapeStyle","Property","35"
"D:\OneDrive\VS\Projects\DocxDocument\DocumentModel.InOpenXml\Drawings\Shape properties\Point2DType.cs","Point2DType","X","Property","14"
"D:\OneDrive\VS\Projects\DocxDocument\DocumentModel.InOpenXml\Drawings\Shape properties\Point2DType.cs","Point2DType","Y","Property","21"
"D:\OneDrive\VS\Projects\DocxDocument\DocumentModel.InOpenXml\Drawings\Shape properties\PositiveSize2DType.cs","PositiveSize2DType","Cx","Property","14"
"D:\OneDrive\VS\Projects\DocxDocument\DocumentModel.InOpenXml\Drawings\Shape properties\PositiveSize2DType.cs","PositiveSize2DType","Cy","Property","21"
"D:\OneDrive\VS\Projects\DocxDocument\DocumentModel.InOpenXml\Drawings\Shape properties\PresetGeometry.cs","PresetGeometry","AdjustValueList","Property","21"
"D:\OneDrive\VS\Projects\DocxDocument\DocumentModel.InOpenXml\Drawings\Shape properties\PresetGeometry.cs","PresetGeometry","Preset","Property","14"
"D:\OneDrive\VS\Projects\DocxDocument\DocumentModel.InOpenXml\Drawings\Shape properties\PresetShadow.cs","PresetShadow","Color","Property","35"
"D:\OneDrive\VS\Projects\DocxDocument\DocumentModel.InOpenXml\Drawings\Shape properties\PresetShadow.cs","PresetShadow","Direction","Property","28"
"D:\OneDrive\VS\Projects\DocxDocument\DocumentModel.InOpenXml\Drawings\Shape properties\PresetShadow.cs","PresetShadow","Distance","Property","21"
"D:\OneDrive\VS\Projects\DocxDocument\DocumentModel.InOpenXml\Drawings\Shape properties\PresetShadow.cs","PresetShadow","Preset","Property","14"
"D:\OneDrive\VS\Projects\DocxDocument\DocumentModel.InOpenXml\Drawings\Shape properties\ShapeDefault.cs","ShapeDefault","BodyProperties","Property","21"
"D:\OneDrive\VS\Projects\DocxDocument\DocumentModel.InOpenXml\Drawings\Shape properties\ShapeDefault.cs","ShapeDefault","ExtensionList","Property","42"
"D:\OneDrive\VS\Projects\DocxDocument\DocumentModel.InOpenXml\Drawings\Shape properties\ShapeDefault.cs","ShapeDefault","ListStyle","Property","28"
"D:\OneDrive\VS\Projects\DocxDocument\DocumentModel.InOpenXml\Drawings\Shape properties\ShapeDefault.cs","ShapeDefault","ShapeProperties","Property","14"
"D:\OneDrive\VS\Projects\DocxDocument\DocumentModel.InOpenXml\Drawings\Shape properties\ShapeDefault.cs","ShapeDefault","ShapeStyle","Property","35"
"D:\OneDrive\VS\Projects\DocxDocument\DocumentModel.InOpenXml\Drawings\Shape properties\ShapeGuide.cs","ShapeGuide","Formula","Property","21"
"D:\OneDrive\VS\Projects\DocxDocument\DocumentModel.InOpenXml\Drawings\Shape properties\ShapeGuide.cs","ShapeGuide","Name","Property","14"
"D:\OneDrive\VS\Projects\DocxDocument\DocumentModel.InOpenXml\Drawings\Shape properties\ShapeLocks.cs","ShapeLocks","ExtensionList","Property","91"
"D:\OneDrive\VS\Projects\DocxDocument\DocumentModel.InOpenXml\Drawings\Shape properties\ShapeLocks.cs","ShapeLocks","NoAdjustHandles","Property","63"
"D:\OneDrive\VS\Projects\DocxDocument\DocumentModel.InOpenXml\Drawings\Shape properties\ShapeLocks.cs","ShapeLocks","NoChangeArrowheads","Property","70"
"D:\OneDrive\VS\Projects\DocxDocument\DocumentModel.InOpenXml\Drawings\Shape properties\ShapeLocks.cs","ShapeLocks","NoChangeAspect","Property","35"
"D:\OneDrive\VS\Projects\DocxDocument\DocumentModel.InOpenXml\Drawings\Shape properties\ShapeLocks.cs","ShapeLocks","NoChangeShapeType","Property","77"
"D:\OneDrive\VS\Projects\DocxDocument\DocumentModel.InOpenXml\Drawings\Shape properties\ShapeLocks.cs","ShapeLocks","NoEditPoints","Property","56"
"D:\OneDrive\VS\Projects\DocxDocument\DocumentModel.InOpenXml\Drawings\Shape properties\ShapeLocks.cs","ShapeLocks","NoGrouping","Property","14"
"D:\OneDrive\VS\Projects\DocxDocument\DocumentModel.InOpenXml\Drawings\Shape properties\ShapeLocks.cs","ShapeLocks","NoMove","Property","42"
"D:\OneDrive\VS\Projects\DocxDocument\DocumentModel.InOpenXml\Drawings\Shape properties\ShapeLocks.cs","ShapeLocks","NoResize","Property","49"
"D:\OneDrive\VS\Projects\DocxDocument\DocumentModel.InOpenXml\Drawings\Shape properties\ShapeLocks.cs","ShapeLocks","NoRotation","Property","28"
"D:\OneDrive\VS\Projects\DocxDocument\DocumentModel.InOpenXml\Drawings\Shape properties\ShapeLocks.cs","ShapeLocks","NoSelection","Property","21"
"D:\OneDrive\VS\Projects\DocxDocument\DocumentModel.InOpenXml\Drawings\Shape properties\ShapeLocks.cs","ShapeLocks","NoTextEdit","Property","84"
"D:\OneDrive\VS\Projects\DocxDocument\DocumentModel.InOpenXml\Drawings\Shape properties\ShapeProperties.cs","ShapeProperties","BlackWhiteMode","Property","14"
"D:\OneDrive\VS\Projects\DocxDocument\DocumentModel.InOpenXml\Drawings\Shape properties\ShapeProperties.cs","ShapeProperties","Transform2D","Property","21"
"D:\OneDrive\VS\Projects\DocxDocument\DocumentModel.InOpenXml\Drawings\Shape properties\ShapePropertiesExtension.cs","ShapePropertiesExtension","Uri","Property","50"
"D:\OneDrive\VS\Projects\DocxDocument\DocumentModel.InOpenXml\Drawings\Shape properties\TransformGroup.cs","TransformGroup","ChildExtents","Property","56"
"D:\OneDrive\VS\Projects\DocxDocument\DocumentModel.InOpenXml\Drawings\Shape properties\TransformGroup.cs","TransformGroup","ChildOffset","Property","49"
"D:\OneDrive\VS\Projects\DocxDocument\DocumentModel.InOpenXml\Drawings\Shape properties\TransformGroup.cs","TransformGroup","Extents","Property","42"
"D:\OneDrive\VS\Projects\DocxDocument\DocumentModel.InOpenXml\Drawings\Shape properties\TransformGroup.cs","TransformGroup","HorizontalFlip","Property","21"
"D:\OneDrive\VS\Projects\DocxDocument\DocumentModel.InOpenXml\Drawings\Shape properties\TransformGroup.cs","TransformGroup","Offset","Property","35"
"D:\OneDrive\VS\Projects\DocxDocument\DocumentModel.InOpenXml\Drawings\Shape properties\TransformGroup.cs","TransformGroup","Rotation","Property","14"
"D:\OneDrive\VS\Projects\DocxDocument\DocumentModel.InOpenXml\Drawings\Shape properties\TransformGroup.cs","TransformGroup","VerticalFlip","Property","28"
"D:\OneDrive\VS\Projects\DocxDocument\DocumentModel.InOpenXml\Drawings\Text elements and properties\DefaultRunProperties.cs","DefaultRunProperties","Outline","Property","14"
"D:\OneDrive\VS\Projects\DocxDocument\DocumentModel.InOpenXml\Drawings\Text elements and properties\DefaultRunProperties.cs","DefaultRunProperties","Underline","Property","51"
"D:\OneDrive\VS\Projects\DocxDocument\DocumentModel.InOpenXml\Drawings\Text elements and properties\EndParagraphRunProperties.cs","EndParagraphRunProperties","Outline","Property","16"
"D:\OneDrive\VS\Projects\DocxDocument\DocumentModel.InOpenXml\Drawings\Text elements and properties\EndParagraphRunProperties.cs","EndParagraphRunProperties","Underline","Property","53"
"D:\OneDrive\VS\Projects\DocxDocument\DocumentModel.InOpenXml\Drawings\Text elements and properties\Field.cs","Field","Id","Property","18"
"D:\OneDrive\VS\Projects\DocxDocument\DocumentModel.InOpenXml\Drawings\Text elements and properties\Field.cs","Field","ParagraphProperties","Property","39"
"D:\OneDrive\VS\Projects\DocxDocument\DocumentModel.InOpenXml\Drawings\Text elements and properties\Field.cs","Field","RunProperties","Property","32"
"D:\OneDrive\VS\Projects\DocxDocument\DocumentModel.InOpenXml\Drawings\Text elements and properties\Field.cs","Field","Text","Property","46"
"D:\OneDrive\VS\Projects\DocxDocument\DocumentModel.InOpenXml\Drawings\Text elements and properties\Field.cs","Field","Type","Property","25"
"D:\OneDrive\VS\Projects\DocxDocument\DocumentModel.InOpenXml\Drawings\Text elements and properties\FontCollectionType.cs","FontCollectionType","ComplexScriptFont","Property","27"
"D:\OneDrive\VS\Projects\DocxDocument\DocumentModel.InOpenXml\Drawings\Text elements and properties\FontCollectionType.cs","FontCollectionType","EastAsianFont","Property","20"
"D:\OneDrive\VS\Projects\DocxDocument\DocumentModel.InOpenXml\Drawings\Text elements and properties\FontCollectionType.cs","FontCollectionType","LatinFont","Property","13"
"D:\OneDrive\VS\Projects\DocxDocument\DocumentModel.InOpenXml\Drawings\Text elements and properties\FontReference.cs","FontReference","Color","Property","21"
"D:\OneDrive\VS\Projects\DocxDocument\DocumentModel.InOpenXml\Drawings\Text elements and properties\FontReference.cs","FontReference","Index","Property","14"
"D:\OneDrive\VS\Projects\DocxDocument\DocumentModel.InOpenXml\Drawings\Text elements and properties\FontScheme.cs","FontScheme","ExtensionList","Property","37"
"D:\OneDrive\VS\Projects\DocxDocument\DocumentModel.InOpenXml\Drawings\Text elements and properties\FontScheme.cs","FontScheme","MajorFont","Property","23"
"D:\OneDrive\VS\Projects\DocxDocument\DocumentModel.InOpenXml\Drawings\Text elements and properties\FontScheme.cs","FontScheme","MinorFont","Property","30"
"D:\OneDrive\VS\Projects\DocxDocument\DocumentModel.InOpenXml\Drawings\Text elements and properties\FontScheme.cs","FontScheme","Name","Property","16"
"D:\OneDrive\VS\Projects\DocxDocument\DocumentModel.InOpenXml\Drawings\Text elements and properties\NormalAutoFit.cs","NormalAutoFit","FontScale","Property","14"
"D:\OneDrive\VS\Projects\DocxDocument\DocumentModel.InOpenXml\Drawings\Text elements and properties\NormalAutoFit.cs","NormalAutoFit","LineSpaceReduction","Property","21"
"D:\OneDrive\VS\Projects\DocxDocument\DocumentModel.InOpenXml\Drawings\Text elements and properties\Paragraph.cs","Paragraph","ParagraphProperties","Property","14"
"D:\OneDrive\VS\Projects\DocxDocument\DocumentModel.InOpenXml\Drawings\Text elements and properties\ParagraphProperties.cs","ParagraphProperties","Alignment","Property","42"
"D:\OneDrive\VS\Projects\DocxDocument\DocumentModel.InOpenXml\Drawings\Text elements and properties\ParagraphProperties.cs","ParagraphProperties","AutoNumberedBullet","Element","112"
"D:\OneDrive\VS\Projects\DocxDocument\DocumentModel.InOpenXml\Drawings\Text elements and properties\ParagraphProperties.cs","ParagraphProperties","BulletColor","Element","119"
"D:\OneDrive\VS\Projects\DocxDocument\DocumentModel.InOpenXml\Drawings\Text elements and properties\ParagraphProperties.cs","ParagraphProperties","BulletColorText","Element","126"
"D:\OneDrive\VS\Projects\DocxDocument\DocumentModel.InOpenXml\Drawings\Text elements and properties\ParagraphProperties.cs","ParagraphProperties","BulletFont","Element","133"
"D:\OneDrive\VS\Projects\DocxDocument\DocumentModel.InOpenXml\Drawings\Text elements and properties\ParagraphProperties.cs","ParagraphProperties","BulletFontText","Element","140"
"D:\OneDrive\VS\Projects\DocxDocument\DocumentModel.InOpenXml\Drawings\Text elements and properties\ParagraphProperties.cs","ParagraphProperties","BulletSizePercentage","Element","147"
"D:\OneDrive\VS\Projects\DocxDocument\DocumentModel.InOpenXml\Drawings\Text elements and properties\ParagraphProperties.cs","ParagraphProperties","BulletSizePoints","Element","154"
"D:\OneDrive\VS\Projects\DocxDocument\DocumentModel.InOpenXml\Drawings\Text elements and properties\ParagraphProperties.cs","ParagraphProperties","DefaultTabSize","Property","49"
"D:\OneDrive\VS\Projects\DocxDocument\DocumentModel.InOpenXml\Drawings\Text elements and properties\ParagraphProperties.cs","ParagraphProperties","EastAsianLineBreak","Property","63"
"D:\OneDrive\VS\Projects\DocxDocument\DocumentModel.InOpenXml\Drawings\Text elements and properties\ParagraphProperties.cs","ParagraphProperties","FontAlignment","Property","70"
"D:\OneDrive\VS\Projects\DocxDocument\DocumentModel.InOpenXml\Drawings\Text elements and properties\ParagraphProperties.cs","ParagraphProperties","Height","Property","84"
"D:\OneDrive\VS\Projects\DocxDocument\DocumentModel.InOpenXml\Drawings\Text elements and properties\ParagraphProperties.cs","ParagraphProperties","Indent","Property","35"
"D:\OneDrive\VS\Projects\DocxDocument\DocumentModel.InOpenXml\Drawings\Text elements and properties\ParagraphProperties.cs","ParagraphProperties","LatinLineBreak","Property","77"
"D:\OneDrive\VS\Projects\DocxDocument\DocumentModel.InOpenXml\Drawings\Text elements and properties\ParagraphProperties.cs","ParagraphProperties","LeftMargin","Property","14"
"D:\OneDrive\VS\Projects\DocxDocument\DocumentModel.InOpenXml\Drawings\Text elements and properties\ParagraphProperties.cs","ParagraphProperties","Level","Property","28"
"D:\OneDrive\VS\Projects\DocxDocument\DocumentModel.InOpenXml\Drawings\Text elements and properties\ParagraphProperties.cs","ParagraphProperties","LineSpacing","Property","91"
"D:\OneDrive\VS\Projects\DocxDocument\DocumentModel.InOpenXml\Drawings\Text elements and properties\ParagraphProperties.cs","ParagraphProperties","RightMargin","Property","21"
"D:\OneDrive\VS\Projects\DocxDocument\DocumentModel.InOpenXml\Drawings\Text elements and properties\ParagraphProperties.cs","ParagraphProperties","RightToLeft","Property","56"
"D:\OneDrive\VS\Projects\DocxDocument\DocumentModel.InOpenXml\Drawings\Text elements and properties\ParagraphProperties.cs","ParagraphProperties","SpaceAfter","Property","105"
"D:\OneDrive\VS\Projects\DocxDocument\DocumentModel.InOpenXml\Drawings\Text elements and properties\ParagraphProperties.cs","ParagraphProperties","SpaceBefore","Property","98"
"D:\OneDrive\VS\Projects\DocxDocument\DocumentModel.InOpenXml\Drawings\Text elements and properties\Run.cs","Run","RunProperties","Property","14"
"D:\OneDrive\VS\Projects\DocxDocument\DocumentModel.InOpenXml\Drawings\Text elements and properties\Run.cs","Run","Text","Property","21"
"D:\OneDrive\VS\Projects\DocxDocument\DocumentModel.InOpenXml\Drawings\Text elements and properties\RunProperties.cs","RunProperties","Outline","Property","14"
"D:\OneDrive\VS\Projects\DocxDocument\DocumentModel.InOpenXml\Drawings\Text elements and properties\RunProperties.cs","RunProperties","Underline","Property","51"
"D:\OneDrive\VS\Projects\DocxDocument\DocumentModel.InOpenXml\Drawings\Text elements and properties\SupplementalFont.cs","SupplementalFont","Script","Property","15"
"D:\OneDrive\VS\Projects\DocxDocument\DocumentModel.InOpenXml\Drawings\Text elements and properties\SupplementalFont.cs","SupplementalFont","Typeface","Property","23"
"D:\OneDrive\VS\Projects\DocxDocument\DocumentModel.InOpenXml\Drawings\Text elements and properties\TabStop.cs","TabStop","Alignment","Property","21"
"D:\OneDrive\VS\Projects\DocxDocument\DocumentModel.InOpenXml\Drawings\Text elements and properties\TabStop.cs","TabStop","Position","Property","14"
"D:\OneDrive\VS\Projects\DocxDocument\DocumentModel.InOpenXml\Drawings\Text elements and properties\TextCharacterPropertiesType.cs","TextCharacterPropertiesType","AlternativeLanguage","Property","40"
"D:\OneDrive\VS\Projects\DocxDocument\DocumentModel.InOpenXml\Drawings\Text elements and properties\TextCharacterPropertiesType.cs","TextCharacterPropertiesType","Baseline","Property","110"
"D:\OneDrive\VS\Projects\DocxDocument\DocumentModel.InOpenXml\Drawings\Text elements and properties\TextCharacterPropertiesType.cs","TextCharacterPropertiesType","Bold","Property","54"
"D:\OneDrive\VS\Projects\DocxDocument\DocumentModel.InOpenXml\Drawings\Text elements and properties\TextCharacterPropertiesType.cs","TextCharacterPropertiesType","Bookmark","Property","152"
"D:\OneDrive\VS\Projects\DocxDocument\DocumentModel.InOpenXml\Drawings\Text elements and properties\TextCharacterPropertiesType.cs","TextCharacterPropertiesType","Capital","Property","89"
"D:\OneDrive\VS\Projects\DocxDocument\DocumentModel.InOpenXml\Drawings\Text elements and properties\TextCharacterPropertiesType.cs","TextCharacterPropertiesType","Dirty","Property","124"
"D:\OneDrive\VS\Projects\DocxDocument\DocumentModel.InOpenXml\Drawings\Text elements and properties\TextCharacterPropertiesType.cs","TextCharacterPropertiesType","FontSize","Property","47"
"D:\OneDrive\VS\Projects\DocxDocument\DocumentModel.InOpenXml\Drawings\Text elements and properties\TextCharacterPropertiesType.cs","TextCharacterPropertiesType","Italic","Property","61"
"D:\OneDrive\VS\Projects\DocxDocument\DocumentModel.InOpenXml\Drawings\Text elements and properties\TextCharacterPropertiesType.cs","TextCharacterPropertiesType","Kerning","Property","82"
"D:\OneDrive\VS\Projects\DocxDocument\DocumentModel.InOpenXml\Drawings\Text elements and properties\TextCharacterPropertiesType.cs","TextCharacterPropertiesType","Kumimoji","Property","26"
"D:\OneDrive\VS\Projects\DocxDocument\DocumentModel.InOpenXml\Drawings\Text elements and properties\TextCharacterPropertiesType.cs","TextCharacterPropertiesType","Language","Property","33"
"D:\OneDrive\VS\Projects\DocxDocument\DocumentModel.InOpenXml\Drawings\Text elements and properties\TextCharacterPropertiesType.cs","TextCharacterPropertiesType","NoProof","Property","117"
"D:\OneDrive\VS\Projects\DocxDocument\DocumentModel.InOpenXml\Drawings\Text elements and properties\TextCharacterPropertiesType.cs","TextCharacterPropertiesType","NormalizeHeight","Property","103"
"D:\OneDrive\VS\Projects\DocxDocument\DocumentModel.InOpenXml\Drawings\Text elements and properties\TextCharacterPropertiesType.cs","TextCharacterPropertiesType","Outline","Property","159"
"D:\OneDrive\VS\Projects\DocxDocument\DocumentModel.InOpenXml\Drawings\Text elements and properties\TextCharacterPropertiesType.cs","TextCharacterPropertiesType","SmartTagClean","Property","138"
"D:\OneDrive\VS\Projects\DocxDocument\DocumentModel.InOpenXml\Drawings\Text elements and properties\TextCharacterPropertiesType.cs","TextCharacterPropertiesType","SmartTagId","Property","145"
"D:\OneDrive\VS\Projects\DocxDocument\DocumentModel.InOpenXml\Drawings\Text elements and properties\TextCharacterPropertiesType.cs","TextCharacterPropertiesType","Spacing","Property","96"
"D:\OneDrive\VS\Projects\DocxDocument\DocumentModel.InOpenXml\Drawings\Text elements and properties\TextCharacterPropertiesType.cs","TextCharacterPropertiesType","SpellingError","Property","131"
"D:\OneDrive\VS\Projects\DocxDocument\DocumentModel.InOpenXml\Drawings\Text elements and properties\TextCharacterPropertiesType.cs","TextCharacterPropertiesType","Strike","Property","75"
"D:\OneDrive\VS\Projects\DocxDocument\DocumentModel.InOpenXml\Drawings\Text elements and properties\TextCharacterPropertiesType.cs","TextCharacterPropertiesType","Underline","Property","68"
"D:\OneDrive\VS\Projects\DocxDocument\DocumentModel.InOpenXml\Drawings\Text elements and properties\TextDefault.cs","TextDefault","BodyProperties","Property","21"
"D:\OneDrive\VS\Projects\DocxDocument\DocumentModel.InOpenXml\Drawings\Text elements and properties\TextDefault.cs","TextDefault","ExtensionList","Property","42"
"D:\OneDrive\VS\Projects\DocxDocument\DocumentModel.InOpenXml\Drawings\Text elements and properties\TextDefault.cs","TextDefault","ListStyle","Property","28"
"D:\OneDrive\VS\Projects\DocxDocument\DocumentModel.InOpenXml\Drawings\Text elements and properties\TextDefault.cs","TextDefault","ShapeProperties","Property","14"
"D:\OneDrive\VS\Projects\DocxDocument\DocumentModel.InOpenXml\Drawings\Text elements and properties\TextDefault.cs","TextDefault","ShapeStyle","Property","35"
"D:\OneDrive\VS\Projects\DocxDocument\DocumentModel.InOpenXml\Drawings\Text elements and properties\TextFontType.cs","TextFontType","Charset","Property","36"
"D:\OneDrive\VS\Projects\DocxDocument\DocumentModel.InOpenXml\Drawings\Text elements and properties\TextFontType.cs","TextFontType","Panose","Property","22"
"D:\OneDrive\VS\Projects\DocxDocument\DocumentModel.InOpenXml\Drawings\Text elements and properties\TextFontType.cs","TextFontType","Pitch","Property","29"
"D:\OneDrive\VS\Projects\DocxDocument\DocumentModel.InOpenXml\Drawings\Text elements and properties\TextFontType.cs","TextFontType","Typeface","Property","15"
"D:\OneDrive\VS\Projects\DocxDocument\DocumentModel.InOpenXml\Drawings\Themes\ColorScheme.cs","ColorScheme","OfficeArtExtensionList","Property","220"
"D:\OneDrive\VS\Projects\DocxDocument\DocumentModel.InOpenXml\Drawings\Themes\ExtraColorScheme.cs","ExtraColorScheme","ColorMap","Property","21"
"D:\OneDrive\VS\Projects\DocxDocument\DocumentModel.InOpenXml\Drawings\Themes\ExtraColorScheme.cs","ExtraColorScheme","ColorScheme","Property","14"
"D:\OneDrive\VS\Projects\DocxDocument\DocumentModel.InOpenXml\Drawings\Themes\FormatScheme.cs","FormatScheme","BackgroundFillStyleList","Property","42"
"D:\OneDrive\VS\Projects\DocxDocument\DocumentModel.InOpenXml\Drawings\Themes\FormatScheme.cs","FormatScheme","EffectStyleList","Property","35"
"D:\OneDrive\VS\Projects\DocxDocument\DocumentModel.InOpenXml\Drawings\Themes\FormatScheme.cs","FormatScheme","FillStyleList","Property","21"
"D:\OneDrive\VS\Projects\DocxDocument\DocumentModel.InOpenXml\Drawings\Themes\FormatScheme.cs","FormatScheme","LineStyleList","Property","28"
"D:\OneDrive\VS\Projects\DocxDocument\DocumentModel.InOpenXml\Drawings\Themes\FormatScheme.cs","FormatScheme","Name","Property","14"
"D:\OneDrive\VS\Projects\DocxDocument\DocumentModel.InOpenXml\Drawings\Themes\ObjectDefaults.cs","ObjectDefaults","ExtensionList","Property","35"
"D:\OneDrive\VS\Projects\DocxDocument\DocumentModel.InOpenXml\Drawings\Themes\ObjectDefaults.cs","ObjectDefaults","LineDefault","Property","21"
"D:\OneDrive\VS\Projects\DocxDocument\DocumentModel.InOpenXml\Drawings\Themes\ObjectDefaults.cs","ObjectDefaults","ShapeDefault","Property","14"
"D:\OneDrive\VS\Projects\DocxDocument\DocumentModel.InOpenXml\Drawings\Themes\ObjectDefaults.cs","ObjectDefaults","TextDefault","Property","28"
"D:\OneDrive\VS\Projects\DocxDocument\DocumentModel.InOpenXml\Drawings\Themes\OfficeStyleSheetExtension.cs","OfficeStyleSheetExtension","Uri","Property","21"
"D:\OneDrive\VS\Projects\DocxDocument\DocumentModel.InOpenXml\Drawings\Themes\Theme.cs","Theme","Name","Property","55"
"D:\OneDrive\VS\Projects\DocxDocument\DocumentModel.InOpenXml\Drawings\Themes\Theme.cs","Theme","ThemeId","Property","63"
"D:\OneDrive\VS\Projects\DocxDocument\DocumentModel.InOpenXml\Drawings\Themes\ThemeElements.cs","ThemeElements","ColorScheme","Property","25"
"D:\OneDrive\VS\Projects\DocxDocument\DocumentModel.InOpenXml\Drawings\Themes\ThemeElements.cs","ThemeElements","ExtensionList","Property","46"
"D:\OneDrive\VS\Projects\DocxDocument\DocumentModel.InOpenXml\Drawings\Themes\ThemeElements.cs","ThemeElements","FontScheme","Property","32"
"D:\OneDrive\VS\Projects\DocxDocument\DocumentModel.InOpenXml\Drawings\Themes\ThemeElements.cs","ThemeElements","FormatScheme","Property","39"
"D:\OneDrive\VS\Projects\DocxDocument\DocumentModel.InOpenXml\Drawings\Themes\ThemeFamily.cs","ThemeFamily","Id","Property","30"
"D:\OneDrive\VS\Projects\DocxDocument\DocumentModel.InOpenXml\Drawings\Themes\ThemeFamily.cs","ThemeFamily","Name","Property","23"
"D:\OneDrive\VS\Projects\DocxDocument\DocumentModel.InOpenXml\Drawings\Themes\ThemeFamily.cs","ThemeFamily","OfficeArtExtensionList","Property","44"
"D:\OneDrive\VS\Projects\DocxDocument\DocumentModel.InOpenXml\Drawings\Themes\ThemeFamily.cs","ThemeFamily","Vid","Property","37"
"D:\OneDrive\VS\Projects\DocxDocument\DocumentModel.InOpenXml\Drawings\Themes\ThemeOverride.cs","ThemeOverride","ColorScheme","Property","14"
"D:\OneDrive\VS\Projects\DocxDocument\DocumentModel.InOpenXml\Drawings\Themes\ThemeOverride.cs","ThemeOverride","FontScheme","Property","21"
"D:\OneDrive\VS\Projects\DocxDocument\DocumentModel.InOpenXml\Drawings\Themes\ThemeOverride.cs","ThemeOverride","FormatScheme","Property","28"
"D:\OneDrive\VS\Projects\DocxDocument\DocumentModel.InOpenXml\Drawings\Wordprocessing\FillToRectangle.cs","FillToRectangle","Bottom","Property","36"
"D:\OneDrive\VS\Projects\DocxDocument\DocumentModel.InOpenXml\Drawings\Wordprocessing\FillToRectangle.cs","FillToRectangle","Left","Property","15"
"D:\OneDrive\VS\Projects\DocxDocument\DocumentModel.InOpenXml\Drawings\Wordprocessing\FillToRectangle.cs","FillToRectangle","Right","Property","29"
"D:\OneDrive\VS\Projects\DocxDocument\DocumentModel.InOpenXml\Drawings\Wordprocessing\FillToRectangle.cs","FillToRectangle","Top","Property","22"
"D:\OneDrive\VS\Projects\DocxDocument\DocumentModel.InOpenXml\Drawings\Wordprocessing\GradientFillProperties.cs","GradientFillProperties","GradientStopList","Property","15"
"D:\OneDrive\VS\Projects\DocxDocument\DocumentModel.InOpenXml\Drawings\Wordprocessing\PathShadeProperties.cs","PathShadeProperties","FillToRectangle","Property","22"
"D:\OneDrive\VS\Projects\DocxDocument\DocumentModel.InOpenXml\Drawings\Wordprocessing\PathShadeProperties.cs","PathShadeProperties","Path","Property","15"
"D:\OneDrive\VS\Projects\DocxDocument\DocumentModel.InOpenXml\Math\Accent.cs","Accent","AccentProperties","Property","15"
"D:\OneDrive\VS\Projects\DocxDocument\DocumentModel.InOpenXml\Math\Accent.cs","Accent","Base","Property","22"
"D:\OneDrive\VS\Projects\DocxDocument\DocumentModel.InOpenXml\Math\AccentProperties.cs","AccentProperties","AccentChar","Property","15"
"D:\OneDrive\VS\Projects\DocxDocument\DocumentModel.InOpenXml\Math\AccentProperties.cs","AccentProperties","ControlProperties","Property","22"
"D:\OneDrive\VS\Projects\DocxDocument\DocumentModel.InOpenXml\Math\ArgumentProperties.cs","ArgumentProperties","ArgumentSize","Property","47"
"D:\OneDrive\VS\Projects\DocxDocument\DocumentModel.InOpenXml\Math\Bar.cs","Bar","BarProperties","Property","14"
"D:\OneDrive\VS\Projects\DocxDocument\DocumentModel.InOpenXml\Math\Bar.cs","Bar","Base","Property","21"
"D:\OneDrive\VS\Projects\DocxDocument\DocumentModel.InOpenXml\Math\BarProperties.cs","BarProperties","ControlProperties","Property","22"
"D:\OneDrive\VS\Projects\DocxDocument\DocumentModel.InOpenXml\Math\BarProperties.cs","BarProperties","Position","Property","15"
"D:\OneDrive\VS\Projects\DocxDocument\DocumentModel.InOpenXml\Math\BorderBox.cs","BorderBox","Base","Property","22"
"D:\OneDrive\VS\Projects\DocxDocument\DocumentModel.InOpenXml\Math\BorderBox.cs","BorderBox","BorderBoxProperties","Property","15"
"D:\OneDrive\VS\Projects\DocxDocument\DocumentModel.InOpenXml\Math\BorderBoxProperties.cs","BorderBoxProperties","ControlProperties","Property","70"
"D:\OneDrive\VS\Projects\DocxDocument\DocumentModel.InOpenXml\Math\BorderBoxProperties.cs","BorderBoxProperties","HideBottom","Property","21"
"D:\OneDrive\VS\Projects\DocxDocument\DocumentModel.InOpenXml\Math\BorderBoxProperties.cs","BorderBoxProperties","HideLeft","Property","28"
"D:\OneDrive\VS\Projects\DocxDocument\DocumentModel.InOpenXml\Math\BorderBoxProperties.cs","BorderBoxProperties","HideRight","Property","35"
"D:\OneDrive\VS\Projects\DocxDocument\DocumentModel.InOpenXml\Math\BorderBoxProperties.cs","BorderBoxProperties","HideTop","Property","14"
"D:\OneDrive\VS\Projects\DocxDocument\DocumentModel.InOpenXml\Math\BorderBoxProperties.cs","BorderBoxProperties","StrikeBottomLeftToTopRight","Property","56"
"D:\OneDrive\VS\Projects\DocxDocument\DocumentModel.InOpenXml\Math\BorderBoxProperties.cs","BorderBoxProperties","StrikeHorizontal","Property","42"
"D:\OneDrive\VS\Projects\DocxDocument\DocumentModel.InOpenXml\Math\BorderBoxProperties.cs","BorderBoxProperties","StrikeTopLeftToBottomRight","Property","63"
"D:\OneDrive\VS\Projects\DocxDocument\DocumentModel.InOpenXml\Math\BorderBoxProperties.cs","BorderBoxProperties","StrikeVertical","Property","49"
"D:\OneDrive\VS\Projects\DocxDocument\DocumentModel.InOpenXml\Math\Box.cs","Box","Base","Property","24"
"D:\OneDrive\VS\Projects\DocxDocument\DocumentModel.InOpenXml\Math\Box.cs","Box","BoxProperties","Property","17"
"D:\OneDrive\VS\Projects\DocxDocument\DocumentModel.InOpenXml\Math\BoxProperties.cs","BoxProperties","Alignment","Property","44"
"D:\OneDrive\VS\Projects\DocxDocument\DocumentModel.InOpenXml\Math\BoxProperties.cs","BoxProperties","Break","Property","37"
"D:\OneDrive\VS\Projects\DocxDocument\DocumentModel.InOpenXml\Math\BoxProperties.cs","BoxProperties","ControlProperties","Property","51"
"D:\OneDrive\VS\Projects\DocxDocument\DocumentModel.InOpenXml\Math\BoxProperties.cs","BoxProperties","Differential","Property","30"
"D:\OneDrive\VS\Projects\DocxDocument\DocumentModel.InOpenXml\Math\BoxProperties.cs","BoxProperties","NoBreak","Property","23"
"D:\OneDrive\VS\Projects\DocxDocument\DocumentModel.InOpenXml\Math\BoxProperties.cs","BoxProperties","OperatorEmulator","Property","16"
"D:\OneDrive\VS\Projects\DocxDocument\DocumentModel.InOpenXml\Math\Delimiter.cs","Delimiter","DelimiterProperties","Property","16"
"D:\OneDrive\VS\Projects\DocxDocument\DocumentModel.InOpenXml\Math\DelimiterProperties.cs","DelimiterProperties","BeginChar","Property","15"
"D:\OneDrive\VS\Projects\DocxDocument\DocumentModel.InOpenXml\Math\DelimiterProperties.cs","DelimiterProperties","ControlProperties","Property","51"
"D:\OneDrive\VS\Projects\DocxDocument\DocumentModel.InOpenXml\Math\DelimiterProperties.cs","DelimiterProperties","EndChar","Property","29"
"D:\OneDrive\VS\Projects\DocxDocument\DocumentModel.InOpenXml\Math\DelimiterProperties.cs","DelimiterProperties","GrowOperators","Property","36"
"D:\OneDrive\VS\Projects\DocxDocument\DocumentModel.InOpenXml\Math\DelimiterProperties.cs","DelimiterProperties","SeparatorChar","Property","22"
"D:\OneDrive\VS\Projects\DocxDocument\DocumentModel.InOpenXml\Math\DelimiterProperties.cs","DelimiterProperties","Shape","Property","44"
"D:\OneDrive\VS\Projects\DocxDocument\DocumentModel.InOpenXml\Math\EquationArray.cs","EquationArray","EquationArrayProperties","Property","23"
"D:\OneDrive\VS\Projects\DocxDocument\DocumentModel.InOpenXml\Math\EquationArrayProperties.cs","EquationArrayProperties","BaseJustification","Property","14"
"D:\OneDrive\VS\Projects\DocxDocument\DocumentModel.InOpenXml\Math\EquationArrayProperties.cs","EquationArrayProperties","ControlProperties","Property","42"
"D:\OneDrive\VS\Projects\DocxDocument\DocumentModel.InOpenXml\Math\EquationArrayProperties.cs","EquationArrayProperties","MaxDistribution","Property","21"
"D:\OneDrive\VS\Projects\DocxDocument\DocumentModel.InOpenXml\Math\EquationArrayProperties.cs","EquationArrayProperties","ObjectDistribution","Property","28"
"D:\OneDrive\VS\Projects\DocxDocument\DocumentModel.InOpenXml\Math\EquationArrayProperties.cs","EquationArrayProperties","RowSpacing","Property","35"
"D:\OneDrive\VS\Projects\DocxDocument\DocumentModel.InOpenXml\Math\Fraction.cs","Fraction","Denominator","Property","30"
"D:\OneDrive\VS\Projects\DocxDocument\DocumentModel.InOpenXml\Math\Fraction.cs","Fraction","FractionProperties","Property","16"
"D:\OneDrive\VS\Projects\DocxDocument\DocumentModel.InOpenXml\Math\Fraction.cs","Fraction","Numerator","Property","23"
"D:\OneDrive\VS\Projects\DocxDocument\DocumentModel.InOpenXml\Math\FractionProperties.cs","FractionProperties","ControlProperties","Property","21"
"D:\OneDrive\VS\Projects\DocxDocument\DocumentModel.InOpenXml\Math\FractionProperties.cs","FractionProperties","FractionType","Property","14"
"D:\OneDrive\VS\Projects\DocxDocument\DocumentModel.InOpenXml\Math\Function.cs","Function","Base","Property","29"
"D:\OneDrive\VS\Projects\DocxDocument\DocumentModel.InOpenXml\Math\Function.cs","Function","FunctionName","Property","22"
"D:\OneDrive\VS\Projects\DocxDocument\DocumentModel.InOpenXml\Math\Function.cs","Function","FunctionProperties","Property","15"
"D:\OneDrive\VS\Projects\DocxDocument\DocumentModel.InOpenXml\Math\FunctionProperties.cs","FunctionProperties","ControlProperties","Property","14"
"D:\OneDrive\VS\Projects\DocxDocument\DocumentModel.InOpenXml\Math\GroupChar.cs","GroupChar","Base","Property","22"
"D:\OneDrive\VS\Projects\DocxDocument\DocumentModel.InOpenXml\Math\GroupChar.cs","GroupChar","GroupCharProperties","Property","15"
"D:\OneDrive\VS\Projects\DocxDocument\DocumentModel.InOpenXml\Math\GroupCharProperties.cs","GroupCharProperties","AccentChar","Property","14"
"D:\OneDrive\VS\Projects\DocxDocument\DocumentModel.InOpenXml\Math\GroupCharProperties.cs","GroupCharProperties","ControlProperties","Property","35"
"D:\OneDrive\VS\Projects\DocxDocument\DocumentModel.InOpenXml\Math\GroupCharProperties.cs","GroupCharProperties","Position","Property","21"
"D:\OneDrive\VS\Projects\DocxDocument\DocumentModel.InOpenXml\Math\GroupCharProperties.cs","GroupCharProperties","VerticalJustification","Property","28"
"D:\OneDrive\VS\Projects\DocxDocument\DocumentModel.InOpenXml\Math\LimitLower.cs","LimitLower","Base","Property","22"
"D:\OneDrive\VS\Projects\DocxDocument\DocumentModel.InOpenXml\Math\LimitLower.cs","LimitLower","Limit","Property","29"
"D:\OneDrive\VS\Projects\DocxDocument\DocumentModel.InOpenXml\Math\LimitLower.cs","LimitLower","LimitLowerProperties","Property","15"
"D:\OneDrive\VS\Projects\DocxDocument\DocumentModel.InOpenXml\Math\LimitLowerProperties.cs","LimitLowerProperties","ControlProperties","Property","14"
"D:\OneDrive\VS\Projects\DocxDocument\DocumentModel.InOpenXml\Math\LimitUpper.cs","LimitUpper","Base","Property","21"
"D:\OneDrive\VS\Projects\DocxDocument\DocumentModel.InOpenXml\Math\LimitUpper.cs","LimitUpper","Limit","Property","28"
"D:\OneDrive\VS\Projects\DocxDocument\DocumentModel.InOpenXml\Math\LimitUpper.cs","LimitUpper","LimitUpperProperties","Property","14"
"D:\OneDrive\VS\Projects\DocxDocument\DocumentModel.InOpenXml\Math\LimitUpperProperties.cs","LimitUpperProperties","ControlProperties","Property","14"
"D:\OneDrive\VS\Projects\DocxDocument\DocumentModel.InOpenXml\Math\MathProperties.cs","MathProperties","BreakBinary","Element","39"
"D:\OneDrive\VS\Projects\DocxDocument\DocumentModel.InOpenXml\Math\MathProperties.cs","MathProperties","BreakBinarySubtraction","Element","48"
"D:\OneDrive\VS\Projects\DocxDocument\DocumentModel.InOpenXml\Math\MathProperties.cs","MathProperties","DefaultJustification","Element","106"
"D:\OneDrive\VS\Projects\DocxDocument\DocumentModel.InOpenXml\Math\MathProperties.cs","MathProperties","DisplayDefaults","Element","69"
"D:\OneDrive\VS\Projects\DocxDocument\DocumentModel.InOpenXml\Math\MathProperties.cs","MathProperties","IntegralLimitLocation","Element","191"
"D:\OneDrive\VS\Projects\DocxDocument\DocumentModel.InOpenXml\Math\MathProperties.cs","MathProperties","InterSpacing","Element","129"
"D:\OneDrive\VS\Projects\DocxDocument\DocumentModel.InOpenXml\Math\MathProperties.cs","MathProperties","IntraSpacing","Element","137"
"D:\OneDrive\VS\Projects\DocxDocument\DocumentModel.InOpenXml\Math\MathProperties.cs","MathProperties","LeftMargin","Element","80"
"D:\OneDrive\VS\Projects\DocxDocument\DocumentModel.InOpenXml\Math\MathProperties.cs","MathProperties","NaryLimitLocation","Element","199"
"D:\OneDrive\VS\Projects\DocxDocument\DocumentModel.InOpenXml\Math\MathProperties.cs","MathProperties","PostSpacing","Element","122"
"D:\OneDrive\VS\Projects\DocxDocument\DocumentModel.InOpenXml\Math\MathProperties.cs","MathProperties","PreSpacing","Element","114"
"D:\OneDrive\VS\Projects\DocxDocument\DocumentModel.InOpenXml\Math\MathProperties.cs","MathProperties","RightMargin","Element","92"
"D:\OneDrive\VS\Projects\DocxDocument\DocumentModel.InOpenXml\Math\MathProperties.cs","MathProperties","SmallFraction","Element","59"
"D:\OneDrive\VS\Projects\DocxDocument\DocumentModel.InOpenXml\Math\MathProperties.cs","MathProperties","Typeface","Element","30"
"D:\OneDrive\VS\Projects\DocxDocument\DocumentModel.InOpenXml\Math\MatrixColumn.cs","MatrixColumn","MatrixColumnProperties","Property","14"
"D:\OneDrive\VS\Projects\DocxDocument\DocumentModel.InOpenXml\Math\Nary.cs","Nary","Base","Property","36"
"D:\OneDrive\VS\Projects\DocxDocument\DocumentModel.InOpenXml\Math\Nary.cs","Nary","NaryProperties","Property","15"
"D:\OneDrive\VS\Projects\DocxDocument\DocumentModel.InOpenXml\Math\Nary.cs","Nary","SubArgument","Property","22"
"D:\OneDrive\VS\Projects\DocxDocument\DocumentModel.InOpenXml\Math\Nary.cs","Nary","SuperArgument","Property","29"
"D:\OneDrive\VS\Projects\DocxDocument\DocumentModel.InOpenXml\Math\ParagraphProperties.cs","ParagraphProperties","Justification","Property","14"
"D:\OneDrive\VS\Projects\DocxDocument\DocumentModel.InOpenXml\Math\Phantom.cs","Phantom","Base","Property","24"
"D:\OneDrive\VS\Projects\DocxDocument\DocumentModel.InOpenXml\Math\Phantom.cs","Phantom","PhantomProperties","Property","16"
"D:\OneDrive\VS\Projects\DocxDocument\DocumentModel.InOpenXml\Math\PhantomProperties.cs","PhantomProperties","ControlProperties","Property","77"
"D:\OneDrive\VS\Projects\DocxDocument\DocumentModel.InOpenXml\Math\PhantomProperties.cs","PhantomProperties","ShowPhantom","Property","19"
"D:\OneDrive\VS\Projects\DocxDocument\DocumentModel.InOpenXml\Math\PhantomProperties.cs","PhantomProperties","Transparent","Property","70"
"D:\OneDrive\VS\Projects\DocxDocument\DocumentModel.InOpenXml\Math\PhantomProperties.cs","PhantomProperties","ZeroAscent","Property","43"
"D:\OneDrive\VS\Projects\DocxDocument\DocumentModel.InOpenXml\Math\PhantomProperties.cs","PhantomProperties","ZeroDescent","Property","55"
"D:\OneDrive\VS\Projects\DocxDocument\DocumentModel.InOpenXml\Math\PhantomProperties.cs","PhantomProperties","ZeroWidth","Property","31"
"D:\OneDrive\VS\Projects\DocxDocument\DocumentModel.InOpenXml\Math\PreSubSuper.cs","PreSubSuper","Base","Property","36"
"D:\OneDrive\VS\Projects\DocxDocument\DocumentModel.InOpenXml\Math\PreSubSuper.cs","PreSubSuper","PreSubSuperProperties","Property","14"
"D:\OneDrive\VS\Projects\DocxDocument\DocumentModel.InOpenXml\Math\PreSubSuper.cs","PreSubSuper","SubArgument","Property","21"
"D:\OneDrive\VS\Projects\DocxDocument\DocumentModel.InOpenXml\Math\PreSubSuper.cs","PreSubSuper","SuperArgument","Property","28"
"D:\OneDrive\VS\Projects\DocxDocument\DocumentModel.InOpenXml\Math\Radical.cs","Radical","Base","Property","29"
"D:\OneDrive\VS\Projects\DocxDocument\DocumentModel.InOpenXml\Math\Radical.cs","Radical","Degree","Property","21"
"D:\OneDrive\VS\Projects\DocxDocument\DocumentModel.InOpenXml\Math\Radical.cs","Radical","RadicalProperties","Property","14"
"D:\OneDrive\VS\Projects\DocxDocument\DocumentModel.InOpenXml\Math\Run.cs","Run","MathRunProperties","Property","16"
"D:\OneDrive\VS\Projects\DocxDocument\DocumentModel.InOpenXml\Math\Run.cs","Run","RunProperties","Property","23"
"D:\OneDrive\VS\Projects\DocxDocument\DocumentModel.InOpenXml\Math\RunProperties.cs","RunProperties","Literal","Property","18"
"D:\OneDrive\VS\Projects\DocxDocument\DocumentModel.InOpenXml\Math\Subscript.cs","Subscript","Base","Property","22"
"D:\OneDrive\VS\Projects\DocxDocument\DocumentModel.InOpenXml\Math\Subscript.cs","Subscript","SubArgument","Property","29"
"D:\OneDrive\VS\Projects\DocxDocument\DocumentModel.InOpenXml\Math\Subscript.cs","Subscript","SubscriptProperties","Property","14"
"D:\OneDrive\VS\Projects\DocxDocument\DocumentModel.InOpenXml\Math\SubSuperscript.cs","SubSuperscript","Base","Property","22"
"D:\OneDrive\VS\Projects\DocxDocument\DocumentModel.InOpenXml\Math\SubSuperscript.cs","SubSuperscript","SubArgument","Property","29"
"D:\OneDrive\VS\Projects\DocxDocument\DocumentModel.InOpenXml\Math\SubSuperscript.cs","SubSuperscript","SubSuperscriptProperties","Property","14"
"D:\OneDrive\VS\Projects\DocxDocument\DocumentModel.InOpenXml\Math\SubSuperscript.cs","SubSuperscript","SuperArgument","Property","36"
"D:\OneDrive\VS\Projects\DocxDocument\DocumentModel.InOpenXml\Math\Superscript.cs","Superscript","Base","Property","22"
"D:\OneDrive\VS\Projects\DocxDocument\DocumentModel.InOpenXml\Math\Superscript.cs","Superscript","SuperArgument","Property","30"
"D:\OneDrive\VS\Projects\DocxDocument\DocumentModel.InOpenXml\Math\Superscript.cs","Superscript","SuperscriptProperties","Property","14"
"D:\OneDrive\VS\Projects\DocxDocument\DocumentModel.InOpenXml\Vml\Arc.cs","Arc","AllowInCell","Property","101"
"D:\OneDrive\VS\Projects\DocxDocument\DocumentModel.InOpenXml\Vml\Arc.cs","Arc","AllowOverlap","Property","108"
"D:\OneDrive\VS\Projects\DocxDocument\DocumentModel.InOpenXml\Vml\Arc.cs","Arc","Alternate","Property","339"
"D:\OneDrive\VS\Projects\DocxDocument\DocumentModel.InOpenXml\Vml\Arc.cs","Arc","BlackWhiteMode","Property","234"
"D:\OneDrive\VS\Projects\DocxDocument\DocumentModel.InOpenXml\Vml\Arc.cs","Arc","BorderBottomColor","Property","136"
"D:\OneDrive\VS\Projects\DocxDocument\DocumentModel.InOpenXml\Vml\Arc.cs","Arc","BorderLeftColor","Property","129"
"D:\OneDrive\VS\Projects\DocxDocument\DocumentModel.InOpenXml\Vml\Arc.cs","Arc","BorderRightColor","Property","143"
"D:\OneDrive\VS\Projects\DocxDocument\DocumentModel.InOpenXml\Vml\Arc.cs","Arc","BorderTopColor","Property","122"
"D:\OneDrive\VS\Projects\DocxDocument\DocumentModel.InOpenXml\Vml\Arc.cs","Arc","Bullet","Property","59"
"D:\OneDrive\VS\Projects\DocxDocument\DocumentModel.InOpenXml\Vml\Arc.cs","Arc","Button","Property","45"
"D:\OneDrive\VS\Projects\DocxDocument\DocumentModel.InOpenXml\Vml\Arc.cs","Arc","Clip","Property","290"
"D:\OneDrive\VS\Projects\DocxDocument\DocumentModel.InOpenXml\Vml\Arc.cs","Arc","ClipToWrap","Property","283"
"D:\OneDrive\VS\Projects\DocxDocument\DocumentModel.InOpenXml\Vml\Arc.cs","Arc","ConnectorType","Property","227"
"D:\OneDrive\VS\Projects\DocxDocument\DocumentModel.InOpenXml\Vml\Arc.cs","Arc","CoordinateOrigin","Property","353"
"D:\OneDrive\VS\Projects\DocxDocument\DocumentModel.InOpenXml\Vml\Arc.cs","Arc","CoordinateSize","Property","346"
"D:\OneDrive\VS\Projects\DocxDocument\DocumentModel.InOpenXml\Vml\Arc.cs","Arc","DiagramLayout","Property","150"
"D:\OneDrive\VS\Projects\DocxDocument\DocumentModel.InOpenXml\Vml\Arc.cs","Arc","DiagramLayoutMostRecentUsed","Property","164"
"D:\OneDrive\VS\Projects\DocxDocument\DocumentModel.InOpenXml\Vml\Arc.cs","Arc","DiagramNodeKind","Property","157"
"D:\OneDrive\VS\Projects\DocxDocument\DocumentModel.InOpenXml\Vml\Arc.cs","Arc","DoubleClickNotify","Property","38"
"D:\OneDrive\VS\Projects\DocxDocument\DocumentModel.InOpenXml\Vml\Arc.cs","Arc","EndAngle","Property","381"
"D:\OneDrive\VS\Projects\DocxDocument\DocumentModel.InOpenXml\Vml\Arc.cs","Arc","FillColor","Property","185"
"D:\OneDrive\VS\Projects\DocxDocument\DocumentModel.InOpenXml\Vml\Arc.cs","Arc","Filled","Property","178"
"D:\OneDrive\VS\Projects\DocxDocument\DocumentModel.InOpenXml\Vml\Arc.cs","Arc","ForceDash","Property","255"
"D:\OneDrive\VS\Projects\DocxDocument\DocumentModel.InOpenXml\Vml\Arc.cs","Arc","GfxData","Property","297"
"D:\OneDrive\VS\Projects\DocxDocument\DocumentModel.InOpenXml\Vml\Arc.cs","Arc","Horizontal","Property","66"
"D:\OneDrive\VS\Projects\DocxDocument\DocumentModel.InOpenXml\Vml\Arc.cs","Arc","HorizontalAlignment","Property","94"
"D:\OneDrive\VS\Projects\DocxDocument\DocumentModel.InOpenXml\Vml\Arc.cs","Arc","HorizontalNoShade","Property","80"
"D:\OneDrive\VS\Projects\DocxDocument\DocumentModel.InOpenXml\Vml\Arc.cs","Arc","HorizontalPercentage","Property","87"
"D:\OneDrive\VS\Projects\DocxDocument\DocumentModel.InOpenXml\Vml\Arc.cs","Arc","HorizontalStandard","Property","73"
"D:\OneDrive\VS\Projects\DocxDocument\DocumentModel.InOpenXml\Vml\Arc.cs","Arc","Href","Property","318"
"D:\OneDrive\VS\Projects\DocxDocument\DocumentModel.InOpenXml\Vml\Arc.cs","Arc","Id","Property","304"
"D:\OneDrive\VS\Projects\DocxDocument\DocumentModel.InOpenXml\Vml\Arc.cs","Arc","InsetMode","Property","171"
"D:\OneDrive\VS\Projects\DocxDocument\DocumentModel.InOpenXml\Vml\Arc.cs","Arc","InsetPen","Property","213"
"D:\OneDrive\VS\Projects\DocxDocument\DocumentModel.InOpenXml\Vml\Arc.cs","Arc","NormalBlackWhiteMode","Property","248"
"D:\OneDrive\VS\Projects\DocxDocument\DocumentModel.InOpenXml\Vml\Arc.cs","Arc","Ole","Property","269"
"D:\OneDrive\VS\Projects\DocxDocument\DocumentModel.InOpenXml\Vml\Arc.cs","Arc","OleIcon","Property","262"
"D:\OneDrive\VS\Projects\DocxDocument\DocumentModel.InOpenXml\Vml\Arc.cs","Arc","Oned","Property","24"
"D:\OneDrive\VS\Projects\DocxDocument\DocumentModel.InOpenXml\Vml\Arc.cs","Arc","OptionalNumber","Property","220"
"D:\OneDrive\VS\Projects\DocxDocument\DocumentModel.InOpenXml\Vml\Arc.cs","Arc","OptionalString","Property","17"
"D:\OneDrive\VS\Projects\DocxDocument\DocumentModel.InOpenXml\Vml\Arc.cs","Arc","PreferRelative","Property","276"
"D:\OneDrive\VS\Projects\DocxDocument\DocumentModel.InOpenXml\Vml\Arc.cs","Arc","Print","Property","367"
"D:\OneDrive\VS\Projects\DocxDocument\DocumentModel.InOpenXml\Vml\Arc.cs","Arc","PureBlackWhiteMode","Property","241"
"D:\OneDrive\VS\Projects\DocxDocument\DocumentModel.InOpenXml\Vml\Arc.cs","Arc","RegroupId","Property","31"
"D:\OneDrive\VS\Projects\DocxDocument\DocumentModel.InOpenXml\Vml\Arc.cs","Arc","StartAngle","Property","374"
"D:\OneDrive\VS\Projects\DocxDocument\DocumentModel.InOpenXml\Vml\Arc.cs","Arc","StrokeColor","Property","199"
"D:\OneDrive\VS\Projects\DocxDocument\DocumentModel.InOpenXml\Vml\Arc.cs","Arc","Stroked","Property","192"
"D:\OneDrive\VS\Projects\DocxDocument\DocumentModel.InOpenXml\Vml\Arc.cs","Arc","StrokeWeight","Property","206"
"D:\OneDrive\VS\Projects\DocxDocument\DocumentModel.InOpenXml\Vml\Arc.cs","Arc","Style","Property","311"
"D:\OneDrive\VS\Projects\DocxDocument\DocumentModel.InOpenXml\Vml\Arc.cs","Arc","Target","Property","325"
"D:\OneDrive\VS\Projects\DocxDocument\DocumentModel.InOpenXml\Vml\Arc.cs","Arc","Title","Property","332"
"D:\OneDrive\VS\Projects\DocxDocument\DocumentModel.InOpenXml\Vml\Arc.cs","Arc","UserDrawn","Property","115"
"D:\OneDrive\VS\Projects\DocxDocument\DocumentModel.InOpenXml\Vml\Arc.cs","Arc","UserHidden","Property","52"
"D:\OneDrive\VS\Projects\DocxDocument\DocumentModel.InOpenXml\Vml\Arc.cs","Arc","WrapCoords","Property","360"
"D:\OneDrive\VS\Projects\DocxDocument\DocumentModel.InOpenXml\Vml\Background.cs","Background","BlackWhiteMode","Property","35"
"D:\OneDrive\VS\Projects\DocxDocument\DocumentModel.InOpenXml\Vml\Background.cs","Background","Fill","Property","63"
"D:\OneDrive\VS\Projects\DocxDocument\DocumentModel.InOpenXml\Vml\Background.cs","Background","FillColor","Property","28"
"D:\OneDrive\VS\Projects\DocxDocument\DocumentModel.InOpenXml\Vml\Background.cs","Background","Filled","Property","21"
"D:\OneDrive\VS\Projects\DocxDocument\DocumentModel.InOpenXml\Vml\Background.cs","Background","Id","Property","14"
"D:\OneDrive\VS\Projects\DocxDocument\DocumentModel.InOpenXml\Vml\Background.cs","Background","NormalBlackWhiteMode","Property","49"
"D:\OneDrive\VS\Projects\DocxDocument\DocumentModel.InOpenXml\Vml\Background.cs","Background","PureBlackWhiteMode","Property","42"
"D:\OneDrive\VS\Projects\DocxDocument\DocumentModel.InOpenXml\Vml\Background.cs","Background","TargetScreenSize","Property","56"
"D:\OneDrive\VS\Projects\DocxDocument\DocumentModel.InOpenXml\Vml\Border.cs","Border","Shadow","Property","27"
"D:\OneDrive\VS\Projects\DocxDocument\DocumentModel.InOpenXml\Vml\Callout.cs","Callout","AccentBar","Property","84"
"D:\OneDrive\VS\Projects\DocxDocument\DocumentModel.InOpenXml\Vml\Callout.cs","Callout","Angle","Property","42"
"D:\OneDrive\VS\Projects\DocxDocument\DocumentModel.InOpenXml\Vml\Callout.cs","Callout","Distance","Property","63"
"D:\OneDrive\VS\Projects\DocxDocument\DocumentModel.InOpenXml\Vml\Callout.cs","Callout","Drop","Property","56"
"D:\OneDrive\VS\Projects\DocxDocument\DocumentModel.InOpenXml\Vml\Callout.cs","Callout","DropAuto","Property","49"
"D:\OneDrive\VS\Projects\DocxDocument\DocumentModel.InOpenXml\Vml\Callout.cs","Callout","Extension","Property","14"
"D:\OneDrive\VS\Projects\DocxDocument\DocumentModel.InOpenXml\Vml\Callout.cs","Callout","Gap","Property","35"
"D:\OneDrive\VS\Projects\DocxDocument\DocumentModel.InOpenXml\Vml\Callout.cs","Callout","Length","Property","77"
"D:\OneDrive\VS\Projects\DocxDocument\DocumentModel.InOpenXml\Vml\Callout.cs","Callout","LengthSpecified","Property","70"
"D:\OneDrive\VS\Projects\DocxDocument\DocumentModel.InOpenXml\Vml\Callout.cs","Callout","MinusX","Property","98"
"D:\OneDrive\VS\Projects\DocxDocument\DocumentModel.InOpenXml\Vml\Callout.cs","Callout","MinusY","Property","105"
"D:\OneDrive\VS\Projects\DocxDocument\DocumentModel.InOpenXml\Vml\Callout.cs","Callout","On","Property","21"
"D:\OneDrive\VS\Projects\DocxDocument\DocumentModel.InOpenXml\Vml\Callout.cs","Callout","TextBorder","Property","91"
"D:\OneDrive\VS\Projects\DocxDocument\DocumentModel.InOpenXml\Vml\Callout.cs","Callout","Type","Property","28"
"D:\OneDrive\VS\Projects\DocxDocument\DocumentModel.InOpenXml\Vml\ClipPath.cs","ClipPath","Value","Property","14"
"D:\OneDrive\VS\Projects\DocxDocument\DocumentModel.InOpenXml\Vml\ColorMenu.cs","ColorMenu","Extension","Property","14"
"D:\OneDrive\VS\Projects\DocxDocument\DocumentModel.InOpenXml\Vml\ColorMenu.cs","ColorMenu","ExtrusionColor","Property","42"
"D:\OneDrive\VS\Projects\DocxDocument\DocumentModel.InOpenXml\Vml\ColorMenu.cs","ColorMenu","FillColor","Property","28"
"D:\OneDrive\VS\Projects\DocxDocument\DocumentModel.InOpenXml\Vml\ColorMenu.cs","ColorMenu","ShadowColor","Property","35"
"D:\OneDrive\VS\Projects\DocxDocument\DocumentModel.InOpenXml\Vml\ColorMenu.cs","ColorMenu","StrokeColor","Property","21"
"D:\OneDrive\VS\Projects\DocxDocument\DocumentModel.InOpenXml\Vml\ColorMostRecentlyUsed.cs","ColorMostRecentlyUsed","Colors","Property","21"
"D:\OneDrive\VS\Projects\DocxDocument\DocumentModel.InOpenXml\Vml\ColorMostRecentlyUsed.cs","ColorMostRecentlyUsed","Extension","Property","14"
"D:\OneDrive\VS\Projects\DocxDocument\DocumentModel.InOpenXml\Vml\Complex.cs","Complex","Extension","Property","14"
"D:\OneDrive\VS\Projects\DocxDocument\DocumentModel.InOpenXml\Vml\Curve.cs","Curve","AllowInCell","Property","178"
"D:\OneDrive\VS\Projects\DocxDocument\DocumentModel.InOpenXml\Vml\Curve.cs","Curve","AllowOverlap","Property","185"
"D:\OneDrive\VS\Projects\DocxDocument\DocumentModel.InOpenXml\Vml\Curve.cs","Curve","Alternate","Property","59"
"D:\OneDrive\VS\Projects\DocxDocument\DocumentModel.InOpenXml\Vml\Curve.cs","Curve","BlackWhiteMode","Property","311"
"D:\OneDrive\VS\Projects\DocxDocument\DocumentModel.InOpenXml\Vml\Curve.cs","Curve","BorderBottomColor","Property","213"
"D:\OneDrive\VS\Projects\DocxDocument\DocumentModel.InOpenXml\Vml\Curve.cs","Curve","BorderLeftColor","Property","206"
"D:\OneDrive\VS\Projects\DocxDocument\DocumentModel.InOpenXml\Vml\Curve.cs","Curve","BorderRightColor","Property","220"
"D:\OneDrive\VS\Projects\DocxDocument\DocumentModel.InOpenXml\Vml\Curve.cs","Curve","BorderTopColor","Property","199"
"D:\OneDrive\VS\Projects\DocxDocument\DocumentModel.InOpenXml\Vml\Curve.cs","Curve","Bullet","Property","136"
"D:\OneDrive\VS\Projects\DocxDocument\DocumentModel.InOpenXml\Vml\Curve.cs","Curve","Button","Property","122"
"D:\OneDrive\VS\Projects\DocxDocument\DocumentModel.InOpenXml\Vml\Curve.cs","Curve","Class","Property","45"
"D:\OneDrive\VS\Projects\DocxDocument\DocumentModel.InOpenXml\Vml\Curve.cs","Curve","Clip","Property","367"
"D:\OneDrive\VS\Projects\DocxDocument\DocumentModel.InOpenXml\Vml\Curve.cs","Curve","ClipToWrap","Property","360"
"D:\OneDrive\VS\Projects\DocxDocument\DocumentModel.InOpenXml\Vml\Curve.cs","Curve","ConnectorType","Property","304"
"D:\OneDrive\VS\Projects\DocxDocument\DocumentModel.InOpenXml\Vml\Curve.cs","Curve","Control1","Property","388"
"D:\OneDrive\VS\Projects\DocxDocument\DocumentModel.InOpenXml\Vml\Curve.cs","Curve","Control2","Property","395"
"D:\OneDrive\VS\Projects\DocxDocument\DocumentModel.InOpenXml\Vml\Curve.cs","Curve","CoordinateOrigin","Property","73"
"D:\OneDrive\VS\Projects\DocxDocument\DocumentModel.InOpenXml\Vml\Curve.cs","Curve","CoordinateSize","Property","66"
"D:\OneDrive\VS\Projects\DocxDocument\DocumentModel.InOpenXml\Vml\Curve.cs","Curve","DiagramLayout","Property","227"
"D:\OneDrive\VS\Projects\DocxDocument\DocumentModel.InOpenXml\Vml\Curve.cs","Curve","DiagramLayoutMostRecentUsed","Property","241"
"D:\OneDrive\VS\Projects\DocxDocument\DocumentModel.InOpenXml\Vml\Curve.cs","Curve","DiagramNodeKind","Property","234"
"D:\OneDrive\VS\Projects\DocxDocument\DocumentModel.InOpenXml\Vml\Curve.cs","Curve","DoubleClickNotify","Property","115"
"D:\OneDrive\VS\Projects\DocxDocument\DocumentModel.InOpenXml\Vml\Curve.cs","Curve","FillColor","Property","262"
"D:\OneDrive\VS\Projects\DocxDocument\DocumentModel.InOpenXml\Vml\Curve.cs","Curve","Filled","Property","255"
"D:\OneDrive\VS\Projects\DocxDocument\DocumentModel.InOpenXml\Vml\Curve.cs","Curve","ForceDash","Property","332"
"D:\OneDrive\VS\Projects\DocxDocument\DocumentModel.InOpenXml\Vml\Curve.cs","Curve","From","Property","381"
"D:\OneDrive\VS\Projects\DocxDocument\DocumentModel.InOpenXml\Vml\Curve.cs","Curve","GfxData","Property","374"
"D:\OneDrive\VS\Projects\DocxDocument\DocumentModel.InOpenXml\Vml\Curve.cs","Curve","Horizontal","Property","143"
"D:\OneDrive\VS\Projects\DocxDocument\DocumentModel.InOpenXml\Vml\Curve.cs","Curve","HorizontalAlignment","Property","171"
"D:\OneDrive\VS\Projects\DocxDocument\DocumentModel.InOpenXml\Vml\Curve.cs","Curve","HorizontalNoShade","Property","157"
"D:\OneDrive\VS\Projects\DocxDocument\DocumentModel.InOpenXml\Vml\Curve.cs","Curve","HorizontalPercentage","Property","164"
"D:\OneDrive\VS\Projects\DocxDocument\DocumentModel.InOpenXml\Vml\Curve.cs","Curve","HorizontalStandard","Property","150"
"D:\OneDrive\VS\Projects\DocxDocument\DocumentModel.InOpenXml\Vml\Curve.cs","Curve","Href","Property","31"
"D:\OneDrive\VS\Projects\DocxDocument\DocumentModel.InOpenXml\Vml\Curve.cs","Curve","Id","Property","17"
"D:\OneDrive\VS\Projects\DocxDocument\DocumentModel.InOpenXml\Vml\Curve.cs","Curve","InsetMode","Property","248"
"D:\OneDrive\VS\Projects\DocxDocument\DocumentModel.InOpenXml\Vml\Curve.cs","Curve","InsetPen","Property","290"
"D:\OneDrive\VS\Projects\DocxDocument\DocumentModel.InOpenXml\Vml\Curve.cs","Curve","NormalBlackWhiteMode","Property","325"
"D:\OneDrive\VS\Projects\DocxDocument\DocumentModel.InOpenXml\Vml\Curve.cs","Curve","Ole","Property","346"
"D:\OneDrive\VS\Projects\DocxDocument\DocumentModel.InOpenXml\Vml\Curve.cs","Curve","OleIcon","Property","339"
"D:\OneDrive\VS\Projects\DocxDocument\DocumentModel.InOpenXml\Vml\Curve.cs","Curve","Oned","Property","101"
"D:\OneDrive\VS\Projects\DocxDocument\DocumentModel.InOpenXml\Vml\Curve.cs","Curve","OptionalNumber","Property","297"
"D:\OneDrive\VS\Projects\DocxDocument\DocumentModel.InOpenXml\Vml\Curve.cs","Curve","OptionalString","Property","94"
"D:\OneDrive\VS\Projects\DocxDocument\DocumentModel.InOpenXml\Vml\Curve.cs","Curve","PreferRelative","Property","353"
"D:\OneDrive\VS\Projects\DocxDocument\DocumentModel.InOpenXml\Vml\Curve.cs","Curve","Print","Property","87"
"D:\OneDrive\VS\Projects\DocxDocument\DocumentModel.InOpenXml\Vml\Curve.cs","Curve","PureBlackWhiteMode","Property","318"
"D:\OneDrive\VS\Projects\DocxDocument\DocumentModel.InOpenXml\Vml\Curve.cs","Curve","RegroupId","Property","108"
"D:\OneDrive\VS\Projects\DocxDocument\DocumentModel.InOpenXml\Vml\Curve.cs","Curve","StrokeColor","Property","276"
"D:\OneDrive\VS\Projects\DocxDocument\DocumentModel.InOpenXml\Vml\Curve.cs","Curve","Stroked","Property","269"
"D:\OneDrive\VS\Projects\DocxDocument\DocumentModel.InOpenXml\Vml\Curve.cs","Curve","StrokeWeight","Property","283"
"D:\OneDrive\VS\Projects\DocxDocument\DocumentModel.InOpenXml\Vml\Curve.cs","Curve","Style","Property","24"
"D:\OneDrive\VS\Projects\DocxDocument\DocumentModel.InOpenXml\Vml\Curve.cs","Curve","Target","Property","38"
"D:\OneDrive\VS\Projects\DocxDocument\DocumentModel.InOpenXml\Vml\Curve.cs","Curve","Title","Property","52"
"D:\OneDrive\VS\Projects\DocxDocument\DocumentModel.InOpenXml\Vml\Curve.cs","Curve","To","Property","402"
"D:\OneDrive\VS\Projects\DocxDocument\DocumentModel.InOpenXml\Vml\Curve.cs","Curve","UserDrawn","Property","192"
"D:\OneDrive\VS\Projects\DocxDocument\DocumentModel.InOpenXml\Vml\Curve.cs","Curve","UserHidden","Property","129"
"D:\OneDrive\VS\Projects\DocxDocument\DocumentModel.InOpenXml\Vml\Curve.cs","Curve","WrapCoordinates","Property","80"
"D:\OneDrive\VS\Projects\DocxDocument\DocumentModel.InOpenXml\Vml\Diagram.cs","Diagram","AutoFormat","Property","28"
"D:\OneDrive\VS\Projects\DocxDocument\DocumentModel.InOpenXml\Vml\Diagram.cs","Diagram","AutoLayout","Property","42"
"D:\OneDrive\VS\Projects\DocxDocument\DocumentModel.InOpenXml\Vml\Diagram.cs","Diagram","BaseTextScale","Property","77"
"D:\OneDrive\VS\Projects\DocxDocument\DocumentModel.InOpenXml\Vml\Diagram.cs","Diagram","ConstrainBounds","Property","70"
"D:\OneDrive\VS\Projects\DocxDocument\DocumentModel.InOpenXml\Vml\Diagram.cs","Diagram","Extension","Property","14"
"D:\OneDrive\VS\Projects\DocxDocument\DocumentModel.InOpenXml\Vml\Diagram.cs","Diagram","FontSize","Property","63"
"D:\OneDrive\VS\Projects\DocxDocument\DocumentModel.InOpenXml\Vml\Diagram.cs","Diagram","RelationTable","Property","84"
"D:\OneDrive\VS\Projects\DocxDocument\DocumentModel.InOpenXml\Vml\Diagram.cs","Diagram","Reverse","Property","35"
"D:\OneDrive\VS\Projects\DocxDocument\DocumentModel.InOpenXml\Vml\Diagram.cs","Diagram","ScaleX","Property","49"
"D:\OneDrive\VS\Projects\DocxDocument\DocumentModel.InOpenXml\Vml\Diagram.cs","Diagram","ScaleY","Property","56"
"D:\OneDrive\VS\Projects\DocxDocument\DocumentModel.InOpenXml\Vml\Diagram.cs","Diagram","Style","Property","21"
"D:\OneDrive\VS\Projects\DocxDocument\DocumentModel.InOpenXml\Vml\Entry.cs","Entry","New","Property","14"
"D:\OneDrive\VS\Projects\DocxDocument\DocumentModel.InOpenXml\Vml\Entry.cs","Entry","Old","Property","21"
"D:\OneDrive\VS\Projects\DocxDocument\DocumentModel.InOpenXml\Vml\Extrusion.cs","Extrusion","AutoRotationCenter","Property","105"
"D:\OneDrive\VS\Projects\DocxDocument\DocumentModel.InOpenXml\Vml\Extrusion.cs","Extrusion","BackDepth","Property","77"
"D:\OneDrive\VS\Projects\DocxDocument\DocumentModel.InOpenXml\Vml\Extrusion.cs","Extrusion","Brightness","Property","182"
"D:\OneDrive\VS\Projects\DocxDocument\DocumentModel.InOpenXml\Vml\Extrusion.cs","Extrusion","Color","Property","126"
"D:\OneDrive\VS\Projects\DocxDocument\DocumentModel.InOpenXml\Vml\Extrusion.cs","Extrusion","Diffusity","Property","147"
"D:\OneDrive\VS\Projects\DocxDocument\DocumentModel.InOpenXml\Vml\Extrusion.cs","Extrusion","Edge","Property","161"
"D:\OneDrive\VS\Projects\DocxDocument\DocumentModel.InOpenXml\Vml\Extrusion.cs","Extrusion","Extension","Property","14"
"D:\OneDrive\VS\Projects\DocxDocument\DocumentModel.InOpenXml\Vml\Extrusion.cs","Extrusion","Facet","Property","168"
"D:\OneDrive\VS\Projects\DocxDocument\DocumentModel.InOpenXml\Vml\Extrusion.cs","Extrusion","ForceDepth","Property","70"
"D:\OneDrive\VS\Projects\DocxDocument\DocumentModel.InOpenXml\Vml\Extrusion.cs","Extrusion","LightFace","Property","175"
"D:\OneDrive\VS\Projects\DocxDocument\DocumentModel.InOpenXml\Vml\Extrusion.cs","Extrusion","LightHarsh","Property","203"
"D:\OneDrive\VS\Projects\DocxDocument\DocumentModel.InOpenXml\Vml\Extrusion.cs","Extrusion","LightHarsh2","Property","224"
"D:\OneDrive\VS\Projects\DocxDocument\DocumentModel.InOpenXml\Vml\Extrusion.cs","Extrusion","LightLevel","Property","196"
"D:\OneDrive\VS\Projects\DocxDocument\DocumentModel.InOpenXml\Vml\Extrusion.cs","Extrusion","LightLevel2","Property","217"
"D:\OneDrive\VS\Projects\DocxDocument\DocumentModel.InOpenXml\Vml\Extrusion.cs","Extrusion","LightPosition","Property","189"
"D:\OneDrive\VS\Projects\DocxDocument\DocumentModel.InOpenXml\Vml\Extrusion.cs","Extrusion","LightPosition2","Property","210"
"D:\OneDrive\VS\Projects\DocxDocument\DocumentModel.InOpenXml\Vml\Extrusion.cs","Extrusion","LockRotationCenter","Property","98"
"D:\OneDrive\VS\Projects\DocxDocument\DocumentModel.InOpenXml\Vml\Extrusion.cs","Extrusion","Metal","Property","154"
"D:\OneDrive\VS\Projects\DocxDocument\DocumentModel.InOpenXml\Vml\Extrusion.cs","Extrusion","On","Property","21"
"D:\OneDrive\VS\Projects\DocxDocument\DocumentModel.InOpenXml\Vml\Extrusion.cs","Extrusion","Orientation","Property","84"
"D:\OneDrive\VS\Projects\DocxDocument\DocumentModel.InOpenXml\Vml\Extrusion.cs","Extrusion","OrientationAngle","Property","91"
"D:\OneDrive\VS\Projects\DocxDocument\DocumentModel.InOpenXml\Vml\Extrusion.cs","Extrusion","Render","Property","35"
"D:\OneDrive\VS\Projects\DocxDocument\DocumentModel.InOpenXml\Vml\Extrusion.cs","Extrusion","RotationAngle","Property","119"
"D:\OneDrive\VS\Projects\DocxDocument\DocumentModel.InOpenXml\Vml\Extrusion.cs","Extrusion","RotationCenter","Property","112"
"D:\OneDrive\VS\Projects\DocxDocument\DocumentModel.InOpenXml\Vml\Extrusion.cs","Extrusion","Shininess","Property","133"
"D:\OneDrive\VS\Projects\DocxDocument\DocumentModel.InOpenXml\Vml\Extrusion.cs","Extrusion","SkewAmount","Property","63"
"D:\OneDrive\VS\Projects\DocxDocument\DocumentModel.InOpenXml\Vml\Extrusion.cs","Extrusion","SkewAngle","Property","56"
"D:\OneDrive\VS\Projects\DocxDocument\DocumentModel.InOpenXml\Vml\Extrusion.cs","Extrusion","Specularity","Property","140"
"D:\OneDrive\VS\Projects\DocxDocument\DocumentModel.InOpenXml\Vml\Extrusion.cs","Extrusion","Type","Property","28"
"D:\OneDrive\VS\Projects\DocxDocument\DocumentModel.InOpenXml\Vml\Extrusion.cs","Extrusion","Viewpoint","Property","49"
"D:\OneDrive\VS\Projects\DocxDocument\DocumentModel.InOpenXml\Vml\Extrusion.cs","Extrusion","ViewpointOrigin","Property","42"
"D:\OneDrive\VS\Projects\DocxDocument\DocumentModel.InOpenXml\Vml\Fill.cs","Fill","AlignShape","Property","119"
"D:\OneDrive\VS\Projects\DocxDocument\DocumentModel.InOpenXml\Vml\Fill.cs","Fill","AlternateImageReference","Property","70"
"D:\OneDrive\VS\Projects\DocxDocument\DocumentModel.InOpenXml\Vml\Fill.cs","Fill","Angle","Property","112"
"D:\OneDrive\VS\Projects\DocxDocument\DocumentModel.InOpenXml\Vml\Fill.cs","Fill","Aspect","Property","98"
"D:\OneDrive\VS\Projects\DocxDocument\DocumentModel.InOpenXml\Vml\Fill.cs","Fill","Color","Property","35"
"D:\OneDrive\VS\Projects\DocxDocument\DocumentModel.InOpenXml\Vml\Fill.cs","Fill","Color2","Property","49"
"D:\OneDrive\VS\Projects\DocxDocument\DocumentModel.InOpenXml\Vml\Fill.cs","Fill","Colors","Property","105"
"D:\OneDrive\VS\Projects\DocxDocument\DocumentModel.InOpenXml\Vml\Fill.cs","Fill","DetectMouseClick","Property","154"
"D:\OneDrive\VS\Projects\DocxDocument\DocumentModel.InOpenXml\Vml\Fill.cs","Fill","FillExtendedProperties","Property","196"
"D:\OneDrive\VS\Projects\DocxDocument\DocumentModel.InOpenXml\Vml\Fill.cs","Fill","Focus","Property","126"
"D:\OneDrive\VS\Projects\DocxDocument\DocumentModel.InOpenXml\Vml\Fill.cs","Fill","FocusPosition","Property","140"
"D:\OneDrive\VS\Projects\DocxDocument\DocumentModel.InOpenXml\Vml\Fill.cs","Fill","FocusSize","Property","133"
"D:\OneDrive\VS\Projects\DocxDocument\DocumentModel.InOpenXml\Vml\Fill.cs","Fill","Href","Property","63"
"D:\OneDrive\VS\Projects\DocxDocument\DocumentModel.InOpenXml\Vml\Fill.cs","Fill","Id","Property","14"
"D:\OneDrive\VS\Projects\DocxDocument\DocumentModel.InOpenXml\Vml\Fill.cs","Fill","Method","Property","147"
"D:\OneDrive\VS\Projects\DocxDocument\DocumentModel.InOpenXml\Vml\Fill.cs","Fill","On","Property","28"
"D:\OneDrive\VS\Projects\DocxDocument\DocumentModel.InOpenXml\Vml\Fill.cs","Fill","Opacity","Property","42"
"D:\OneDrive\VS\Projects\DocxDocument\DocumentModel.InOpenXml\Vml\Fill.cs","Fill","Opacity2","Property","168"
"D:\OneDrive\VS\Projects\DocxDocument\DocumentModel.InOpenXml\Vml\Fill.cs","Fill","Origin","Property","84"
"D:\OneDrive\VS\Projects\DocxDocument\DocumentModel.InOpenXml\Vml\Fill.cs","Fill","Position","Property","91"
"D:\OneDrive\VS\Projects\DocxDocument\DocumentModel.InOpenXml\Vml\Fill.cs","Fill","Recolor","Property","175"
"D:\OneDrive\VS\Projects\DocxDocument\DocumentModel.InOpenXml\Vml\Fill.cs","Fill","RelationshipId","Property","189"
"D:\OneDrive\VS\Projects\DocxDocument\DocumentModel.InOpenXml\Vml\Fill.cs","Fill","Rotate","Property","182"
"D:\OneDrive\VS\Projects\DocxDocument\DocumentModel.InOpenXml\Vml\Fill.cs","Fill","Size","Property","77"
"D:\OneDrive\VS\Projects\DocxDocument\DocumentModel.InOpenXml\Vml\Fill.cs","Fill","Source","Property","56"
"D:\OneDrive\VS\Projects\DocxDocument\DocumentModel.InOpenXml\Vml\Fill.cs","Fill","Title","Property","161"
"D:\OneDrive\VS\Projects\DocxDocument\DocumentModel.InOpenXml\Vml\Fill.cs","Fill","Type","Property","21"
"D:\OneDrive\VS\Projects\DocxDocument\DocumentModel.InOpenXml\Vml\FillExtendedProperties.cs","FillExtendedProperties","Extension","Property","14"
"D:\OneDrive\VS\Projects\DocxDocument\DocumentModel.InOpenXml\Vml\FillExtendedProperties.cs","FillExtendedProperties","Type","Property","21"
"D:\OneDrive\VS\Projects\DocxDocument\DocumentModel.InOpenXml\Vml\Formula.cs","Formula","Equation","Property","14"
"D:\OneDrive\VS\Projects\DocxDocument\DocumentModel.InOpenXml\Vml\ImageData.cs","ImageData","BiLevel","Property","84"
"D:\OneDrive\VS\Projects\DocxDocument\DocumentModel.InOpenXml\Vml\ImageData.cs","ImageData","BlackLevel","Property","63"
"D:\OneDrive\VS\Projects\DocxDocument\DocumentModel.InOpenXml\Vml\ImageData.cs","ImageData","ChromAKey","Property","21"
"D:\OneDrive\VS\Projects\DocxDocument\DocumentModel.InOpenXml\Vml\ImageData.cs","ImageData","CropBottom","Property","49"
"D:\OneDrive\VS\Projects\DocxDocument\DocumentModel.InOpenXml\Vml\ImageData.cs","ImageData","CropLeft","Property","28"
"D:\OneDrive\VS\Projects\DocxDocument\DocumentModel.InOpenXml\Vml\ImageData.cs","ImageData","CropRight","Property","42"
"D:\OneDrive\VS\Projects\DocxDocument\DocumentModel.InOpenXml\Vml\ImageData.cs","ImageData","CropTop","Property","35"
"D:\OneDrive\VS\Projects\DocxDocument\DocumentModel.InOpenXml\Vml\ImageData.cs","ImageData","DetectMouseClick","Property","112"
"D:\OneDrive\VS\Projects\DocxDocument\DocumentModel.InOpenXml\Vml\ImageData.cs","ImageData","EmbossColor","Property","91"
"D:\OneDrive\VS\Projects\DocxDocument\DocumentModel.InOpenXml\Vml\ImageData.cs","ImageData","Gain","Property","56"
"D:\OneDrive\VS\Projects\DocxDocument\DocumentModel.InOpenXml\Vml\ImageData.cs","ImageData","Gamma","Property","70"
"D:\OneDrive\VS\Projects\DocxDocument\DocumentModel.InOpenXml\Vml\ImageData.cs","ImageData","Grayscale","Property","77"
"D:\OneDrive\VS\Projects\DocxDocument\DocumentModel.InOpenXml\Vml\ImageData.cs","ImageData","Id","Property","14"
"D:\OneDrive\VS\Projects\DocxDocument\DocumentModel.InOpenXml\Vml\ImageData.cs","ImageData","Picture","Property","133"
"D:\OneDrive\VS\Projects\DocxDocument\DocumentModel.InOpenXml\Vml\ImageData.cs","ImageData","RecolorTarget","Property","98"
"D:\OneDrive\VS\Projects\DocxDocument\DocumentModel.InOpenXml\Vml\ImageData.cs","ImageData","RelationshipId","Property","126"
"D:\OneDrive\VS\Projects\DocxDocument\DocumentModel.InOpenXml\Vml\ImageData.cs","ImageData","RelHref","Property","140"
"D:\OneDrive\VS\Projects\DocxDocument\DocumentModel.InOpenXml\Vml\ImageData.cs","ImageData","RelId","Property","119"
"D:\OneDrive\VS\Projects\DocxDocument\DocumentModel.InOpenXml\Vml\ImageData.cs","ImageData","Title","Property","105"
"D:\OneDrive\VS\Projects\DocxDocument\DocumentModel.InOpenXml\Vml\ImageFile.cs","ImageFile","AllowInCell","Property","171"
"D:\OneDrive\VS\Projects\DocxDocument\DocumentModel.InOpenXml\Vml\ImageFile.cs","ImageFile","AllowOverlap","Property","178"
"D:\OneDrive\VS\Projects\DocxDocument\DocumentModel.InOpenXml\Vml\ImageFile.cs","ImageFile","Alternate","Property","59"
"D:\OneDrive\VS\Projects\DocxDocument\DocumentModel.InOpenXml\Vml\ImageFile.cs","ImageFile","BiLevel","Property","430"
"D:\OneDrive\VS\Projects\DocxDocument\DocumentModel.InOpenXml\Vml\ImageFile.cs","ImageFile","BlackLevel","Property","409"
"D:\OneDrive\VS\Projects\DocxDocument\DocumentModel.InOpenXml\Vml\ImageFile.cs","ImageFile","BlackWhiteMode","Property","304"
"D:\OneDrive\VS\Projects\DocxDocument\DocumentModel.InOpenXml\Vml\ImageFile.cs","ImageFile","BorderBottomColor","Property","206"
"D:\OneDrive\VS\Projects\DocxDocument\DocumentModel.InOpenXml\Vml\ImageFile.cs","ImageFile","BorderLeftColor","Property","199"
"D:\OneDrive\VS\Projects\DocxDocument\DocumentModel.InOpenXml\Vml\ImageFile.cs","ImageFile","BorderRightColor","Property","213"
"D:\OneDrive\VS\Projects\DocxDocument\DocumentModel.InOpenXml\Vml\ImageFile.cs","ImageFile","BorderTopColor","Property","192"
"D:\OneDrive\VS\Projects\DocxDocument\DocumentModel.InOpenXml\Vml\ImageFile.cs","ImageFile","Bullet","Property","129"
"D:\OneDrive\VS\Projects\DocxDocument\DocumentModel.InOpenXml\Vml\ImageFile.cs","ImageFile","Button","Property","115"
"D:\OneDrive\VS\Projects\DocxDocument\DocumentModel.InOpenXml\Vml\ImageFile.cs","ImageFile","Class","Property","45"
"D:\OneDrive\VS\Projects\DocxDocument\DocumentModel.InOpenXml\Vml\ImageFile.cs","ImageFile","Clip","Property","360"
"D:\OneDrive\VS\Projects\DocxDocument\DocumentModel.InOpenXml\Vml\ImageFile.cs","ImageFile","ClipToWrap","Property","353"
"D:\OneDrive\VS\Projects\DocxDocument\DocumentModel.InOpenXml\Vml\ImageFile.cs","ImageFile","ConnectorType","Property","297"
"D:\OneDrive\VS\Projects\DocxDocument\DocumentModel.InOpenXml\Vml\ImageFile.cs","ImageFile","CoordinateSize","Property","66"
"D:\OneDrive\VS\Projects\DocxDocument\DocumentModel.InOpenXml\Vml\ImageFile.cs","ImageFile","CropBottom","Property","395"
"D:\OneDrive\VS\Projects\DocxDocument\DocumentModel.InOpenXml\Vml\ImageFile.cs","ImageFile","CropLeft","Property","374"
"D:\OneDrive\VS\Projects\DocxDocument\DocumentModel.InOpenXml\Vml\ImageFile.cs","ImageFile","CropRight","Property","388"
"D:\OneDrive\VS\Projects\DocxDocument\DocumentModel.InOpenXml\Vml\ImageFile.cs","ImageFile","CropTop","Property","381"
"D:\OneDrive\VS\Projects\DocxDocument\DocumentModel.InOpenXml\Vml\ImageFile.cs","ImageFile","DiagramLayout","Property","220"
"D:\OneDrive\VS\Projects\DocxDocument\DocumentModel.InOpenXml\Vml\ImageFile.cs","ImageFile","DiagramLayoutMostRecentUsed","Property","234"
"D:\OneDrive\VS\Projects\DocxDocument\DocumentModel.InOpenXml\Vml\ImageFile.cs","ImageFile","DiagramNodeKind","Property","227"
"D:\OneDrive\VS\Projects\DocxDocument\DocumentModel.InOpenXml\Vml\ImageFile.cs","ImageFile","DoubleClickNotify","Property","108"
"D:\OneDrive\VS\Projects\DocxDocument\DocumentModel.InOpenXml\Vml\ImageFile.cs","ImageFile","FillColor","Property","255"
"D:\OneDrive\VS\Projects\DocxDocument\DocumentModel.InOpenXml\Vml\ImageFile.cs","ImageFile","Filled","Property","248"
"D:\OneDrive\VS\Projects\DocxDocument\DocumentModel.InOpenXml\Vml\ImageFile.cs","ImageFile","ForceDash","Property","325"
"D:\OneDrive\VS\Projects\DocxDocument\DocumentModel.InOpenXml\Vml\ImageFile.cs","ImageFile","Gain","Property","402"
"D:\OneDrive\VS\Projects\DocxDocument\DocumentModel.InOpenXml\Vml\ImageFile.cs","ImageFile","Gamma","Property","416"
"D:\OneDrive\VS\Projects\DocxDocument\DocumentModel.InOpenXml\Vml\ImageFile.cs","ImageFile","GfxData","Property","437"
"D:\OneDrive\VS\Projects\DocxDocument\DocumentModel.InOpenXml\Vml\ImageFile.cs","ImageFile","GrayScale","Property","423"
"D:\OneDrive\VS\Projects\DocxDocument\DocumentModel.InOpenXml\Vml\ImageFile.cs","ImageFile","Horizontal","Property","136"
"D:\OneDrive\VS\Projects\DocxDocument\DocumentModel.InOpenXml\Vml\ImageFile.cs","ImageFile","HorizontalAlignment","Property","164"
"D:\OneDrive\VS\Projects\DocxDocument\DocumentModel.InOpenXml\Vml\ImageFile.cs","ImageFile","HorizontalNoShade","Property","150"
"D:\OneDrive\VS\Projects\DocxDocument\DocumentModel.InOpenXml\Vml\ImageFile.cs","ImageFile","HorizontalPercentage","Property","157"
"D:\OneDrive\VS\Projects\DocxDocument\DocumentModel.InOpenXml\Vml\ImageFile.cs","ImageFile","HorizontalStandard","Property","143"
"D:\OneDrive\VS\Projects\DocxDocument\DocumentModel.InOpenXml\Vml\ImageFile.cs","ImageFile","Href","Property","31"
"D:\OneDrive\VS\Projects\DocxDocument\DocumentModel.InOpenXml\Vml\ImageFile.cs","ImageFile","Id","Property","17"
"D:\OneDrive\VS\Projects\DocxDocument\DocumentModel.InOpenXml\Vml\ImageFile.cs","ImageFile","InsetMode","Property","241"
"D:\OneDrive\VS\Projects\DocxDocument\DocumentModel.InOpenXml\Vml\ImageFile.cs","ImageFile","InsetPen","Property","283"
"D:\OneDrive\VS\Projects\DocxDocument\DocumentModel.InOpenXml\Vml\ImageFile.cs","ImageFile","NormalBlackWhiteMode","Property","318"
"D:\OneDrive\VS\Projects\DocxDocument\DocumentModel.InOpenXml\Vml\ImageFile.cs","ImageFile","Ole","Property","339"
"D:\OneDrive\VS\Projects\DocxDocument\DocumentModel.InOpenXml\Vml\ImageFile.cs","ImageFile","OleIcon","Property","332"
"D:\OneDrive\VS\Projects\DocxDocument\DocumentModel.InOpenXml\Vml\ImageFile.cs","ImageFile","Oned","Property","94"
"D:\OneDrive\VS\Projects\DocxDocument\DocumentModel.InOpenXml\Vml\ImageFile.cs","ImageFile","OptionalNumber","Property","290"
"D:\OneDrive\VS\Projects\DocxDocument\DocumentModel.InOpenXml\Vml\ImageFile.cs","ImageFile","OptionalString","Property","87"
"D:\OneDrive\VS\Projects\DocxDocument\DocumentModel.InOpenXml\Vml\ImageFile.cs","ImageFile","PreferRelative","Property","346"
"D:\OneDrive\VS\Projects\DocxDocument\DocumentModel.InOpenXml\Vml\ImageFile.cs","ImageFile","Print","Property","80"
"D:\OneDrive\VS\Projects\DocxDocument\DocumentModel.InOpenXml\Vml\ImageFile.cs","ImageFile","PureBlackWhiteMode","Property","311"
"D:\OneDrive\VS\Projects\DocxDocument\DocumentModel.InOpenXml\Vml\ImageFile.cs","ImageFile","RegroupId","Property","101"
"D:\OneDrive\VS\Projects\DocxDocument\DocumentModel.InOpenXml\Vml\ImageFile.cs","ImageFile","Source","Property","367"
"D:\OneDrive\VS\Projects\DocxDocument\DocumentModel.InOpenXml\Vml\ImageFile.cs","ImageFile","StrokeColor","Property","269"
"D:\OneDrive\VS\Projects\DocxDocument\DocumentModel.InOpenXml\Vml\ImageFile.cs","ImageFile","Stroked","Property","262"
"D:\OneDrive\VS\Projects\DocxDocument\DocumentModel.InOpenXml\Vml\ImageFile.cs","ImageFile","StrokeWeight","Property","276"
"D:\OneDrive\VS\Projects\DocxDocument\DocumentModel.InOpenXml\Vml\ImageFile.cs","ImageFile","Style","Property","24"
"D:\OneDrive\VS\Projects\DocxDocument\DocumentModel.InOpenXml\Vml\ImageFile.cs","ImageFile","Target","Property","38"
"D:\OneDrive\VS\Projects\DocxDocument\DocumentModel.InOpenXml\Vml\ImageFile.cs","ImageFile","Title","Property","52"
"D:\OneDrive\VS\Projects\DocxDocument\DocumentModel.InOpenXml\Vml\ImageFile.cs","ImageFile","UserDrawn","Property","185"
"D:\OneDrive\VS\Projects\DocxDocument\DocumentModel.InOpenXml\Vml\ImageFile.cs","ImageFile","UserHidden","Property","122"
"D:\OneDrive\VS\Projects\DocxDocument\DocumentModel.InOpenXml\Vml\ImageFile.cs","ImageFile","WrapCoordinates","Property","73"
"D:\OneDrive\VS\Projects\DocxDocument\DocumentModel.InOpenXml\Vml\Ink.cs","Ink","AnnotationFlag","Property","21"
"D:\OneDrive\VS\Projects\DocxDocument\DocumentModel.InOpenXml\Vml\Ink.cs","Ink","InkData","Property","14"
"D:\OneDrive\VS\Projects\DocxDocument\DocumentModel.InOpenXml\Vml\Line.cs","Line","AllowInCell","Property","178"
"D:\OneDrive\VS\Projects\DocxDocument\DocumentModel.InOpenXml\Vml\Line.cs","Line","AllowOverlap","Property","185"
"D:\OneDrive\VS\Projects\DocxDocument\DocumentModel.InOpenXml\Vml\Line.cs","Line","Alternate","Property","59"
"D:\OneDrive\VS\Projects\DocxDocument\DocumentModel.InOpenXml\Vml\Line.cs","Line","BlackWhiteMode","Property","311"
"D:\OneDrive\VS\Projects\DocxDocument\DocumentModel.InOpenXml\Vml\Line.cs","Line","BorderBottomColor","Property","213"
"D:\OneDrive\VS\Projects\DocxDocument\DocumentModel.InOpenXml\Vml\Line.cs","Line","BorderLeftColor","Property","206"
"D:\OneDrive\VS\Projects\DocxDocument\DocumentModel.InOpenXml\Vml\Line.cs","Line","BorderRightColor","Property","220"
"D:\OneDrive\VS\Projects\DocxDocument\DocumentModel.InOpenXml\Vml\Line.cs","Line","BorderTopColor","Property","199"
"D:\OneDrive\VS\Projects\DocxDocument\DocumentModel.InOpenXml\Vml\Line.cs","Line","Bullet","Property","136"
"D:\OneDrive\VS\Projects\DocxDocument\DocumentModel.InOpenXml\Vml\Line.cs","Line","Button","Property","122"
"D:\OneDrive\VS\Projects\DocxDocument\DocumentModel.InOpenXml\Vml\Line.cs","Line","Class","Property","45"
"D:\OneDrive\VS\Projects\DocxDocument\DocumentModel.InOpenXml\Vml\Line.cs","Line","Clip","Property","367"
"D:\OneDrive\VS\Projects\DocxDocument\DocumentModel.InOpenXml\Vml\Line.cs","Line","ClipToWrap","Property","360"
"D:\OneDrive\VS\Projects\DocxDocument\DocumentModel.InOpenXml\Vml\Line.cs","Line","ConnectorType","Property","304"
"D:\OneDrive\VS\Projects\DocxDocument\DocumentModel.InOpenXml\Vml\Line.cs","Line","CoordinateOrigin","Property","73"
"D:\OneDrive\VS\Projects\DocxDocument\DocumentModel.InOpenXml\Vml\Line.cs","Line","CoordinateSize","Property","66"
"D:\OneDrive\VS\Projects\DocxDocument\DocumentModel.InOpenXml\Vml\Line.cs","Line","DiagramLayout","Property","227"
"D:\OneDrive\VS\Projects\DocxDocument\DocumentModel.InOpenXml\Vml\Line.cs","Line","DiagramLayoutMostRecentUsed","Property","241"
"D:\OneDrive\VS\Projects\DocxDocument\DocumentModel.InOpenXml\Vml\Line.cs","Line","DiagramNodeKind","Property","234"
"D:\OneDrive\VS\Projects\DocxDocument\DocumentModel.InOpenXml\Vml\Line.cs","Line","DoubleClickNotify","Property","115"
"D:\OneDrive\VS\Projects\DocxDocument\DocumentModel.InOpenXml\Vml\Line.cs","Line","FillColor","Property","262"
"D:\OneDrive\VS\Projects\DocxDocument\DocumentModel.InOpenXml\Vml\Line.cs","Line","Filled","Property","255"
"D:\OneDrive\VS\Projects\DocxDocument\DocumentModel.InOpenXml\Vml\Line.cs","Line","ForceDash","Property","332"
"D:\OneDrive\VS\Projects\DocxDocument\DocumentModel.InOpenXml\Vml\Line.cs","Line","From","Property","381"
"D:\OneDrive\VS\Projects\DocxDocument\DocumentModel.InOpenXml\Vml\Line.cs","Line","GfxData","Property","374"
"D:\OneDrive\VS\Projects\DocxDocument\DocumentModel.InOpenXml\Vml\Line.cs","Line","Horizontal","Property","143"
"D:\OneDrive\VS\Projects\DocxDocument\DocumentModel.InOpenXml\Vml\Line.cs","Line","HorizontalAlignment","Property","171"
"D:\OneDrive\VS\Projects\DocxDocument\DocumentModel.InOpenXml\Vml\Line.cs","Line","HorizontalNoShade","Property","157"
"D:\OneDrive\VS\Projects\DocxDocument\DocumentModel.InOpenXml\Vml\Line.cs","Line","HorizontalPercentage","Property","164"
"D:\OneDrive\VS\Projects\DocxDocument\DocumentModel.InOpenXml\Vml\Line.cs","Line","HorizontalStandard","Property","150"
"D:\OneDrive\VS\Projects\DocxDocument\DocumentModel.InOpenXml\Vml\Line.cs","Line","Href","Property","31"
"D:\OneDrive\VS\Projects\DocxDocument\DocumentModel.InOpenXml\Vml\Line.cs","Line","Id","Property","17"
"D:\OneDrive\VS\Projects\DocxDocument\DocumentModel.InOpenXml\Vml\Line.cs","Line","InsetMode","Property","248"
"D:\OneDrive\VS\Projects\DocxDocument\DocumentModel.InOpenXml\Vml\Line.cs","Line","InsetPen","Property","290"
"D:\OneDrive\VS\Projects\DocxDocument\DocumentModel.InOpenXml\Vml\Line.cs","Line","NormalBlackWhiteMode","Property","325"
"D:\OneDrive\VS\Projects\DocxDocument\DocumentModel.InOpenXml\Vml\Line.cs","Line","Ole","Property","346"
"D:\OneDrive\VS\Projects\DocxDocument\DocumentModel.InOpenXml\Vml\Line.cs","Line","OleIcon","Property","339"
"D:\OneDrive\VS\Projects\DocxDocument\DocumentModel.InOpenXml\Vml\Line.cs","Line","Oned","Property","101"
"D:\OneDrive\VS\Projects\DocxDocument\DocumentModel.InOpenXml\Vml\Line.cs","Line","OptionalNumber","Property","297"
"D:\OneDrive\VS\Projects\DocxDocument\DocumentModel.InOpenXml\Vml\Line.cs","Line","OptionalString","Property","94"
"D:\OneDrive\VS\Projects\DocxDocument\DocumentModel.InOpenXml\Vml\Line.cs","Line","PreferRelative","Property","353"
"D:\OneDrive\VS\Projects\DocxDocument\DocumentModel.InOpenXml\Vml\Line.cs","Line","Print","Property","87"
"D:\OneDrive\VS\Projects\DocxDocument\DocumentModel.InOpenXml\Vml\Line.cs","Line","PureBlackWhiteMode","Property","318"
"D:\OneDrive\VS\Projects\DocxDocument\DocumentModel.InOpenXml\Vml\Line.cs","Line","RegroupId","Property","108"
"D:\OneDrive\VS\Projects\DocxDocument\DocumentModel.InOpenXml\Vml\Line.cs","Line","StrokeColor","Property","276"
"D:\OneDrive\VS\Projects\DocxDocument\DocumentModel.InOpenXml\Vml\Line.cs","Line","Stroked","Property","269"
"D:\OneDrive\VS\Projects\DocxDocument\DocumentModel.InOpenXml\Vml\Line.cs","Line","StrokeWeight","Property","283"
"D:\OneDrive\VS\Projects\DocxDocument\DocumentModel.InOpenXml\Vml\Line.cs","Line","Style","Property","24"
"D:\OneDrive\VS\Projects\DocxDocument\DocumentModel.InOpenXml\Vml\Line.cs","Line","Target","Property","38"
"D:\OneDrive\VS\Projects\DocxDocument\DocumentModel.InOpenXml\Vml\Line.cs","Line","Title","Property","52"
"D:\OneDrive\VS\Projects\DocxDocument\DocumentModel.InOpenXml\Vml\Line.cs","Line","To","Property","388"
"D:\OneDrive\VS\Projects\DocxDocument\DocumentModel.InOpenXml\Vml\Line.cs","Line","UserDrawn","Property","192"
"D:\OneDrive\VS\Projects\DocxDocument\DocumentModel.InOpenXml\Vml\Line.cs","Line","UserHidden","Property","129"
"D:\OneDrive\VS\Projects\DocxDocument\DocumentModel.InOpenXml\Vml\Line.cs","Line","WrapCoordinates","Property","80"
"D:\OneDrive\VS\Projects\DocxDocument\DocumentModel.InOpenXml\Vml\Lock.cs","Lock","AdjustHandles","Property","70"
"D:\OneDrive\VS\Projects\DocxDocument\DocumentModel.InOpenXml\Vml\Lock.cs","Lock","AspectRatio","Property","84"
"D:\OneDrive\VS\Projects\DocxDocument\DocumentModel.InOpenXml\Vml\Lock.cs","Lock","Cropping","Property","56"
"D:\OneDrive\VS\Projects\DocxDocument\DocumentModel.InOpenXml\Vml\Lock.cs","Lock","Extension","Property","14"
"D:\OneDrive\VS\Projects\DocxDocument\DocumentModel.InOpenXml\Vml\Lock.cs","Lock","Grouping","Property","35"
"D:\OneDrive\VS\Projects\DocxDocument\DocumentModel.InOpenXml\Vml\Lock.cs","Lock","Position","Property","21"
"D:\OneDrive\VS\Projects\DocxDocument\DocumentModel.InOpenXml\Vml\Lock.cs","Lock","Rotation","Property","49"
"D:\OneDrive\VS\Projects\DocxDocument\DocumentModel.InOpenXml\Vml\Lock.cs","Lock","Selection","Property","28"
"D:\OneDrive\VS\Projects\DocxDocument\DocumentModel.InOpenXml\Vml\Lock.cs","Lock","ShapeType","Property","91"
"D:\OneDrive\VS\Projects\DocxDocument\DocumentModel.InOpenXml\Vml\Lock.cs","Lock","TextLock","Property","77"
"D:\OneDrive\VS\Projects\DocxDocument\DocumentModel.InOpenXml\Vml\Lock.cs","Lock","Ungrouping","Property","42"
"D:\OneDrive\VS\Projects\DocxDocument\DocumentModel.InOpenXml\Vml\Lock.cs","Lock","Verticies","Property","63"
"D:\OneDrive\VS\Projects\DocxDocument\DocumentModel.InOpenXml\Vml\OleObject.cs","OleObject","DrawAspect","Property","37"
"D:\OneDrive\VS\Projects\DocxDocument\DocumentModel.InOpenXml\Vml\OleObject.cs","OleObject","FieldCodes","Property","79"
"D:\OneDrive\VS\Projects\DocxDocument\DocumentModel.InOpenXml\Vml\OleObject.cs","OleObject","Id","Property","51"
"D:\OneDrive\VS\Projects\DocxDocument\DocumentModel.InOpenXml\Vml\OleObject.cs","OleObject","LinkType","Property","65"
"D:\OneDrive\VS\Projects\DocxDocument\DocumentModel.InOpenXml\Vml\OleObject.cs","OleObject","LockedField","Property","72"
"D:\OneDrive\VS\Projects\DocxDocument\DocumentModel.InOpenXml\Vml\OleObject.cs","OleObject","ObjectId","Property","44"
"D:\OneDrive\VS\Projects\DocxDocument\DocumentModel.InOpenXml\Vml\OleObject.cs","OleObject","ProgId","Property","23"
"D:\OneDrive\VS\Projects\DocxDocument\DocumentModel.InOpenXml\Vml\OleObject.cs","OleObject","ShapeId","Property","30"
"D:\OneDrive\VS\Projects\DocxDocument\DocumentModel.InOpenXml\Vml\OleObject.cs","OleObject","Type","Property","16"
"D:\OneDrive\VS\Projects\DocxDocument\DocumentModel.InOpenXml\Vml\OleObject.cs","OleObject","UpdateMode","Property","58"
"D:\OneDrive\VS\Projects\DocxDocument\DocumentModel.InOpenXml\Vml\Oval.cs","Oval","AllowInCell","Property","178"
"D:\OneDrive\VS\Projects\DocxDocument\DocumentModel.InOpenXml\Vml\Oval.cs","Oval","AllowOverlap","Property","185"
"D:\OneDrive\VS\Projects\DocxDocument\DocumentModel.InOpenXml\Vml\Oval.cs","Oval","Alternate","Property","59"
"D:\OneDrive\VS\Projects\DocxDocument\DocumentModel.InOpenXml\Vml\Oval.cs","Oval","BlackWhiteMode","Property","311"
"D:\OneDrive\VS\Projects\DocxDocument\DocumentModel.InOpenXml\Vml\Oval.cs","Oval","BorderBottomColor","Property","213"
"D:\OneDrive\VS\Projects\DocxDocument\DocumentModel.InOpenXml\Vml\Oval.cs","Oval","BorderLeftColor","Property","206"
"D:\OneDrive\VS\Projects\DocxDocument\DocumentModel.InOpenXml\Vml\Oval.cs","Oval","BorderRightColor","Property","220"
"D:\OneDrive\VS\Projects\DocxDocument\DocumentModel.InOpenXml\Vml\Oval.cs","Oval","BorderTopColor","Property","199"
"D:\OneDrive\VS\Projects\DocxDocument\DocumentModel.InOpenXml\Vml\Oval.cs","Oval","Bullet","Property","136"
"D:\OneDrive\VS\Projects\DocxDocument\DocumentModel.InOpenXml\Vml\Oval.cs","Oval","Button","Property","122"
"D:\OneDrive\VS\Projects\DocxDocument\DocumentModel.InOpenXml\Vml\Oval.cs","Oval","Class","Property","45"
"D:\OneDrive\VS\Projects\DocxDocument\DocumentModel.InOpenXml\Vml\Oval.cs","Oval","Clip","Property","367"
"D:\OneDrive\VS\Projects\DocxDocument\DocumentModel.InOpenXml\Vml\Oval.cs","Oval","ClipToWrap","Property","360"
"D:\OneDrive\VS\Projects\DocxDocument\DocumentModel.InOpenXml\Vml\Oval.cs","Oval","ConnectorType","Property","304"
"D:\OneDrive\VS\Projects\DocxDocument\DocumentModel.InOpenXml\Vml\Oval.cs","Oval","CoordinateOrigin","Property","73"
"D:\OneDrive\VS\Projects\DocxDocument\DocumentModel.InOpenXml\Vml\Oval.cs","Oval","CoordinateSize","Property","66"
"D:\OneDrive\VS\Projects\DocxDocument\DocumentModel.InOpenXml\Vml\Oval.cs","Oval","DiagramLayout","Property","227"
"D:\OneDrive\VS\Projects\DocxDocument\DocumentModel.InOpenXml\Vml\Oval.cs","Oval","DiagramLayoutMostRecentUsed","Property","241"
"D:\OneDrive\VS\Projects\DocxDocument\DocumentModel.InOpenXml\Vml\Oval.cs","Oval","DiagramNodeKind","Property","234"
"D:\OneDrive\VS\Projects\DocxDocument\DocumentModel.InOpenXml\Vml\Oval.cs","Oval","DoubleClickNotify","Property","115"
"D:\OneDrive\VS\Projects\DocxDocument\DocumentModel.InOpenXml\Vml\Oval.cs","Oval","FillColor","Property","262"
"D:\OneDrive\VS\Projects\DocxDocument\DocumentModel.InOpenXml\Vml\Oval.cs","Oval","Filled","Property","255"
"D:\OneDrive\VS\Projects\DocxDocument\DocumentModel.InOpenXml\Vml\Oval.cs","Oval","ForceDash","Property","332"
"D:\OneDrive\VS\Projects\DocxDocument\DocumentModel.InOpenXml\Vml\Oval.cs","Oval","GfxData","Property","374"
"D:\OneDrive\VS\Projects\DocxDocument\DocumentModel.InOpenXml\Vml\Oval.cs","Oval","Horizontal","Property","143"
"D:\OneDrive\VS\Projects\DocxDocument\DocumentModel.InOpenXml\Vml\Oval.cs","Oval","HorizontalAlignment","Property","171"
"D:\OneDrive\VS\Projects\DocxDocument\DocumentModel.InOpenXml\Vml\Oval.cs","Oval","HorizontalNoShade","Property","157"
"D:\OneDrive\VS\Projects\DocxDocument\DocumentModel.InOpenXml\Vml\Oval.cs","Oval","HorizontalPercentage","Property","164"
"D:\OneDrive\VS\Projects\DocxDocument\DocumentModel.InOpenXml\Vml\Oval.cs","Oval","HorizontalStandard","Property","150"
"D:\OneDrive\VS\Projects\DocxDocument\DocumentModel.InOpenXml\Vml\Oval.cs","Oval","Href","Property","31"
"D:\OneDrive\VS\Projects\DocxDocument\DocumentModel.InOpenXml\Vml\Oval.cs","Oval","Id","Property","17"
"D:\OneDrive\VS\Projects\DocxDocument\DocumentModel.InOpenXml\Vml\Oval.cs","Oval","InsetMode","Property","248"
"D:\OneDrive\VS\Projects\DocxDocument\DocumentModel.InOpenXml\Vml\Oval.cs","Oval","InsetPen","Property","290"
"D:\OneDrive\VS\Projects\DocxDocument\DocumentModel.InOpenXml\Vml\Oval.cs","Oval","NormalBlackWhiteMode","Property","325"
"D:\OneDrive\VS\Projects\DocxDocument\DocumentModel.InOpenXml\Vml\Oval.cs","Oval","Ole","Property","346"
"D:\OneDrive\VS\Projects\DocxDocument\DocumentModel.InOpenXml\Vml\Oval.cs","Oval","OleIcon","Property","339"
"D:\OneDrive\VS\Projects\DocxDocument\DocumentModel.InOpenXml\Vml\Oval.cs","Oval","Oned","Property","101"
"D:\OneDrive\VS\Projects\DocxDocument\DocumentModel.InOpenXml\Vml\Oval.cs","Oval","OptionalNumber","Property","297"
"D:\OneDrive\VS\Projects\DocxDocument\DocumentModel.InOpenXml\Vml\Oval.cs","Oval","OptionalString","Property","94"
"D:\OneDrive\VS\Projects\DocxDocument\DocumentModel.InOpenXml\Vml\Oval.cs","Oval","PreferRelative","Property","353"
"D:\OneDrive\VS\Projects\DocxDocument\DocumentModel.InOpenXml\Vml\Oval.cs","Oval","Print","Property","87"
"D:\OneDrive\VS\Projects\DocxDocument\DocumentModel.InOpenXml\Vml\Oval.cs","Oval","PureBlackWhiteMode","Property","318"
"D:\OneDrive\VS\Projects\DocxDocument\DocumentModel.InOpenXml\Vml\Oval.cs","Oval","RegroupId","Property","108"
"D:\OneDrive\VS\Projects\DocxDocument\DocumentModel.InOpenXml\Vml\Oval.cs","Oval","StrokeColor","Property","276"
"D:\OneDrive\VS\Projects\DocxDocument\DocumentModel.InOpenXml\Vml\Oval.cs","Oval","Stroked","Property","269"
"D:\OneDrive\VS\Projects\DocxDocument\DocumentModel.InOpenXml\Vml\Oval.cs","Oval","StrokeWeight","Property","283"
"D:\OneDrive\VS\Projects\DocxDocument\DocumentModel.InOpenXml\Vml\Oval.cs","Oval","Style","Property","24"
"D:\OneDrive\VS\Projects\DocxDocument\DocumentModel.InOpenXml\Vml\Oval.cs","Oval","Target","Property","38"
"D:\OneDrive\VS\Projects\DocxDocument\DocumentModel.InOpenXml\Vml\Oval.cs","Oval","Title","Property","52"
"D:\OneDrive\VS\Projects\DocxDocument\DocumentModel.InOpenXml\Vml\Oval.cs","Oval","UserDrawn","Property","192"
"D:\OneDrive\VS\Projects\DocxDocument\DocumentModel.InOpenXml\Vml\Oval.cs","Oval","UserHidden","Property","129"
"D:\OneDrive\VS\Projects\DocxDocument\DocumentModel.InOpenXml\Vml\Oval.cs","Oval","WrapCoordinates","Property","80"
"D:\OneDrive\VS\Projects\DocxDocument\DocumentModel.InOpenXml\Vml\Path.cs","Path","AllowExtrusion","Property","112"
"D:\OneDrive\VS\Projects\DocxDocument\DocumentModel.InOpenXml\Vml\Path.cs","Path","AllowFill","Property","42"
"D:\OneDrive\VS\Projects\DocxDocument\DocumentModel.InOpenXml\Vml\Path.cs","Path","AllowGradientShape","Property","70"
"D:\OneDrive\VS\Projects\DocxDocument\DocumentModel.InOpenXml\Vml\Path.cs","Path","AllowInsetPen","Property","84"
"D:\OneDrive\VS\Projects\DocxDocument\DocumentModel.InOpenXml\Vml\Path.cs","Path","AllowShading","Property","56"
"D:\OneDrive\VS\Projects\DocxDocument\DocumentModel.InOpenXml\Vml\Path.cs","Path","AllowStroke","Property","49"
"D:\OneDrive\VS\Projects\DocxDocument\DocumentModel.InOpenXml\Vml\Path.cs","Path","AllowTextPath","Property","77"
"D:\OneDrive\VS\Projects\DocxDocument\DocumentModel.InOpenXml\Vml\Path.cs","Path","ConnectAngles","Property","105"
"D:\OneDrive\VS\Projects\DocxDocument\DocumentModel.InOpenXml\Vml\Path.cs","Path","ConnectionPoints","Property","98"
"D:\OneDrive\VS\Projects\DocxDocument\DocumentModel.InOpenXml\Vml\Path.cs","Path","ConnectionPointType","Property","91"
"D:\OneDrive\VS\Projects\DocxDocument\DocumentModel.InOpenXml\Vml\Path.cs","Path","Id","Property","14"
"D:\OneDrive\VS\Projects\DocxDocument\DocumentModel.InOpenXml\Vml\Path.cs","Path","Limo","Property","28"
"D:\OneDrive\VS\Projects\DocxDocument\DocumentModel.InOpenXml\Vml\Path.cs","Path","ShowArrowhead","Property","63"
"D:\OneDrive\VS\Projects\DocxDocument\DocumentModel.InOpenXml\Vml\Path.cs","Path","TextboxRectangle","Property","35"
"D:\OneDrive\VS\Projects\DocxDocument\DocumentModel.InOpenXml\Vml\Path.cs","Path","Value","Property","21"
"D:\OneDrive\VS\Projects\DocxDocument\DocumentModel.InOpenXml\Vml\PolyLine.cs","PolyLine","AllowInCell","Property","178"
"D:\OneDrive\VS\Projects\DocxDocument\DocumentModel.InOpenXml\Vml\PolyLine.cs","PolyLine","AllowOverlap","Property","185"
"D:\OneDrive\VS\Projects\DocxDocument\DocumentModel.InOpenXml\Vml\PolyLine.cs","PolyLine","Alternate","Property","59"
"D:\OneDrive\VS\Projects\DocxDocument\DocumentModel.InOpenXml\Vml\PolyLine.cs","PolyLine","BlackWhiteMode","Property","311"
"D:\OneDrive\VS\Projects\DocxDocument\DocumentModel.InOpenXml\Vml\PolyLine.cs","PolyLine","BorderBottomColor","Property","213"
"D:\OneDrive\VS\Projects\DocxDocument\DocumentModel.InOpenXml\Vml\PolyLine.cs","PolyLine","BorderLeftColor","Property","206"
"D:\OneDrive\VS\Projects\DocxDocument\DocumentModel.InOpenXml\Vml\PolyLine.cs","PolyLine","BorderRightColor","Property","220"
"D:\OneDrive\VS\Projects\DocxDocument\DocumentModel.InOpenXml\Vml\PolyLine.cs","PolyLine","BorderTopColor","Property","199"
"D:\OneDrive\VS\Projects\DocxDocument\DocumentModel.InOpenXml\Vml\PolyLine.cs","PolyLine","Bullet","Property","136"
"D:\OneDrive\VS\Projects\DocxDocument\DocumentModel.InOpenXml\Vml\PolyLine.cs","PolyLine","Button","Property","122"
"D:\OneDrive\VS\Projects\DocxDocument\DocumentModel.InOpenXml\Vml\PolyLine.cs","PolyLine","Class","Property","45"
"D:\OneDrive\VS\Projects\DocxDocument\DocumentModel.InOpenXml\Vml\PolyLine.cs","PolyLine","Clip","Property","367"
"D:\OneDrive\VS\Projects\DocxDocument\DocumentModel.InOpenXml\Vml\PolyLine.cs","PolyLine","ClipToWrap","Property","360"
"D:\OneDrive\VS\Projects\DocxDocument\DocumentModel.InOpenXml\Vml\PolyLine.cs","PolyLine","ConnectorType","Property","304"
"D:\OneDrive\VS\Projects\DocxDocument\DocumentModel.InOpenXml\Vml\PolyLine.cs","PolyLine","CoordinateOrigin","Property","73"
"D:\OneDrive\VS\Projects\DocxDocument\DocumentModel.InOpenXml\Vml\PolyLine.cs","PolyLine","CoordinateSize","Property","66"
"D:\OneDrive\VS\Projects\DocxDocument\DocumentModel.InOpenXml\Vml\PolyLine.cs","PolyLine","DiagramLayout","Property","227"
"D:\OneDrive\VS\Projects\DocxDocument\DocumentModel.InOpenXml\Vml\PolyLine.cs","PolyLine","DiagramLayoutMostRecentUsed","Property","241"
"D:\OneDrive\VS\Projects\DocxDocument\DocumentModel.InOpenXml\Vml\PolyLine.cs","PolyLine","DiagramNodeKind","Property","234"
"D:\OneDrive\VS\Projects\DocxDocument\DocumentModel.InOpenXml\Vml\PolyLine.cs","PolyLine","DoubleClickNotify","Property","115"
"D:\OneDrive\VS\Projects\DocxDocument\DocumentModel.InOpenXml\Vml\PolyLine.cs","PolyLine","FillColor","Property","262"
"D:\OneDrive\VS\Projects\DocxDocument\DocumentModel.InOpenXml\Vml\PolyLine.cs","PolyLine","Filled","Property","255"
"D:\OneDrive\VS\Projects\DocxDocument\DocumentModel.InOpenXml\Vml\PolyLine.cs","PolyLine","ForceDash","Property","332"
"D:\OneDrive\VS\Projects\DocxDocument\DocumentModel.InOpenXml\Vml\PolyLine.cs","PolyLine","GfxData","Property","374"
"D:\OneDrive\VS\Projects\DocxDocument\DocumentModel.InOpenXml\Vml\PolyLine.cs","PolyLine","Horizontal","Property","143"
"D:\OneDrive\VS\Projects\DocxDocument\DocumentModel.InOpenXml\Vml\PolyLine.cs","PolyLine","HorizontalAlignment","Property","171"
"D:\OneDrive\VS\Projects\DocxDocument\DocumentModel.InOpenXml\Vml\PolyLine.cs","PolyLine","HorizontalNoShade","Property","157"
"D:\OneDrive\VS\Projects\DocxDocument\DocumentModel.InOpenXml\Vml\PolyLine.cs","PolyLine","HorizontalPercentage","Property","164"
"D:\OneDrive\VS\Projects\DocxDocument\DocumentModel.InOpenXml\Vml\PolyLine.cs","PolyLine","HorizontalStandard","Property","150"
"D:\OneDrive\VS\Projects\DocxDocument\DocumentModel.InOpenXml\Vml\PolyLine.cs","PolyLine","Href","Property","31"
"D:\OneDrive\VS\Projects\DocxDocument\DocumentModel.InOpenXml\Vml\PolyLine.cs","PolyLine","Id","Property","17"
"D:\OneDrive\VS\Projects\DocxDocument\DocumentModel.InOpenXml\Vml\PolyLine.cs","PolyLine","InsetMode","Property","248"
"D:\OneDrive\VS\Projects\DocxDocument\DocumentModel.InOpenXml\Vml\PolyLine.cs","PolyLine","InsetPen","Property","290"
"D:\OneDrive\VS\Projects\DocxDocument\DocumentModel.InOpenXml\Vml\PolyLine.cs","PolyLine","NormalBlackWhiteMode","Property","325"
"D:\OneDrive\VS\Projects\DocxDocument\DocumentModel.InOpenXml\Vml\PolyLine.cs","PolyLine","Ole","Property","346"
"D:\OneDrive\VS\Projects\DocxDocument\DocumentModel.InOpenXml\Vml\PolyLine.cs","PolyLine","OleIcon","Property","339"
"D:\OneDrive\VS\Projects\DocxDocument\DocumentModel.InOpenXml\Vml\PolyLine.cs","PolyLine","Oned","Property","101"
"D:\OneDrive\VS\Projects\DocxDocument\DocumentModel.InOpenXml\Vml\PolyLine.cs","PolyLine","OptionalNumber","Property","297"
"D:\OneDrive\VS\Projects\DocxDocument\DocumentModel.InOpenXml\Vml\PolyLine.cs","PolyLine","OptionalString","Property","94"
"D:\OneDrive\VS\Projects\DocxDocument\DocumentModel.InOpenXml\Vml\PolyLine.cs","PolyLine","Points","Property","381"
"D:\OneDrive\VS\Projects\DocxDocument\DocumentModel.InOpenXml\Vml\PolyLine.cs","PolyLine","PreferRelative","Property","353"
"D:\OneDrive\VS\Projects\DocxDocument\DocumentModel.InOpenXml\Vml\PolyLine.cs","PolyLine","Print","Property","87"
"D:\OneDrive\VS\Projects\DocxDocument\DocumentModel.InOpenXml\Vml\PolyLine.cs","PolyLine","PureBlackWhiteMode","Property","318"
"D:\OneDrive\VS\Projects\DocxDocument\DocumentModel.InOpenXml\Vml\PolyLine.cs","PolyLine","RegroupId","Property","108"
"D:\OneDrive\VS\Projects\DocxDocument\DocumentModel.InOpenXml\Vml\PolyLine.cs","PolyLine","StrokeColor","Property","276"
"D:\OneDrive\VS\Projects\DocxDocument\DocumentModel.InOpenXml\Vml\PolyLine.cs","PolyLine","Stroked","Property","269"
"D:\OneDrive\VS\Projects\DocxDocument\DocumentModel.InOpenXml\Vml\PolyLine.cs","PolyLine","StrokeWeight","Property","283"
"D:\OneDrive\VS\Projects\DocxDocument\DocumentModel.InOpenXml\Vml\PolyLine.cs","PolyLine","Style","Property","24"
"D:\OneDrive\VS\Projects\DocxDocument\DocumentModel.InOpenXml\Vml\PolyLine.cs","PolyLine","Target","Property","38"
"D:\OneDrive\VS\Projects\DocxDocument\DocumentModel.InOpenXml\Vml\PolyLine.cs","PolyLine","Title","Property","52"
"D:\OneDrive\VS\Projects\DocxDocument\DocumentModel.InOpenXml\Vml\PolyLine.cs","PolyLine","UserDrawn","Property","192"
"D:\OneDrive\VS\Projects\DocxDocument\DocumentModel.InOpenXml\Vml\PolyLine.cs","PolyLine","UserHidden","Property","129"
"D:\OneDrive\VS\Projects\DocxDocument\DocumentModel.InOpenXml\Vml\PolyLine.cs","PolyLine","WrapCoordinates","Property","80"
"D:\OneDrive\VS\Projects\DocxDocument\DocumentModel.InOpenXml\Vml\Proxy.cs","Proxy","ConnectionLocation","Property","35"
"D:\OneDrive\VS\Projects\DocxDocument\DocumentModel.InOpenXml\Vml\Proxy.cs","Proxy","End","Property","21"
"D:\OneDrive\VS\Projects\DocxDocument\DocumentModel.InOpenXml\Vml\Proxy.cs","Proxy","ShapeReference","Property","28"
"D:\OneDrive\VS\Projects\DocxDocument\DocumentModel.InOpenXml\Vml\Proxy.cs","Proxy","Start","Property","14"
"D:\OneDrive\VS\Projects\DocxDocument\DocumentModel.InOpenXml\Vml\Rectangle.cs","Rectangle","AllowInCell","Property","178"
"D:\OneDrive\VS\Projects\DocxDocument\DocumentModel.InOpenXml\Vml\Rectangle.cs","Rectangle","AllowOverlap","Property","185"
"D:\OneDrive\VS\Projects\DocxDocument\DocumentModel.InOpenXml\Vml\Rectangle.cs","Rectangle","Alternate","Property","59"
"D:\OneDrive\VS\Projects\DocxDocument\DocumentModel.InOpenXml\Vml\Rectangle.cs","Rectangle","BlackWhiteMode","Property","311"
"D:\OneDrive\VS\Projects\DocxDocument\DocumentModel.InOpenXml\Vml\Rectangle.cs","Rectangle","BorderBottomColor","Property","213"
"D:\OneDrive\VS\Projects\DocxDocument\DocumentModel.InOpenXml\Vml\Rectangle.cs","Rectangle","BorderLeftColor","Property","206"
"D:\OneDrive\VS\Projects\DocxDocument\DocumentModel.InOpenXml\Vml\Rectangle.cs","Rectangle","BorderRightColor","Property","220"
"D:\OneDrive\VS\Projects\DocxDocument\DocumentModel.InOpenXml\Vml\Rectangle.cs","Rectangle","BorderTopColor","Property","199"
"D:\OneDrive\VS\Projects\DocxDocument\DocumentModel.InOpenXml\Vml\Rectangle.cs","Rectangle","Bullet","Property","136"
"D:\OneDrive\VS\Projects\DocxDocument\DocumentModel.InOpenXml\Vml\Rectangle.cs","Rectangle","Button","Property","122"
"D:\OneDrive\VS\Projects\DocxDocument\DocumentModel.InOpenXml\Vml\Rectangle.cs","Rectangle","Class","Property","45"
"D:\OneDrive\VS\Projects\DocxDocument\DocumentModel.InOpenXml\Vml\Rectangle.cs","Rectangle","Clip","Property","367"
"D:\OneDrive\VS\Projects\DocxDocument\DocumentModel.InOpenXml\Vml\Rectangle.cs","Rectangle","ClipToWrap","Property","360"
"D:\OneDrive\VS\Projects\DocxDocument\DocumentModel.InOpenXml\Vml\Rectangle.cs","Rectangle","ConnectorType","Property","304"
"D:\OneDrive\VS\Projects\DocxDocument\DocumentModel.InOpenXml\Vml\Rectangle.cs","Rectangle","CoordinateOrigin","Property","73"
"D:\OneDrive\VS\Projects\DocxDocument\DocumentModel.InOpenXml\Vml\Rectangle.cs","Rectangle","CoordinateSize","Property","66"
"D:\OneDrive\VS\Projects\DocxDocument\DocumentModel.InOpenXml\Vml\Rectangle.cs","Rectangle","DiagramLayout","Property","227"
"D:\OneDrive\VS\Projects\DocxDocument\DocumentModel.InOpenXml\Vml\Rectangle.cs","Rectangle","DiagramLayoutMostRecentUsed","Property","241"
"D:\OneDrive\VS\Projects\DocxDocument\DocumentModel.InOpenXml\Vml\Rectangle.cs","Rectangle","DiagramNodeKind","Property","234"
"D:\OneDrive\VS\Projects\DocxDocument\DocumentModel.InOpenXml\Vml\Rectangle.cs","Rectangle","DoubleClickNotify","Property","115"
"D:\OneDrive\VS\Projects\DocxDocument\DocumentModel.InOpenXml\Vml\Rectangle.cs","Rectangle","FillColor","Property","262"
"D:\OneDrive\VS\Projects\DocxDocument\DocumentModel.InOpenXml\Vml\Rectangle.cs","Rectangle","Filled","Property","255"
"D:\OneDrive\VS\Projects\DocxDocument\DocumentModel.InOpenXml\Vml\Rectangle.cs","Rectangle","ForceDash","Property","332"
"D:\OneDrive\VS\Projects\DocxDocument\DocumentModel.InOpenXml\Vml\Rectangle.cs","Rectangle","GfxData","Property","374"
"D:\OneDrive\VS\Projects\DocxDocument\DocumentModel.InOpenXml\Vml\Rectangle.cs","Rectangle","Horizontal","Property","143"
"D:\OneDrive\VS\Projects\DocxDocument\DocumentModel.InOpenXml\Vml\Rectangle.cs","Rectangle","HorizontalAlignment","Property","171"
"D:\OneDrive\VS\Projects\DocxDocument\DocumentModel.InOpenXml\Vml\Rectangle.cs","Rectangle","HorizontalNoShade","Property","157"
"D:\OneDrive\VS\Projects\DocxDocument\DocumentModel.InOpenXml\Vml\Rectangle.cs","Rectangle","HorizontalPercentage","Property","164"
"D:\OneDrive\VS\Projects\DocxDocument\DocumentModel.InOpenXml\Vml\Rectangle.cs","Rectangle","HorizontalStandard","Property","150"
"D:\OneDrive\VS\Projects\DocxDocument\DocumentModel.InOpenXml\Vml\Rectangle.cs","Rectangle","Href","Property","31"
"D:\OneDrive\VS\Projects\DocxDocument\DocumentModel.InOpenXml\Vml\Rectangle.cs","Rectangle","Id","Property","17"
"D:\OneDrive\VS\Projects\DocxDocument\DocumentModel.InOpenXml\Vml\Rectangle.cs","Rectangle","InsetMode","Property","248"
"D:\OneDrive\VS\Projects\DocxDocument\DocumentModel.InOpenXml\Vml\Rectangle.cs","Rectangle","InsetPen","Property","290"
"D:\OneDrive\VS\Projects\DocxDocument\DocumentModel.InOpenXml\Vml\Rectangle.cs","Rectangle","NormalBlackWhiteMode","Property","325"
"D:\OneDrive\VS\Projects\DocxDocument\DocumentModel.InOpenXml\Vml\Rectangle.cs","Rectangle","Ole","Property","346"
"D:\OneDrive\VS\Projects\DocxDocument\DocumentModel.InOpenXml\Vml\Rectangle.cs","Rectangle","OleIcon","Property","339"
"D:\OneDrive\VS\Projects\DocxDocument\DocumentModel.InOpenXml\Vml\Rectangle.cs","Rectangle","Oned","Property","101"
"D:\OneDrive\VS\Projects\DocxDocument\DocumentModel.InOpenXml\Vml\Rectangle.cs","Rectangle","OptionalNumber","Property","297"
"D:\OneDrive\VS\Projects\DocxDocument\DocumentModel.InOpenXml\Vml\Rectangle.cs","Rectangle","OptionalString","Property","94"
"D:\OneDrive\VS\Projects\DocxDocument\DocumentModel.InOpenXml\Vml\Rectangle.cs","Rectangle","PreferRelative","Property","353"
"D:\OneDrive\VS\Projects\DocxDocument\DocumentModel.InOpenXml\Vml\Rectangle.cs","Rectangle","Print","Property","87"
"D:\OneDrive\VS\Projects\DocxDocument\DocumentModel.InOpenXml\Vml\Rectangle.cs","Rectangle","PureBlackWhiteMode","Property","318"
"D:\OneDrive\VS\Projects\DocxDocument\DocumentModel.InOpenXml\Vml\Rectangle.cs","Rectangle","RegroupId","Property","108"
"D:\OneDrive\VS\Projects\DocxDocument\DocumentModel.InOpenXml\Vml\Rectangle.cs","Rectangle","StrokeColor","Property","276"
"D:\OneDrive\VS\Projects\DocxDocument\DocumentModel.InOpenXml\Vml\Rectangle.cs","Rectangle","Stroked","Property","269"
"D:\OneDrive\VS\Projects\DocxDocument\DocumentModel.InOpenXml\Vml\Rectangle.cs","Rectangle","StrokeWeight","Property","283"
"D:\OneDrive\VS\Projects\DocxDocument\DocumentModel.InOpenXml\Vml\Rectangle.cs","Rectangle","Style","Property","24"
"D:\OneDrive\VS\Projects\DocxDocument\DocumentModel.InOpenXml\Vml\Rectangle.cs","Rectangle","Target","Property","38"
"D:\OneDrive\VS\Projects\DocxDocument\DocumentModel.InOpenXml\Vml\Rectangle.cs","Rectangle","Title","Property","52"
"D:\OneDrive\VS\Projects\DocxDocument\DocumentModel.InOpenXml\Vml\Rectangle.cs","Rectangle","UserDrawn","Property","192"
"D:\OneDrive\VS\Projects\DocxDocument\DocumentModel.InOpenXml\Vml\Rectangle.cs","Rectangle","UserHidden","Property","129"
"D:\OneDrive\VS\Projects\DocxDocument\DocumentModel.InOpenXml\Vml\Rectangle.cs","Rectangle","WrapCoordinates","Property","80"
"D:\OneDrive\VS\Projects\DocxDocument\DocumentModel.InOpenXml\Vml\RegroupTable.cs","RegroupTable","Extension","Property","14"
"D:\OneDrive\VS\Projects\DocxDocument\DocumentModel.InOpenXml\Vml\Relation.cs","Relation","CenterShapeId","Property","35"
"D:\OneDrive\VS\Projects\DocxDocument\DocumentModel.InOpenXml\Vml\Relation.cs","Relation","DestinationId","Property","28"
"D:\OneDrive\VS\Projects\DocxDocument\DocumentModel.InOpenXml\Vml\Relation.cs","Relation","Extension","Property","14"
"D:\OneDrive\VS\Projects\DocxDocument\DocumentModel.InOpenXml\Vml\Relation.cs","Relation","SourceId","Property","21"
"D:\OneDrive\VS\Projects\DocxDocument\DocumentModel.InOpenXml\Vml\RelationTable.cs","RelationTable","Extension","Property","20"
"D:\OneDrive\VS\Projects\DocxDocument\DocumentModel.InOpenXml\Vml\RoundRectangle.cs","RoundRectangle","AllowInCell","Property","171"
"D:\OneDrive\VS\Projects\DocxDocument\DocumentModel.InOpenXml\Vml\RoundRectangle.cs","RoundRectangle","AllowOverlap","Property","178"
"D:\OneDrive\VS\Projects\DocxDocument\DocumentModel.InOpenXml\Vml\RoundRectangle.cs","RoundRectangle","Alternate","Property","59"
"D:\OneDrive\VS\Projects\DocxDocument\DocumentModel.InOpenXml\Vml\RoundRectangle.cs","RoundRectangle","ArcSize","Property","374"
"D:\OneDrive\VS\Projects\DocxDocument\DocumentModel.InOpenXml\Vml\RoundRectangle.cs","RoundRectangle","BlackWhiteMode","Property","304"
"D:\OneDrive\VS\Projects\DocxDocument\DocumentModel.InOpenXml\Vml\RoundRectangle.cs","RoundRectangle","BorderBottomColor","Property","206"
"D:\OneDrive\VS\Projects\DocxDocument\DocumentModel.InOpenXml\Vml\RoundRectangle.cs","RoundRectangle","BorderLeftColor","Property","199"
"D:\OneDrive\VS\Projects\DocxDocument\DocumentModel.InOpenXml\Vml\RoundRectangle.cs","RoundRectangle","BorderRightColor","Property","213"
"D:\OneDrive\VS\Projects\DocxDocument\DocumentModel.InOpenXml\Vml\RoundRectangle.cs","RoundRectangle","BorderTopColor","Property","192"
"D:\OneDrive\VS\Projects\DocxDocument\DocumentModel.InOpenXml\Vml\RoundRectangle.cs","RoundRectangle","Bullet","Property","129"
"D:\OneDrive\VS\Projects\DocxDocument\DocumentModel.InOpenXml\Vml\RoundRectangle.cs","RoundRectangle","Button","Property","115"
"D:\OneDrive\VS\Projects\DocxDocument\DocumentModel.InOpenXml\Vml\RoundRectangle.cs","RoundRectangle","Class","Property","45"
"D:\OneDrive\VS\Projects\DocxDocument\DocumentModel.InOpenXml\Vml\RoundRectangle.cs","RoundRectangle","Clip","Property","360"
"D:\OneDrive\VS\Projects\DocxDocument\DocumentModel.InOpenXml\Vml\RoundRectangle.cs","RoundRectangle","ClipToWrap","Property","353"
"D:\OneDrive\VS\Projects\DocxDocument\DocumentModel.InOpenXml\Vml\RoundRectangle.cs","RoundRectangle","ConnectorType","Property","297"
"D:\OneDrive\VS\Projects\DocxDocument\DocumentModel.InOpenXml\Vml\RoundRectangle.cs","RoundRectangle","CoordinateSize","Property","66"
"D:\OneDrive\VS\Projects\DocxDocument\DocumentModel.InOpenXml\Vml\RoundRectangle.cs","RoundRectangle","DiagramLayout","Property","220"
"D:\OneDrive\VS\Projects\DocxDocument\DocumentModel.InOpenXml\Vml\RoundRectangle.cs","RoundRectangle","DiagramLayoutMostRecentUsed","Property","234"
"D:\OneDrive\VS\Projects\DocxDocument\DocumentModel.InOpenXml\Vml\RoundRectangle.cs","RoundRectangle","DiagramNodeKind","Property","227"
"D:\OneDrive\VS\Projects\DocxDocument\DocumentModel.InOpenXml\Vml\RoundRectangle.cs","RoundRectangle","DoubleClickNotify","Property","108"
"D:\OneDrive\VS\Projects\DocxDocument\DocumentModel.InOpenXml\Vml\RoundRectangle.cs","RoundRectangle","FillColor","Property","255"
"D:\OneDrive\VS\Projects\DocxDocument\DocumentModel.InOpenXml\Vml\RoundRectangle.cs","RoundRectangle","Filled","Property","248"
"D:\OneDrive\VS\Projects\DocxDocument\DocumentModel.InOpenXml\Vml\RoundRectangle.cs","RoundRectangle","ForceDash","Property","325"
"D:\OneDrive\VS\Projects\DocxDocument\DocumentModel.InOpenXml\Vml\RoundRectangle.cs","RoundRectangle","GfxData","Property","367"
"D:\OneDrive\VS\Projects\DocxDocument\DocumentModel.InOpenXml\Vml\RoundRectangle.cs","RoundRectangle","Horizontal","Property","136"
"D:\OneDrive\VS\Projects\DocxDocument\DocumentModel.InOpenXml\Vml\RoundRectangle.cs","RoundRectangle","HorizontalAlignment","Property","164"
"D:\OneDrive\VS\Projects\DocxDocument\DocumentModel.InOpenXml\Vml\RoundRectangle.cs","RoundRectangle","HorizontalNoShade","Property","150"
"D:\OneDrive\VS\Projects\DocxDocument\DocumentModel.InOpenXml\Vml\RoundRectangle.cs","RoundRectangle","HorizontalPercentage","Property","157"
"D:\OneDrive\VS\Projects\DocxDocument\DocumentModel.InOpenXml\Vml\RoundRectangle.cs","RoundRectangle","HorizontalStandard","Property","143"
"D:\OneDrive\VS\Projects\DocxDocument\DocumentModel.InOpenXml\Vml\RoundRectangle.cs","RoundRectangle","Href","Property","31"
"D:\OneDrive\VS\Projects\DocxDocument\DocumentModel.InOpenXml\Vml\RoundRectangle.cs","RoundRectangle","Id","Property","17"
"D:\OneDrive\VS\Projects\DocxDocument\DocumentModel.InOpenXml\Vml\RoundRectangle.cs","RoundRectangle","InsetMode","Property","241"
"D:\OneDrive\VS\Projects\DocxDocument\DocumentModel.InOpenXml\Vml\RoundRectangle.cs","RoundRectangle","InsetPen","Property","283"
"D:\OneDrive\VS\Projects\DocxDocument\DocumentModel.InOpenXml\Vml\RoundRectangle.cs","RoundRectangle","NormalBlackWhiteMode","Property","318"
"D:\OneDrive\VS\Projects\DocxDocument\DocumentModel.InOpenXml\Vml\RoundRectangle.cs","RoundRectangle","Ole","Property","339"
"D:\OneDrive\VS\Projects\DocxDocument\DocumentModel.InOpenXml\Vml\RoundRectangle.cs","RoundRectangle","OleIcon","Property","332"
"D:\OneDrive\VS\Projects\DocxDocument\DocumentModel.InOpenXml\Vml\RoundRectangle.cs","RoundRectangle","Oned","Property","94"
"D:\OneDrive\VS\Projects\DocxDocument\DocumentModel.InOpenXml\Vml\RoundRectangle.cs","RoundRectangle","OptionalNumber","Property","290"
"D:\OneDrive\VS\Projects\DocxDocument\DocumentModel.InOpenXml\Vml\RoundRectangle.cs","RoundRectangle","OptionalString","Property","87"
"D:\OneDrive\VS\Projects\DocxDocument\DocumentModel.InOpenXml\Vml\RoundRectangle.cs","RoundRectangle","PreferRelative","Property","346"
"D:\OneDrive\VS\Projects\DocxDocument\DocumentModel.InOpenXml\Vml\RoundRectangle.cs","RoundRectangle","Print","Property","80"
"D:\OneDrive\VS\Projects\DocxDocument\DocumentModel.InOpenXml\Vml\RoundRectangle.cs","RoundRectangle","PureBlackWhiteMode","Property","311"
"D:\OneDrive\VS\Projects\DocxDocument\DocumentModel.InOpenXml\Vml\RoundRectangle.cs","RoundRectangle","RegroupId","Property","101"
"D:\OneDrive\VS\Projects\DocxDocument\DocumentModel.InOpenXml\Vml\RoundRectangle.cs","RoundRectangle","StrokeColor","Property","269"
"D:\OneDrive\VS\Projects\DocxDocument\DocumentModel.InOpenXml\Vml\RoundRectangle.cs","RoundRectangle","Stroked","Property","262"
"D:\OneDrive\VS\Projects\DocxDocument\DocumentModel.InOpenXml\Vml\RoundRectangle.cs","RoundRectangle","StrokeWeight","Property","276"
"D:\OneDrive\VS\Projects\DocxDocument\DocumentModel.InOpenXml\Vml\RoundRectangle.cs","RoundRectangle","Style","Property","24"
"D:\OneDrive\VS\Projects\DocxDocument\DocumentModel.InOpenXml\Vml\RoundRectangle.cs","RoundRectangle","Target","Property","38"
"D:\OneDrive\VS\Projects\DocxDocument\DocumentModel.InOpenXml\Vml\RoundRectangle.cs","RoundRectangle","Title","Property","52"
"D:\OneDrive\VS\Projects\DocxDocument\DocumentModel.InOpenXml\Vml\RoundRectangle.cs","RoundRectangle","UserDrawn","Property","185"
"D:\OneDrive\VS\Projects\DocxDocument\DocumentModel.InOpenXml\Vml\RoundRectangle.cs","RoundRectangle","UserHidden","Property","122"
"D:\OneDrive\VS\Projects\DocxDocument\DocumentModel.InOpenXml\Vml\RoundRectangle.cs","RoundRectangle","WrapCoordinates","Property","73"
"D:\OneDrive\VS\Projects\DocxDocument\DocumentModel.InOpenXml\Vml\Rule.cs","Rule","How","Property","28"
"D:\OneDrive\VS\Projects\DocxDocument\DocumentModel.InOpenXml\Vml\Rule.cs","Rule","Id","Property","14"
"D:\OneDrive\VS\Projects\DocxDocument\DocumentModel.InOpenXml\Vml\Rule.cs","Rule","ShapeReference","Property","35"
"D:\OneDrive\VS\Projects\DocxDocument\DocumentModel.InOpenXml\Vml\Rule.cs","Rule","Type","Property","21"
"D:\OneDrive\VS\Projects\DocxDocument\DocumentModel.InOpenXml\Vml\Shadow.cs","Shadow","Color","Property","42"
"D:\OneDrive\VS\Projects\DocxDocument\DocumentModel.InOpenXml\Vml\Shadow.cs","Shadow","Color2","Property","63"
"D:\OneDrive\VS\Projects\DocxDocument\DocumentModel.InOpenXml\Vml\Shadow.cs","Shadow","Id","Property","14"
"D:\OneDrive\VS\Projects\DocxDocument\DocumentModel.InOpenXml\Vml\Shadow.cs","Shadow","Matrix","Property","84"
"D:\OneDrive\VS\Projects\DocxDocument\DocumentModel.InOpenXml\Vml\Shadow.cs","Shadow","Obscured","Property","35"
"D:\OneDrive\VS\Projects\DocxDocument\DocumentModel.InOpenXml\Vml\Shadow.cs","Shadow","Offset","Property","56"
"D:\OneDrive\VS\Projects\DocxDocument\DocumentModel.InOpenXml\Vml\Shadow.cs","Shadow","Offset2","Property","70"
"D:\OneDrive\VS\Projects\DocxDocument\DocumentModel.InOpenXml\Vml\Shadow.cs","Shadow","On","Property","21"
"D:\OneDrive\VS\Projects\DocxDocument\DocumentModel.InOpenXml\Vml\Shadow.cs","Shadow","Opacity","Property","49"
"D:\OneDrive\VS\Projects\DocxDocument\DocumentModel.InOpenXml\Vml\Shadow.cs","Shadow","Origin","Property","77"
"D:\OneDrive\VS\Projects\DocxDocument\DocumentModel.InOpenXml\Vml\Shadow.cs","Shadow","Type","Property","28"
"D:\OneDrive\VS\Projects\DocxDocument\DocumentModel.InOpenXml\Vml\Shape.cs","Shape","Adjustment","Property","381"
"D:\OneDrive\VS\Projects\DocxDocument\DocumentModel.InOpenXml\Vml\Shape.cs","Shape","AllowInCell","Property","178"
"D:\OneDrive\VS\Projects\DocxDocument\DocumentModel.InOpenXml\Vml\Shape.cs","Shape","AllowOverlap","Property","185"
"D:\OneDrive\VS\Projects\DocxDocument\DocumentModel.InOpenXml\Vml\Shape.cs","Shape","Alternate","Property","59"
"D:\OneDrive\VS\Projects\DocxDocument\DocumentModel.InOpenXml\Vml\Shape.cs","Shape","BlackWhiteMode","Property","311"
"D:\OneDrive\VS\Projects\DocxDocument\DocumentModel.InOpenXml\Vml\Shape.cs","Shape","BorderBottomColor","Property","213"
"D:\OneDrive\VS\Projects\DocxDocument\DocumentModel.InOpenXml\Vml\Shape.cs","Shape","BorderLeftColor","Property","206"
"D:\OneDrive\VS\Projects\DocxDocument\DocumentModel.InOpenXml\Vml\Shape.cs","Shape","BorderRightColor","Property","220"
"D:\OneDrive\VS\Projects\DocxDocument\DocumentModel.InOpenXml\Vml\Shape.cs","Shape","BorderTopColor","Property","199"
"D:\OneDrive\VS\Projects\DocxDocument\DocumentModel.InOpenXml\Vml\Shape.cs","Shape","Bullet","Property","136"
"D:\OneDrive\VS\Projects\DocxDocument\DocumentModel.InOpenXml\Vml\Shape.cs","Shape","Button","Property","122"
"D:\OneDrive\VS\Projects\DocxDocument\DocumentModel.InOpenXml\Vml\Shape.cs","Shape","Class","Property","45"
"D:\OneDrive\VS\Projects\DocxDocument\DocumentModel.InOpenXml\Vml\Shape.cs","Shape","Clip","Property","367"
"D:\OneDrive\VS\Projects\DocxDocument\DocumentModel.InOpenXml\Vml\Shape.cs","Shape","ClipToWrap","Property","360"
"D:\OneDrive\VS\Projects\DocxDocument\DocumentModel.InOpenXml\Vml\Shape.cs","Shape","ConnectorType","Property","304"
"D:\OneDrive\VS\Projects\DocxDocument\DocumentModel.InOpenXml\Vml\Shape.cs","Shape","CoordinateOrigin","Property","73"
"D:\OneDrive\VS\Projects\DocxDocument\DocumentModel.InOpenXml\Vml\Shape.cs","Shape","CoordinateSize","Property","66"
"D:\OneDrive\VS\Projects\DocxDocument\DocumentModel.InOpenXml\Vml\Shape.cs","Shape","DiagramLayout","Property","227"
"D:\OneDrive\VS\Projects\DocxDocument\DocumentModel.InOpenXml\Vml\Shape.cs","Shape","DiagramLayoutMostRecentUsed","Property","241"
"D:\OneDrive\VS\Projects\DocxDocument\DocumentModel.InOpenXml\Vml\Shape.cs","Shape","DiagramNodeKind","Property","234"
"D:\OneDrive\VS\Projects\DocxDocument\DocumentModel.InOpenXml\Vml\Shape.cs","Shape","DoubleClickNotify","Property","115"
"D:\OneDrive\VS\Projects\DocxDocument\DocumentModel.InOpenXml\Vml\Shape.cs","Shape","EdgePath","Property","388"
"D:\OneDrive\VS\Projects\DocxDocument\DocumentModel.InOpenXml\Vml\Shape.cs","Shape","EncodedPackage","Property","395"
"D:\OneDrive\VS\Projects\DocxDocument\DocumentModel.InOpenXml\Vml\Shape.cs","Shape","EquationXml","Property","402"
"D:\OneDrive\VS\Projects\DocxDocument\DocumentModel.InOpenXml\Vml\Shape.cs","Shape","FillColor","Property","262"
"D:\OneDrive\VS\Projects\DocxDocument\DocumentModel.InOpenXml\Vml\Shape.cs","Shape","Filled","Property","255"
"D:\OneDrive\VS\Projects\DocxDocument\DocumentModel.InOpenXml\Vml\Shape.cs","Shape","ForceDash","Property","332"
"D:\OneDrive\VS\Projects\DocxDocument\DocumentModel.InOpenXml\Vml\Shape.cs","Shape","Horizontal","Property","143"
"D:\OneDrive\VS\Projects\DocxDocument\DocumentModel.InOpenXml\Vml\Shape.cs","Shape","HorizontalAlignment","Property","171"
"D:\OneDrive\VS\Projects\DocxDocument\DocumentModel.InOpenXml\Vml\Shape.cs","Shape","HorizontalNoShade","Property","157"
"D:\OneDrive\VS\Projects\DocxDocument\DocumentModel.InOpenXml\Vml\Shape.cs","Shape","HorizontalPercentage","Property","164"
"D:\OneDrive\VS\Projects\DocxDocument\DocumentModel.InOpenXml\Vml\Shape.cs","Shape","HorizontalStandard","Property","150"
"D:\OneDrive\VS\Projects\DocxDocument\DocumentModel.InOpenXml\Vml\Shape.cs","Shape","Href","Property","31"
"D:\OneDrive\VS\Projects\DocxDocument\DocumentModel.InOpenXml\Vml\Shape.cs","Shape","Id","Property","17"
"D:\OneDrive\VS\Projects\DocxDocument\DocumentModel.InOpenXml\Vml\Shape.cs","Shape","InsetMode","Property","248"
"D:\OneDrive\VS\Projects\DocxDocument\DocumentModel.InOpenXml\Vml\Shape.cs","Shape","InsetPen","Property","290"
"D:\OneDrive\VS\Projects\DocxDocument\DocumentModel.InOpenXml\Vml\Shape.cs","Shape","NormalBlackWhiteMode","Property","325"
"D:\OneDrive\VS\Projects\DocxDocument\DocumentModel.InOpenXml\Vml\Shape.cs","Shape","Ole","Property","346"
"D:\OneDrive\VS\Projects\DocxDocument\DocumentModel.InOpenXml\Vml\Shape.cs","Shape","OleIcon","Property","339"
"D:\OneDrive\VS\Projects\DocxDocument\DocumentModel.InOpenXml\Vml\Shape.cs","Shape","Oned","Property","101"
"D:\OneDrive\VS\Projects\DocxDocument\DocumentModel.InOpenXml\Vml\Shape.cs","Shape","OptionalNumber","Property","297"
"D:\OneDrive\VS\Projects\DocxDocument\DocumentModel.InOpenXml\Vml\Shape.cs","Shape","OptionalString","Property","94"
"D:\OneDrive\VS\Projects\DocxDocument\DocumentModel.InOpenXml\Vml\Shape.cs","Shape","PreferRelative","Property","353"
"D:\OneDrive\VS\Projects\DocxDocument\DocumentModel.InOpenXml\Vml\Shape.cs","Shape","Print","Property","87"
"D:\OneDrive\VS\Projects\DocxDocument\DocumentModel.InOpenXml\Vml\Shape.cs","Shape","PureBlackWhiteMode","Property","318"
"D:\OneDrive\VS\Projects\DocxDocument\DocumentModel.InOpenXml\Vml\Shape.cs","Shape","RegroupId","Property","108"
"D:\OneDrive\VS\Projects\DocxDocument\DocumentModel.InOpenXml\Vml\Shape.cs","Shape","StrokeColor","Property","276"
"D:\OneDrive\VS\Projects\DocxDocument\DocumentModel.InOpenXml\Vml\Shape.cs","Shape","Stroked","Property","269"
"D:\OneDrive\VS\Projects\DocxDocument\DocumentModel.InOpenXml\Vml\Shape.cs","Shape","StrokeWeight","Property","283"
"D:\OneDrive\VS\Projects\DocxDocument\DocumentModel.InOpenXml\Vml\Shape.cs","Shape","Style","Property","24"
"D:\OneDrive\VS\Projects\DocxDocument\DocumentModel.InOpenXml\Vml\Shape.cs","Shape","Target","Property","38"
"D:\OneDrive\VS\Projects\DocxDocument\DocumentModel.InOpenXml\Vml\Shape.cs","Shape","Title","Property","52"
"D:\OneDrive\VS\Projects\DocxDocument\DocumentModel.InOpenXml\Vml\Shape.cs","Shape","Type","Property","374"
"D:\OneDrive\VS\Projects\DocxDocument\DocumentModel.InOpenXml\Vml\Shape.cs","Shape","UserDrawn","Property","192"
"D:\OneDrive\VS\Projects\DocxDocument\DocumentModel.InOpenXml\Vml\Shape.cs","Shape","UserHidden","Property","129"
"D:\OneDrive\VS\Projects\DocxDocument\DocumentModel.InOpenXml\Vml\Shape.cs","Shape","WrapCoordinates","Property","80"
"D:\OneDrive\VS\Projects\DocxDocument\DocumentModel.InOpenXml\Vml\ShapeHandle.cs","ShapeHandle","InvertX","Property","35"
"D:\OneDrive\VS\Projects\DocxDocument\DocumentModel.InOpenXml\Vml\ShapeHandle.cs","ShapeHandle","InvertY","Property","42"
"D:\OneDrive\VS\Projects\DocxDocument\DocumentModel.InOpenXml\Vml\ShapeHandle.cs","ShapeHandle","Map","Property","28"
"D:\OneDrive\VS\Projects\DocxDocument\DocumentModel.InOpenXml\Vml\ShapeHandle.cs","ShapeHandle","Polar","Property","21"
"D:\OneDrive\VS\Projects\DocxDocument\DocumentModel.InOpenXml\Vml\ShapeHandle.cs","ShapeHandle","Position","Property","14"
"D:\OneDrive\VS\Projects\DocxDocument\DocumentModel.InOpenXml\Vml\ShapeHandle.cs","ShapeHandle","RadiusRange","Property","70"
"D:\OneDrive\VS\Projects\DocxDocument\DocumentModel.InOpenXml\Vml\ShapeHandle.cs","ShapeHandle","Switch","Property","49"
"D:\OneDrive\VS\Projects\DocxDocument\DocumentModel.InOpenXml\Vml\ShapeHandle.cs","ShapeHandle","XRange","Property","56"
"D:\OneDrive\VS\Projects\DocxDocument\DocumentModel.InOpenXml\Vml\ShapeHandle.cs","ShapeHandle","YRange","Property","63"
"D:\OneDrive\VS\Projects\DocxDocument\DocumentModel.InOpenXml\Vml\ShapeIdMap.cs","ShapeIdMap","Data","Property","21"
"D:\OneDrive\VS\Projects\DocxDocument\DocumentModel.InOpenXml\Vml\ShapeIdMap.cs","ShapeIdMap","Extension","Property","14"
"D:\OneDrive\VS\Projects\DocxDocument\DocumentModel.InOpenXml\Vml\ShapeType.cs","ShapeType","Adjustment","Property","376"
"D:\OneDrive\VS\Projects\DocxDocument\DocumentModel.InOpenXml\Vml\ShapeType.cs","ShapeType","AllowInCell","Property","180"
"D:\OneDrive\VS\Projects\DocxDocument\DocumentModel.InOpenXml\Vml\ShapeType.cs","ShapeType","AllowOverlap","Property","187"
"D:\OneDrive\VS\Projects\DocxDocument\DocumentModel.InOpenXml\Vml\ShapeType.cs","ShapeType","Alternate","Property","61"
"D:\OneDrive\VS\Projects\DocxDocument\DocumentModel.InOpenXml\Vml\ShapeType.cs","ShapeType","BlackWhiteMode","Property","313"
"D:\OneDrive\VS\Projects\DocxDocument\DocumentModel.InOpenXml\Vml\ShapeType.cs","ShapeType","BorderBottomColor","Property","215"
"D:\OneDrive\VS\Projects\DocxDocument\DocumentModel.InOpenXml\Vml\ShapeType.cs","ShapeType","BorderLeftColor","Property","208"
"D:\OneDrive\VS\Projects\DocxDocument\DocumentModel.InOpenXml\Vml\ShapeType.cs","ShapeType","BorderRightColor","Property","222"
"D:\OneDrive\VS\Projects\DocxDocument\DocumentModel.InOpenXml\Vml\ShapeType.cs","ShapeType","BorderTopColor","Property","201"
"D:\OneDrive\VS\Projects\DocxDocument\DocumentModel.InOpenXml\Vml\ShapeType.cs","ShapeType","Bullet","Property","138"
"D:\OneDrive\VS\Projects\DocxDocument\DocumentModel.InOpenXml\Vml\ShapeType.cs","ShapeType","Button","Property","124"
"D:\OneDrive\VS\Projects\DocxDocument\DocumentModel.InOpenXml\Vml\ShapeType.cs","ShapeType","Class","Property","47"
"D:\OneDrive\VS\Projects\DocxDocument\DocumentModel.InOpenXml\Vml\ShapeType.cs","ShapeType","Clip","Property","369"
"D:\OneDrive\VS\Projects\DocxDocument\DocumentModel.InOpenXml\Vml\ShapeType.cs","ShapeType","ClipToWrap","Property","362"
"D:\OneDrive\VS\Projects\DocxDocument\DocumentModel.InOpenXml\Vml\ShapeType.cs","ShapeType","ConnectorType","Property","306"
"D:\OneDrive\VS\Projects\DocxDocument\DocumentModel.InOpenXml\Vml\ShapeType.cs","ShapeType","CoordinateOrigin","Property","75"
"D:\OneDrive\VS\Projects\DocxDocument\DocumentModel.InOpenXml\Vml\ShapeType.cs","ShapeType","CoordinateSize","Property","68"
"D:\OneDrive\VS\Projects\DocxDocument\DocumentModel.InOpenXml\Vml\ShapeType.cs","ShapeType","DiagramLayout","Property","229"
"D:\OneDrive\VS\Projects\DocxDocument\DocumentModel.InOpenXml\Vml\ShapeType.cs","ShapeType","DiagramLayoutMostRecentUsed","Property","243"
"D:\OneDrive\VS\Projects\DocxDocument\DocumentModel.InOpenXml\Vml\ShapeType.cs","ShapeType","DiagramNodeKind","Property","236"
"D:\OneDrive\VS\Projects\DocxDocument\DocumentModel.InOpenXml\Vml\ShapeType.cs","ShapeType","DoubleClickNotify","Property","117"
"D:\OneDrive\VS\Projects\DocxDocument\DocumentModel.InOpenXml\Vml\ShapeType.cs","ShapeType","EdgePath","Property","383"
"D:\OneDrive\VS\Projects\DocxDocument\DocumentModel.InOpenXml\Vml\ShapeType.cs","ShapeType","FillColor","Property","264"
"D:\OneDrive\VS\Projects\DocxDocument\DocumentModel.InOpenXml\Vml\ShapeType.cs","ShapeType","Filled","Property","257"
"D:\OneDrive\VS\Projects\DocxDocument\DocumentModel.InOpenXml\Vml\ShapeType.cs","ShapeType","ForceDash","Property","334"
"D:\OneDrive\VS\Projects\DocxDocument\DocumentModel.InOpenXml\Vml\ShapeType.cs","ShapeType","Horizontal","Property","145"
"D:\OneDrive\VS\Projects\DocxDocument\DocumentModel.InOpenXml\Vml\ShapeType.cs","ShapeType","HorizontalAlignment","Property","173"
"D:\OneDrive\VS\Projects\DocxDocument\DocumentModel.InOpenXml\Vml\ShapeType.cs","ShapeType","HorizontalNoShade","Property","159"
"D:\OneDrive\VS\Projects\DocxDocument\DocumentModel.InOpenXml\Vml\ShapeType.cs","ShapeType","HorizontalPercentage","Property","166"
"D:\OneDrive\VS\Projects\DocxDocument\DocumentModel.InOpenXml\Vml\ShapeType.cs","ShapeType","HorizontalStandard","Property","152"
"D:\OneDrive\VS\Projects\DocxDocument\DocumentModel.InOpenXml\Vml\ShapeType.cs","ShapeType","Href","Property","33"
"D:\OneDrive\VS\Projects\DocxDocument\DocumentModel.InOpenXml\Vml\ShapeType.cs","ShapeType","Id","Property","19"
"D:\OneDrive\VS\Projects\DocxDocument\DocumentModel.InOpenXml\Vml\ShapeType.cs","ShapeType","InsetMode","Property","250"
"D:\OneDrive\VS\Projects\DocxDocument\DocumentModel.InOpenXml\Vml\ShapeType.cs","ShapeType","InsetPen","Property","292"
"D:\OneDrive\VS\Projects\DocxDocument\DocumentModel.InOpenXml\Vml\ShapeType.cs","ShapeType","Master","Property","390"
"D:\OneDrive\VS\Projects\DocxDocument\DocumentModel.InOpenXml\Vml\ShapeType.cs","ShapeType","NormalBlackWhiteMode","Property","327"
"D:\OneDrive\VS\Projects\DocxDocument\DocumentModel.InOpenXml\Vml\ShapeType.cs","ShapeType","Ole","Property","348"
"D:\OneDrive\VS\Projects\DocxDocument\DocumentModel.InOpenXml\Vml\ShapeType.cs","ShapeType","OleIcon","Property","341"
"D:\OneDrive\VS\Projects\DocxDocument\DocumentModel.InOpenXml\Vml\ShapeType.cs","ShapeType","Oned","Property","103"
"D:\OneDrive\VS\Projects\DocxDocument\DocumentModel.InOpenXml\Vml\ShapeType.cs","ShapeType","OptionalNumber","Property","299"
"D:\OneDrive\VS\Projects\DocxDocument\DocumentModel.InOpenXml\Vml\ShapeType.cs","ShapeType","OptionalString","Property","96"
"D:\OneDrive\VS\Projects\DocxDocument\DocumentModel.InOpenXml\Vml\ShapeType.cs","ShapeType","PreferRelative","Property","355"
"D:\OneDrive\VS\Projects\DocxDocument\DocumentModel.InOpenXml\Vml\ShapeType.cs","ShapeType","Print","Property","89"
"D:\OneDrive\VS\Projects\DocxDocument\DocumentModel.InOpenXml\Vml\ShapeType.cs","ShapeType","PureBlackWhiteMode","Property","320"
"D:\OneDrive\VS\Projects\DocxDocument\DocumentModel.InOpenXml\Vml\ShapeType.cs","ShapeType","RegroupId","Property","110"
"D:\OneDrive\VS\Projects\DocxDocument\DocumentModel.InOpenXml\Vml\ShapeType.cs","ShapeType","StrokeColor","Property","278"
"D:\OneDrive\VS\Projects\DocxDocument\DocumentModel.InOpenXml\Vml\ShapeType.cs","ShapeType","Stroked","Property","271"
"D:\OneDrive\VS\Projects\DocxDocument\DocumentModel.InOpenXml\Vml\ShapeType.cs","ShapeType","StrokeWeight","Property","285"
"D:\OneDrive\VS\Projects\DocxDocument\DocumentModel.InOpenXml\Vml\ShapeType.cs","ShapeType","Style","Property","26"
"D:\OneDrive\VS\Projects\DocxDocument\DocumentModel.InOpenXml\Vml\ShapeType.cs","ShapeType","Target","Property","40"
"D:\OneDrive\VS\Projects\DocxDocument\DocumentModel.InOpenXml\Vml\ShapeType.cs","ShapeType","Title","Property","54"
"D:\OneDrive\VS\Projects\DocxDocument\DocumentModel.InOpenXml\Vml\ShapeType.cs","ShapeType","UserDrawn","Property","194"
"D:\OneDrive\VS\Projects\DocxDocument\DocumentModel.InOpenXml\Vml\ShapeType.cs","ShapeType","UserHidden","Property","131"
"D:\OneDrive\VS\Projects\DocxDocument\DocumentModel.InOpenXml\Vml\ShapeType.cs","ShapeType","WrapCoordinates","Property","82"
"D:\OneDrive\VS\Projects\DocxDocument\DocumentModel.InOpenXml\Vml\SignatureLine.cs","SignatureLine","AdditionalXml","Property","91"
"D:\OneDrive\VS\Projects\DocxDocument\DocumentModel.InOpenXml\Vml\SignatureLine.cs","SignatureLine","AllowComments","Property","49"
"D:\OneDrive\VS\Projects\DocxDocument\DocumentModel.InOpenXml\Vml\SignatureLine.cs","SignatureLine","Extension","Property","14"
"D:\OneDrive\VS\Projects\DocxDocument\DocumentModel.InOpenXml\Vml\SignatureLine.cs","SignatureLine","Id","Property","28"
"D:\OneDrive\VS\Projects\DocxDocument\DocumentModel.InOpenXml\Vml\SignatureLine.cs","SignatureLine","IsSignatureLine","Property","21"
"D:\OneDrive\VS\Projects\DocxDocument\DocumentModel.InOpenXml\Vml\SignatureLine.cs","SignatureLine","ProviderId","Property","35"
"D:\OneDrive\VS\Projects\DocxDocument\DocumentModel.InOpenXml\Vml\SignatureLine.cs","SignatureLine","ShowSignDate","Property","56"
"D:\OneDrive\VS\Projects\DocxDocument\DocumentModel.InOpenXml\Vml\SignatureLine.cs","SignatureLine","SignatureProviderUrl","Property","98"
"D:\OneDrive\VS\Projects\DocxDocument\DocumentModel.InOpenXml\Vml\SignatureLine.cs","SignatureLine","SigningInstructions","Property","84"
"D:\OneDrive\VS\Projects\DocxDocument\DocumentModel.InOpenXml\Vml\SignatureLine.cs","SignatureLine","SigningInstructionsSet","Property","42"
"D:\OneDrive\VS\Projects\DocxDocument\DocumentModel.InOpenXml\Vml\SignatureLine.cs","SignatureLine","SuggestedSigner","Property","63"
"D:\OneDrive\VS\Projects\DocxDocument\DocumentModel.InOpenXml\Vml\SignatureLine.cs","SignatureLine","SuggestedSigner2","Property","70"
"D:\OneDrive\VS\Projects\DocxDocument\DocumentModel.InOpenXml\Vml\SignatureLine.cs","SignatureLine","SuggestedSignerEmail","Property","77"
"D:\OneDrive\VS\Projects\DocxDocument\DocumentModel.InOpenXml\Vml\Skew.cs","Skew","Extension","Property","14"
"D:\OneDrive\VS\Projects\DocxDocument\DocumentModel.InOpenXml\Vml\Skew.cs","Skew","Id","Property","21"
"D:\OneDrive\VS\Projects\DocxDocument\DocumentModel.InOpenXml\Vml\Skew.cs","Skew","Matrix","Property","49"
"D:\OneDrive\VS\Projects\DocxDocument\DocumentModel.InOpenXml\Vml\Skew.cs","Skew","Offset","Property","35"
"D:\OneDrive\VS\Projects\DocxDocument\DocumentModel.InOpenXml\Vml\Skew.cs","Skew","On","Property","28"
"D:\OneDrive\VS\Projects\DocxDocument\DocumentModel.InOpenXml\Vml\Skew.cs","Skew","Origin","Property","42"
"D:\OneDrive\VS\Projects\DocxDocument\DocumentModel.InOpenXml\Vml\Stroke.cs","Stroke","AlternateImageReference","Property","175"
"D:\OneDrive\VS\Projects\DocxDocument\DocumentModel.InOpenXml\Vml\Stroke.cs","Stroke","BottomStroke","Property","231"
"D:\OneDrive\VS\Projects\DocxDocument\DocumentModel.InOpenXml\Vml\Stroke.cs","Stroke","Color","Property","35"
"D:\OneDrive\VS\Projects\DocxDocument\DocumentModel.InOpenXml\Vml\Stroke.cs","Stroke","Color2","Property","119"
"D:\OneDrive\VS\Projects\DocxDocument\DocumentModel.InOpenXml\Vml\Stroke.cs","Stroke","ColumnStroke","Property","238"
"D:\OneDrive\VS\Projects\DocxDocument\DocumentModel.InOpenXml\Vml\Stroke.cs","Stroke","DashStyle","Property","77"
"D:\OneDrive\VS\Projects\DocxDocument\DocumentModel.InOpenXml\Vml\Stroke.cs","Stroke","EndArrow","Property","147"
"D:\OneDrive\VS\Projects\DocxDocument\DocumentModel.InOpenXml\Vml\Stroke.cs","Stroke","EndArrowLength","Property","161"
"D:\OneDrive\VS\Projects\DocxDocument\DocumentModel.InOpenXml\Vml\Stroke.cs","Stroke","EndArrowWidth","Property","154"
"D:\OneDrive\VS\Projects\DocxDocument\DocumentModel.InOpenXml\Vml\Stroke.cs","Stroke","EndCap","Property","70"
"D:\OneDrive\VS\Projects\DocxDocument\DocumentModel.InOpenXml\Vml\Stroke.cs","Stroke","FillType","Property","84"
"D:\OneDrive\VS\Projects\DocxDocument\DocumentModel.InOpenXml\Vml\Stroke.cs","Stroke","ForceDash","Property","189"
"D:\OneDrive\VS\Projects\DocxDocument\DocumentModel.InOpenXml\Vml\Stroke.cs","Stroke","Href","Property","168"
"D:\OneDrive\VS\Projects\DocxDocument\DocumentModel.InOpenXml\Vml\Stroke.cs","Stroke","Id","Property","14"
"D:\OneDrive\VS\Projects\DocxDocument\DocumentModel.InOpenXml\Vml\Stroke.cs","Stroke","ImageAlignShape","Property","112"
"D:\OneDrive\VS\Projects\DocxDocument\DocumentModel.InOpenXml\Vml\Stroke.cs","Stroke","ImageAspect","Property","98"
"D:\OneDrive\VS\Projects\DocxDocument\DocumentModel.InOpenXml\Vml\Stroke.cs","Stroke","ImageSize","Property","105"
"D:\OneDrive\VS\Projects\DocxDocument\DocumentModel.InOpenXml\Vml\Stroke.cs","Stroke","Insetpen","Property","203"
"D:\OneDrive\VS\Projects\DocxDocument\DocumentModel.InOpenXml\Vml\Stroke.cs","Stroke","JoinStyle","Property","63"
"D:\OneDrive\VS\Projects\DocxDocument\DocumentModel.InOpenXml\Vml\Stroke.cs","Stroke","LeftStroke","Property","210"
"D:\OneDrive\VS\Projects\DocxDocument\DocumentModel.InOpenXml\Vml\Stroke.cs","Stroke","LineStyle","Property","49"
"D:\OneDrive\VS\Projects\DocxDocument\DocumentModel.InOpenXml\Vml\Stroke.cs","Stroke","MiterLimit","Property","56"
"D:\OneDrive\VS\Projects\DocxDocument\DocumentModel.InOpenXml\Vml\Stroke.cs","Stroke","On","Property","21"
"D:\OneDrive\VS\Projects\DocxDocument\DocumentModel.InOpenXml\Vml\Stroke.cs","Stroke","Opacity","Property","42"
"D:\OneDrive\VS\Projects\DocxDocument\DocumentModel.InOpenXml\Vml\Stroke.cs","Stroke","RelationshipId","Property","196"
"D:\OneDrive\VS\Projects\DocxDocument\DocumentModel.InOpenXml\Vml\Stroke.cs","Stroke","RightStroke","Property","224"
"D:\OneDrive\VS\Projects\DocxDocument\DocumentModel.InOpenXml\Vml\Stroke.cs","Stroke","Source","Property","91"
"D:\OneDrive\VS\Projects\DocxDocument\DocumentModel.InOpenXml\Vml\Stroke.cs","Stroke","StartArrow","Property","126"
"D:\OneDrive\VS\Projects\DocxDocument\DocumentModel.InOpenXml\Vml\Stroke.cs","Stroke","StartArrowLength","Property","140"
"D:\OneDrive\VS\Projects\DocxDocument\DocumentModel.InOpenXml\Vml\Stroke.cs","Stroke","StartArrowWidth","Property","133"
"D:\OneDrive\VS\Projects\DocxDocument\DocumentModel.InOpenXml\Vml\Stroke.cs","Stroke","Title","Property","182"
"D:\OneDrive\VS\Projects\DocxDocument\DocumentModel.InOpenXml\Vml\Stroke.cs","Stroke","TopStroke","Property","217"
"D:\OneDrive\VS\Projects\DocxDocument\DocumentModel.InOpenXml\Vml\Stroke.cs","Stroke","Weight","Property","28"
"D:\OneDrive\VS\Projects\DocxDocument\DocumentModel.InOpenXml\Vml\StrokeChildType.cs","StrokeChildType","AlternateImageReference","Property","182"
"D:\OneDrive\VS\Projects\DocxDocument\DocumentModel.InOpenXml\Vml\StrokeChildType.cs","StrokeChildType","Color","Property","35"
"D:\OneDrive\VS\Projects\DocxDocument\DocumentModel.InOpenXml\Vml\StrokeChildType.cs","StrokeChildType","Color2","Property","42"
"D:\OneDrive\VS\Projects\DocxDocument\DocumentModel.InOpenXml\Vml\StrokeChildType.cs","StrokeChildType","DashStyle","Property","84"
"D:\OneDrive\VS\Projects\DocxDocument\DocumentModel.InOpenXml\Vml\StrokeChildType.cs","StrokeChildType","EndArrow","Property","154"
"D:\OneDrive\VS\Projects\DocxDocument\DocumentModel.InOpenXml\Vml\StrokeChildType.cs","StrokeChildType","EndArrowLength","Property","168"
"D:\OneDrive\VS\Projects\DocxDocument\DocumentModel.InOpenXml\Vml\StrokeChildType.cs","StrokeChildType","EndArrowWidth","Property","161"
"D:\OneDrive\VS\Projects\DocxDocument\DocumentModel.InOpenXml\Vml\StrokeChildType.cs","StrokeChildType","EndCap","Property","77"
"D:\OneDrive\VS\Projects\DocxDocument\DocumentModel.InOpenXml\Vml\StrokeChildType.cs","StrokeChildType","Extension","Property","14"
"D:\OneDrive\VS\Projects\DocxDocument\DocumentModel.InOpenXml\Vml\StrokeChildType.cs","StrokeChildType","FillType","Property","98"
"D:\OneDrive\VS\Projects\DocxDocument\DocumentModel.InOpenXml\Vml\StrokeChildType.cs","StrokeChildType","ForceDash","Property","196"
"D:\OneDrive\VS\Projects\DocxDocument\DocumentModel.InOpenXml\Vml\StrokeChildType.cs","StrokeChildType","Href","Property","175"
"D:\OneDrive\VS\Projects\DocxDocument\DocumentModel.InOpenXml\Vml\StrokeChildType.cs","StrokeChildType","ImageAlignShape","Property","126"
"D:\OneDrive\VS\Projects\DocxDocument\DocumentModel.InOpenXml\Vml\StrokeChildType.cs","StrokeChildType","ImageAspect","Property","112"
"D:\OneDrive\VS\Projects\DocxDocument\DocumentModel.InOpenXml\Vml\StrokeChildType.cs","StrokeChildType","ImageSize","Property","119"
"D:\OneDrive\VS\Projects\DocxDocument\DocumentModel.InOpenXml\Vml\StrokeChildType.cs","StrokeChildType","InsetPen","Property","91"
"D:\OneDrive\VS\Projects\DocxDocument\DocumentModel.InOpenXml\Vml\StrokeChildType.cs","StrokeChildType","JoinStyle","Property","70"
"D:\OneDrive\VS\Projects\DocxDocument\DocumentModel.InOpenXml\Vml\StrokeChildType.cs","StrokeChildType","LineStyle","Property","56"
"D:\OneDrive\VS\Projects\DocxDocument\DocumentModel.InOpenXml\Vml\StrokeChildType.cs","StrokeChildType","MiterLimit","Property","63"
"D:\OneDrive\VS\Projects\DocxDocument\DocumentModel.InOpenXml\Vml\StrokeChildType.cs","StrokeChildType","On","Property","21"
"D:\OneDrive\VS\Projects\DocxDocument\DocumentModel.InOpenXml\Vml\StrokeChildType.cs","StrokeChildType","Opacity","Property","49"
"D:\OneDrive\VS\Projects\DocxDocument\DocumentModel.InOpenXml\Vml\StrokeChildType.cs","StrokeChildType","Source","Property","105"
"D:\OneDrive\VS\Projects\DocxDocument\DocumentModel.InOpenXml\Vml\StrokeChildType.cs","StrokeChildType","StartArrow","Property","133"
"D:\OneDrive\VS\Projects\DocxDocument\DocumentModel.InOpenXml\Vml\StrokeChildType.cs","StrokeChildType","StartArrowLength","Property","147"
"D:\OneDrive\VS\Projects\DocxDocument\DocumentModel.InOpenXml\Vml\StrokeChildType.cs","StrokeChildType","StartArrowWidth","Property","140"
"D:\OneDrive\VS\Projects\DocxDocument\DocumentModel.InOpenXml\Vml\StrokeChildType.cs","StrokeChildType","Title","Property","189"
"D:\OneDrive\VS\Projects\DocxDocument\DocumentModel.InOpenXml\Vml\StrokeChildType.cs","StrokeChildType","Weight","Property","28"
"D:\OneDrive\VS\Projects\DocxDocument\DocumentModel.InOpenXml\Vml\TextBox.cs","TextBox","Id","Property","16"
"D:\OneDrive\VS\Projects\DocxDocument\DocumentModel.InOpenXml\Vml\TextBox.cs","TextBox","Inset","Property","30"
"D:\OneDrive\VS\Projects\DocxDocument\DocumentModel.InOpenXml\Vml\TextBox.cs","TextBox","SingleClick","Property","37"
"D:\OneDrive\VS\Projects\DocxDocument\DocumentModel.InOpenXml\Vml\TextBox.cs","TextBox","Style","Property","23"
"D:\OneDrive\VS\Projects\DocxDocument\DocumentModel.InOpenXml\Vml\TextPath.cs","TextPath","FitPath","Property","42"
"D:\OneDrive\VS\Projects\DocxDocument\DocumentModel.InOpenXml\Vml\TextPath.cs","TextPath","FitShape","Property","35"
"D:\OneDrive\VS\Projects\DocxDocument\DocumentModel.InOpenXml\Vml\TextPath.cs","TextPath","Id","Property","14"
"D:\OneDrive\VS\Projects\DocxDocument\DocumentModel.InOpenXml\Vml\TextPath.cs","TextPath","On","Property","28"
"D:\OneDrive\VS\Projects\DocxDocument\DocumentModel.InOpenXml\Vml\TextPath.cs","TextPath","String","Property","63"
"D:\OneDrive\VS\Projects\DocxDocument\DocumentModel.InOpenXml\Vml\TextPath.cs","TextPath","Style","Property","21"
"D:\OneDrive\VS\Projects\DocxDocument\DocumentModel.InOpenXml\Vml\TextPath.cs","TextPath","Trim","Property","49"
"D:\OneDrive\VS\Projects\DocxDocument\DocumentModel.InOpenXml\Vml\TextPath.cs","TextPath","XScale","Property","56"
"D:\OneDrive\VS\Projects\DocxDocument\DocumentModel.InOpenXml\WebExtensions\Snapshot.cs","Snapshot","CompressionState","Property","28"
"D:\OneDrive\VS\Projects\DocxDocument\DocumentModel.InOpenXml\WebExtensions\Snapshot.cs","Snapshot","Embed","Property","14"
"D:\OneDrive\VS\Projects\DocxDocument\DocumentModel.InOpenXml\WebExtensions\Snapshot.cs","Snapshot","Link","Property","21"
"D:\OneDrive\VS\Projects\DocxDocument\DocumentModel.InOpenXml\WebExtensions\WebExtensionBinding.cs","WebExtensionBinding","AppReference","Property","28"
"D:\OneDrive\VS\Projects\DocxDocument\DocumentModel.InOpenXml\WebExtensions\WebExtensionBinding.cs","WebExtensionBinding","Id","Property","14"
"D:\OneDrive\VS\Projects\DocxDocument\DocumentModel.InOpenXml\WebExtensions\WebExtensionBinding.cs","WebExtensionBinding","OfficeArtExtensionList","Property","35"
"D:\OneDrive\VS\Projects\DocxDocument\DocumentModel.InOpenXml\WebExtensions\WebExtensionBinding.cs","WebExtensionBinding","Type","Property","21"
"D:\OneDrive\VS\Projects\DocxDocument\DocumentModel.InOpenXml\WebExtensions\WebExtensionProperty.cs","WebExtensionProperty","Name","Property","14"
"D:\OneDrive\VS\Projects\DocxDocument\DocumentModel.InOpenXml\WebExtensions\WebExtensionProperty.cs","WebExtensionProperty","Value","Property","21"
"D:\OneDrive\VS\Projects\DocxDocument\DocumentModel.InOpenXml\WebExtensions\WebExtensionStoreReference.cs","WebExtensionStoreReference","Id","Property","14"
"D:\OneDrive\VS\Projects\DocxDocument\DocumentModel.InOpenXml\WebExtensions\WebExtensionStoreReference.cs","WebExtensionStoreReference","OfficeArtExtensionList","Property","42"
"D:\OneDrive\VS\Projects\DocxDocument\DocumentModel.InOpenXml\WebExtensions\WebExtensionStoreReference.cs","WebExtensionStoreReference","Store","Property","28"
"D:\OneDrive\VS\Projects\DocxDocument\DocumentModel.InOpenXml\WebExtensions\WebExtensionStoreReference.cs","WebExtensionStoreReference","StoreType","Property","35"
"D:\OneDrive\VS\Projects\DocxDocument\DocumentModel.InOpenXml\WebExtensions\WebExtensionStoreReference.cs","WebExtensionStoreReference","Version","Property","21"
"D:\OneDrive\VS\Projects\DocxDocument\DocumentModel.InOpenXml\Wordprocessing.Drawings\BevelType.cs","BevelType","Height","Property","22"
"D:\OneDrive\VS\Projects\DocxDocument\DocumentModel.InOpenXml\Wordprocessing.Drawings\BevelType.cs","BevelType","PresetProfileType","Property","29"
"D:\OneDrive\VS\Projects\DocxDocument\DocumentModel.InOpenXml\Wordprocessing.Drawings\BevelType.cs","BevelType","Width","Property","15"
"D:\OneDrive\VS\Projects\DocxDocument\DocumentModel.InOpenXml\Wordprocessing.Drawings\ContentPart.cs","ContentPart","BlackWhiteMode","Property","17"
"D:\OneDrive\VS\Projects\DocxDocument\DocumentModel.InOpenXml\Wordprocessing.Drawings\ContentPart.cs","ContentPart","OfficeArtExtensionList","Property","45"
"D:\OneDrive\VS\Projects\DocxDocument\DocumentModel.InOpenXml\Wordprocessing.Drawings\ContentPart.cs","ContentPart","RelationshipId","Property","24"
"D:\OneDrive\VS\Projects\DocxDocument\DocumentModel.InOpenXml\Wordprocessing.Drawings\ContentPart.cs","ContentPart","Transform2D","Property","38"
"D:\OneDrive\VS\Projects\DocxDocument\DocumentModel.InOpenXml\Wordprocessing.Drawings\ContentPart.cs","ContentPart","WordNonVisualContentPartShapeProperties","Property","31"
"D:\OneDrive\VS\Projects\DocxDocument\DocumentModel.InOpenXml\Wordprocessing.Drawings\ContourColor.cs","ContourColor","SchemeColor","Property","21"
"D:\OneDrive\VS\Projects\DocxDocument\DocumentModel.InOpenXml\Wordprocessing.Drawings\ExtrusionColor.cs","ExtrusionColor","SchemeColor","Property","21"
"D:\OneDrive\VS\Projects\DocxDocument\DocumentModel.InOpenXml\Wordprocessing.Drawings\FillToRectangle.cs","FillToRectangle","Bottom","Property","36"
"D:\OneDrive\VS\Projects\DocxDocument\DocumentModel.InOpenXml\Wordprocessing.Drawings\FillToRectangle.cs","FillToRectangle","Left","Property","15"
"D:\OneDrive\VS\Projects\DocxDocument\DocumentModel.InOpenXml\Wordprocessing.Drawings\FillToRectangle.cs","FillToRectangle","Right","Property","29"
"D:\OneDrive\VS\Projects\DocxDocument\DocumentModel.InOpenXml\Wordprocessing.Drawings\FillToRectangle.cs","FillToRectangle","Top","Property","22"
"D:\OneDrive\VS\Projects\DocxDocument\DocumentModel.InOpenXml\Wordprocessing.Drawings\Glow.cs","Glow","GlowRadius","Property","17"
"D:\OneDrive\VS\Projects\DocxDocument\DocumentModel.InOpenXml\Wordprocessing.Drawings\Glow.cs","Glow","RgbColorModelHex","Property","24"
"D:\OneDrive\VS\Projects\DocxDocument\DocumentModel.InOpenXml\Wordprocessing.Drawings\Glow.cs","Glow","SchemeColor","Property","31"
"D:\OneDrive\VS\Projects\DocxDocument\DocumentModel.InOpenXml\Wordprocessing.Drawings\GradientFillProperties.cs","GradientFillProperties","GradientStopList","Property","15"
"D:\OneDrive\VS\Projects\DocxDocument\DocumentModel.InOpenXml\Wordprocessing.Drawings\GradientStop.cs","GradientStop","SchemeColor","Property","28"
"D:\OneDrive\VS\Projects\DocxDocument\DocumentModel.InOpenXml\Wordprocessing.Drawings\GradientStop.cs","GradientStop","StopPosition","Property","15"
"D:\OneDrive\VS\Projects\DocxDocument\DocumentModel.InOpenXml\Wordprocessing.Drawings\GraphicFrame.cs","GraphicFrame","Graphic","Property","37"
"D:\OneDrive\VS\Projects\DocxDocument\DocumentModel.InOpenXml\Wordprocessing.Drawings\GraphicFrame.cs","GraphicFrame","NonVisualGraphicFrameProperties","Property","23"
"D:\OneDrive\VS\Projects\DocxDocument\DocumentModel.InOpenXml\Wordprocessing.Drawings\GraphicFrame.cs","GraphicFrame","Transform2D","Property","30"
"D:\OneDrive\VS\Projects\DocxDocument\DocumentModel.InOpenXml\Wordprocessing.Drawings\GraphicFrameType.cs","GraphicFrameType","Graphic","Property","38"
"D:\OneDrive\VS\Projects\DocxDocument\DocumentModel.InOpenXml\Wordprocessing.Drawings\GraphicFrameType.cs","GraphicFrameType","NonVisualDrawingProperties","Property","17"
"D:\OneDrive\VS\Projects\DocxDocument\DocumentModel.InOpenXml\Wordprocessing.Drawings\GraphicFrameType.cs","GraphicFrameType","NonVisualGraphicFrameProperties","Property","24"
"D:\OneDrive\VS\Projects\DocxDocument\DocumentModel.InOpenXml\Wordprocessing.Drawings\GraphicFrameType.cs","GraphicFrameType","OfficeArtExtensionList","Property","45"
"D:\OneDrive\VS\Projects\DocxDocument\DocumentModel.InOpenXml\Wordprocessing.Drawings\GraphicFrameType.cs","GraphicFrameType","Transform2D","Property","31"
"D:\OneDrive\VS\Projects\DocxDocument\DocumentModel.InOpenXml\Wordprocessing.Drawings\GroupShapeProperties.cs","GroupShapeProperties","BlackWhiteMode","Property","17"
"D:\OneDrive\VS\Projects\DocxDocument\DocumentModel.InOpenXml\Wordprocessing.Drawings\GroupShapeProperties.cs","GroupShapeProperties","TransformGroup","Property","24"
"D:\OneDrive\VS\Projects\DocxDocument\DocumentModel.InOpenXml\Wordprocessing.Drawings\LightRig.cs","LightRig","LightDirectionType","Property","22"
"D:\OneDrive\VS\Projects\DocxDocument\DocumentModel.InOpenXml\Wordprocessing.Drawings\LightRig.cs","LightRig","LightRigType","Property","15"
"D:\OneDrive\VS\Projects\DocxDocument\DocumentModel.InOpenXml\Wordprocessing.Drawings\LightRig.cs","LightRig","SphereCoordinates","Property","29"
"D:\OneDrive\VS\Projects\DocxDocument\DocumentModel.InOpenXml\Wordprocessing.Drawings\LinkedTextBox.cs","LinkedTextBox","Id","Property","15"
"D:\OneDrive\VS\Projects\DocxDocument\DocumentModel.InOpenXml\Wordprocessing.Drawings\LinkedTextBox.cs","LinkedTextBox","OfficeArtExtensionList","Property","29"
"D:\OneDrive\VS\Projects\DocxDocument\DocumentModel.InOpenXml\Wordprocessing.Drawings\LinkedTextBox.cs","LinkedTextBox","Sequence","Property","22"
"D:\OneDrive\VS\Projects\DocxDocument\DocumentModel.InOpenXml\Wordprocessing.Drawings\Non-visual properties\NonVisualConnectorProperties.cs","NonVisualConnectorProperties","ConnectionShapeLocks","Property","17"
"D:\OneDrive\VS\Projects\DocxDocument\DocumentModel.InOpenXml\Wordprocessing.Drawings\Non-visual properties\NonVisualConnectorProperties.cs","NonVisualConnectorProperties","EndConnection","Property","31"
"D:\OneDrive\VS\Projects\DocxDocument\DocumentModel.InOpenXml\Wordprocessing.Drawings\Non-visual properties\NonVisualConnectorProperties.cs","NonVisualConnectorProperties","ExtensionList","Property","38"
"D:\OneDrive\VS\Projects\DocxDocument\DocumentModel.InOpenXml\Wordprocessing.Drawings\Non-visual properties\NonVisualConnectorProperties.cs","NonVisualConnectorProperties","StartConnection","Property","24"
"D:\OneDrive\VS\Projects\DocxDocument\DocumentModel.InOpenXml\Wordprocessing.Drawings\Non-visual properties\NonVisualInkContentPartProperties.cs","NonVisualInkContentPartProperties","ContentPartLocks","Property","24"
"D:\OneDrive\VS\Projects\DocxDocument\DocumentModel.InOpenXml\Wordprocessing.Drawings\Non-visual properties\NonVisualInkContentPartProperties.cs","NonVisualInkContentPartProperties","IsComment","Property","17"
"D:\OneDrive\VS\Projects\DocxDocument\DocumentModel.InOpenXml\Wordprocessing.Drawings\Non-visual properties\NonVisualInkContentPartProperties.cs","NonVisualInkContentPartProperties","OfficeArtExtensionList","Property","31"
"D:\OneDrive\VS\Projects\DocxDocument\DocumentModel.InOpenXml\Wordprocessing.Drawings\PathShadeProperties.cs","PathShadeProperties","FillToRectangle","Property","22"
"D:\OneDrive\VS\Projects\DocxDocument\DocumentModel.InOpenXml\Wordprocessing.Drawings\PathShadeProperties.cs","PathShadeProperties","Path","Property","15"
"D:\OneDrive\VS\Projects\DocxDocument\DocumentModel.InOpenXml\Wordprocessing.Drawings\ReadModeInkLockDown.cs","ReadModeInkLockDown","FontSize","Property","36"
"D:\OneDrive\VS\Projects\DocxDocument\DocumentModel.InOpenXml\Wordprocessing.Drawings\ReadModeInkLockDown.cs","ReadModeInkLockDown","Height","Property","29"
"D:\OneDrive\VS\Projects\DocxDocument\DocumentModel.InOpenXml\Wordprocessing.Drawings\ReadModeInkLockDown.cs","ReadModeInkLockDown","UseActualPages","Property","15"
"D:\OneDrive\VS\Projects\DocxDocument\DocumentModel.InOpenXml\Wordprocessing.Drawings\ReadModeInkLockDown.cs","ReadModeInkLockDown","Width","Property","22"
"D:\OneDrive\VS\Projects\DocxDocument\DocumentModel.InOpenXml\Wordprocessing.Drawings\Reflection.cs","Reflection","Alignment","Property","101"
"D:\OneDrive\VS\Projects\DocxDocument\DocumentModel.InOpenXml\Wordprocessing.Drawings\Reflection.cs","Reflection","BlurRadius","Property","17"
"D:\OneDrive\VS\Projects\DocxDocument\DocumentModel.InOpenXml\Wordprocessing.Drawings\Reflection.cs","Reflection","DirectionAngle","Property","59"
"D:\OneDrive\VS\Projects\DocxDocument\DocumentModel.InOpenXml\Wordprocessing.Drawings\Reflection.cs","Reflection","DistanceFromText","Property","52"
"D:\OneDrive\VS\Projects\DocxDocument\DocumentModel.InOpenXml\Wordprocessing.Drawings\Reflection.cs","Reflection","EndingOpacity","Property","38"
"D:\OneDrive\VS\Projects\DocxDocument\DocumentModel.InOpenXml\Wordprocessing.Drawings\Reflection.cs","Reflection","EndPosition","Property","45"
"D:\OneDrive\VS\Projects\DocxDocument\DocumentModel.InOpenXml\Wordprocessing.Drawings\Reflection.cs","Reflection","FadeDirection","Property","66"
"D:\OneDrive\VS\Projects\DocxDocument\DocumentModel.InOpenXml\Wordprocessing.Drawings\Reflection.cs","Reflection","HorizontalScalingFactor","Property","73"
"D:\OneDrive\VS\Projects\DocxDocument\DocumentModel.InOpenXml\Wordprocessing.Drawings\Reflection.cs","Reflection","HorizontalSkewAngle","Property","87"
"D:\OneDrive\VS\Projects\DocxDocument\DocumentModel.InOpenXml\Wordprocessing.Drawings\Reflection.cs","Reflection","StartingOpacity","Property","24"
"D:\OneDrive\VS\Projects\DocxDocument\DocumentModel.InOpenXml\Wordprocessing.Drawings\Reflection.cs","Reflection","StartPosition","Property","31"
"D:\OneDrive\VS\Projects\DocxDocument\DocumentModel.InOpenXml\Wordprocessing.Drawings\Reflection.cs","Reflection","VerticalScalingFactor","Property","80"
"D:\OneDrive\VS\Projects\DocxDocument\DocumentModel.InOpenXml\Wordprocessing.Drawings\Reflection.cs","Reflection","VerticalSkewAngle","Property","94"
"D:\OneDrive\VS\Projects\DocxDocument\DocumentModel.InOpenXml\Wordprocessing.Drawings\Scene3D.cs","Scene3D","Camera","Property","17"
"D:\OneDrive\VS\Projects\DocxDocument\DocumentModel.InOpenXml\Wordprocessing.Drawings\Scene3D.cs","Scene3D","LightRig","Property","24"
"D:\OneDrive\VS\Projects\DocxDocument\DocumentModel.InOpenXml\Wordprocessing.Drawings\Shape.cs","Shape","ShapeProperties","Property","40"
"D:\OneDrive\VS\Projects\DocxDocument\DocumentModel.InOpenXml\Wordprocessing.Drawings\Shape.cs","Shape","ShapeStyle","Property","15"
"D:\OneDrive\VS\Projects\DocxDocument\DocumentModel.InOpenXml\Wordprocessing.Drawings\TextBoxInfo2.cs","TextBoxInfo2","Id","Property","15"
"D:\OneDrive\VS\Projects\DocxDocument\DocumentModel.InOpenXml\Wordprocessing.Drawings\TextBoxInfo2.cs","TextBoxInfo2","OfficeArtExtensionList","Property","29"
"D:\OneDrive\VS\Projects\DocxDocument\DocumentModel.InOpenXml\Wordprocessing.Drawings\TextBoxInfo2.cs","TextBoxInfo2","TextBoxContent","Property","22"
"D:\OneDrive\VS\Projects\DocxDocument\DocumentModel.InOpenXml\Wordprocessing.VBA\DocEvents.cs","DocEvents","EventDocBuildingBlockAfterInsertXsdString","Property","98"
"D:\OneDrive\VS\Projects\DocxDocument\DocumentModel.InOpenXml\Wordprocessing.VBA\DocEvents.cs","DocEvents","EventDocCloseXsdString","Property","28"
"D:\OneDrive\VS\Projects\DocxDocument\DocumentModel.InOpenXml\Wordprocessing.VBA\DocEvents.cs","DocEvents","EventDocContentControlAfterInsertXsdString","Property","56"
"D:\OneDrive\VS\Projects\DocxDocument\DocumentModel.InOpenXml\Wordprocessing.VBA\DocEvents.cs","DocEvents","EventDocContentControlBeforeDeleteXsdString","Property","63"
"D:\OneDrive\VS\Projects\DocxDocument\DocumentModel.InOpenXml\Wordprocessing.VBA\DocEvents.cs","DocEvents","EventDocContentControlOnEnterXsdString","Property","77"
"D:\OneDrive\VS\Projects\DocxDocument\DocumentModel.InOpenXml\Wordprocessing.VBA\DocEvents.cs","DocEvents","EventDocContentControlOnExistXsdString","Property","70"
"D:\OneDrive\VS\Projects\DocxDocument\DocumentModel.InOpenXml\Wordprocessing.VBA\DocEvents.cs","DocEvents","EventDocContentControlUpdateXsdString","Property","91"
"D:\OneDrive\VS\Projects\DocxDocument\DocumentModel.InOpenXml\Wordprocessing.VBA\DocEvents.cs","DocEvents","EventDocNewXsdString","Property","14"
"D:\OneDrive\VS\Projects\DocxDocument\DocumentModel.InOpenXml\Wordprocessing.VBA\DocEvents.cs","DocEvents","EventDocOpenXsdString","Property","21"
"D:\OneDrive\VS\Projects\DocxDocument\DocumentModel.InOpenXml\Wordprocessing.VBA\DocEvents.cs","DocEvents","EventDocStoreUpdateXsdString","Property","84"
"D:\OneDrive\VS\Projects\DocxDocument\DocumentModel.InOpenXml\Wordprocessing.VBA\DocEvents.cs","DocEvents","EventDocSyncXsdString","Property","35"
"D:\OneDrive\VS\Projects\DocxDocument\DocumentModel.InOpenXml\Wordprocessing.VBA\DocEvents.cs","DocEvents","EventDocXmlAfterInsertXsdString","Property","42"
"D:\OneDrive\VS\Projects\DocxDocument\DocumentModel.InOpenXml\Wordprocessing.VBA\DocEvents.cs","DocEvents","EventDocXmlBeforeDeleteXsdString","Property","49"
"D:\OneDrive\VS\Projects\DocxDocument\DocumentModel.InOpenXml\Wordprocessing.VBA\MacroWllType.cs","MacroWllType","MacroName","Property","15"
"D:\OneDrive\VS\Projects\DocxDocument\DocumentModel.InOpenXml\Wordprocessing.VBA\Mcd.cs","Mcd","BEncrypt","Property","36"
"D:\OneDrive\VS\Projects\DocxDocument\DocumentModel.InOpenXml\Wordprocessing.VBA\Mcd.cs","Mcd","Cmg","Property","43"
"D:\OneDrive\VS\Projects\DocxDocument\DocumentModel.InOpenXml\Wordprocessing.VBA\Mcd.cs","Mcd","MacroName","Property","15"
"D:\OneDrive\VS\Projects\DocxDocument\DocumentModel.InOpenXml\Wordprocessing.VBA\Mcd.cs","Mcd","MenuHelp","Property","29"
"D:\OneDrive\VS\Projects\DocxDocument\DocumentModel.InOpenXml\Wordprocessing.VBA\Mcd.cs","Mcd","Name","Property","22"
"D:\OneDrive\VS\Projects\DocxDocument\DocumentModel.InOpenXml\Wordprocessing.VBA\VbaSuppData.cs","VbaSuppData","DocEvents","Property","15"
"D:\OneDrive\VS\Projects\DocxDocument\DocumentModel.InOpenXml\Wordprocessing.VBA\VbaSuppData.cs","VbaSuppData","Mcds","Property","22"
"D:\OneDrive\VS\Projects\DocxDocument\DocumentModel.InOpenXml\Wordprocessing\Bibliography\Source.cs","Source","City","Property","81"
"D:\OneDrive\VS\Projects\DocxDocument\DocumentModel.InOpenXml\Wordprocessing\Bibliography\Source.cs","Source","Comments","Property","166"
"D:\OneDrive\VS\Projects\DocxDocument\DocumentModel.InOpenXml\Wordprocessing\Bibliography\Source.cs","Source","CountryRegion","Property","95"
"D:\OneDrive\VS\Projects\DocxDocument\DocumentModel.InOpenXml\Wordprocessing\Bibliography\Source.cs","Source","Day","Property","67"
"D:\OneDrive\VS\Projects\DocxDocument\DocumentModel.InOpenXml\Wordprocessing\Bibliography\Source.cs","Source","Edition","Property","123"
"D:\OneDrive\VS\Projects\DocxDocument\DocumentModel.InOpenXml\Wordprocessing\Bibliography\Source.cs","Source","Issue","Property","109"
"D:\OneDrive\VS\Projects\DocxDocument\DocumentModel.InOpenXml\Wordprocessing\Bibliography\Source.cs","Source","Month","Property","60"
"D:\OneDrive\VS\Projects\DocxDocument\DocumentModel.InOpenXml\Wordprocessing\Bibliography\Source.cs","Source","Pages","Property","116"
"D:\OneDrive\VS\Projects\DocxDocument\DocumentModel.InOpenXml\Wordprocessing\Bibliography\Source.cs","Source","Publisher","Property","74"
"D:\OneDrive\VS\Projects\DocxDocument\DocumentModel.InOpenXml\Wordprocessing\Bibliography\Source.cs","Source","SourceType","Property","21"
"D:\OneDrive\VS\Projects\DocxDocument\DocumentModel.InOpenXml\Wordprocessing\Bibliography\Source.cs","Source","StateProvince","Property","88"
"D:\OneDrive\VS\Projects\DocxDocument\DocumentModel.InOpenXml\Wordprocessing\Bibliography\Source.cs","Source","Tag","Property","14"
"D:\OneDrive\VS\Projects\DocxDocument\DocumentModel.InOpenXml\Wordprocessing\Bibliography\Source.cs","Source","Title","Property","28"
"D:\OneDrive\VS\Projects\DocxDocument\DocumentModel.InOpenXml\Wordprocessing\Bibliography\Source.cs","Source","Volume","Property","102"
"D:\OneDrive\VS\Projects\DocxDocument\DocumentModel.InOpenXml\Wordprocessing\Bibliography\Source.cs","Source","Year","Property","53"
"D:\OneDrive\VS\Projects\DocxDocument\DocumentModel.InOpenXml\Wordprocessing\Comments\Comment.cs","Comment","Author","Property","22"
"D:\OneDrive\VS\Projects\DocxDocument\DocumentModel.InOpenXml\Wordprocessing\Comments\Comment.cs","Comment","Date","Property","36"
"D:\OneDrive\VS\Projects\DocxDocument\DocumentModel.InOpenXml\Wordprocessing\Comments\Comment.cs","Comment","Id","Property","15"
"D:\OneDrive\VS\Projects\DocxDocument\DocumentModel.InOpenXml\Wordprocessing\Comments\Comment.cs","Comment","Initials","Property","29"
"D:\OneDrive\VS\Projects\DocxDocument\DocumentModel.InOpenXml\Wordprocessing\Comments\CommentEx.cs","CommentEx","Done","Property","29"
"D:\OneDrive\VS\Projects\DocxDocument\DocumentModel.InOpenXml\Wordprocessing\Comments\CommentEx.cs","CommentEx","ParaId","Property","15"
"D:\OneDrive\VS\Projects\DocxDocument\DocumentModel.InOpenXml\Wordprocessing\Comments\CommentEx.cs","CommentEx","ParaIdParent","Property","22"
"D:\OneDrive\VS\Projects\DocxDocument\DocumentModel.InOpenXml\Wordprocessing\Comments\CommentExtensible.cs","CommentExtensible","DateUtc","Property","22"
"D:\OneDrive\VS\Projects\DocxDocument\DocumentModel.InOpenXml\Wordprocessing\Comments\CommentExtensible.cs","CommentExtensible","DurableId","Property","15"
"D:\OneDrive\VS\Projects\DocxDocument\DocumentModel.InOpenXml\Wordprocessing\Comments\CommentExtensible.cs","CommentExtensible","ExtensionList","Property","36"
"D:\OneDrive\VS\Projects\DocxDocument\DocumentModel.InOpenXml\Wordprocessing\Comments\CommentExtensible.cs","CommentExtensible","IntelligentPlaceholder","Property","29"
"D:\OneDrive\VS\Projects\DocxDocument\DocumentModel.InOpenXml\Wordprocessing\Comments\CommentId.cs","CommentId","DurableId","Property","22"
"D:\OneDrive\VS\Projects\DocxDocument\DocumentModel.InOpenXml\Wordprocessing\Comments\CommentId.cs","CommentId","ParaId","Property","15"
"D:\OneDrive\VS\Projects\DocxDocument\DocumentModel.InOpenXml\Wordprocessing\Common\AltChunk.cs","AltChunk","AltChunkProperties","Property","22"
"D:\OneDrive\VS\Projects\DocxDocument\DocumentModel.InOpenXml\Wordprocessing\Common\AltChunk.cs","AltChunk","Id","Property","15"
"D:\OneDrive\VS\Projects\DocxDocument\DocumentModel.InOpenXml\Wordprocessing\Common\AlternateContentChoice.cs","AlternateContentChoice","Requires","Property","42"
"D:\OneDrive\VS\Projects\DocxDocument\DocumentModel.InOpenXml\Wordprocessing\Common\Border.cs","Border","Frame","Property","61"
"D:\OneDrive\VS\Projects\DocxDocument\DocumentModel.InOpenXml\Wordprocessing\Common\Border.cs","Border","Shadow","Property","54"
"D:\OneDrive\VS\Projects\DocxDocument\DocumentModel.InOpenXml\Wordprocessing\Common\Border.cs","Border","Space","Property","47"
"D:\OneDrive\VS\Projects\DocxDocument\DocumentModel.InOpenXml\Wordprocessing\Common\Border.cs","Border","Width","Property","40"
"D:\OneDrive\VS\Projects\DocxDocument\DocumentModel.InOpenXml\Wordprocessing\Common\ClassificationLabel.cs","ClassificationLabel","ActionId","Property","56"
"D:\OneDrive\VS\Projects\DocxDocument\DocumentModel.InOpenXml\Wordprocessing\Common\ClassificationLabel.cs","ClassificationLabel","ContentBits","Property","63"
"D:\OneDrive\VS\Projects\DocxDocument\DocumentModel.InOpenXml\Wordprocessing\Common\ClassificationLabel.cs","ClassificationLabel","Enabled","Property","21"
"D:\OneDrive\VS\Projects\DocxDocument\DocumentModel.InOpenXml\Wordprocessing\Common\ClassificationLabel.cs","ClassificationLabel","Id","Property","14"
"D:\OneDrive\VS\Projects\DocxDocument\DocumentModel.InOpenXml\Wordprocessing\Common\ClassificationLabel.cs","ClassificationLabel","Method","Property","35"
"D:\OneDrive\VS\Projects\DocxDocument\DocumentModel.InOpenXml\Wordprocessing\Common\ClassificationLabel.cs","ClassificationLabel","Name","Property","42"
"D:\OneDrive\VS\Projects\DocxDocument\DocumentModel.InOpenXml\Wordprocessing\Common\ClassificationLabel.cs","ClassificationLabel","Removed","Property","70"
"D:\OneDrive\VS\Projects\DocxDocument\DocumentModel.InOpenXml\Wordprocessing\Common\ClassificationLabel.cs","ClassificationLabel","SetDate","Property","28"
"D:\OneDrive\VS\Projects\DocxDocument\DocumentModel.InOpenXml\Wordprocessing\Common\ClassificationLabel.cs","ClassificationLabel","SiteId","Property","49"
"D:\OneDrive\VS\Projects\DocxDocument\DocumentModel.InOpenXml\Wordprocessing\Common\ProofError.cs","ProofError","Type","Property","15"
"D:\OneDrive\VS\Projects\DocxDocument\DocumentModel.InOpenXml\Wordprocessing\Common\Shading.cs","Shading","Pattern","Property","16"
"D:\OneDrive\VS\Projects\DocxDocument\DocumentModel.InOpenXml\Wordprocessing\CustomXml\CustomXmlAttribute.cs","CustomXmlAttribute","Name","Property","21"
"D:\OneDrive\VS\Projects\DocxDocument\DocumentModel.InOpenXml\Wordprocessing\CustomXml\CustomXmlAttribute.cs","CustomXmlAttribute","Val","Property","28"
"D:\OneDrive\VS\Projects\DocxDocument\DocumentModel.InOpenXml\Wordprocessing\Document\Category.cs","Category","Gallery","Property","22"
"D:\OneDrive\VS\Projects\DocxDocument\DocumentModel.InOpenXml\Wordprocessing\Document\Category.cs","Category","Name","Property","15"
"D:\OneDrive\VS\Projects\DocxDocument\DocumentModel.InOpenXml\Wordprocessing\Document\DocGrid.cs","DocGrid","CharacterSpace","Property","29"
"D:\OneDrive\VS\Projects\DocxDocument\DocumentModel.InOpenXml\Wordprocessing\Document\DocGrid.cs","DocGrid","LinePitch","Property","22"
"D:\OneDrive\VS\Projects\DocxDocument\DocumentModel.InOpenXml\Wordprocessing\Document\DocGrid.cs","DocGrid","Type","Property","15"
"D:\OneDrive\VS\Projects\DocxDocument\DocumentModel.InOpenXml\Wordprocessing\Document\DocPart.cs","DocPart","DocPartBody","Property","22"
"D:\OneDrive\VS\Projects\DocxDocument\DocumentModel.InOpenXml\Wordprocessing\Document\DocPart.cs","DocPart","DocPartProperties","Property","15"
"D:\OneDrive\VS\Projects\DocxDocument\DocumentModel.InOpenXml\Wordprocessing\Document\DocPartName.cs","DocPartName","Decorated","Property","22"
"D:\OneDrive\VS\Projects\DocxDocument\DocumentModel.InOpenXml\Wordprocessing\Document\DocPartName.cs","DocPartName","Val","Property","15"
"D:\OneDrive\VS\Projects\DocxDocument\DocumentModel.InOpenXml\Wordprocessing\Document\DocPartProperties.cs","DocPartProperties","Behaviors","Property","43"
"D:\OneDrive\VS\Projects\DocxDocument\DocumentModel.InOpenXml\Wordprocessing\Document\DocPartProperties.cs","DocPartProperties","Category","Property","29"
"D:\OneDrive\VS\Projects\DocxDocument\DocumentModel.InOpenXml\Wordprocessing\Document\DocPartProperties.cs","DocPartProperties","Description","Property","50"
"D:\OneDrive\VS\Projects\DocxDocument\DocumentModel.InOpenXml\Wordprocessing\Document\DocPartProperties.cs","DocPartProperties","DocPartId","Property","57"
"D:\OneDrive\VS\Projects\DocxDocument\DocumentModel.InOpenXml\Wordprocessing\Document\DocPartProperties.cs","DocPartProperties","DocPartName","Property","15"
"D:\OneDrive\VS\Projects\DocxDocument\DocumentModel.InOpenXml\Wordprocessing\Document\DocPartProperties.cs","DocPartProperties","DocPartTypes","Property","36"
"D:\OneDrive\VS\Projects\DocxDocument\DocumentModel.InOpenXml\Wordprocessing\Document\DocPartProperties.cs","DocPartProperties","StyleId","Property","22"
"D:\OneDrive\VS\Projects\DocxDocument\DocumentModel.InOpenXml\Wordprocessing\Document\DocPartTypes.cs","DocPartTypes","All","Property","15"
"D:\OneDrive\VS\Projects\DocxDocument\DocumentModel.InOpenXml\Wordprocessing\Document\DocumentBackground.cs","DocumentBackground","Background","Property","22"
"D:\OneDrive\VS\Projects\DocxDocument\DocumentModel.InOpenXml\Wordprocessing\Document\DocumentBackground.cs","DocumentBackground","Color","Property","15"
"D:\OneDrive\VS\Projects\DocxDocument\DocumentModel.InOpenXml\Wordprocessing\Document\DocumentProtection.cs","DocumentProtection","AlgorithmIdExtensibility","Property","85"
"D:\OneDrive\VS\Projects\DocxDocument\DocumentModel.InOpenXml\Wordprocessing\Document\DocumentProtection.cs","DocumentProtection","AlgorithmIdExtensibilitySource","Property","93"
"D:\OneDrive\VS\Projects\DocxDocument\DocumentModel.InOpenXml\Wordprocessing\Document\DocumentProtection.cs","DocumentProtection","AlgorithmName","Property","132"
"D:\OneDrive\VS\Projects\DocxDocument\DocumentModel.InOpenXml\Wordprocessing\Document\DocumentProtection.cs","DocumentProtection","CryptographicAlgorithmClass","Property","45"
"D:\OneDrive\VS\Projects\DocxDocument\DocumentModel.InOpenXml\Wordprocessing\Document\DocumentProtection.cs","DocumentProtection","CryptographicAlgorithmSid","Property","61"
"D:\OneDrive\VS\Projects\DocxDocument\DocumentModel.InOpenXml\Wordprocessing\Document\DocumentProtection.cs","DocumentProtection","CryptographicAlgorithmType","Property","53"
"D:\OneDrive\VS\Projects\DocxDocument\DocumentModel.InOpenXml\Wordprocessing\Document\DocumentProtection.cs","DocumentProtection","CryptographicProvider","Property","77"
"D:\OneDrive\VS\Projects\DocxDocument\DocumentModel.InOpenXml\Wordprocessing\Document\DocumentProtection.cs","DocumentProtection","CryptographicProviderType","Property","37"
"D:\OneDrive\VS\Projects\DocxDocument\DocumentModel.InOpenXml\Wordprocessing\Document\DocumentProtection.cs","DocumentProtection","CryptographicProviderTypeExtensibility","Property","101"
"D:\OneDrive\VS\Projects\DocxDocument\DocumentModel.InOpenXml\Wordprocessing\Document\DocumentProtection.cs","DocumentProtection","CryptographicProviderTypeExtSource","Property","109"
"D:\OneDrive\VS\Projects\DocxDocument\DocumentModel.InOpenXml\Wordprocessing\Document\DocumentProtection.cs","DocumentProtection","CryptographicSpinCount","Property","69"
"D:\OneDrive\VS\Projects\DocxDocument\DocumentModel.InOpenXml\Wordprocessing\Document\DocumentProtection.cs","DocumentProtection","Edit","Property","15"
"D:\OneDrive\VS\Projects\DocxDocument\DocumentModel.InOpenXml\Wordprocessing\Document\DocumentProtection.cs","DocumentProtection","Enforcement","Property","29"
"D:\OneDrive\VS\Projects\DocxDocument\DocumentModel.InOpenXml\Wordprocessing\Document\DocumentProtection.cs","DocumentProtection","Formatting","Property","22"
"D:\OneDrive\VS\Projects\DocxDocument\DocumentModel.InOpenXml\Wordprocessing\Document\DocumentProtection.cs","DocumentProtection","Hash","Property","117"
"D:\OneDrive\VS\Projects\DocxDocument\DocumentModel.InOpenXml\Wordprocessing\Document\DocumentProtection.cs","DocumentProtection","HashValue","Property","139"
"D:\OneDrive\VS\Projects\DocxDocument\DocumentModel.InOpenXml\Wordprocessing\Document\DocumentProtection.cs","DocumentProtection","Salt","Property","125"
"D:\OneDrive\VS\Projects\DocxDocument\DocumentModel.InOpenXml\Wordprocessing\Document\DocumentProtection.cs","DocumentProtection","SaltValue","Property","146"
"D:\OneDrive\VS\Projects\DocxDocument\DocumentModel.InOpenXml\Wordprocessing\Document\DocumentProtection.cs","DocumentProtection","SpinCount","Property","153"
"D:\OneDrive\VS\Projects\DocxDocument\DocumentModel.InOpenXml\Wordprocessing\Document\DocumentVariable.cs","DocumentVariable","Name","Property","16"
"D:\OneDrive\VS\Projects\DocxDocument\DocumentModel.InOpenXml\Wordprocessing\Document\DocumentVariable.cs","DocumentVariable","Value","Property","24"
"D:\OneDrive\VS\Projects\DocxDocument\DocumentModel.InOpenXml\Wordprocessing\Document\GlossaryDocument.cs","GlossaryDocument","DocParts","Property","22"
"D:\OneDrive\VS\Projects\DocxDocument\DocumentModel.InOpenXml\Wordprocessing\Document\GlossaryDocument.cs","GlossaryDocument","DocumentBackground","Property","15"
"D:\OneDrive\VS\Projects\DocxDocument\DocumentModel.InOpenXml\Wordprocessing\Document\SaveThroughXslt.cs","SaveThroughXslt","SolutionId","Property","15"
"D:\OneDrive\VS\Projects\DocxDocument\DocumentModel.InOpenXml\Wordprocessing\Fields and hyperlinks\CheckBoxSymbolType.cs","CheckBoxSymbolType","Font","Property","15"
"D:\OneDrive\VS\Projects\DocxDocument\DocumentModel.InOpenXml\Wordprocessing\Fields and hyperlinks\CheckBoxSymbolType.cs","CheckBoxSymbolType","Val","Property","22"
"D:\OneDrive\VS\Projects\DocxDocument\DocumentModel.InOpenXml\Wordprocessing\Fields and hyperlinks\DropDownListFormField.cs","DropDownListFormField","DefaultDropDownListItemIndex","Property","22"
"D:\OneDrive\VS\Projects\DocxDocument\DocumentModel.InOpenXml\Wordprocessing\Fields and hyperlinks\DropDownListFormField.cs","DropDownListFormField","DropDownListSelection","Property","15"
"D:\OneDrive\VS\Projects\DocxDocument\DocumentModel.InOpenXml\Wordprocessing\Fields and hyperlinks\HelpText.cs","HelpText","Type","Property","15"
"D:\OneDrive\VS\Projects\DocxDocument\DocumentModel.InOpenXml\Wordprocessing\Fields and hyperlinks\HelpText.cs","HelpText","Val","Property","22"
"D:\OneDrive\VS\Projects\DocxDocument\DocumentModel.InOpenXml\Wordprocessing\Fields and hyperlinks\StatusText.cs","StatusText","Type","Property","15"
"D:\OneDrive\VS\Projects\DocxDocument\DocumentModel.InOpenXml\Wordprocessing\Fields and hyperlinks\StatusText.cs","StatusText","Val","Property","22"
"D:\OneDrive\VS\Projects\DocxDocument\DocumentModel.InOpenXml\Wordprocessing\Fields and hyperlinks\TextInput.cs","TextInput","DefaultTextBoxFormFieldString","Property","22"
"D:\OneDrive\VS\Projects\DocxDocument\DocumentModel.InOpenXml\Wordprocessing\Fields and hyperlinks\TextInput.cs","TextInput","Format","Property","36"
"D:\OneDrive\VS\Projects\DocxDocument\DocumentModel.InOpenXml\Wordprocessing\Fields and hyperlinks\TextInput.cs","TextInput","MaxLength","Property","29"
"D:\OneDrive\VS\Projects\DocxDocument\DocumentModel.InOpenXml\Wordprocessing\Fields and hyperlinks\TextInput.cs","TextInput","TextBoxFormFieldType","Property","15"
"D:\OneDrive\VS\Projects\DocxDocument\DocumentModel.InOpenXml\Wordprocessing\Fonts\EmbedFont.cs","EmbedFont","FontKey","Property","25"
"D:\OneDrive\VS\Projects\DocxDocument\DocumentModel.InOpenXml\Wordprocessing\Fonts\EmbedFont.cs","EmbedFont","Id","Property","16"
"D:\OneDrive\VS\Projects\DocxDocument\DocumentModel.InOpenXml\Wordprocessing\Fonts\EmbedFont.cs","EmbedFont","Subsetted","Property","36"
"D:\OneDrive\VS\Projects\DocxDocument\DocumentModel.InOpenXml\Wordprocessing\Fonts\Font.cs","Font","Aliases","Property","23"
"D:\OneDrive\VS\Projects\DocxDocument\DocumentModel.InOpenXml\Wordprocessing\Fonts\Font.cs","Font","Charset","Property","39"
"D:\OneDrive\VS\Projects\DocxDocument\DocumentModel.InOpenXml\Wordprocessing\Fonts\Font.cs","Font","EmbedBoldFont","Property","83"
"D:\OneDrive\VS\Projects\DocxDocument\DocumentModel.InOpenXml\Wordprocessing\Fonts\Font.cs","Font","EmbedBoldItalicFont","Property","99"
"D:\OneDrive\VS\Projects\DocxDocument\DocumentModel.InOpenXml\Wordprocessing\Fonts\Font.cs","Font","EmbedItalicFont","Property","91"
"D:\OneDrive\VS\Projects\DocxDocument\DocumentModel.InOpenXml\Wordprocessing\Fonts\Font.cs","Font","EmbedRegularFont","Property","75"
"D:\OneDrive\VS\Projects\DocxDocument\DocumentModel.InOpenXml\Wordprocessing\Fonts\Font.cs","Font","FontFamily","Property","46"
"D:\OneDrive\VS\Projects\DocxDocument\DocumentModel.InOpenXml\Wordprocessing\Fonts\Font.cs","Font","FontSignature","Property","60"
"D:\OneDrive\VS\Projects\DocxDocument\DocumentModel.InOpenXml\Wordprocessing\Fonts\Font.cs","Font","NotTrueType","Property","67"
"D:\OneDrive\VS\Projects\DocxDocument\DocumentModel.InOpenXml\Wordprocessing\Fonts\Font.cs","Font","Panose","Property","30"
"D:\OneDrive\VS\Projects\DocxDocument\DocumentModel.InOpenXml\Wordprocessing\Fonts\Font.cs","Font","Pitch","Property","53"
"D:\OneDrive\VS\Projects\DocxDocument\DocumentModel.InOpenXml\Wordprocessing\Fonts\Font.cs","Font","Typeface","Property","16"
"D:\OneDrive\VS\Projects\DocxDocument\DocumentModel.InOpenXml\Wordprocessing\Footnotes and endnotes\EndnoteDocumentWideProperties.cs","EndnoteDocumentWideProperties","EndnotePosition","Property","15"
"D:\OneDrive\VS\Projects\DocxDocument\DocumentModel.InOpenXml\Wordprocessing\Footnotes and endnotes\EndnoteDocumentWideProperties.cs","EndnoteDocumentWideProperties","NumberingFormat","Property","22"
"D:\OneDrive\VS\Projects\DocxDocument\DocumentModel.InOpenXml\Wordprocessing\Footnotes and endnotes\EndnoteDocumentWideProperties.cs","EndnoteDocumentWideProperties","NumberingRestart","Property","36"
"D:\OneDrive\VS\Projects\DocxDocument\DocumentModel.InOpenXml\Wordprocessing\Footnotes and endnotes\EndnoteDocumentWideProperties.cs","EndnoteDocumentWideProperties","NumberingStart","Property","29"
"D:\OneDrive\VS\Projects\DocxDocument\DocumentModel.InOpenXml\Wordprocessing\Footnotes and endnotes\EndnoteProperties.cs","EndnoteProperties","EndnotePosition","Property","15"
"D:\OneDrive\VS\Projects\DocxDocument\DocumentModel.InOpenXml\Wordprocessing\Footnotes and endnotes\EndnoteProperties.cs","EndnoteProperties","NumberingFormat","Property","22"
"D:\OneDrive\VS\Projects\DocxDocument\DocumentModel.InOpenXml\Wordprocessing\Footnotes and endnotes\EndnoteProperties.cs","EndnoteProperties","NumberingRestart","Property","36"
"D:\OneDrive\VS\Projects\DocxDocument\DocumentModel.InOpenXml\Wordprocessing\Footnotes and endnotes\EndnoteProperties.cs","EndnoteProperties","NumberingStart","Property","29"
"D:\OneDrive\VS\Projects\DocxDocument\DocumentModel.InOpenXml\Wordprocessing\Footnotes and endnotes\FootnoteDocumentWideProperties.cs","FootnoteDocumentWideProperties","FootnotePosition","Property","15"
"D:\OneDrive\VS\Projects\DocxDocument\DocumentModel.InOpenXml\Wordprocessing\Footnotes and endnotes\FootnoteDocumentWideProperties.cs","FootnoteDocumentWideProperties","NumberingFormat","Property","22"
"D:\OneDrive\VS\Projects\DocxDocument\DocumentModel.InOpenXml\Wordprocessing\Footnotes and endnotes\FootnoteDocumentWideProperties.cs","FootnoteDocumentWideProperties","NumberingRestart","Property","36"
"D:\OneDrive\VS\Projects\DocxDocument\DocumentModel.InOpenXml\Wordprocessing\Footnotes and endnotes\FootnoteDocumentWideProperties.cs","FootnoteDocumentWideProperties","NumberingStart","Property","29"
"D:\OneDrive\VS\Projects\DocxDocument\DocumentModel.InOpenXml\Wordprocessing\Footnotes and endnotes\FootnoteProperties.cs","FootnoteProperties","FootnotePosition","Property","15"
"D:\OneDrive\VS\Projects\DocxDocument\DocumentModel.InOpenXml\Wordprocessing\Footnotes and endnotes\FootnoteProperties.cs","FootnoteProperties","NumberingFormat","Property","22"
"D:\OneDrive\VS\Projects\DocxDocument\DocumentModel.InOpenXml\Wordprocessing\Footnotes and endnotes\FootnoteProperties.cs","FootnoteProperties","NumberingRestart","Property","36"
"D:\OneDrive\VS\Projects\DocxDocument\DocumentModel.InOpenXml\Wordprocessing\Footnotes and endnotes\FootnoteProperties.cs","FootnoteProperties","NumberingStart","Property","29"
"D:\OneDrive\VS\Projects\DocxDocument\DocumentModel.InOpenXml\Wordprocessing\Frames and framesets\Frame.cs","Frame","FrameName","Property","22"
"D:\OneDrive\VS\Projects\DocxDocument\DocumentModel.InOpenXml\Wordprocessing\Frames and framesets\Frame.cs","Frame","FrameSize","Property","15"
"D:\OneDrive\VS\Projects\DocxDocument\DocumentModel.InOpenXml\Wordprocessing\Frames and framesets\Frame.cs","Frame","LinkedToFile","Property","64"
"D:\OneDrive\VS\Projects\DocxDocument\DocumentModel.InOpenXml\Wordprocessing\Frames and framesets\Frame.cs","Frame","MarginHeight","Property","43"
"D:\OneDrive\VS\Projects\DocxDocument\DocumentModel.InOpenXml\Wordprocessing\Frames and framesets\Frame.cs","Frame","MarginWidth","Property","36"
"D:\OneDrive\VS\Projects\DocxDocument\DocumentModel.InOpenXml\Wordprocessing\Frames and framesets\Frame.cs","Frame","NoResizeAllowed","Property","57"
"D:\OneDrive\VS\Projects\DocxDocument\DocumentModel.InOpenXml\Wordprocessing\Frames and framesets\Frame.cs","Frame","ScrollbarVisibility","Property","50"
"D:\OneDrive\VS\Projects\DocxDocument\DocumentModel.InOpenXml\Wordprocessing\Frames and framesets\Frame.cs","Frame","SourceFileReference","Property","29"
"D:\OneDrive\VS\Projects\DocxDocument\DocumentModel.InOpenXml\Wordprocessing\Frames and framesets\FrameProperties.cs","FrameProperties","AnchorLock","Property","131"
"D:\OneDrive\VS\Projects\DocxDocument\DocumentModel.InOpenXml\Wordprocessing\Frames and framesets\FrameProperties.cs","FrameProperties","DropCap","Property","15"
"D:\OneDrive\VS\Projects\DocxDocument\DocumentModel.InOpenXml\Wordprocessing\Frames and framesets\FrameProperties.cs","FrameProperties","DropCapLines","Property","22"
"D:\OneDrive\VS\Projects\DocxDocument\DocumentModel.InOpenXml\Wordprocessing\Frames and framesets\FrameProperties.cs","FrameProperties","HorizontalPosition","Property","89"
"D:\OneDrive\VS\Projects\DocxDocument\DocumentModel.InOpenXml\Wordprocessing\Frames and framesets\FrameProperties.cs","FrameProperties","HorizontalSpace","Property","75"
"D:\OneDrive\VS\Projects\DocxDocument\DocumentModel.InOpenXml\Wordprocessing\Frames and framesets\FrameProperties.cs","FrameProperties","VerticalPosition","Property","96"
"D:\OneDrive\VS\Projects\DocxDocument\DocumentModel.InOpenXml\Wordprocessing\Frames and framesets\FrameProperties.cs","FrameProperties","VerticalSpace","Property","68"
"D:\OneDrive\VS\Projects\DocxDocument\DocumentModel.InOpenXml\Wordprocessing\Frames and framesets\FrameProperties.cs","FrameProperties","Width","Property","29"
"D:\OneDrive\VS\Projects\DocxDocument\DocumentModel.InOpenXml\Wordprocessing\Frames and framesets\FrameProperties.cs","FrameProperties","Wrap","Property","82"
"D:\OneDrive\VS\Projects\DocxDocument\DocumentModel.InOpenXml\Wordprocessing\Frames and framesets\FrameProperties.cs","FrameProperties","X","Property","103"
"D:\OneDrive\VS\Projects\DocxDocument\DocumentModel.InOpenXml\Wordprocessing\Frames and framesets\FrameProperties.cs","FrameProperties","XAlign","Property","110"
"D:\OneDrive\VS\Projects\DocxDocument\DocumentModel.InOpenXml\Wordprocessing\Frames and framesets\FrameProperties.cs","FrameProperties","Y","Property","117"
"D:\OneDrive\VS\Projects\DocxDocument\DocumentModel.InOpenXml\Wordprocessing\Frames and framesets\FrameProperties.cs","FrameProperties","YAlign","Property","124"
"D:\OneDrive\VS\Projects\DocxDocument\DocumentModel.InOpenXml\Wordprocessing\Frames and framesets\FramesetSplitbar.cs","FramesetSplitbar","Color","Property","22"
"D:\OneDrive\VS\Projects\DocxDocument\DocumentModel.InOpenXml\Wordprocessing\Frames and framesets\FramesetSplitbar.cs","FramesetSplitbar","FlatBorders","Property","36"
"D:\OneDrive\VS\Projects\DocxDocument\DocumentModel.InOpenXml\Wordprocessing\Frames and framesets\FramesetSplitbar.cs","FramesetSplitbar","NoBorder","Property","29"
"D:\OneDrive\VS\Projects\DocxDocument\DocumentModel.InOpenXml\Wordprocessing\Frames and framesets\FramesetSplitbar.cs","FramesetSplitbar","Width","Property","15"
"D:\OneDrive\VS\Projects\DocxDocument\DocumentModel.InOpenXml\Wordprocessing\Mail merge\DataSourceObject.cs","DataSourceObject","ColumnDelimiter","Property","36"
"D:\OneDrive\VS\Projects\DocxDocument\DocumentModel.InOpenXml\Wordprocessing\Mail merge\DataSourceObject.cs","DataSourceObject","DataSourceTableName","Property","22"
"D:\OneDrive\VS\Projects\DocxDocument\DocumentModel.InOpenXml\Wordprocessing\Mail merge\DataSourceObject.cs","DataSourceObject","FieldMap","Element","57"
"D:\OneDrive\VS\Projects\DocxDocument\DocumentModel.InOpenXml\Wordprocessing\Mail merge\DataSourceObject.cs","DataSourceObject","FirstRowHeader","Property","50"
"D:\OneDrive\VS\Projects\DocxDocument\DocumentModel.InOpenXml\Wordprocessing\Mail merge\DataSourceObject.cs","DataSourceObject","MailMergeSource","Property","43"
"D:\OneDrive\VS\Projects\DocxDocument\DocumentModel.InOpenXml\Wordprocessing\Mail merge\DataSourceObject.cs","DataSourceObject","RecipientDataReference","Element","64"
"D:\OneDrive\VS\Projects\DocxDocument\DocumentModel.InOpenXml\Wordprocessing\Mail merge\DataSourceObject.cs","DataSourceObject","SourceReference","Property","29"
"D:\OneDrive\VS\Projects\DocxDocument\DocumentModel.InOpenXml\Wordprocessing\Mail merge\DataSourceObject.cs","DataSourceObject","UdlConnectionString","Property","15"
"D:\OneDrive\VS\Projects\DocxDocument\DocumentModel.InOpenXml\Wordprocessing\Mail merge\FieldMapData.cs","FieldMapData","ColumnIndex","Element","36"
"D:\OneDrive\VS\Projects\DocxDocument\DocumentModel.InOpenXml\Wordprocessing\Mail merge\FieldMapData.cs","FieldMapData","DynamicAddress","Element","50"
"D:\OneDrive\VS\Projects\DocxDocument\DocumentModel.InOpenXml\Wordprocessing\Mail merge\FieldMapData.cs","FieldMapData","LanguageId","Element","43"
"D:\OneDrive\VS\Projects\DocxDocument\DocumentModel.InOpenXml\Wordprocessing\Mail merge\FieldMapData.cs","FieldMapData","MailMergeFieldType","Element","15"
"D:\OneDrive\VS\Projects\DocxDocument\DocumentModel.InOpenXml\Wordprocessing\Mail merge\FieldMapData.cs","FieldMapData","MappedName","Element","29"
"D:\OneDrive\VS\Projects\DocxDocument\DocumentModel.InOpenXml\Wordprocessing\Mail merge\FieldMapData.cs","FieldMapData","Name","Element","22"
"D:\OneDrive\VS\Projects\DocxDocument\DocumentModel.InOpenXml\Wordprocessing\Mail merge\MailMerge.cs","MailMerge","ActiveRecord","Property","120"
"D:\OneDrive\VS\Projects\DocxDocument\DocumentModel.InOpenXml\Wordprocessing\Mail merge\MailMerge.cs","MailMerge","AddressFieldName","Property","92"
"D:\OneDrive\VS\Projects\DocxDocument\DocumentModel.InOpenXml\Wordprocessing\Mail merge\MailMerge.cs","MailMerge","CheckErrors","Property","127"
"D:\OneDrive\VS\Projects\DocxDocument\DocumentModel.InOpenXml\Wordprocessing\Mail merge\MailMerge.cs","MailMerge","ConnectString","Property","50"
"D:\OneDrive\VS\Projects\DocxDocument\DocumentModel.InOpenXml\Wordprocessing\Mail merge\MailMerge.cs","MailMerge","DataSourceObject","Property","134"
"D:\OneDrive\VS\Projects\DocxDocument\DocumentModel.InOpenXml\Wordprocessing\Mail merge\MailMerge.cs","MailMerge","DataSourceReference","Property","64"
"D:\OneDrive\VS\Projects\DocxDocument\DocumentModel.InOpenXml\Wordprocessing\Mail merge\MailMerge.cs","MailMerge","DataType","Property","43"
"D:\OneDrive\VS\Projects\DocxDocument\DocumentModel.InOpenXml\Wordprocessing\Mail merge\MailMerge.cs","MailMerge","Destination","Property","85"
"D:\OneDrive\VS\Projects\DocxDocument\DocumentModel.InOpenXml\Wordprocessing\Mail merge\MailMerge.cs","MailMerge","DoNotSuppressBlankLines","Property","78"
"D:\OneDrive\VS\Projects\DocxDocument\DocumentModel.InOpenXml\Wordprocessing\Mail merge\MailMerge.cs","MailMerge","HeaderSource","Property","71"
"D:\OneDrive\VS\Projects\DocxDocument\DocumentModel.InOpenXml\Wordprocessing\Mail merge\MailMerge.cs","MailMerge","LinkToQuery","Property","36"
"D:\OneDrive\VS\Projects\DocxDocument\DocumentModel.InOpenXml\Wordprocessing\Mail merge\MailMerge.cs","MailMerge","MailAsAttachment","Property","106"
"D:\OneDrive\VS\Projects\DocxDocument\DocumentModel.InOpenXml\Wordprocessing\Mail merge\MailMerge.cs","MailMerge","MailSubject","Property","99"
"D:\OneDrive\VS\Projects\DocxDocument\DocumentModel.InOpenXml\Wordprocessing\Mail merge\MailMerge.cs","MailMerge","MainDocumentType","Property","29"
"D:\OneDrive\VS\Projects\DocxDocument\DocumentModel.InOpenXml\Wordprocessing\Mail merge\MailMerge.cs","MailMerge","Query","Property","57"
"D:\OneDrive\VS\Projects\DocxDocument\DocumentModel.InOpenXml\Wordprocessing\Mail merge\MailMerge.cs","MailMerge","ViewMergedData","Property","113"
"D:\OneDrive\VS\Projects\DocxDocument\DocumentModel.InOpenXml\Wordprocessing\Mail merge\SingleDataSourceRecord.cs","SingleDataSourceRecord","RecordHashCode","Property","22"
"D:\OneDrive\VS\Projects\DocxDocument\DocumentModel.InOpenXml\Wordprocessing\Mail merge\SingleDataSourceRecord.cs","SingleDataSourceRecord","RecordIncluded","Property","15"
"D:\OneDrive\VS\Projects\DocxDocument\DocumentModel.InOpenXml\Wordprocessing\Numbering\AbstractNumbering.cs","AbstractNumbering","AbstractNumId","Property","34"
"D:\OneDrive\VS\Projects\DocxDocument\DocumentModel.InOpenXml\Wordprocessing\Numbering\AbstractNumbering.cs","AbstractNumbering","MultiLevelType","Property","62"
"D:\OneDrive\VS\Projects\DocxDocument\DocumentModel.InOpenXml\Wordprocessing\Numbering\AbstractNumbering.cs","AbstractNumbering","Name","Property","52"
"D:\OneDrive\VS\Projects\DocxDocument\DocumentModel.InOpenXml\Wordprocessing\Numbering\AbstractNumbering.cs","AbstractNumbering","NsId","Property","43"
"D:\OneDrive\VS\Projects\DocxDocument\DocumentModel.InOpenXml\Wordprocessing\Numbering\AbstractNumbering.cs","AbstractNumbering","NumberingStyleLink","Property","87"
"D:\OneDrive\VS\Projects\DocxDocument\DocumentModel.InOpenXml\Wordprocessing\Numbering\AbstractNumbering.cs","AbstractNumbering","StyleLink","Property","78"
"D:\OneDrive\VS\Projects\DocxDocument\DocumentModel.InOpenXml\Wordprocessing\Numbering\AbstractNumbering.cs","AbstractNumbering","TemplateCode","Property","70"
"D:\OneDrive\VS\Projects\DocxDocument\DocumentModel.InOpenXml\Wordprocessing\Numbering\Numbering.cs","Numbering","LastRevAbstractNumbering","Element","58"
"D:\OneDrive\VS\Projects\DocxDocument\DocumentModel.InOpenXml\Wordprocessing\Numbering\NumberingFormat.cs","NumberingFormat","Custom","Property","22"
"D:\OneDrive\VS\Projects\DocxDocument\DocumentModel.InOpenXml\Wordprocessing\Numbering\NumberingFormat.cs","NumberingFormat","Type","Property","15"
"D:\OneDrive\VS\Projects\DocxDocument\DocumentModel.InOpenXml\Wordprocessing\Numbering\NumberingInstance.cs","NumberingInstance","AbstractNumId","Property","33"
"D:\OneDrive\VS\Projects\DocxDocument\DocumentModel.InOpenXml\Wordprocessing\Numbering\NumberingInstance.cs","NumberingInstance","DurableId","Property","25"
"D:\OneDrive\VS\Projects\DocxDocument\DocumentModel.InOpenXml\Wordprocessing\Numbering\NumberingInstance.cs","NumberingInstance","NumberID","Property","18"
"D:\OneDrive\VS\Projects\DocxDocument\DocumentModel.InOpenXml\Wordprocessing\Numbering\NumberingLevel.cs","NumberingLevel","IsLegalNumberingStyle","Property","64"
"D:\OneDrive\VS\Projects\DocxDocument\DocumentModel.InOpenXml\Wordprocessing\Numbering\NumberingLevel.cs","NumberingLevel","Justification","Property","106"
"D:\OneDrive\VS\Projects\DocxDocument\DocumentModel.InOpenXml\Wordprocessing\Numbering\NumberingLevel.cs","NumberingLevel","LegacyNumbering","Property","99"
"D:\OneDrive\VS\Projects\DocxDocument\DocumentModel.InOpenXml\Wordprocessing\Numbering\NumberingLevel.cs","NumberingLevel","LevelIndex","Property","19"
"D:\OneDrive\VS\Projects\DocxDocument\DocumentModel.InOpenXml\Wordprocessing\Numbering\NumberingLevel.cs","NumberingLevel","LevelPictureBulletId","Property","85"
"D:\OneDrive\VS\Projects\DocxDocument\DocumentModel.InOpenXml\Wordprocessing\Numbering\NumberingLevel.cs","NumberingLevel","LevelRestart","Property","43"
"D:\OneDrive\VS\Projects\DocxDocument\DocumentModel.InOpenXml\Wordprocessing\Numbering\NumberingLevel.cs","NumberingLevel","LevelSuffix","Property","71"
"D:\OneDrive\VS\Projects\DocxDocument\DocumentModel.InOpenXml\Wordprocessing\Numbering\NumberingLevel.cs","NumberingLevel","LevelText","Property","78"
"D:\OneDrive\VS\Projects\DocxDocument\DocumentModel.InOpenXml\Wordprocessing\Numbering\NumberingLevel.cs","NumberingLevel","NumberingFormat","Property","50"
"D:\OneDrive\VS\Projects\DocxDocument\DocumentModel.InOpenXml\Wordprocessing\Numbering\NumberingLevel.cs","NumberingLevel","NumberingSymbolRunProperties","Property","113"
"D:\OneDrive\VS\Projects\DocxDocument\DocumentModel.InOpenXml\Wordprocessing\Numbering\NumberingLevel.cs","NumberingLevel","ParagraphProperties","Property","120"
"D:\OneDrive\VS\Projects\DocxDocument\DocumentModel.InOpenXml\Wordprocessing\Numbering\NumberingLevel.cs","NumberingLevel","ParagraphStyleIdInLevel","Property","57"
"D:\OneDrive\VS\Projects\DocxDocument\DocumentModel.InOpenXml\Wordprocessing\Numbering\NumberingLevel.cs","NumberingLevel","StartNumberingValue","Property","33"
"D:\OneDrive\VS\Projects\DocxDocument\DocumentModel.InOpenXml\Wordprocessing\Numbering\NumberingLevel.cs","NumberingLevel","TemplateCode","Property","92"
"D:\OneDrive\VS\Projects\DocxDocument\DocumentModel.InOpenXml\Wordprocessing\Numbering\NumberingLevel.cs","NumberingLevel","Tentative","Property","26"
"D:\OneDrive\VS\Projects\DocxDocument\DocumentModel.InOpenXml\Wordprocessing\Numbering\NumberingLevelOverride.cs","NumberingLevelOverride","Level","Property","30"
"D:\OneDrive\VS\Projects\DocxDocument\DocumentModel.InOpenXml\Wordprocessing\Numbering\NumberingLevelOverride.cs","NumberingLevelOverride","LevelIndex","Property","16"
"D:\OneDrive\VS\Projects\DocxDocument\DocumentModel.InOpenXml\Wordprocessing\Numbering\NumberingLevelOverride.cs","NumberingLevelOverride","StartOverrideNumberingValue","Property","23"
"D:\OneDrive\VS\Projects\DocxDocument\DocumentModel.InOpenXml\Wordprocessing\Numbering\NumberingProperties.cs","NumberingProperties","Inserted","Property","36"
"D:\OneDrive\VS\Projects\DocxDocument\DocumentModel.InOpenXml\Wordprocessing\Numbering\NumberingProperties.cs","NumberingProperties","NumberingChange","Property","29"
"D:\OneDrive\VS\Projects\DocxDocument\DocumentModel.InOpenXml\Wordprocessing\Numbering\NumberingProperties.cs","NumberingProperties","NumberingId","Property","22"
"D:\OneDrive\VS\Projects\DocxDocument\DocumentModel.InOpenXml\Wordprocessing\Numbering\NumberingProperties.cs","NumberingProperties","NumberingLevelReference","Property","15"
"D:\OneDrive\VS\Projects\DocxDocument\DocumentModel.InOpenXml\Wordprocessing\Paragraph properties\Indentation.cs","Indentation","End","Property","53"
"D:\OneDrive\VS\Projects\DocxDocument\DocumentModel.InOpenXml\Wordprocessing\Paragraph properties\Indentation.cs","Indentation","EndCharacters","Property","68"
"D:\OneDrive\VS\Projects\DocxDocument\DocumentModel.InOpenXml\Wordprocessing\Paragraph properties\Indentation.cs","Indentation","FirstLine","Property","89"
"D:\OneDrive\VS\Projects\DocxDocument\DocumentModel.InOpenXml\Wordprocessing\Paragraph properties\Indentation.cs","Indentation","FirstLineChars","Property","96"
"D:\OneDrive\VS\Projects\DocxDocument\DocumentModel.InOpenXml\Wordprocessing\Paragraph properties\Indentation.cs","Indentation","Hanging","Property","75"
"D:\OneDrive\VS\Projects\DocxDocument\DocumentModel.InOpenXml\Wordprocessing\Paragraph properties\Indentation.cs","Indentation","HangingChars","Property","82"
"D:\OneDrive\VS\Projects\DocxDocument\DocumentModel.InOpenXml\Wordprocessing\Paragraph properties\Indentation.cs","Indentation","Left","Property","16"
"D:\OneDrive\VS\Projects\DocxDocument\DocumentModel.InOpenXml\Wordprocessing\Paragraph properties\Indentation.cs","Indentation","LeftChars","Property","31"
"D:\OneDrive\VS\Projects\DocxDocument\DocumentModel.InOpenXml\Wordprocessing\Paragraph properties\Indentation.cs","Indentation","Right","Property","46"
"D:\OneDrive\VS\Projects\DocxDocument\DocumentModel.InOpenXml\Wordprocessing\Paragraph properties\Indentation.cs","Indentation","RightChars","Property","61"
"D:\OneDrive\VS\Projects\DocxDocument\DocumentModel.InOpenXml\Wordprocessing\Paragraph properties\Indentation.cs","Indentation","Start","Property","23"
"D:\OneDrive\VS\Projects\DocxDocument\DocumentModel.InOpenXml\Wordprocessing\Paragraph properties\Indentation.cs","Indentation","StartCharacters","Property","38"
"D:\OneDrive\VS\Projects\DocxDocument\DocumentModel.InOpenXml\Wordprocessing\Paragraph properties\NoLineBreaksAfterKinsoku.cs","NoLineBreaksAfterKinsoku","Language","Property","15"
"D:\OneDrive\VS\Projects\DocxDocument\DocumentModel.InOpenXml\Wordprocessing\Paragraph properties\NoLineBreaksAfterKinsoku.cs","NoLineBreaksAfterKinsoku","Val","Property","22"
"D:\OneDrive\VS\Projects\DocxDocument\DocumentModel.InOpenXml\Wordprocessing\Paragraph properties\NoLineBreaksBeforeKinsoku.cs","NoLineBreaksBeforeKinsoku","Language","Property","15"
"D:\OneDrive\VS\Projects\DocxDocument\DocumentModel.InOpenXml\Wordprocessing\Paragraph properties\NoLineBreaksBeforeKinsoku.cs","NoLineBreaksBeforeKinsoku","Val","Property","22"
"D:\OneDrive\VS\Projects\DocxDocument\DocumentModel.InOpenXml\Wordprocessing\Paragraph properties\ParagraphBorders.cs","ParagraphBorders","BarBorder","Property","50"
"D:\OneDrive\VS\Projects\DocxDocument\DocumentModel.InOpenXml\Wordprocessing\Paragraph properties\ParagraphBorders.cs","ParagraphBorders","BetweenBorder","Property","43"
"D:\OneDrive\VS\Projects\DocxDocument\DocumentModel.InOpenXml\Wordprocessing\Paragraph properties\ParagraphBorders.cs","ParagraphBorders","BottomBorder","Property","29"
"D:\OneDrive\VS\Projects\DocxDocument\DocumentModel.InOpenXml\Wordprocessing\Paragraph properties\ParagraphBorders.cs","ParagraphBorders","LeftBorder","Property","22"
"D:\OneDrive\VS\Projects\DocxDocument\DocumentModel.InOpenXml\Wordprocessing\Paragraph properties\ParagraphBorders.cs","ParagraphBorders","RightBorder","Property","36"
"D:\OneDrive\VS\Projects\DocxDocument\DocumentModel.InOpenXml\Wordprocessing\Paragraph properties\ParagraphBorders.cs","ParagraphBorders","TopBorder","Property","15"
"D:\OneDrive\VS\Projects\DocxDocument\DocumentModel.InOpenXml\Wordprocessing\Paragraph properties\TabStop.cs","TabStop","Leader","Property","31"
"D:\OneDrive\VS\Projects\DocxDocument\DocumentModel.InOpenXml\Wordprocessing\Paragraph properties\TabStop.cs","TabStop","Position","Property","24"
"D:\OneDrive\VS\Projects\DocxDocument\DocumentModel.InOpenXml\Wordprocessing\Paragraph properties\TabStop.cs","TabStop","Type","Property","16"
"D:\OneDrive\VS\Projects\DocxDocument\DocumentModel.InOpenXml\Wordprocessing\Revisions\Person.cs","Person","Author","Property","21"
"D:\OneDrive\VS\Projects\DocxDocument\DocumentModel.InOpenXml\Wordprocessing\Revisions\Person.cs","Person","PresenceInfo","Property","28"
"D:\OneDrive\VS\Projects\DocxDocument\DocumentModel.InOpenXml\Wordprocessing\Revisions\PresenceInfo.cs","PresenceInfo","ProviderId","Property","15"
"D:\OneDrive\VS\Projects\DocxDocument\DocumentModel.InOpenXml\Wordprocessing\Revisions\PresenceInfo.cs","PresenceInfo","UserId","Property","22"
"D:\OneDrive\VS\Projects\DocxDocument\DocumentModel.InOpenXml\Wordprocessing\Ruby\Ruby.cs","Ruby","RubyBase","Property","29"
"D:\OneDrive\VS\Projects\DocxDocument\DocumentModel.InOpenXml\Wordprocessing\Ruby\Ruby.cs","Ruby","RubyContent","Property","22"
"D:\OneDrive\VS\Projects\DocxDocument\DocumentModel.InOpenXml\Wordprocessing\Ruby\Ruby.cs","Ruby","RubyProperties","Property","15"
"D:\OneDrive\VS\Projects\DocxDocument\DocumentModel.InOpenXml\Wordprocessing\Ruby\RubyProperties.cs","RubyProperties","Dirty","Property","50"
"D:\OneDrive\VS\Projects\DocxDocument\DocumentModel.InOpenXml\Wordprocessing\Ruby\RubyProperties.cs","RubyProperties","LanguageId","Property","43"
"D:\OneDrive\VS\Projects\DocxDocument\DocumentModel.InOpenXml\Wordprocessing\Ruby\RubyProperties.cs","RubyProperties","PhoneticGuideBaseTextSize","Property","36"
"D:\OneDrive\VS\Projects\DocxDocument\DocumentModel.InOpenXml\Wordprocessing\Ruby\RubyProperties.cs","RubyProperties","PhoneticGuideRaise","Property","29"
"D:\OneDrive\VS\Projects\DocxDocument\DocumentModel.InOpenXml\Wordprocessing\Ruby\RubyProperties.cs","RubyProperties","PhoneticGuideTextFontSize","Property","22"
"D:\OneDrive\VS\Projects\DocxDocument\DocumentModel.InOpenXml\Wordprocessing\Ruby\RubyProperties.cs","RubyProperties","RubyAlign","Property","15"
"D:\OneDrive\VS\Projects\DocxDocument\DocumentModel.InOpenXml\Wordprocessing\Run content\Break.cs","Break","Clear","Property","22"
"D:\OneDrive\VS\Projects\DocxDocument\DocumentModel.InOpenXml\Wordprocessing\Run content\Break.cs","Break","Type","Property","15"
"D:\OneDrive\VS\Projects\DocxDocument\DocumentModel.InOpenXml\Wordprocessing\Run content\ContentPart.cs","ContentPart","Id","Property","15"
"D:\OneDrive\VS\Projects\DocxDocument\DocumentModel.InOpenXml\Wordprocessing\Run content\PositionalTab.cs","PositionalTab","Alignment","Property","15"
"D:\OneDrive\VS\Projects\DocxDocument\DocumentModel.InOpenXml\Wordprocessing\Run content\PositionalTab.cs","PositionalTab","Leader","Property","29"
"D:\OneDrive\VS\Projects\DocxDocument\DocumentModel.InOpenXml\Wordprocessing\Run content\PositionalTab.cs","PositionalTab","RelativeTo","Property","22"
"D:\OneDrive\VS\Projects\DocxDocument\DocumentModel.InOpenXml\Wordprocessing\Run properties\EastAsianLayout.cs","EastAsianLayout","Combine","Property","22"
"D:\OneDrive\VS\Projects\DocxDocument\DocumentModel.InOpenXml\Wordprocessing\Run properties\EastAsianLayout.cs","EastAsianLayout","CombineBrackets","Property","29"
"D:\OneDrive\VS\Projects\DocxDocument\DocumentModel.InOpenXml\Wordprocessing\Run properties\EastAsianLayout.cs","EastAsianLayout","Id","Property","15"
"D:\OneDrive\VS\Projects\DocxDocument\DocumentModel.InOpenXml\Wordprocessing\Run properties\EastAsianLayout.cs","EastAsianLayout","Vertical","Property","36"
"D:\OneDrive\VS\Projects\DocxDocument\DocumentModel.InOpenXml\Wordprocessing\Run properties\EastAsianLayout.cs","EastAsianLayout","VerticalCompress","Property","43"
"D:\OneDrive\VS\Projects\DocxDocument\DocumentModel.InOpenXml\Wordprocessing\Run properties\FillTextEffect.cs","FillTextEffect","GradientFillProperties","Property","29"
"D:\OneDrive\VS\Projects\DocxDocument\DocumentModel.InOpenXml\Wordprocessing\Run properties\FillTextEffect.cs","FillTextEffect","NoFillEmpty","Property","15"
"D:\OneDrive\VS\Projects\DocxDocument\DocumentModel.InOpenXml\Wordprocessing\Run properties\FillTextEffect.cs","FillTextEffect","SolidColorFillProperties","Property","22"
"D:\OneDrive\VS\Projects\DocxDocument\DocumentModel.InOpenXml\Wordprocessing\Run properties\FitText.cs","FitText","Id","Property","15"
"D:\OneDrive\VS\Projects\DocxDocument\DocumentModel.InOpenXml\Wordprocessing\Run properties\FitText.cs","FitText","Width","Property","22"
"D:\OneDrive\VS\Projects\DocxDocument\DocumentModel.InOpenXml\Wordprocessing\Run properties\RunFonts.cs","RunFonts","AsciiTheme","Property","71"
"D:\OneDrive\VS\Projects\DocxDocument\DocumentModel.InOpenXml\Wordprocessing\Run properties\Underline.cs","Underline","Type","Property","15"
"D:\OneDrive\VS\Projects\DocxDocument\DocumentModel.InOpenXml\Wordprocessing\Sdt\SdtCell.cs","SdtCell","SdtEndCharProperties","Property","22"
"D:\OneDrive\VS\Projects\DocxDocument\DocumentModel.InOpenXml\Wordprocessing\Sdt\SdtCell.cs","SdtCell","SdtProperties","Property","15"
"D:\OneDrive\VS\Projects\DocxDocument\DocumentModel.InOpenXml\Wordprocessing\Sdt\SdtContentCheckBox.cs","SdtContentCheckBox","Checked","Property","15"
"D:\OneDrive\VS\Projects\DocxDocument\DocumentModel.InOpenXml\Wordprocessing\Sdt\SdtContentCheckBox.cs","SdtContentCheckBox","CheckedState","Property","22"
"D:\OneDrive\VS\Projects\DocxDocument\DocumentModel.InOpenXml\Wordprocessing\Sdt\SdtContentCheckBox.cs","SdtContentCheckBox","UncheckedState","Property","29"
"D:\OneDrive\VS\Projects\DocxDocument\DocumentModel.InOpenXml\Wordprocessing\Sdt\SdtContentDate.cs","SdtContentDate","Calendar","Property","43"
"D:\OneDrive\VS\Projects\DocxDocument\DocumentModel.InOpenXml\Wordprocessing\Sdt\SdtContentDate.cs","SdtContentDate","DateFormat","Property","22"
"D:\OneDrive\VS\Projects\DocxDocument\DocumentModel.InOpenXml\Wordprocessing\Sdt\SdtContentDate.cs","SdtContentDate","FullDate","Property","15"
"D:\OneDrive\VS\Projects\DocxDocument\DocumentModel.InOpenXml\Wordprocessing\Sdt\SdtContentDate.cs","SdtContentDate","LanguageId","Property","29"
"D:\OneDrive\VS\Projects\DocxDocument\DocumentModel.InOpenXml\Wordprocessing\Sdt\SdtContentDate.cs","SdtContentDate","SdtDateMappingType","Property","36"
"D:\OneDrive\VS\Projects\DocxDocument\DocumentModel.InOpenXml\Wordprocessing\Sdt\SdtContentDocPartList.cs","SdtContentDocPartList","DocPartCategory","Property","22"
"D:\OneDrive\VS\Projects\DocxDocument\DocumentModel.InOpenXml\Wordprocessing\Sdt\SdtContentDocPartList.cs","SdtContentDocPartList","DocPartGallery","Property","15"
"D:\OneDrive\VS\Projects\DocxDocument\DocumentModel.InOpenXml\Wordprocessing\Sdt\SdtContentDocPartList.cs","SdtContentDocPartList","DocPartUnique","Property","29"
"D:\OneDrive\VS\Projects\DocxDocument\DocumentModel.InOpenXml\Wordprocessing\Sdt\SdtContentDocPartObject.cs","SdtContentDocPartObject","DocPartCategory","Property","22"
"D:\OneDrive\VS\Projects\DocxDocument\DocumentModel.InOpenXml\Wordprocessing\Sdt\SdtContentDocPartObject.cs","SdtContentDocPartObject","DocPartGallery","Property","15"
"D:\OneDrive\VS\Projects\DocxDocument\DocumentModel.InOpenXml\Wordprocessing\Sdt\SdtContentDocPartObject.cs","SdtContentDocPartObject","DocPartUnique","Property","29"
"D:\OneDrive\VS\Projects\DocxDocument\DocumentModel.InOpenXml\Wordprocessing\Sdt\SdtContentText.cs","SdtContentText","MultiLine","Property","15"
"D:\OneDrive\VS\Projects\DocxDocument\DocumentModel.InOpenXml\Wordprocessing\Sdt\SdtDocPartType.cs","SdtDocPartType","DocPartCategory","Property","22"
"D:\OneDrive\VS\Projects\DocxDocument\DocumentModel.InOpenXml\Wordprocessing\Sdt\SdtDocPartType.cs","SdtDocPartType","DocPartGallery","Property","15"
"D:\OneDrive\VS\Projects\DocxDocument\DocumentModel.InOpenXml\Wordprocessing\Sdt\SdtDocPartType.cs","SdtDocPartType","DocPartUnique","Property","29"
"D:\OneDrive\VS\Projects\DocxDocument\DocumentModel.InOpenXml\Wordprocessing\Sdt\SdtElement.cs","SdtElement","SdtEndCharProperties","Property","22"
"D:\OneDrive\VS\Projects\DocxDocument\DocumentModel.InOpenXml\Wordprocessing\Sdt\SdtElement.cs","SdtElement","SdtProperties","Property","15"
"D:\OneDrive\VS\Projects\DocxDocument\DocumentModel.InOpenXml\Wordprocessing\Sdt\SdtPlaceholder.cs","SdtPlaceholder","DocPartReference","Property","15"
"D:\OneDrive\VS\Projects\DocxDocument\DocumentModel.InOpenXml\Wordprocessing\Sdt\SdtRepeatedSection.cs","SdtRepeatedSection","DoNotAllowInsertDeleteSection","Property","22"
"D:\OneDrive\VS\Projects\DocxDocument\DocumentModel.InOpenXml\Wordprocessing\Sdt\SdtRepeatedSection.cs","SdtRepeatedSection","SectionTitle","Property","15"
"D:\OneDrive\VS\Projects\DocxDocument\DocumentModel.InOpenXml\Wordprocessing\Sdt\SdtRow.cs","SdtRow","SdtEndCharProperties","Property","22"
"D:\OneDrive\VS\Projects\DocxDocument\DocumentModel.InOpenXml\Wordprocessing\Sdt\SdtRow.cs","SdtRow","SdtProperties","Property","15"
"D:\OneDrive\VS\Projects\DocxDocument\DocumentModel.InOpenXml\Wordprocessing\Sdt\SdtRun.cs","SdtRun","SdtEndCharProperties","Property","22"
"D:\OneDrive\VS\Projects\DocxDocument\DocumentModel.InOpenXml\Wordprocessing\Sdt\SdtRun.cs","SdtRun","SdtProperties","Property","15"
"D:\OneDrive\VS\Projects\DocxDocument\DocumentModel.InOpenXml\Wordprocessing\Sdt\SdtRunRuby.cs","SdtRunRuby","SdtEndCharProperties","Property","22"
"D:\OneDrive\VS\Projects\DocxDocument\DocumentModel.InOpenXml\Wordprocessing\Sdt\SdtRunRuby.cs","SdtRunRuby","SdtProperties","Property","15"
"D:\OneDrive\VS\Projects\DocxDocument\DocumentModel.InOpenXml\Wordprocessing\Sections\LineNumberType.cs","LineNumberType","CountBy","Property","15"
"D:\OneDrive\VS\Projects\DocxDocument\DocumentModel.InOpenXml\Wordprocessing\Sections\LineNumberType.cs","LineNumberType","Distance","Property","29"
"D:\OneDrive\VS\Projects\DocxDocument\DocumentModel.InOpenXml\Wordprocessing\Sections\LineNumberType.cs","LineNumberType","Restart","Property","36"
"D:\OneDrive\VS\Projects\DocxDocument\DocumentModel.InOpenXml\Wordprocessing\Sections\LineNumberType.cs","LineNumberType","Start","Property","22"
"D:\OneDrive\VS\Projects\DocxDocument\DocumentModel.InOpenXml\Wordprocessing\Sections\PageBorders.cs","PageBorders","BottomBorder","Property","50"
"D:\OneDrive\VS\Projects\DocxDocument\DocumentModel.InOpenXml\Wordprocessing\Sections\PageBorders.cs","PageBorders","Display","Property","22"
"D:\OneDrive\VS\Projects\DocxDocument\DocumentModel.InOpenXml\Wordprocessing\Sections\PageBorders.cs","PageBorders","LeftBorder","Property","43"
"D:\OneDrive\VS\Projects\DocxDocument\DocumentModel.InOpenXml\Wordprocessing\Sections\PageBorders.cs","PageBorders","OffsetFrom","Property","29"
"D:\OneDrive\VS\Projects\DocxDocument\DocumentModel.InOpenXml\Wordprocessing\Sections\PageBorders.cs","PageBorders","RightBorder","Property","57"
"D:\OneDrive\VS\Projects\DocxDocument\DocumentModel.InOpenXml\Wordprocessing\Sections\PageBorders.cs","PageBorders","TopBorder","Property","36"
"D:\OneDrive\VS\Projects\DocxDocument\DocumentModel.InOpenXml\Wordprocessing\Sections\PageBorders.cs","PageBorders","ZOrder","Property","15"
"D:\OneDrive\VS\Projects\DocxDocument\DocumentModel.InOpenXml\Wordprocessing\Sections\PageMargin.cs","PageMargin","Bottom","Property","29"
"D:\OneDrive\VS\Projects\DocxDocument\DocumentModel.InOpenXml\Wordprocessing\Sections\PageMargin.cs","PageMargin","Footer","Property","50"
"D:\OneDrive\VS\Projects\DocxDocument\DocumentModel.InOpenXml\Wordprocessing\Sections\PageMargin.cs","PageMargin","Gutter","Property","57"
"D:\OneDrive\VS\Projects\DocxDocument\DocumentModel.InOpenXml\Wordprocessing\Sections\PageMargin.cs","PageMargin","Header","Property","43"
"D:\OneDrive\VS\Projects\DocxDocument\DocumentModel.InOpenXml\Wordprocessing\Sections\PageMargin.cs","PageMargin","Left","Property","36"
"D:\OneDrive\VS\Projects\DocxDocument\DocumentModel.InOpenXml\Wordprocessing\Sections\PageMargin.cs","PageMargin","Right","Property","22"
"D:\OneDrive\VS\Projects\DocxDocument\DocumentModel.InOpenXml\Wordprocessing\Sections\PageMargin.cs","PageMargin","Top","Property","15"
"D:\OneDrive\VS\Projects\DocxDocument\DocumentModel.InOpenXml\Wordprocessing\Sections\PageNumberType.cs","PageNumberType","ChapterSeparator","Property","52"
"D:\OneDrive\VS\Projects\DocxDocument\DocumentModel.InOpenXml\Wordprocessing\Sections\PageNumberType.cs","PageNumberType","ChapterStyle","Property","45"
"D:\OneDrive\VS\Projects\DocxDocument\DocumentModel.InOpenXml\Wordprocessing\Sections\PageNumberType.cs","PageNumberType","Format","Property","15"
"D:\OneDrive\VS\Projects\DocxDocument\DocumentModel.InOpenXml\Wordprocessing\Sections\PageNumberType.cs","PageNumberType","Start","Property","22"
"D:\OneDrive\VS\Projects\DocxDocument\DocumentModel.InOpenXml\Wordprocessing\Sections\PageSize.cs","PageSize","Height","Property","22"
"D:\OneDrive\VS\Projects\DocxDocument\DocumentModel.InOpenXml\Wordprocessing\Sections\PageSize.cs","PageSize","Orient","Property","29"
"D:\OneDrive\VS\Projects\DocxDocument\DocumentModel.InOpenXml\Wordprocessing\Sections\PageSize.cs","PageSize","Width","Property","15"
"D:\OneDrive\VS\Projects\DocxDocument\DocumentModel.InOpenXml\Wordprocessing\Sections\PaperSource.cs","PaperSource","First","Property","15"
"D:\OneDrive\VS\Projects\DocxDocument\DocumentModel.InOpenXml\Wordprocessing\Sections\PaperSource.cs","PaperSource","Other","Property","22"
"D:\OneDrive\VS\Projects\DocxDocument\DocumentModel.InOpenXml\Wordprocessing\Sections\TextColumn.cs","TextColumn","Space","Property","22"
"D:\OneDrive\VS\Projects\DocxDocument\DocumentModel.InOpenXml\Wordprocessing\Sections\TextColumn.cs","TextColumn","Width","Property","15"
"D:\OneDrive\VS\Projects\DocxDocument\DocumentModel.InOpenXml\Wordprocessing\Sections\TextColumns.cs","TextColumns","ColumnCount","Property","29"
"D:\OneDrive\VS\Projects\DocxDocument\DocumentModel.InOpenXml\Wordprocessing\Sections\TextColumns.cs","TextColumns","EqualWidth","Property","15"
"D:\OneDrive\VS\Projects\DocxDocument\DocumentModel.InOpenXml\Wordprocessing\Sections\TextColumns.cs","TextColumns","Separator","Property","36"
"D:\OneDrive\VS\Projects\DocxDocument\DocumentModel.InOpenXml\Wordprocessing\Sections\TextColumns.cs","TextColumns","Space","Property","22"
"D:\OneDrive\VS\Projects\DocxDocument\DocumentModel.InOpenXml\Wordprocessing\Settings\ActiveWritingStyle.cs","ActiveWritingStyle","ApplicationName","Property","16"
"D:\OneDrive\VS\Projects\DocxDocument\DocumentModel.InOpenXml\Wordprocessing\Settings\ActiveWritingStyle.cs","ActiveWritingStyle","CheckStyle","Property","26"
"D:\OneDrive\VS\Projects\DocxDocument\DocumentModel.InOpenXml\Wordprocessing\Settings\ActiveWritingStyle.cs","ActiveWritingStyle","DllVersion","Property","34"
"D:\OneDrive\VS\Projects\DocxDocument\DocumentModel.InOpenXml\Wordprocessing\Settings\ActiveWritingStyle.cs","ActiveWritingStyle","Language","Property","49"
"D:\OneDrive\VS\Projects\DocxDocument\DocumentModel.InOpenXml\Wordprocessing\Settings\ActiveWritingStyle.cs","ActiveWritingStyle","NaturalLanguageGrammarCheck","Property","57"
"D:\OneDrive\VS\Projects\DocxDocument\DocumentModel.InOpenXml\Wordprocessing\Settings\ActiveWritingStyle.cs","ActiveWritingStyle","VendorID","Property","42"
"D:\OneDrive\VS\Projects\DocxDocument\DocumentModel.InOpenXml\Wordprocessing\Settings\AutoCaption.cs","AutoCaption","Caption","Property","26"
"D:\OneDrive\VS\Projects\DocxDocument\DocumentModel.InOpenXml\Wordprocessing\Settings\AutoCaption.cs","AutoCaption","Name","Property","16"
"D:\OneDrive\VS\Projects\DocxDocument\DocumentModel.InOpenXml\Wordprocessing\Settings\CaptionDefinition.cs","CaptionDefinition","ChapterNumber","Property","40"
"D:\OneDrive\VS\Projects\DocxDocument\DocumentModel.InOpenXml\Wordprocessing\Settings\CaptionDefinition.cs","CaptionDefinition","Heading","Property","49"
"D:\OneDrive\VS\Projects\DocxDocument\DocumentModel.InOpenXml\Wordprocessing\Settings\CaptionDefinition.cs","CaptionDefinition","Name","Property","23"
"D:\OneDrive\VS\Projects\DocxDocument\DocumentModel.InOpenXml\Wordprocessing\Settings\CaptionDefinition.cs","CaptionDefinition","NoLabel","Property","58"
"D:\OneDrive\VS\Projects\DocxDocument\DocumentModel.InOpenXml\Wordprocessing\Settings\CaptionDefinition.cs","CaptionDefinition","NumberFormat","Property","65"
"D:\OneDrive\VS\Projects\DocxDocument\DocumentModel.InOpenXml\Wordprocessing\Settings\CaptionDefinition.cs","CaptionDefinition","Position","Property","30"
"D:\OneDrive\VS\Projects\DocxDocument\DocumentModel.InOpenXml\Wordprocessing\Settings\CaptionDefinition.cs","CaptionDefinition","Separator","Property","81"
"D:\OneDrive\VS\Projects\DocxDocument\DocumentModel.InOpenXml\Wordprocessing\Settings\CompatibilitySetting.cs","CompatibilitySetting","Name","Property","15"
"D:\OneDrive\VS\Projects\DocxDocument\DocumentModel.InOpenXml\Wordprocessing\Settings\CompatibilitySetting.cs","CompatibilitySetting","Val","Property","28"
"D:\OneDrive\VS\Projects\DocxDocument\DocumentModel.InOpenXml\Wordprocessing\Settings\DivBorders.cs","DivBorders","BottomBorder","Property","29"
"D:\OneDrive\VS\Projects\DocxDocument\DocumentModel.InOpenXml\Wordprocessing\Settings\DivBorders.cs","DivBorders","LeftBorder","Property","22"
"D:\OneDrive\VS\Projects\DocxDocument\DocumentModel.InOpenXml\Wordprocessing\Settings\DivBorders.cs","DivBorders","RightBorder","Property","36"
"D:\OneDrive\VS\Projects\DocxDocument\DocumentModel.InOpenXml\Wordprocessing\Settings\DivBorders.cs","DivBorders","TopBorder","Property","15"
"D:\OneDrive\VS\Projects\DocxDocument\DocumentModel.InOpenXml\Wordprocessing\Settings\DivElement.cs","DivElement","DivBorder","Property","58"
"D:\OneDrive\VS\Projects\DocxDocument\DocumentModel.InOpenXml\Wordprocessing\Settings\DivElement.cs","DivElement","Id","Property","15"
"D:\OneDrive\VS\Projects\DocxDocument\DocumentModel.InOpenXml\Wordprocessing\Settings\FixedCommandKeyboardCustomization.cs","FixedCommandKeyboardCustomization","Argument","Property","29"
"D:\OneDrive\VS\Projects\DocxDocument\DocumentModel.InOpenXml\Wordprocessing\Settings\FixedCommandKeyboardCustomization.cs","FixedCommandKeyboardCustomization","CommandIndex","Property","22"
"D:\OneDrive\VS\Projects\DocxDocument\DocumentModel.InOpenXml\Wordprocessing\Settings\FixedCommandKeyboardCustomization.cs","FixedCommandKeyboardCustomization","CommandName","Property","15"
"D:\OneDrive\VS\Projects\DocxDocument\DocumentModel.InOpenXml\Wordprocessing\Settings\ProofState.cs","ProofState","Grammar","Property","22"
"D:\OneDrive\VS\Projects\DocxDocument\DocumentModel.InOpenXml\Wordprocessing\Settings\ProofState.cs","ProofState","Spelling","Property","15"
"D:\OneDrive\VS\Projects\DocxDocument\DocumentModel.InOpenXml\Wordprocessing\Settings\WebSettings.cs","WebSettings","AllowPNG","Property","50"
"D:\OneDrive\VS\Projects\DocxDocument\DocumentModel.InOpenXml\Wordprocessing\Settings\WebSettings.cs","WebSettings","Divs","Property","22"
"D:\OneDrive\VS\Projects\DocxDocument\DocumentModel.InOpenXml\Wordprocessing\Settings\WebSettings.cs","WebSettings","DoNotOrganizeInFolder","Property","71"
"D:\OneDrive\VS\Projects\DocxDocument\DocumentModel.InOpenXml\Wordprocessing\Settings\WebSettings.cs","WebSettings","DoNotRelyOnCSS","Property","57"
"D:\OneDrive\VS\Projects\DocxDocument\DocumentModel.InOpenXml\Wordprocessing\Settings\WebSettings.cs","WebSettings","DoNotSaveAsSingleFile","Property","64"
"D:\OneDrive\VS\Projects\DocxDocument\DocumentModel.InOpenXml\Wordprocessing\Settings\WebSettings.cs","WebSettings","DoNotUseLongFileNames","Property","78"
"D:\OneDrive\VS\Projects\DocxDocument\DocumentModel.InOpenXml\Wordprocessing\Settings\WebSettings.cs","WebSettings","Frameset","Property","15"
"D:\OneDrive\VS\Projects\DocxDocument\DocumentModel.InOpenXml\Wordprocessing\Settings\WebSettings.cs","WebSettings","OptimizeForBrowser","Property","36"
"D:\OneDrive\VS\Projects\DocxDocument\DocumentModel.InOpenXml\Wordprocessing\Settings\WebSettings.cs","WebSettings","PixelsPerInch","Property","85"
"D:\OneDrive\VS\Projects\DocxDocument\DocumentModel.InOpenXml\Wordprocessing\Settings\WebSettings.cs","WebSettings","RelyOnVML","Property","43"
"D:\OneDrive\VS\Projects\DocxDocument\DocumentModel.InOpenXml\Wordprocessing\Settings\WebSettings.cs","WebSettings","TargetScreenSize","Property","92"
"D:\OneDrive\VS\Projects\DocxDocument\DocumentModel.InOpenXml\Wordprocessing\Settings\WebSettings.cs","WebSettings","WebPageEncoding","Property","29"
"D:\OneDrive\VS\Projects\DocxDocument\DocumentModel.InOpenXml\Wordprocessing\Settings\WriteProtection.cs","WriteProtection","AlgorithmIdExtensibility","Property","71"
"D:\OneDrive\VS\Projects\DocxDocument\DocumentModel.InOpenXml\Wordprocessing\Settings\WriteProtection.cs","WriteProtection","AlgorithmIdExtensibilitySource","Property","79"
"D:\OneDrive\VS\Projects\DocxDocument\DocumentModel.InOpenXml\Wordprocessing\Settings\WriteProtection.cs","WriteProtection","AlgorithmName","Property","119"
"D:\OneDrive\VS\Projects\DocxDocument\DocumentModel.InOpenXml\Wordprocessing\Settings\WriteProtection.cs","WriteProtection","CryptographicAlgorithmClass","Property","31"
"D:\OneDrive\VS\Projects\DocxDocument\DocumentModel.InOpenXml\Wordprocessing\Settings\WriteProtection.cs","WriteProtection","CryptographicAlgorithmSid","Property","47"
"D:\OneDrive\VS\Projects\DocxDocument\DocumentModel.InOpenXml\Wordprocessing\Settings\WriteProtection.cs","WriteProtection","CryptographicAlgorithmType","Property","39"
"D:\OneDrive\VS\Projects\DocxDocument\DocumentModel.InOpenXml\Wordprocessing\Settings\WriteProtection.cs","WriteProtection","CryptographicProvider","Property","63"
"D:\OneDrive\VS\Projects\DocxDocument\DocumentModel.InOpenXml\Wordprocessing\Settings\WriteProtection.cs","WriteProtection","CryptographicProviderType","Property","23"
"D:\OneDrive\VS\Projects\DocxDocument\DocumentModel.InOpenXml\Wordprocessing\Settings\WriteProtection.cs","WriteProtection","CryptographicProviderTypeExtensibility","Property","87"
"D:\OneDrive\VS\Projects\DocxDocument\DocumentModel.InOpenXml\Wordprocessing\Settings\WriteProtection.cs","WriteProtection","CryptographicProviderTypeExtSource","Property","95"
"D:\OneDrive\VS\Projects\DocxDocument\DocumentModel.InOpenXml\Wordprocessing\Settings\WriteProtection.cs","WriteProtection","CryptographicSpinCount","Property","55"
"D:\OneDrive\VS\Projects\DocxDocument\DocumentModel.InOpenXml\Wordprocessing\Settings\WriteProtection.cs","WriteProtection","Hash","Property","103"
"D:\OneDrive\VS\Projects\DocxDocument\DocumentModel.InOpenXml\Wordprocessing\Settings\WriteProtection.cs","WriteProtection","HashValue","Property","126"
"D:\OneDrive\VS\Projects\DocxDocument\DocumentModel.InOpenXml\Wordprocessing\Settings\WriteProtection.cs","WriteProtection","Recommended","Property","15"
"D:\OneDrive\VS\Projects\DocxDocument\DocumentModel.InOpenXml\Wordprocessing\Settings\WriteProtection.cs","WriteProtection","Salt","Property","111"
"D:\OneDrive\VS\Projects\DocxDocument\DocumentModel.InOpenXml\Wordprocessing\Settings\WriteProtection.cs","WriteProtection","SaltValue","Property","133"
"D:\OneDrive\VS\Projects\DocxDocument\DocumentModel.InOpenXml\Wordprocessing\Settings\WriteProtection.cs","WriteProtection","SpinCount","Property","140"
"D:\OneDrive\VS\Projects\DocxDocument\DocumentModel.InOpenXml\Wordprocessing\Styles\LatentStyle.cs","LatentStyle","Locked","Property","22"
"D:\OneDrive\VS\Projects\DocxDocument\DocumentModel.InOpenXml\Wordprocessing\Styles\LatentStyle.cs","LatentStyle","Name","Property","15"
"D:\OneDrive\VS\Projects\DocxDocument\DocumentModel.InOpenXml\Wordprocessing\Styles\LatentStyle.cs","LatentStyle","PrimaryStyle","Property","50"
"D:\OneDrive\VS\Projects\DocxDocument\DocumentModel.InOpenXml\Wordprocessing\Styles\LatentStyle.cs","LatentStyle","SemiHidden","Property","36"
"D:\OneDrive\VS\Projects\DocxDocument\DocumentModel.InOpenXml\Wordprocessing\Styles\LatentStyle.cs","LatentStyle","UiPriority","Property","29"
"D:\OneDrive\VS\Projects\DocxDocument\DocumentModel.InOpenXml\Wordprocessing\Styles\LatentStyle.cs","LatentStyle","UnhideWhenUsed","Property","43"
"D:\OneDrive\VS\Projects\DocxDocument\DocumentModel.InOpenXml\Wordprocessing\Styles\Style.cs","Style","BasedOn","Property","53"
"D:\OneDrive\VS\Projects\DocxDocument\DocumentModel.InOpenXml\Wordprocessing\Styles\Style.cs","Style","IsAutoRedefined","Property","75"
"D:\OneDrive\VS\Projects\DocxDocument\DocumentModel.InOpenXml\Wordprocessing\Styles\Style.cs","Style","IsCustom","Property","46"
"D:\OneDrive\VS\Projects\DocxDocument\DocumentModel.InOpenXml\Wordprocessing\Styles\Style.cs","Style","IsDefault","Property","39"
"D:\OneDrive\VS\Projects\DocxDocument\DocumentModel.InOpenXml\Wordprocessing\Styles\Style.cs","Style","IsLocked","Property","161"
"D:\OneDrive\VS\Projects\DocxDocument\DocumentModel.InOpenXml\Wordprocessing\Styles\Style.cs","Style","IsPersonal","Property","168"
"D:\OneDrive\VS\Projects\DocxDocument\DocumentModel.InOpenXml\Wordprocessing\Styles\Style.cs","Style","IsPersonalCompose","Property","178"
"D:\OneDrive\VS\Projects\DocxDocument\DocumentModel.InOpenXml\Wordprocessing\Styles\Style.cs","Style","IsPersonalReply","Property","186"
"D:\OneDrive\VS\Projects\DocxDocument\DocumentModel.InOpenXml\Wordprocessing\Styles\Style.cs","Style","IsPrimary","Property","153"
"D:\OneDrive\VS\Projects\DocxDocument\DocumentModel.InOpenXml\Wordprocessing\Styles\Style.cs","Style","LinkedStyle","Property","67"
"D:\OneDrive\VS\Projects\DocxDocument\DocumentModel.InOpenXml\Wordprocessing\Styles\Style.cs","Style","NextParagraphStyle","Property","60"
"D:\OneDrive\VS\Projects\DocxDocument\DocumentModel.InOpenXml\Wordprocessing\Styles\Style.cs","Style","Rsid","Property","193"
"D:\OneDrive\VS\Projects\DocxDocument\DocumentModel.InOpenXml\Wordprocessing\Styles\Style.cs","Style","StyleId","Property","25"
"D:\OneDrive\VS\Projects\DocxDocument\DocumentModel.InOpenXml\Wordprocessing\Styles\Style.cs","Style","StyleName","Property","32"
"D:\OneDrive\VS\Projects\DocxDocument\DocumentModel.InOpenXml\Wordprocessing\Styles\Style.cs","Style","Type","Property","18"
"D:\OneDrive\VS\Projects\DocxDocument\DocumentModel.InOpenXml\Wordprocessing\Styles\Style.cs","Style","UIPriority","Property","145"
"D:\OneDrive\VS\Projects\DocxDocument\DocumentModel.InOpenXml\Wordprocessing\Styles\StylePaneFormatFilter.cs","StylePaneFormatFilter","AllStyles","Property","23"
"D:\OneDrive\VS\Projects\DocxDocument\DocumentModel.InOpenXml\Wordprocessing\Styles\StylePaneFormatFilter.cs","StylePaneFormatFilter","AlternateStyleNames","Property","121"
"D:\OneDrive\VS\Projects\DocxDocument\DocumentModel.InOpenXml\Wordprocessing\Styles\StylePaneFormatFilter.cs","StylePaneFormatFilter","ClearFormatting","Property","100"
"D:\OneDrive\VS\Projects\DocxDocument\DocumentModel.InOpenXml\Wordprocessing\Styles\StylePaneFormatFilter.cs","StylePaneFormatFilter","CustomStyles","Property","30"
"D:\OneDrive\VS\Projects\DocxDocument\DocumentModel.InOpenXml\Wordprocessing\Styles\StylePaneFormatFilter.cs","StylePaneFormatFilter","DirectFormattingOnNumbering","Property","86"
"D:\OneDrive\VS\Projects\DocxDocument\DocumentModel.InOpenXml\Wordprocessing\Styles\StylePaneFormatFilter.cs","StylePaneFormatFilter","DirectFormattingOnParagraphs","Property","79"
"D:\OneDrive\VS\Projects\DocxDocument\DocumentModel.InOpenXml\Wordprocessing\Styles\StylePaneFormatFilter.cs","StylePaneFormatFilter","DirectFormattingOnRuns","Property","72"
"D:\OneDrive\VS\Projects\DocxDocument\DocumentModel.InOpenXml\Wordprocessing\Styles\StylePaneFormatFilter.cs","StylePaneFormatFilter","DirectFormattingOnTables","Property","93"
"D:\OneDrive\VS\Projects\DocxDocument\DocumentModel.InOpenXml\Wordprocessing\Styles\StylePaneFormatFilter.cs","StylePaneFormatFilter","HeadingStyles","Property","51"
"D:\OneDrive\VS\Projects\DocxDocument\DocumentModel.InOpenXml\Wordprocessing\Styles\StylePaneFormatFilter.cs","StylePaneFormatFilter","LatentStyles","Property","37"
"D:\OneDrive\VS\Projects\DocxDocument\DocumentModel.InOpenXml\Wordprocessing\Styles\StylePaneFormatFilter.cs","StylePaneFormatFilter","NumberingStyles","Property","58"
"D:\OneDrive\VS\Projects\DocxDocument\DocumentModel.InOpenXml\Wordprocessing\Styles\StylePaneFormatFilter.cs","StylePaneFormatFilter","StylesInUse","Property","44"
"D:\OneDrive\VS\Projects\DocxDocument\DocumentModel.InOpenXml\Wordprocessing\Styles\StylePaneFormatFilter.cs","StylePaneFormatFilter","TableStyles","Property","65"
"D:\OneDrive\VS\Projects\DocxDocument\DocumentModel.InOpenXml\Wordprocessing\Styles\StylePaneFormatFilter.cs","StylePaneFormatFilter","Top3HeadingStyles","Property","107"
"D:\OneDrive\VS\Projects\DocxDocument\DocumentModel.InOpenXml\Wordprocessing\Styles\StylePaneFormatFilter.cs","StylePaneFormatFilter","Val","Property","16"
"D:\OneDrive\VS\Projects\DocxDocument\DocumentModel.InOpenXml\Wordprocessing\Styles\StylePaneFormatFilter.cs","StylePaneFormatFilter","VisibleStyles","Property","114"
"D:\OneDrive\VS\Projects\DocxDocument\DocumentModel.InOpenXml\Wordprocessing\Styles\StyleSet.cs","StyleSet","Id","Property","15"
"D:\OneDrive\VS\Projects\DocxDocument\DocumentModel.InOpenXml\Wordprocessing\Styles\StyleSet.cs","StyleSet","Val","Property","22"
"D:\OneDrive\VS\Projects\DocxDocument\DocumentModel.InOpenXml\Wordprocessing\Table properties\GridColumn.cs","GridColumn","Width","Property","14"
"D:\OneDrive\VS\Projects\DocxDocument\DocumentModel.InOpenXml\Wordprocessing\Table properties\TableBorders.cs","TableBorders","BottomBorder","Property","36"
"D:\OneDrive\VS\Projects\DocxDocument\DocumentModel.InOpenXml\Wordprocessing\Table properties\TableBorders.cs","TableBorders","EndBorder","Property","50"
"D:\OneDrive\VS\Projects\DocxDocument\DocumentModel.InOpenXml\Wordprocessing\Table properties\TableBorders.cs","TableBorders","InsideHorizontalBorder","Property","57"
"D:\OneDrive\VS\Projects\DocxDocument\DocumentModel.InOpenXml\Wordprocessing\Table properties\TableBorders.cs","TableBorders","InsideVerticalBorder","Property","64"
"D:\OneDrive\VS\Projects\DocxDocument\DocumentModel.InOpenXml\Wordprocessing\Table properties\TableBorders.cs","TableBorders","LeftBorder","Property","22"
"D:\OneDrive\VS\Projects\DocxDocument\DocumentModel.InOpenXml\Wordprocessing\Table properties\TableBorders.cs","TableBorders","RightBorder","Property","43"
"D:\OneDrive\VS\Projects\DocxDocument\DocumentModel.InOpenXml\Wordprocessing\Table properties\TableBorders.cs","TableBorders","StartBorder","Property","29"
"D:\OneDrive\VS\Projects\DocxDocument\DocumentModel.InOpenXml\Wordprocessing\Table properties\TableBorders.cs","TableBorders","TopBorder","Property","15"
"D:\OneDrive\VS\Projects\DocxDocument\DocumentModel.InOpenXml\Wordprocessing\Table properties\TableCellBorders.cs","TableCellBorders","BottomBorder","Property","36"
"D:\OneDrive\VS\Projects\DocxDocument\DocumentModel.InOpenXml\Wordprocessing\Table properties\TableCellBorders.cs","TableCellBorders","EndBorder","Property","50"
"D:\OneDrive\VS\Projects\DocxDocument\DocumentModel.InOpenXml\Wordprocessing\Table properties\TableCellBorders.cs","TableCellBorders","InsideHorizontalBorder","Property","57"
"D:\OneDrive\VS\Projects\DocxDocument\DocumentModel.InOpenXml\Wordprocessing\Table properties\TableCellBorders.cs","TableCellBorders","InsideVerticalBorder","Property","64"
"D:\OneDrive\VS\Projects\DocxDocument\DocumentModel.InOpenXml\Wordprocessing\Table properties\TableCellBorders.cs","TableCellBorders","LeftBorder","Property","22"
"D:\OneDrive\VS\Projects\DocxDocument\DocumentModel.InOpenXml\Wordprocessing\Table properties\TableCellBorders.cs","TableCellBorders","RightBorder","Property","43"
"D:\OneDrive\VS\Projects\DocxDocument\DocumentModel.InOpenXml\Wordprocessing\Table properties\TableCellBorders.cs","TableCellBorders","StartBorder","Property","29"
"D:\OneDrive\VS\Projects\DocxDocument\DocumentModel.InOpenXml\Wordprocessing\Table properties\TableCellBorders.cs","TableCellBorders","TopBorder","Property","15"
"D:\OneDrive\VS\Projects\DocxDocument\DocumentModel.InOpenXml\Wordprocessing\Table properties\TableCellBorders.cs","TableCellBorders","TopLeftToBottomRightCellBorder","Property","71"
"D:\OneDrive\VS\Projects\DocxDocument\DocumentModel.InOpenXml\Wordprocessing\Table properties\TableCellBorders.cs","TableCellBorders","TopRightToBottomLeftCellBorder","Property","78"
"D:\OneDrive\VS\Projects\DocxDocument\DocumentModel.InOpenXml\Wordprocessing\Table properties\TableCellMargin.cs","TableCellMargin","BottomMargin","Property","44"
"D:\OneDrive\VS\Projects\DocxDocument\DocumentModel.InOpenXml\Wordprocessing\Table properties\TableCellMargin.cs","TableCellMargin","EndMargin","Property","59"
"D:\OneDrive\VS\Projects\DocxDocument\DocumentModel.InOpenXml\Wordprocessing\Table properties\TableCellMargin.cs","TableCellMargin","LeftMargin","Property","29"
"D:\OneDrive\VS\Projects\DocxDocument\DocumentModel.InOpenXml\Wordprocessing\Table properties\TableCellMargin.cs","TableCellMargin","RightMargin","Property","51"
"D:\OneDrive\VS\Projects\DocxDocument\DocumentModel.InOpenXml\Wordprocessing\Table properties\TableCellMargin.cs","TableCellMargin","StartMargin","Property","37"
"D:\OneDrive\VS\Projects\DocxDocument\DocumentModel.InOpenXml\Wordprocessing\Table properties\TableCellMargin.cs","TableCellMargin","TopMargin","Property","22"
"D:\OneDrive\VS\Projects\DocxDocument\DocumentModel.InOpenXml\Wordprocessing\Table properties\TableGridChange.cs","TableGridChange","PreviousTableGrid","Property","21"
"D:\OneDrive\VS\Projects\DocxDocument\DocumentModel.InOpenXml\Wordprocessing\Table properties\TableLayout.cs","TableLayout","Type","Property","15"
"D:\OneDrive\VS\Projects\DocxDocument\DocumentModel.InOpenXml\Wordprocessing\Table properties\TableLook.cs","TableLook","FirstColumn","Property","36"
"D:\OneDrive\VS\Projects\DocxDocument\DocumentModel.InOpenXml\Wordprocessing\Table properties\TableLook.cs","TableLook","FirstRow","Property","22"
"D:\OneDrive\VS\Projects\DocxDocument\DocumentModel.InOpenXml\Wordprocessing\Table properties\TableLook.cs","TableLook","LastColumn","Property","43"
"D:\OneDrive\VS\Projects\DocxDocument\DocumentModel.InOpenXml\Wordprocessing\Table properties\TableLook.cs","TableLook","LastRow","Property","29"
"D:\OneDrive\VS\Projects\DocxDocument\DocumentModel.InOpenXml\Wordprocessing\Table properties\TableLook.cs","TableLook","NoHorizontalBand","Property","50"
"D:\OneDrive\VS\Projects\DocxDocument\DocumentModel.InOpenXml\Wordprocessing\Table properties\TableLook.cs","TableLook","NoVerticalBand","Property","57"
"D:\OneDrive\VS\Projects\DocxDocument\DocumentModel.InOpenXml\Wordprocessing\Table properties\TableLook.cs","TableLook","Val","Property","15"
"D:\OneDrive\VS\Projects\DocxDocument\DocumentModel.InOpenXml\Wordprocessing\Table properties\TablePositionProperties.cs","TablePositionProperties","BottomFromText","Property","36"
"D:\OneDrive\VS\Projects\DocxDocument\DocumentModel.InOpenXml\Wordprocessing\Table properties\TablePositionProperties.cs","TablePositionProperties","HorizontalAnchor","Property","50"
"D:\OneDrive\VS\Projects\DocxDocument\DocumentModel.InOpenXml\Wordprocessing\Table properties\TablePositionProperties.cs","TablePositionProperties","LeftFromText","Property","15"
"D:\OneDrive\VS\Projects\DocxDocument\DocumentModel.InOpenXml\Wordprocessing\Table properties\TablePositionProperties.cs","TablePositionProperties","RightFromText","Property","22"
"D:\OneDrive\VS\Projects\DocxDocument\DocumentModel.InOpenXml\Wordprocessing\Table properties\TablePositionProperties.cs","TablePositionProperties","TablePositionX","Property","64"
"D:\OneDrive\VS\Projects\DocxDocument\DocumentModel.InOpenXml\Wordprocessing\Table properties\TablePositionProperties.cs","TablePositionProperties","TablePositionXAlignment","Property","57"
"D:\OneDrive\VS\Projects\DocxDocument\DocumentModel.InOpenXml\Wordprocessing\Table properties\TablePositionProperties.cs","TablePositionProperties","TablePositionY","Property","78"
"D:\OneDrive\VS\Projects\DocxDocument\DocumentModel.InOpenXml\Wordprocessing\Table properties\TablePositionProperties.cs","TablePositionProperties","TablePositionYAlignment","Property","71"
"D:\OneDrive\VS\Projects\DocxDocument\DocumentModel.InOpenXml\Wordprocessing\Table properties\TablePositionProperties.cs","TablePositionProperties","TopFromText","Property","29"
"D:\OneDrive\VS\Projects\DocxDocument\DocumentModel.InOpenXml\Wordprocessing\Table properties\TablePositionProperties.cs","TablePositionProperties","VerticalAnchor","Property","43"
"D:\OneDrive\VS\Projects\DocxDocument\DocumentModel.InOpenXml\Wordprocessing\Table properties\TableStyleProperties.cs","TableStyleProperties","StyleParagraphProperties","Property","22"
"D:\OneDrive\VS\Projects\DocxDocument\DocumentModel.InOpenXml\Wordprocessing\Table properties\TableStyleProperties.cs","TableStyleProperties","Type","Property","15"
"D:\OneDrive\VS\Projects\DocxDocument\DocumentModel.InOpenXml\Wordprocessing\Tables\Table.cs","Table","TableGrid","Property","23"
"D:\OneDrive\VS\Projects\DocxDocument\DocumentModel.InOpenXml\Wordprocessing\Tables\Table.cs","Table","TableProperties","Property","16"
